pathway,pval,padj,log2err,ES,NES,size,leadingEdge
10Q11 21Q11 23 COPY NUMBER VARIATION SYNDROME%WIKIPATHWAYS_20250810%WP5352%HOMO SAPIENS,0.3722466960352423,0.6455446837120347,0.10135074379709887,-0.32676362529056363,-1.0476489612224065,37,
10Q22Q23 COPY NUMBER VARIATION%WIKIPATHWAYS_20250810%WP5402%HOMO SAPIENS,0.5109489051094891,0.7750019428851546,0.07325586558284547,0.3164322579420071,0.9742505050469208,37,
11P11 2 COPY NUMBER VARIATION SYNDROME %WIKIPATHWAYS_20250810%WP5348%HOMO SAPIENS,0.6858407079646017,0.8907272027702962,0.06815134386794833,-0.2706993747857146,-0.8787397400454319,38,
13Q12 12 COPY NUMBER VARIATION%WIKIPATHWAYS_20250810%WP5406%HOMO SAPIENS,0.0312745420304851,0.1654870052584526,0.3217759180753611,0.5457147032476526,1.553819231549653,24,
15Q11Q13 COPY NUMBER VARIATION%WIKIPATHWAYS_20250810%WP5407%HOMO SAPIENS,0.7145922746781116,0.9052079834956581,0.06464845684219278,-0.2715520007785307,-0.8545591474815042,33,
15Q25 COPY NUMBER VARIATION%WIKIPATHWAYS_20250810%WP5408%HOMO SAPIENS,0.4377358490566038,0.7081256137565032,0.083129129135339,0.34742884146244357,1.0287358877289705,30,
16P11 2 DISTAL DELETION SYNDROME%WIKIPATHWAYS_20250810%WP4950%HOMO SAPIENS,0.6117424242424242,0.8430552006133402,0.06613262047584399,0.3224216946902064,0.8832094691436616,20,
16P11 2 PROXIMAL DELETION SYNDROME%WIKIPATHWAYS_20250810%WP4949%HOMO SAPIENS,0.7494356659142212,0.923901862864761,0.06479433660007268,-0.24697106257952198,-0.8597290699655854,51,
16P12 2 COPY NUMBER VARIATION SYNDROME 520KB %WIKIPATHWAYS_20250810%WP5510%HOMO SAPIENS,0.30580357142857145,0.5838641384388807,0.1147507192270233,-0.32310286567987295,-1.0904431319480974,44,
16P13 11 COPY NUMBER VARIATION SYNDROME %WIKIPATHWAYS_20250810%WP5502%HOMO SAPIENS,0.9293893129770993,1,0.04688198568783333,0.23116938837471424,0.6582110382303445,24,
17Q12 COPY NUMBER VARIATION SYNDROME%WIKIPATHWAYS_20250810%WP5287%HOMO SAPIENS,0.45517241379310347,0.7229668184775537,0.0762797180809272,0.31214525088872946,1.0088982235497888,47,
1P36 COPY NUMBER VARIATION SYNDROME%WIKIPATHWAYS_20250810%WP5345%HOMO SAPIENS,0.5645933014354066,0.8101447269563841,0.08220549204158693,-0.25982885273420075,-0.9471293479706921,77,
1Q21 1 COPY NUMBER VARIATION SYNDROME%WIKIPATHWAYS_20250810%WP4905%HOMO SAPIENS,0.9412878787878788,1,0.045953808103906306,0.24421749980392754,0.6689847857932337,20,
2'-DEOXYRIBONUCLEOTIDE METABOLIC PROCESS%GOBP%GO:0009394,1.9553372241814017e-5,4.084155495320251e-4,0.5756102610711286,-0.6888181067977863,-2.13330913079194,31,
2-HYDROXYGLUTRIC ACIDURIA (D AND L FORM)%SMPDB%SMP0000136,0.6012658227848101,0.8358167854848086,0.07235708510369071,-0.32597423352472094,-0.8989216538633334,20,
2-KETOGLUTARATE DEHYDROGENASE COMPLEX DEFICIENCY%PATHWHIZ%PW000525,0.09978768577494693,0.324792256687525,0.20658792269689108,-0.4857188230258824,-1.3463384272534613,21,
2-METHYL-3-HYDROXYBUTYRYL-COA DEHYDROGENASE DEFICIENCY%PATHWHIZ%PW000061,0.9850467289719627,1,0.0432768714901103,0.1839286959036956,0.5359275068280955,26,
2-OXOGLUTARATE METABOLIC PROCESS%GOBP%GO:0006103,0.7219047619047619,0.9095017816650469,0.05846932103863807,0.3188763400173119,0.8053851211521118,15,
22Q11 2 COPY NUMBER VARIATION SYNDROME%WIKIPATHWAYS_20250810%WP4657%HOMO SAPIENS,0.0027825473988192097,0.026980511950854328,0.4317076958033464,-0.4667857556810062,-1.6888267235087893,70,
22Q11 2 DISTAL CNV%WIKIPATHWAYS_20250810%WP5546%HOMO SAPIENS,0.8943781942078365,1,0.04345068267231251,0.21509077054468245,0.7877372831760511,105,
2Q11 2 COPY NUMBER VARIATION SYNDROME%WIKIPATHWAYS_20250810%WP5221%HOMO SAPIENS,0.5020833333333333,0.7667880703683342,0.08108020575508663,-0.3365640230731956,-0.9628477084835634,23,
2Q13 COPY NUMBER VARIATION SYNDROME%WIKIPATHWAYS_20250810%WP5222%HOMO SAPIENS,0.7679245283018868,0.93484507261008,0.05513517633852569,0.27568224272461883,0.8162943971681793,30,
2Q37 COPY NUMBER VARIATION SYNDROME%WIKIPATHWAYS_20250810%WP5224%HOMO SAPIENS,0.7172897196261683,0.9065373821153065,0.06863256318367258,-0.2435136307515161,-0.8844443922818911,74,
3'-UTR-MEDIATED MRNA DESTABILIZATION%GOBP%GO:0061158,0.1727447216890595,0.44137967921168375,0.1455161460903603,0.4819548712471398,1.2489582889565547,17,
3-HYDROXY-3-METHYLGLUTARYL-COA LYASE DEFICIENCY%PATHWHIZ%PW000063,0.9850467289719627,1,0.0432768714901103,0.1839286959036956,0.5359275068280955,26,
3-HYDROXYISOBUTYRIC ACID DEHYDROGENASE DEFICIENCY%SMPDB%SMP0000521,0.9850467289719627,1,0.0432768714901103,0.1839286959036956,0.5359275068280955,26,
3-HYDROXYISOBUTYRIC ACIDURIA%PATHWHIZ%PW000498,0.9850467289719627,1,0.0432768714901103,0.1839286959036956,0.5359275068280955,26,
3-METHYLCROTONYL-COA CARBOXYLASE DEFICIENCY TYPE I%SMPDB%SMP0000237,0.9850467289719627,1,0.0432768714901103,0.1839286959036956,0.5359275068280955,26,
3-METHYLGLUTACONIC ACIDURIA TYPE I%SMPDB%SMP0000139,0.9850467289719627,1,0.0432768714901103,0.1839286959036956,0.5359275068280955,26,
3-METHYLGLUTACONIC ACIDURIA TYPE III%SMPDB%SMP0000140,0.9850467289719627,1,0.0432768714901103,0.1839286959036956,0.5359275068280955,26,
3-METHYLGLUTACONIC ACIDURIA TYPE IV%SMPDB%SMP0000141,0.9850467289719627,1,0.0432768714901103,0.1839286959036956,0.5359275068280955,26,
3-METHYLTHIOFENTANYL ACTION PATHWAY%PATHWHIZ%PW000656,0.23106060606060605,0.4977792661003207,0.12267918956880833,0.436121700543469,1.1946677967471409,20,
3-PHOSPHOGLYCERATE DEHYDROGENASE DEFICIENCY%SMPDB%SMP0000721,0.004008623686920783,0.036038694505715,0.40701791892395395,0.6395092214137088,1.8024019040430992,23,
3Q29 COPY NUMBER VARIATION SYNDROME%WIKIPATHWAYS_20250810%WP4906%HOMO SAPIENS,0.8871331828442438,0.9973604368932039,0.05676723874874463,-0.22617652339288208,-0.75368043481099,42,
4 HYDROXYTAMOXIFEN DEXAMETHASONE AND RETINOIC ACIDS REGULATION OF P27 EXPRESSION%WIKIPATHWAYS_20250810%WP3879%HOMO SAPIENS,0.9791666666666666,1,0.044152305844146505,0.20840450573741454,0.5708822821502281,20,
4-HYDROXYBUTYRIC ACIDURIA SUCCINIC SEMIALDEHYDE DEHYDROGENASE DEFICIENCY%SMPDB%SMP0000243,0.6012658227848101,0.8358167854848086,0.07235708510369071,-0.32597423352472094,-0.8989216538633334,20,
4P16 3 COPY NUMBER VARIATION%WIKIPATHWAYS_20250810%WP5365%HOMO SAPIENS,0.4068522483940043,0.6778024264099214,0.0943563635421779,-0.3551119593993031,-1.035282689626372,26,
5-HYDROXYTRYPTAMINE DEGREDATION%PANTHER PATHWAY%P04372,0.38285714285714284,0.6539054059988582,0.0911073131586733,0.42386578454372104,1.0705566810583886,15,
5HT1 TYPE RECEPTOR MEDIATED SIGNALING PATHWAY%PANTHER PATHWAY%P04373,0.08993576017130621,0.3059043762944014,0.21925034670375515,-0.4579774168690159,-1.3270833143122318,25,
5HT2 TYPE RECEPTOR MEDIATED SIGNALING PATHWAY%PANTHER PATHWAY%P04374,0.8771266540642723,0.993914230701908,0.049093966819213915,0.24854711513892616,0.7401322278874506,31,
5HT4 TYPE RECEPTOR MEDIATED SIGNALING PATHWAY%PANTHER PATHWAY%P04376,0.5576519916142557,0.806222863754568,0.07588869006061172,-0.36632970442302987,-0.9331177898685472,15,
5Q35 COPY NUMBER VARIATION%WIKIPATHWAYS_20250810%WP5380%HOMO SAPIENS,0.03793486116660693,0.18953784949790295,0.3217759180753611,-0.3825323785582812,-1.3875286265315177,73,
7 OXO C AND 7 BETA HC PATHWAYS%WIKIPATHWAYS_20250810%WP5064%HOMO SAPIENS,0.7140115163147792,0.9052079834956581,0.05934876803356285,0.3198003590648073,0.8287442104936373,17,
7Q11 23 COPY NUMBER VARIATION SYNDROME%WIKIPATHWAYS_20250810%WP4932%HOMO SAPIENS,0.903755868544601,1,0.05773085492998127,-0.21437437205681276,-0.7939045788075569,83,
7Q11 23 DISTAL COPY NUMBER VARIATION%WIKIPATHWAYS_20250810%WP5401%HOMO SAPIENS,0.4438095238095238,0.7128666418865899,0.08289621345715653,0.40567295595274844,1.024607102428489,15,
8P23 1 COPY NUMBER VARIATION SYNDROME%WIKIPATHWAYS_20250810%WP5346%HOMO SAPIENS,0.12614259597806216,0.3730918297086742,0.16823816568963962,0.42437968322877573,1.300374683762025,36,
A6B1 AND A6B4 INTEGRIN SIGNALING%PATHWAY INTERACTION DATABASE NCI-NATURE CURATED DATA%A6B1 AND A6B4 INTEGRIN SIGNALING,0.017893746139075427,0.11157985807935249,0.35248785758361917,0.49005231971436297,1.5351914925818144,41,
ABC TRANSPORTER DISORDERS%REACTOME DATABASE ID RELEASE 93%5619084,0.865296803652968,0.9898268563096336,0.05846932103863807,-0.22327472674577636,-0.7985133865869114,59,
ABC-FAMILY PROTEINS MEDIATED TRANSPORT%REACTOME DATABASE ID RELEASE 93%382556,0.6910377358490566,0.8930876357806398,0.0709609456938284,-0.24199253616077218,-0.8956577198933651,82,
ABERRANT REGULATION OF MITOTIC CELL CYCLE DUE TO RB1 DEFECTS%REACTOME DATABASE ID RELEASE 93%9687139,2.245972528925198e-4,0.0034376372922061706,0.5188480777437918,-0.6178162235488112,-1.976086824251371,36,
ABERRANT REGULATION OF MITOTIC EXIT IN CANCER DUE TO RB1 DEFECTS%REACTOME DATABASE ID RELEASE 93%9687136,0.13291139240506328,0.3845788424175705,0.17669426893849804,-0.47343907912412603,-1.3055775464459152,20,
ABERRANT REGULATION OF MITOTIC G1 S TRANSITION IN CANCER DUE TO RB1 DEFECTS%REACTOME DATABASE ID RELEASE 93%9659787,1.232496912455905e-4,0.00201998609014897,0.5188480777437918,-0.7520128905359216,-1.991232192533673,17,
ABORTIVE ELONGATION OF HIV-1 TRANSCRIPT IN THE ABSENCE OF TAT%REACTOME%R-HSA-167242.4,0.31524008350730687,0.5928835447866243,0.10839425585339667,-0.3923740634111125,-1.1105752162419802,22,
ACEBUTOLOL ACTION PATHWAY%SMPDB%SMP0000296,0.32532347504621073,0.5939852866765517,0.09889030075206362,0.3568782490434134,1.0841541550924358,34,
ACETAMINOPHEN ACTION PATHWAY%SMPDB%SMP0000710,0.20373831775700935,0.4784319921631209,0.13077713797197438,0.4780504855616798,1.235397823648238,16,
ACETAMINOPHEN METABOLISM PATHWAY%PATHWHIZ%PW000616,0.7063339731285988,0.8996771102023142,0.05986031177644726,0.32282133448175754,0.8365728942829941,17,
ACETYL-COA METABOLIC PROCESS%GOBP%GO:0006084,0.4759916492693111,0.7442780644806531,0.08407455779107234,-0.34823167139089006,-0.9856346273123492,22,
ACETYLCHOLINE RECEPTOR SIGNALING PATHWAY%GOBP%GO:0095500,0.7131931166347992,0.9052079834956581,0.05922191938038196,0.29532067784684324,0.8237034032411534,22,
ACETYLSALICYLIC ACID ACTION PATHWAY%PATHWHIZ%PW000128,0.20373831775700935,0.4784319921631209,0.13077713797197438,0.4780504855616798,1.235397823648238,16,
ACIDIC AMINO ACID TRANSPORT%GOBP%GO:0015800,0.06779661016949153,0.26231056135215525,0.2377938344236881,0.512130457107112,1.417864718106305,21,
ACROSOME ASSEMBLY%GOBP%GO:0001675,0.5925233644859813,0.8300705529712838,0.06705125798294667,0.3491712023749186,0.9023426531776979,16,
ACTIN FILAMENT BUNDLE ASSEMBLY%GOBP%GO:0051017,0.6732851985559567,0.881218507226595,0.05922191938038196,0.2780846034883763,0.880289933463436,44,
ACTIN FILAMENT BUNDLE ORGANIZATION%GOBP%GO:0061572,0.7862068965517242,0.9498712796840999,0.049890735672630714,0.2523708073902835,0.8156986483918865,47,
ACTIN FILAMENT POLYMERIZATION%GOBP%GO:0030041,0.7175572519083969,0.9065373821153065,0.05884381695958071,0.28921313011815813,0.823479596426284,24,
ACTIN FILAMENT-BASED MOVEMENT%GOBP%GO:0030048,0.3806921675774135,0.6521670447714039,0.08889452886204495,0.30582793677899167,1.0462267693074698,67,
ACTIN NUCLEATION%GOBP%GO:0045010,0.997907949790795,1,0.047829963311422925,-0.17302368309309746,-0.46897432044788767,19,
ACTIN POLYMERIZATION OR DEPOLYMERIZATION%GOBP%GO:0008154,0.5631768953068592,0.8092821960453811,0.06783382634794552,0.29376109885391155,0.9299146192215012,44,
ACTIN-MEDIATED CELL CONTRACTION%GOBP%GO:0070252,0.397887323943662,0.6689334341906202,0.08455574424412811,0.31980641618069805,1.0338821926799173,49,
ACTION POTENTIAL%GOBP%GO:0001508,0.13003663003663005,0.3808558336760762,0.16565669520548273,0.36522587257367634,1.2423269195129074,64,
ACTIVATED NOTCH1 TRANSMITS SIGNAL TO THE NUCLEUS%REACTOME DATABASE ID RELEASE 93%2122948,0.6124763705103969,0.8435594235388609,0.06598161440087301,0.3048001431048852,0.9076444474140722,31,
ACTIVATED PKN1 STIMULATES TRANSCRIPTION OF AR (ANDROGEN RECEPTOR) REGULATED GENES KLK2 AND KLK3%REACTOME%R-HSA-5625886.3,0.0853284402329597,0.2968596204973851,0.2878051305355643,-0.5292904134447531,-1.467112224225189,21,
ACTIVATED TAK1 MEDIATES P38 MAPK ACTIVATION%REACTOME DATABASE ID RELEASE 93%450302,0.9874476987447699,1,0.04831175810550189,-0.19976555037570418,-0.5414571667968474,19,
ACTIVATION OF ANTERIOR HOX GENES IN HINDBRAIN DEVELOPMENT DURING EARLY EMBRYOGENESIS%REACTOME DATABASE ID RELEASE 93%5617472,0.017333199230589447,0.10909868750752849,0.35248785758361917,-0.3838086352804805,-1.3987824870774008,76,
ACTIVATION OF APC C AND APC C:CDC20 MEDIATED DEGRADATION OF MITOTIC PROTEINS%REACTOME DATABASE ID RELEASE 93%176814,3.177914777599763e-5,6.239043994467945e-4,0.557332238758646,-0.5489037987547226,-1.9920827637408394,63,
ACTIVATION OF ATR IN RESPONSE TO REPLICATION STRESS%REACTOME%R-HSA-176187.4,1.0591821573571509e-14,1.9616053554254432e-12,0.9865462835875821,-0.8445657936151528,-2.707793670663636,37,
ACTIVATION OF BH3-ONLY PROTEINS%REACTOME%R-HSA-114452.5,0.2762312633832976,0.5528169014084507,0.11881503941226282,-0.3842319517504555,-1.1201782365243051,26,
ACTIVATION OF G PROTEIN GATED POTASSIUM CHANNELS%REACTOME%R-HSA-1296041.4,0.056485355648535567,0.24149362837103622,0.27650059925447157,-0.5025184328061731,-1.448211382162085,24,
ACTIVATION OF GABAB RECEPTORS%REACTOME DATABASE ID RELEASE 93%991365,0.11538461538461539,0.3559560927689745,0.19189224038483796,-0.39531129095429374,-1.265581189070509,35,
ACTIVATION OF GENE EXPRESSION BY SREBF (SREBP)%REACTOME%R-HSA-2426168.5,0.16043956043956045,0.4285587489433643,0.16318012718068908,-0.36303753963550134,-1.2041756437324234,40,
ACTIVATION OF GTPASE ACTIVITY%GOBP%GO:0090630,0.8455743879472694,0.9824435490476766,0.05060042438536184,0.2670205483196163,0.739262836681084,21,
ACTIVATION OF HOX GENES DURING DIFFERENTIATION%REACTOME DATABASE ID RELEASE 93%5619507,0.017333199230589447,0.10909868750752849,0.35248785758361917,-0.3838086352804805,-1.3987824870774008,76,
ACTIVATION OF IMMUNE RESPONSE%GOBP%GO:0002253,0.7483333333333333,0.9237792944507244,0.05060042438536184,0.22253340720158626,0.889252221414105,199,
ACTIVATION OF INNATE IMMUNE RESPONSE%GOBP%GO:0002218,0.2208904109589041,0.4977792661003207,0.11881503941226282,0.30721946186103544,1.1241452468659572,108,
"ACTIVATION OF IRF3, IRF7 MEDIATED BY TBK1, IKKΕ (IKBKE)%REACTOME DATABASE ID RELEASE 93%936964",0.05420560747663551,0.23802559391369843,0.26635065708852557,0.5761903985394047,1.489015043099981,16,
ACTIVATION OF KAINATE RECEPTORS UPON GLUTAMATE BINDING%REACTOME DATABASE ID RELEASE 93%451326,0.42738589211618255,0.6992116105449026,0.08971046527429813,-0.33909669300335143,-1.02582797946899,28,
ACTIVATION OF MATRIX METALLOPROTEINASES%REACTOME DATABASE ID RELEASE 93%1592389,0.6729559748427673,0.8811053463398107,0.06643641376628104,-0.3310205479510012,-0.8431780398250868,15,
ACTIVATION OF NF-KAPPAB IN B CELLS%REACTOME%R-HSA-1169091.2,0.10644886024031157,0.3378397551533332,0.2878051305355643,-0.38690882302622087,-1.3528489226415084,52,
ACTIVATION OF NMDA RECEPTORS AND POSTSYNAPTIC EVENTS%REACTOME DATABASE ID RELEASE 93%442755,0.4481236203090508,0.7152470078819553,0.09054289484694737,-0.27553280974020555,-0.9999642239200756,63,
ACTIVATION OF PROTEIN KINASE ACTIVITY%GOBP%GO:0032147,0.5703564727954972,0.814600959856531,0.06911984565510101,0.320529625728869,0.941606295179398,29,
ACTIVATION OF RRNA EXPRESSION BY ERCC6 (CSB) AND EHMT2 (G9A)%REACTOME DATABASE ID RELEASE 93%427389,0.01838136634077773,0.11385381425792761,0.35248785758361917,-0.5089809744566448,-1.5922360517544039,32,
ACTIVATION OF SMO%REACTOME%R-HSA-5635838.2,0.6016771488469602,0.8358167854848086,0.07200331366198796,-0.353164906697438,-0.8995843176727324,15,
"ACTIVATION OF THE MRNA UPON BINDING OF THE CAP-BINDING COMPLEX AND EIFS, AND SUBSEQUENT BINDING TO 43S%REACTOME%R-HSA-72662.5",7.720071700297005e-5,0.0013445993218448326,0.5384340963099162,0.575473939210295,1.9340837382297777,59,
ACTIVATION OF THE PRE-REPLICATIVE COMPLEX%REACTOME%R-HSA-68962.6,3.2741615973504423e-12,3.566910163701776e-10,0.8986712320616942,-0.8448288744813485,-2.642863012607323,32,
ACTIVIN RECEPTOR SIGNALING PATHWAY%GOBP%GO:0032924,0.1383177570093458,0.39322491917193453,0.1619789488834018,0.5035031456000951,1.3011736397329594,16,
ACTOMYOSIN STRUCTURE ORGANIZATION%GOBP%GO:0031032,0.6808510638297872,0.8877748206144797,0.07182762936038092,-0.24415747680142344,-0.8988420217266809,79,
ACUTE MYELOID LEUKEMIA%WIKIPATHWAYS_20250810%WP5293%HOMO SAPIENS,0.631484794275492,0.8572024229158645,0.061840603575328466,0.2799798888910472,0.9086312597015473,51,
ACUTE VIRAL MYOCARDITIS%WIKIPATHWAYS_20250810%WP4298%HOMO SAPIENS,0.021280358485871252,0.12672419265541338,0.35248785758361917,0.4707567173667693,1.521553233705188,47,
ACYL CHAIN REMODELLING OF PC%REACTOME%R-HSA-1482788.5,0.44672897196261685,0.715057915057915,0.0815265143256594,0.3937363468402191,1.0175097414786636,16,
ACYL CHAIN REMODELLING OF PE%REACTOME%R-HSA-1482839.4,0.6392523364485981,0.8625827969828921,0.06335970106437581,0.3377422416427399,0.872807460469954,16,
ACYL-COA BIOSYNTHETIC PROCESS%GOBP%GO:0071616,0.8481561822125814,0.9824435490476766,0.05700595265823873,-0.24634970930051958,-0.7836994968738047,34,
ACYL-COA METABOLIC PROCESS%GOBP%GO:0006637,0.15753424657534246,0.4234447382547667,0.16823816568963962,-0.32623757122182623,-1.1821244155026154,71,
ACYLGLYCEROL BIOSYNTHETIC PROCESS%GOBP%GO:0046463,0.26103646833013433,0.5369561710633937,0.11524000314778066,0.44975546917163167,1.16551539311532,17,
ACYLGLYCEROL CATABOLIC PROCESS%GOBP%GO:0046464,0.6467289719626168,0.866010470062166,0.06280039778122341,0.3365166224827234,0.8696401647791507,16,
ACYLGLYCEROL HOMEOSTASIS%GOBP%GO:0055090,0.12121212121212122,0.36600790513834,0.17520404755855126,0.4909636762323724,1.3448963732749266,20,
ACYLGLYCEROL METABOLIC PROCESS%GOBP%GO:0006639,0.04401408450704225,0.21099417905187812,0.2878571172551493,0.4322240328844744,1.3973100858460135,49,
ADAPTIVE IMMUNE RESPONSE BASED ON SOMATIC RECOMBINATION OF IMMUNE RECEPTORS BUILT FROM IMMUNOGLOBULIN SUPERFAMILY DOMAINS%GOBP%GO:0002460,0.44107142857142856,0.7110027712394913,0.07977059186284526,0.30667434376707686,1.0063334381632316,53,
ADAPTIVE IMMUNE RESPONSE%GOBP%GO:0002250,0.2338568935427574,0.501083262832071,0.11623414877971643,0.3267902890194703,1.1352276471691298,72,
ADENINE NUCLEOTIDE TRANSPORT%GOBP%GO:0051503,0.36041666666666666,0.6344977820025348,0.09992769737310925,-0.37556185646484613,-1.0744133303052648,23,
ADENINE PHOSPHORIBOSYLTRANSFERASE DEFICIENCY (APRT)%PATHWHIZ%PW000511,0.05753197716714412,0.24149362837103622,0.3217759180753611,-0.46114145939614276,-1.4281815129539124,31,
ADENOSINE DEAMINASE DEFICIENCY%PATHWHIZ%PW000075,0.05753197716714412,0.24149362837103622,0.3217759180753611,-0.46114145939614276,-1.4281815129539124,31,
ADENYLATE CYCLASE-ACTIVATING G PROTEIN-COUPLED RECEPTOR SIGNALING PATHWAY%GOBP%GO:0007189,0.11131386861313869,0.3482318997829947,0.1797823162983236,0.36762984375404606,1.2603795481547229,69,
ADENYLATE CYCLASE-INHIBITING G PROTEIN-COUPLED RECEPTOR SIGNALING PATHWAY%GOBP%GO:0007193,0.20411985018726592,0.4789230944427574,0.13077713797197438,0.39431669869903613,1.1963734994725097,35,
ADENYLATE CYCLASE-MODULATING G PROTEIN-COUPLED RECEPTOR SIGNALING PATHWAY%GOBP%GO:0007188,0.0702054794520548,0.26661766495940975,0.22205604614524838,0.35479836644946283,1.2990630095927125,107,
ADENYLOSUCCINATE LYASE DEFICIENCY%SMPDB%SMP0000167,0.05753197716714412,0.24149362837103622,0.3217759180753611,-0.46114145939614276,-1.4281815129539124,31,
ADHD AND AUTISM ASD PATHWAYS%WIKIPATHWAYS_20250810%WP5420%HOMO SAPIENS,0.20300751879699247,0.4784319921631209,0.15419096658142434,-0.2635288780628733,-1.1032136870056062,197,
ADHERENS JUNCTION ORGANIZATION%GOBP%GO:0034332,0.15021459227467812,0.41261975330313194,0.16693384871319314,-0.39054763530518344,-1.229031836703379,33,
ADHERENS JUNCTIONS INTERACTIONS%REACTOME DATABASE ID RELEASE 93%418990,0.05060805775570368,0.22824165363432378,0.3217759180753611,-0.30147248650462344,-1.2461973288003572,174,
ADIPOGENESIS%REACTOME%R-HSA-9843745.1,0.5120274914089347,0.7757907669124737,0.07011321576425601,0.2711408973210204,0.9716844671575835,93,
ADIPOGENESIS%WIKIPATHWAYS_20250810%WP236%HOMO SAPIENS,0.10471204188481675,0.33474114195169263,0.18138312849840757,0.35428136552076295,1.2569471733880249,86,
ADORA2B MEDIATED ANTI-INFLAMMATORY CYTOKINES PRODUCTION%REACTOME%R-HSA-9660821.4,0.22125813449023862,0.4977792661003207,0.13574094381042484,-0.36542755397630783,-1.162515640908262,34,
ADP CATABOLIC PROCESS%GOBP%GO:0046032,0.1641509433962264,0.4322829697459376,0.14826150047510658,0.4325292753462153,1.2616453378530388,27,
ADP METABOLIC PROCESS%GOBP%GO:0046031,0.1894934333958724,0.4671311914746035,0.13649043778041264,0.4121742197997335,1.210826734631945,29,
ADP SIGNALLING THROUGH P2Y PURINOCEPTOR 1%REACTOME DATABASE ID RELEASE 93%418592,0.10337552742616034,0.3329590900752155,0.20207170902115992,-0.490693132896127,-1.3531581247783366,20,
ADP SIGNALLING THROUGH P2Y PURINOCEPTOR 12%REACTOME DATABASE ID RELEASE 93%392170,0.08403361344537816,0.2945345848980905,0.22496609354031374,-0.5257620719697766,-1.3986824927289012,18,
"ADRENALINE,NORADRENALINE INHIBITS INSULIN SECRETION%REACTOME%R-HSA-400042.6",0.6354166666666666,0.859599464329194,0.06895673516728111,-0.3113468760458919,-0.8907060933221235,23,
ADULT BEHAVIOR%GOBP%GO:0030534,0.73875802997858675,0.918293536594851,0.06293946920189672,-0.2921309042950399,-0.8516696222598318,26,
AEROBIC ELECTRON TRANSPORT CHAIN%GOBP%GO:0019646,0.07511737089201878,0.27767938301800155,0.2529611230696109,-0.35197228598946545,-1.2838585869173564,75,
AEROBIC RESPIRATION%GOBP%GO:0009060,0.5626598465473146,0.8092513868539684,0.08603472424556043,-0.23953457450271012,-0.9661780061179466,154,
AFFECTED PATHWAYS IN DUCHENNE MUSCULAR DYSTROPHY%WIKIPATHWAYS_20250810%WP5356%HOMO SAPIENS,0.5373406193078324,0.7933584709874001,0.07061962471225905,0.307479030997768,0.9554453806117763,39,
AGE RAGE PATHWAY%WIKIPATHWAYS_20250810%WP2324%HOMO SAPIENS,0.8810344827586207,0.993914230701908,0.04468543976441472,0.22742815688002815,0.7350804242838084,47,
AGGREPHAGY%REACTOME%R-HSA-9646399.4,0.9916666666666667,1,0.04792589670581297,-0.18314839117335183,-0.5239538294779712,23,
AICA-RIBOSIDURIA%PATHWHIZ%PW000082,0.05753197716714412,0.24149362837103622,0.3217759180753611,-0.46114145939614276,-1.4281815129539124,31,
AKT SIGNALING AND ARTD FAMILY MEMBERS%WIKIPATHWAYS_20250810%WP5531%HOMO SAPIENS,0.8758029978586723,0.993914230701908,0.05490737032909582,-0.2526337672431622,-0.7365208608698216,26,
ALBUTEROL AND BUDESONIDE THERAPY FOR ASTHMA%WIKIPATHWAYS_20250810%WP5503%HOMO SAPIENS,0.9958071278825996,1,0.04802204159682506,-0.18555534603054874,-0.4726479788446938,15,
ALCOHOL BIOSYNTHETIC PROCESS%GOBP%GO:0046165,0.04735582206500837,0.22044018308725755,0.3217759180753611,-0.39195835658677075,-1.4229755971940212,66,
ALCOHOL METABOLIC PROCESS%GOBP%GO:0006066,0.6368286445012787,0.8609249294048696,0.07934349601349727,-0.23506786437046448,-0.9481612454960636,154,
ALDEHYDE METABOLIC PROCESS%GOBP%GO:0006081,0.26181818181818184,0.5375690385003024,0.11146266692298015,0.37165129026792215,1.1487888975860983,38,
ALENDRONATE ACTION PATHWAY%PATHWHIZ%PW000137,3.8789317577938914e-4,0.005082864350543128,0.49849310876659025,-0.7175340885269536,-1.9888949541423213,21,
ALFENTANIL ACTION PATHWAY%PATHWHIZ%PW000419,0.23106060606060605,0.4977792661003207,0.12267918956880833,0.436121700543469,1.1946677967471409,20,
ALK1 SIGNALING EVENTS%PATHWAY INTERACTION DATABASE NCI-NATURE CURATED DATA%ALK1 SIGNALING EVENTS,0.5334608030592735,0.7901648151952341,0.07343814108388569,0.33737958098573195,0.9410133793142121,22,
ALLOGRAFT REJECTION%WIKIPATHWAYS_20250810%WP2328%HOMO SAPIENS,0.3320754716981132,0.6017649447993205,0.09889030075206362,0.3678098342548546,1.0890839538965433,30,
ALPHA 6 BETA 4 SIGNALING%WIKIPATHWAYS_20250810%WP244%HOMO SAPIENS,0.002875925546504114,0.027549383338580792,0.4317076958033464,0.6411325501940582,1.8681183351169328,26,
ALPHA-AMINO ACID BIOSYNTHETIC PROCESS%GOBP%GO:1901607,0.028392963771877094,0.1537537102500479,0.35248785758361917,0.4725975989717555,1.4805109254026587,41,
ALPHA-AMINO ACID CATABOLIC PROCESS%GOBP%GO:1901606,0.7284172661870504,0.9133573303848458,0.05536428377253621,0.26201426434662034,0.8663934579861372,56,
ALPHA-AMINO ACID METABOLIC PROCESS%GOBP%GO:1901605,0.16298811544991512,0.43085078575088087,0.14040623852334236,0.31531610699286106,1.1897914434268018,129,
ALPHA-BETA T CELL ACTIVATION INVOLVED IN IMMUNE RESPONSE%GOBP%GO:0002287,0.12266112266112267,0.3674536133257923,0.18302393838448722,-0.4993317506677839,-1.3221654431685494,17,
ALPHA-BETA T CELL ACTIVATION%GOBP%GO:0046631,0.22532188841201717,0.4977792661003207,0.13355495455759195,-0.3673838595475457,-1.1561367138276553,33,
ALPHA-BETA T CELL DIFFERENTIATION INVOLVED IN IMMUNE RESPONSE%GOBP%GO:0002293,0.12266112266112267,0.3674536133257923,0.18302393838448722,-0.4993317506677839,-1.3221654431685494,17,
ALPHA-BETA T CELL DIFFERENTIATION%GOBP%GO:0046632,0.3125,0.5895585738539898,0.10882012676916121,-0.38794896909788285,-1.1098505790775537,23,
ALPHA-SYNUCLEIN SIGNALING%PATHWAY INTERACTION DATABASE NCI-NATURE CURATED DATA%ALPHA-SYNUCLEIN SIGNALING,0.9895615866388309,1,0.048118399265797474,-0.19213121539225023,-0.5438080290682121,22,
ALPHA4 BETA1 INTEGRIN SIGNALING EVENTS%PATHWAY INTERACTION DATABASE NCI-NATURE CURATED DATA%ALPHA4 BETA1 INTEGRIN SIGNALING EVENTS,0.08679245283018867,0.30026081439883456,0.2089550275493539,0.45563553530349693,1.3491356241993984,30,
ALPHA6BETA4INTEGRIN%IOB%ALPHA6BETA4INTEGRIN,0.09137931034482759,0.3093866229590872,0.19381330272531053,0.4089393024995126,1.321750482048884,47,
ALPHA6BETA4INTEGRIN%NETPATH%ALPHA6BETA4INTEGRIN,0.06227758007117438,0.2505533923790332,0.24133997681509095,0.42451271403299135,1.388779265265462,52,
ALPHA9 BETA1 INTEGRIN SIGNALING EVENTS%PATHWAY INTERACTION DATABASE NCI-NATURE CURATED DATA%ALPHA9 BETA1 INTEGRIN SIGNALING EVENTS,0.002741001932621593,0.026717555680079948,0.4317076958033464,0.696242108284463,1.8042713211141295,17,
ALPRENOLOL ACTION PATHWAY%SMPDB%SMP0000297,0.32532347504621073,0.5939852866765517,0.09889030075206362,0.3568782490434134,1.0841541550924358,34,
ALSTROM SYNDROME%WIKIPATHWAYS_20250810%WP5202%HOMO SAPIENS,0.8886792452830189,0.9982818210255667,0.048408761881695135,0.24449830104801995,0.7239588277073111,30,
"ALTERNATIVE MRNA SPLICING, VIA SPLICEOSOME%GOBP%GO:0000380",0.056962025316455694,0.24149362837103622,0.27650059925447157,-0.5250604741800091,-1.4479310978803657,20,
ALVIMOPAN ACTION PATHWAY%SMPDB%SMP0000685,0.23106060606060605,0.4977792661003207,0.12267918956880833,0.436121700543469,1.1946677967471409,20,
ALZHEIMER 39 S DISEASE AND MIRNA EFFECTS%WIKIPATHWAYS_20250810%WP2059%HOMO SAPIENS,0.5181518151815182,0.7778286317353822,0.0675188953767744,0.24924240640178805,0.968983224041453,158,
ALZHEIMER 39 S DISEASE%WIKIPATHWAYS_20250810%WP5124%HOMO SAPIENS,0.5181518151815182,0.7778286317353822,0.0675188953767744,0.24924240640178805,0.968983224041453,158,
ALZHEIMER DISEASE-AMYLOID SECRETASE PATHWAY%PANTHER PATHWAY%P00003,0.8974820143884892,1,0.04577044581080999,0.22876600165460861,0.7166573963710984,41,
ALZHEIMER DISEASE-PRESENILIN PATHWAY%PANTHER PATHWAY%P00004,0.3795620437956204,0.6512806409291128,0.08916471178206781,0.30714641017989325,1.0485486626882845,66,
AMB2 INTEGRIN SIGNALING%PATHWAY INTERACTION DATABASE NCI-NATURE CURATED DATA%AMB2 INTEGRIN SIGNALING,0.5216572504708098,0.7812203998964473,0.07380527241712746,0.34207627799746476,0.9470592477812505,21,
AMEBOIDAL-TYPE CELL MIGRATION%GOBP%GO:0001667,0.591324200913242,0.8293302502808944,0.077274697304471,-0.26146608963435947,-0.9350998913069718,59,
AMIDE BIOSYNTHETIC PROCESS%GOBP%GO:0043604,0.9982758620689656,1,0.038955647996588516,0.16701907679539518,0.6059755689227976,100,
AMIDE TRANSPORT%GOBP%GO:0042886,0.9226618705035972,1,0.044507053776927666,0.2152232219845827,0.7116711450772808,56,
AMILORIDE ACTION PATHWAY%SMPDB%SMP0000133,0.22537878787878787,0.4977792661003207,0.12443416863039332,0.441161905676685,1.208474426305242,20,
AMINE BIOSYNTHETIC PROCESS%GOBP%GO:0009309,0.5401869158878505,0.7945506548246274,0.07165273668294567,0.3682919267254122,0.9517552193451052,16,
AMINE METABOLIC PROCESS%GOBP%GO:0009308,0.15539305301645337,0.42074259383987084,0.15016980212840597,0.39845762893598824,1.240495003162113,40,
AMINO ACID ACTIVATION%GOBP%GO:0043038,0.0010470717575919303,0.012145158006640427,0.45505986738722953,0.5766829299192316,1.806580016691249,41,
AMINO ACID BIOSYNTHETIC PROCESS%GOBP%GO:0008652,0.02146893757069276,0.12716568991766417,0.35248785758361917,0.47682638858373294,1.509416431598773,44,
AMINO ACID CATABOLIC PROCESS%GOBP%GO:0009063,0.5755555555555556,0.8191051912568307,0.077274697304471,-0.25806957141055686,-0.9378059988967945,68,
AMINO ACID IMPORT ACROSS PLASMA MEMBRANE%GOBP%GO:0089718,0.033569859071502735,0.17366306983358398,0.3217759180753611,0.5422863270862736,1.544057579937859,24,
AMINO ACID METABOLIC PROCESS%GOBP%GO:0006520,0.022793691693992955,0.13231418199026468,0.35248785758361917,0.34490014686733084,1.3725850035552645,191,
AMINO ACID METABOLISM%WIKIPATHWAYS_20250810%WP3925%HOMO SAPIENS,0.006785310237576895,0.05543997599996651,0.40701791892395395,0.5202817618783837,1.6469764661577373,44,
AMINO ACID TRANSMEMBRANE TRANSPORT%GOBP%GO:0003333,0.03141179670262042,0.1657397364480143,0.3217759180753611,0.45679346712283314,1.4989403242984083,53,
AMINO ACID TRANSPORT ACROSS THE PLASMA MEMBRANE%REACTOME%R-HSA-352230.5,0.01498942272171337,0.09797792075510527,0.3807304007227924,0.5811025231834173,1.6545793445749637,24,
AMINO ACID TRANSPORT%GOBP%GO:0006865,8.72009058879542e-4,0.010419101787386528,0.47727081536286214,0.5023702365722023,1.7451699173278716,72,
AMINO ACIDS REGULATE MTORC1%REACTOME DATABASE ID RELEASE 93%9639288,0.09821428571428571,0.32193426042983564,0.19002330527910832,0.39210127526929717,1.286656782575955,53,
AMINO SUGAR METABOLIC PROCESS%GOBP%GO:0006040,0.010041872720625069,0.07326820103047171,0.3807304007227924,0.561031441684019,1.6612126263762206,30,
AMINO SUGAR METABOLISM%PATHWHIZ%PW000008,0.27850467289719627,0.5538196000776029,0.10925003948071095,0.4502468991196039,1.1635466463823079,16,
AMINOGLYCAN BIOSYNTHETIC PROCESS%GOBP%GO:0006023,0.19694072657743786,0.4759472278661352,0.13500203382863138,0.4444599168105847,1.2396800276580155,22,
AMINOGLYCAN CATABOLIC PROCESS%GOBP%GO:0006026,0.13142857142857142,0.3823126402393418,0.16823816568963962,0.5288333637085365,1.3356730156792298,15,
AMINOGLYCAN METABOLIC PROCESS%GOBP%GO:0006022,0.11091234347048301,0.3477590182404084,0.17821987495197314,0.4095253796339865,1.2885934408708204,42,
AMIODARONE ACTION PATHWAY%PATHWHIZ%PW000642,0.5116279069767442,0.7757907669124737,0.0721797965581253,0.3060615677101649,0.9630390404776482,42,
AMLODIPINE ACTION PATHWAY%PATHWHIZ%PW000391,0.32532347504621073,0.5939852866765517,0.09889030075206362,0.3568782490434134,1.0841541550924358,34,
AMP ACTIVATED PROTEIN KINASE SIGNALING%WIKIPATHWAYS_20250810%WP1403%HOMO SAPIENS,0.8041958041958042,0.9600584203076682,0.06293946920189672,-0.2462927641832116,-0.8334086578051783,46,
AMP METABOLIC PROCESS%GOBP%GO:0046033,0.49056603773584906,0.7554281889302598,0.08266464491237528,-0.38224206108332115,-0.9736498649341957,15,
AMPK REGULATION OF MAMMARY MILK PROTEIN SYNTHESIS%WIKIPATHWAYS_20250810%WP5492%HOMO SAPIENS,0.8168224299065421,0.9666167029948344,0.051845762486506596,0.28878283763847773,0.7462845450441598,16,
AMPLIFICATION OF SIGNAL FROM THE KINETOCHORES%REACTOME%R-HSA-141424.4,1.572446113795814e-14,2.730159565077982e-12,0.9759946830643197,-0.6851491331415515,-2.6154389785071586,91,
AMPLIFICATION OF SIGNAL FROM UNATTACHED KINETOCHORES VIA A MAD2 INHIBITORY SIGNAL%REACTOME%R-HSA-141444.4,1.572446113795814e-14,2.730159565077982e-12,0.9759946830643197,-0.6851491331415515,-2.6154389785071586,91,
AMYLOID FIBER FORMATION%REACTOME%R-HSA-977225.8,0.2903225806451613,0.5673697706874837,0.12043337164225933,-0.3189326017943653,-1.0938489344721558,49,
AMYLOID FIBRIL FORMATION%GOBP%GO:1990000,0.8155893536121673,0.9659804836216588,0.05269730857084192,0.28332384172035285,0.7522705238383208,18,
AMYLOID PRECURSOR PROTEIN METABOLIC PROCESS%GOBP%GO:0042982,0.7509505703422054,0.9248097568390063,0.05652995250563114,0.3048831330417806,0.8095139216317242,18,
AMYLOID-BETA CLEARANCE%GOBP%GO:0097242,0.6,0.8358167854848086,0.06643641376628104,0.3472145281380162,0.8972861347411196,16,
AMYLOID-BETA METABOLIC PROCESS%GOBP%GO:0050435,0.7142857142857143,0.9052079834956581,0.05896944666909967,0.3213204660702722,0.8115582438026276,15,
AMYOTROPHIC LATERAL SCLEROSIS ALS %WIKIPATHWAYS_20250810%WP2447%HOMO SAPIENS,0.982791586998088,1,0.04441811530815725,0.19427007803134275,0.5418547918453924,22,
ANAPHASE-PROMOTING COMPLEX-DEPENDENT CATABOLIC PROCESS%GOBP%GO:0031145,0.06751054852320675,0.262239371305179,0.2529611230696109,-0.5198799323035951,-1.4336449955062613,20,
ANATOMICAL STRUCTURE HOMEOSTASIS%GOBP%GO:0060249,0.32608695652173914,0.5947928858945446,0.11573444770168878,-0.27480359537796584,-1.0573990945769594,99,
ANATOMICAL STRUCTURE MATURATION%GOBP%GO:0071695,0.10106382978723404,0.32722065168873676,0.18643255843407516,0.37137803714681705,1.2859426861767285,71,
ANCHORING OF THE BASAL BODY TO THE PLASMA MEMBRANE%REACTOME%R-HSA-5620912.4,3.0517171067998542e-5,6.033928912946616e-4,0.5756102610711286,-0.49888403136122506,-1.9088700024469671,96,
ANDROGEN RECEPTOR NETWORK IN PROSTATE CANCER%WIKIPATHWAYS_20250810%WP2263%HOMO SAPIENS,0.5,0.7650784907738915,0.08809450103985174,-0.2646542153726783,-0.9795326536161388,82,
ANDROGEN RECEPTOR SIGNALING PATHWAY%GOBP%GO:0030521,0.9853249475890985,1,0.04850598364694698,-0.209007823331469,-0.5323863061540891,15,
ANDROGEN RECEPTOR SIGNALING%WIKIPATHWAYS_20250810%WP138%HOMO SAPIENS,0.9978070175438597,1,0.04999139140245922,-0.15882664364872143,-0.5765775227737259,64,
ANDROGENRECEPTOR%IOB%ANDROGENRECEPTOR,0.7491349480968859,0.923901862864761,0.052269331749930564,0.24146937531898605,0.8523957291854463,82,
ANGIOGENESIS%GOBP%GO:0001525,0.12026359143327842,0.3645305586488243,0.16318012718068908,0.3199823417528358,1.2286592434936947,140,
ANGIOGENESIS%PANTHER PATHWAY%P00005,0.12310286677908938,0.3679179816162564,0.16318012718068908,0.32369459116627464,1.2222209673310844,128,
ANGIOPOIETIN LIKE PROTEIN 8 REGULATORY PATHWAY%WIKIPATHWAYS_20250810%WP3915%HOMO SAPIENS,1,1,0.05434343902691621,-0.15958844003582118,-0.6140701025644485,99,
ANGIOPOIETIN RECEPTOR TIE2-MEDIATED SIGNALING%PATHWAY INTERACTION DATABASE NCI-NATURE CURATED DATA%ANGIOPOIETIN RECEPTOR TIE2-MEDIATED SIGNALING,0.6798561151079137,0.8868937721388984,0.05859375689456714,0.2809781057839299,0.880222744078972,41,
ANGIOTENSIN II RECEPTOR TYPE 1 PATHWAY%WIKIPATHWAYS_20250810%WP5036%HOMO SAPIENS,0.9429657794676806,1,0.04604576830180555,0.23395229431718123,0.6211810976814103,18,
ANGIOTENSIN_II-STIMULATED_SIGNALING_THROUGH_G_PROTEINS_AND_BETA-ARRESTIN%PANTHER PATHWAY%P05911,0.07692307692307693,0.2819159732088492,0.2377938344236881,-0.43086260248994784,-1.3478597501008527,32,
ANILERIDINE ACTION PATHWAY%SMPDB%SMP0000674,0.23106060606060605,0.4977792661003207,0.12267918956880833,0.436121700543469,1.1946677967471409,20,
ANTERIOR/POSTERIOR PATTERN SPECIFICATION%GOBP%GO:0009952,0.4134790528233151,0.6847361005920533,0.08431443206426534,0.3019076073739916,1.0196726665916216,61,
ANTEROGRADE AXONAL TRANSPORT%GOBP%GO:0008089,0.7554744525547445,0.927195948397208,0.05434343902691621,0.267345354013618,0.8231188181119329,37,
ANTEROGRADE SYNAPTIC VESICLE TRANSPORT%GOBP%GO:0048490,0.9376299376299376,1,0.05039643224429567,-0.2428490601621927,-0.6430326828266065,17,
ANTI-INFLAMMATORY RESPONSE FAVOURING LEISHMANIA PARASITE INFECTION%REACTOME%R-HSA-9662851.3,0.69449378330373,0.8930876357806398,0.05700595265823873,0.26713457836744275,0.8635912053651972,50,
ANTIGEN ACTIVATES B CELL RECEPTOR (BCR) LEADING TO GENERATION OF SECOND MESSENGERS%REACTOME%R-HSA-983695.6,0.2958015267175573,0.5745928389932019,0.10672988436460558,0.4189364552868473,1.1225577940114522,19,
"ANTIGEN PRESENTATION: FOLDING, ASSEMBLY AND PEPTIDE LOADING OF CLASS I MHC%REACTOME%R-HSA-983170.5",0.29831144465290804,0.5762929021180657,0.10512513159700079,0.37794711305302503,1.1102792139302564,29,
ANTIGEN PROCESSING AND PRESENTATION OF ENDOGENOUS ANTIGEN%GOBP%GO:0019883,0.19391634980988592,0.4731106529540112,0.13574094381042484,0.46933655397559726,1.2461642944407805,18,
ANTIGEN PROCESSING AND PRESENTATION OF ENDOGENOUS PEPTIDE ANTIGEN VIA MHC CLASS I%GOBP%GO:0019885,0.19391634980988592,0.4731106529540112,0.13574094381042484,0.46933655397559726,1.2461642944407805,18,
ANTIGEN PROCESSING AND PRESENTATION OF ENDOGENOUS PEPTIDE ANTIGEN%GOBP%GO:0002483,0.19391634980988592,0.4731106529540112,0.13574094381042484,0.46933655397559726,1.2461642944407805,18,
ANTIGEN PROCESSING AND PRESENTATION OF EXOGENOUS ANTIGEN%GOBP%GO:0019884,0.08396946564885496,0.2945345848980905,0.21392785549235627,0.5247827118627223,1.4061772756457942,19,
ANTIGEN PROCESSING AND PRESENTATION OF EXOGENOUS PEPTIDE ANTIGEN%GOBP%GO:0002478,0.11216730038022814,0.35011321399581324,0.18302393838448722,0.5112052763113999,1.3573325092043065,18,
ANTIGEN PROCESSING AND PRESENTATION OF PEPTIDE ANTIGEN VIA MHC CLASS I%GOBP%GO:0002474,0.19038461538461537,0.4686818549487005,0.13802224249664274,0.4160953453540883,1.2120719738946675,28,
ANTIGEN PROCESSING AND PRESENTATION OF PEPTIDE ANTIGEN%GOBP%GO:0048002,0.07861060329067641,0.28527793068778456,0.21654283673534816,0.42843441558522904,1.3338199926937198,40,
ANTIGEN PROCESSING AND PRESENTATION%GOBP%GO:0019882,0.052158273381294966,0.2327641501256826,0.26635065708852557,0.4234887747968756,1.400335607412552,56,
ANTIGEN PROCESSING-CROSS PRESENTATION%REACTOME DATABASE ID RELEASE 93%1236975,0.5311418685121108,0.7885693342531908,0.06863256318367258,0.2734778966686993,0.9653869806018801,82,
"ANTIGEN PROCESSING: UB, ATP-INDEPENDENT PROTEASOMAL DEGRADATION%REACTOME%R-HSA-9912633.1",0.08368200836820083,0.2945345848980905,0.22496609354031374,-0.5109691454208857,-1.384963049333895,19,
ANTIGEN RECEPTOR-MEDIATED SIGNALING PATHWAY%GOBP%GO:0050851,0.986784140969163,1,0.050702793702934776,-0.18506922634972164,-0.6721740250958322,69,
ANTIMICROBIAL HUMORAL IMMUNE RESPONSE MEDIATED BY ANTIMICROBIAL PEPTIDE%GOBP%GO:0061844,0.058823529411764705,0.24399766536524,0.27128855468895297,-0.5496580913651544,-1.462252966439577,18,
ANTIMICROBIAL HUMORAL RESPONSE%GOBP%GO:0019730,0.49036402569593146,0.7554281889302598,0.08383610571599288,-0.3359435023609887,-0.9793995484553946,26,
ANTIPYRINE ACTION PATHWAY%SMPDB%SMP0000692,0.20373831775700935,0.4784319921631209,0.13077713797197438,0.4780504855616798,1.235397823648238,16,
ANTIVIRAL AND ANTI INFLAMMATORY EFFECTS OF NRF2 ON SARS COV 2 PATHWAY%WIKIPATHWAYS_20250810%WP5113%HOMO SAPIENS,0.3148854961832061,0.5928511747861379,0.10282184284081514,0.40976689311157716,1.0979875677692068,19,
ANTIVIRAL INNATE IMMUNE RESPONSE%GOBP%GO:0140374,0.4894366197183099,0.7554281889302598,0.07362127410143941,0.2902996497105185,0.9752316785679432,58,
ANTIVIRAL MECHANISM BY IFN-STIMULATED GENES%REACTOME DATABASE ID RELEASE 93%1169410,0.002792585892193412,0.02698366472526365,0.4317076958033464,-0.3923500487494113,-1.5563312080042744,125,
ANTRAFENINE ACTION PATHWAY%SMPDB%SMP0000693,0.20373831775700935,0.4784319921631209,0.13077713797197438,0.4780504855616798,1.235397823648238,16,
AORTA DEVELOPMENT%GOBP%GO:0035904,0.11259541984732824,0.35105508006271363,0.18302393838448722,0.4657554940380917,1.3261505316412046,24,
AORTA MORPHOGENESIS%GOBP%GO:0035909,0.025553143478791347,0.1426866986614721,0.35248785758361917,0.5969070137095794,1.599437365938934,19,
AORTIC VALVE DEVELOPMENT%GOBP%GO:0003176,0.47714808043875684,0.7452212669363583,0.07687367341265418,0.3224191946638484,0.987949647141307,36,
AORTIC VALVE MORPHOGENESIS%GOBP%GO:0003180,0.775047258979206,0.9408264301700828,0.054793950077336284,0.2724208064216176,0.8112241345751589,31,
AP-1 TRANSCRIPTION FACTOR NETWORK%PATHWAY INTERACTION DATABASE NCI-NATURE CURATED DATA%AP-1 TRANSCRIPTION FACTOR NETWORK,0.5763097949886105,0.8193772103459273,0.07850290473486872,-0.27179890864133577,-0.9398723144086876,50,
APC C-MEDIATED DEGRADATION OF CELL CYCLE PROTEINS%REACTOME DATABASE ID RELEASE 93%174143,9.065461773710141e-7,2.4450342531424053e-5,0.6594443980379349,-0.5792796714422392,-2.1039506305615503,74,
APC C:CDC20 MEDIATED DEGRADATION OF CYCLIN B%REACTOME DATABASE ID RELEASE 93%174048,0.15690376569037656,0.4227727071657285,0.1608014010700223,-0.4331211967060554,-1.248215002627198,24,
APC C:CDC20 MEDIATED DEGRADATION OF MITOTIC PROTEINS%REACTOME%R-HSA-176409.5,1.5969705962488032e-4,0.0025423405824522493,0.5188480777437918,-0.5446751610335072,-1.9683864034089225,62,
APC C:CDC20 MEDIATED DEGRADATION OF SECURIN%REACTOME DATABASE ID RELEASE 93%174154,0.005713774980102315,0.04824579603259645,0.40701791892395395,-0.47808071342585845,-1.6903770217864704,55,
APC C:CDH1 MEDIATED DEGRADATION OF CDC20 AND OTHER APC C:CDH1 TARGETED PROTEINS IN LATE MITOSIS EARLY G1%REACTOME DATABASE ID RELEASE 93%174178,2.1312551025759482e-4,0.003298399261813919,0.5188480777437918,-0.5296678440263155,-1.9157486058524915,61,
APC-CDC20 MEDIATED DEGRADATION OF NEK2A%REACTOME%R-HSA-179409.5,0.06852248394004283,0.26438258386866526,0.2529611230696109,-0.4684496139790635,-1.3657038674086186,26,
APC:CDC20 MEDIATED DEGRADATION OF CELL CYCLE PROTEINS PRIOR TO SATISFATION OF THE CELL CYCLE CHECKPOINT%REACTOME DATABASE ID RELEASE 93%179419,2.3910786511895319e-4,0.0036100089635894127,0.5188480777437918,-0.5314860586009025,-1.9123090646709044,60,
APICAL JUNCTION ASSEMBLY%GOBP%GO:0043297,0.3974121996303142,0.6684899125479945,0.08730982576379309,0.3396794727918707,1.031906295253416,34,
APOPTOSIS MODULATION AND SIGNALING%WIKIPATHWAYS_20250810%WP1772%HOMO SAPIENS,0.26678765880217786,0.5429568616501466,0.11012226383553594,0.33148066264375636,1.1145699815768144,60,
APOPTOSIS MODULATION BY HSP70%WIKIPATHWAYS_20250810%WP384%HOMO SAPIENS,0.7161904761904762,0.9055881396709798,0.05884381695958071,0.3193842319483774,0.8066679024472406,15,
APOPTOSIS REGULATION BY PARATHYROID HORMONE RELATED PROTEIN%WIKIPATHWAYS_20250810%WP3872%HOMO SAPIENS,0.41869158878504675,0.6912792670512385,0.08504274637643215,0.3989326898114124,1.030938345760907,16,
APOPTOSIS RELATED NETWORK DUE TO ALTERED NOTCH3 IN OVARIAN CANCER%WIKIPATHWAYS_20250810%WP2864%HOMO SAPIENS,0.00728037547778994,0.05845341929855622,0.40701791892395395,0.5439733739466218,1.6668309819616638,36,
APOPTOSIS SIGNALING PATHWAY%PANTHER PATHWAY%P00006,0.09246575342465753,0.3106044292789584,0.19189224038483796,0.36742145868223164,1.2905687274317859,77,
APOPTOSIS%REACTOME DATABASE ID RELEASE 93%109581,0.8833746898263027,0.9951398573955674,0.06143641072012707,-0.20741145455628335,-0.8299835341125595,144,
APOPTOSIS%WIKIPATHWAYS_20250810%WP254%HOMO SAPIENS,0.5607064017660044,0.8075464019418321,0.07829552499447937,-0.2637315814685466,-0.9571351826850232,63,
APOPTOTIC CELL CLEARANCE%GOBP%GO:0043277,0.44325481798715205,0.7128666418865899,0.08943668337186206,-0.38699397767804616,-1.0057306632883805,16,
APOPTOTIC CLEAVAGE OF CELLULAR PROTEINS%REACTOME DATABASE ID RELEASE 93%111465,0.2542372881355932,0.5284483250584945,0.12384217120104962,-0.3696009428623755,-1.1346041378632532,30,
APOPTOTIC EXECUTION PHASE%REACTOME DATABASE ID RELEASE 93%75153,0.19772727272727272,0.47722533765105435,0.14826150047510658,-0.34633515772298623,-1.1570197971320426,43,
APOPTOTIC FACTOR-MEDIATED RESPONSE%REACTOME DATABASE ID RELEASE 93%111471,0.7585551330798479,0.9287202114128768,0.05605958750323349,0.30296861291643734,0.8044305617251035,18,
APOPTOTIC MITOCHONDRIAL CHANGES%GOBP%GO:0008637,0.6198501872659176,0.8498659555515145,0.06494076846128988,0.29743388633687523,0.9024269594277416,35,
APOPTOTIC SIGNALING PATHWAY%GOBP%GO:0097190,0.016580910036190884,0.10613310617635548,0.35248785758361917,0.3447615206290477,1.3715746292215012,192,
APPENDAGE DEVELOPMENT%GOBP%GO:0048736,0.4636363636363636,0.7311846824761954,0.09026354843400684,-0.28611260702727015,-1.0004091639563466,52,
APPENDAGE MORPHOGENESIS%GOBP%GO:0035107,0.13716814159292035,0.3922317008184588,0.17821987495197314,-0.37831993693266924,-1.2280957918627664,38,
AQUAPORIN-MEDIATED TRANSPORT%REACTOME%R-HSA-445717.4,0.621978021978022,0.8513697684429392,0.072714107793444685,-0.28627029285224787,-0.9156362884588691,36,
ARACHIDONATE METABOLIC PROCESS%GOBP%GO:0019369,0.04233892600149676,0.20616570803182824,0.3217759180753611,0.54148197082756655,1.5261205038875372,23,
ARACHIDONATE METABOLISM%REACTOME DATABASE ID RELEASE 93%2142753,0.09230769230769231,0.3106044292789584,0.20429475651688608,0.45700130364743263,1.331229676969847,28,
ARACHIDONIC ACID METABOLISM%SMPDB%SMP0000075,0.20373831775700935,0.4784319921631209,0.13077713797197438,0.4780504855616798,1.235397823648238,16,
ARBUTAMINE ACTION PATHWAY%SMPDB%SMP0000664,0.32532347504621073,0.5939852866765517,0.09889030075206362,0.3568782490434134,1.0841541550924358,34,
ARF1 PATHWAY%PATHWAY INTERACTION DATABASE NCI-NATURE CURATED DATA%ARF1 PATHWAY,0.9476987447698745,1,0.05019342526494341,-0.23971317043756438,-0.6497337196774206,19,
ARF6 DOWNSTREAM PATHWAY%PATHWAY INTERACTION DATABASE NCI-NATURE CURATED DATA%ARF6 DOWNSTREAM PATHWAY,0.07756813417190776,0.28371860003892,0.2343926472946861,-0.5688561831552932,-1.4489947661081741,15,
ARF6 SIGNALING EVENTS%PATHWAY INTERACTION DATABASE NCI-NATURE CURATED DATA%ARF6 SIGNALING EVENTS,0.7603773584905661,0.9295654565456546,0.05559470977588687,0.27762905836231416,0.8220589131618972,30,
ARF6 TRAFFICKING EVENTS%PATHWAY INTERACTION DATABASE NCI-NATURE CURATED DATA%ARF6 TRAFFICKING EVENTS,0.40391459074733094,0.6747292441948799,0.08431443206426534,0.3277172716733589,1.0383318209892278,43,
ARGININE AND PROLINE METABOLISM%SMPDB%SMP0000020,0.5428571428571428,0.7945506548246274,0.07235708510369071,0.3718743743724891,0.9392421151130022,15,
ARGININE: GLYCINE AMIDINOTRANSFERASE DEFICIENCY (AGAT DEFICIENCY)%PATHWHIZ%PW000084,0.5428571428571428,0.7945506548246274,0.07235708510369071,0.3718743743724891,0.9392421151130022,15,
AROMATIC AMINO ACID METABOLIC PROCESS%GOBP%GO:0009072,0.4090909090909091,0.6800454589911055,0.08705158679467351,0.37681859946974544,1.0322188633147242,20,
ARP2/3 COMPLEX-MEDIATED ACTIN NUCLEATION%GOBP%GO:0034314,0.9334600760456274,1,0.04650840487191565,0.24018606243064683,0.6377327580560851,18,
ARRHYTHMOGENIC RIGHT VENTRICULAR CARDIOMYOPATHY%WIKIPATHWAYS_20250810%WP2118%HOMO SAPIENS,0.026534589505148073,0.14683882399462422,0.35248785758361917,0.46533440807290655,1.4819883779565097,45,
ARTERY DEVELOPMENT%GOBP%GO:0060840,0.018632969131868765,0.1148228998407472,0.35248785758361917,0.5065557279894615,1.5657838720361466,38,
ARTERY MORPHOGENESIS%GOBP%GO:0048844,0.0028388798404047435,0.02733590362788346,0.4317076958033464,0.6031217686795722,1.795996940422022,31,
ARYL HYDROCARBON RECEPTOR PATHWAY%WIKIPATHWAYS_20250810%WP2586%HOMO SAPIENS,0.5711538461538461,0.8149282920469361,0.07028128417173922,0.31894784696776357,0.9290845253620743,28,
ARYL HYDROCARBON RECEPTOR PATHWAY%WIKIPATHWAYS_20250810%WP2873%HOMO SAPIENS,0.06870229007633588,0.2646262440076873,0.2377938344236881,0.501278648553637,1.4272959842432307,24,
ASPARTATE FAMILY AMINO ACID METABOLIC PROCESS%GOBP%GO:0009066,0.2653846153846154,0.541489872595271,0.11426650248443287,0.39175563183592477,1.1411711937312026,28,
ASSEMBLY AND CELL SURFACE PRESENTATION OF NMDA RECEPTORS%REACTOME%R-HSA-9609736.5,0.02163863938007381,0.12751090909507032,0.35248785758361917,0.5743463274564564,1.6187458749996493,23,
ASSEMBLY OF COLLAGEN FIBRILS AND OTHER MULTIMERIC STRUCTURES%REACTOME%R-HSA-2022090.5,0.4625228519195612,0.7298429324808526,0.07850290473486872,0.31696265853287503,0.9867814431084118,40,
ASSEMBLY OF THE HIV VIRION%REACTOME DATABASE ID RELEASE 93%175474,0.8317757009345794,0.974761821217575,0.05101141320391501,0.2832564955201395,0.7320031433262866,16,
ASSEMBLY OF THE ORC COMPLEX AT THE ORIGIN OF REPLICATION%REACTOME%R-HSA-68616.6,0.001030675641172008,0.012030323240234614,0.45505986738722953,-0.6433738353387748,-1.8643073878626377,25,
ASSEMBLY OF THE PRE-REPLICATIVE COMPLEX%REACTOME%R-HSA-68867.10,7.299166294644124e-7,2.0585872047229824e-5,0.6594443980379349,-0.5497273180506284,-2.0745914125793306,89,
ASSOCIATION OF TRIC CCT WITH TARGET PROTEINS DURING BIOSYNTHESIS%REACTOME DATABASE ID RELEASE 93%390471,0.801762114537445,0.9590076013713765,0.06037863579204014,-0.2508228787677278,-0.8041725212167061,37,
ASSOCIATIVE LEARNING%GOBP%GO:0008306,0.26103646833013433,0.5369561710633937,0.11524000314778066,0.4475602265674795,1.1598265483493533,17,
ASTROCYTE DIFFERENTIATION%GOBP%GO:0048708,0.29904761904761906,0.5771130849005112,0.10592029273625286,0.45008796020720454,1.1367859601653305,15,
ASYMMETRIC LOCALIZATION OF PCP PROTEINS%REACTOME%R-HSA-4608870.3,0.0835214446952596,0.2942581780132291,0.2343926472946861,-0.36913515681095244,-1.2849935605492058,51,
ATENOLOL ACTION PATHWAY%SMPDB%SMP0000298,0.32532347504621073,0.5939852866765517,0.09889030075206362,0.3568782490434134,1.0841541550924358,34,
ATF-2 TRANSCRIPTION FACTOR NETWORK%PATHWAY INTERACTION DATABASE NCI-NATURE CURATED DATA%ATF-2 TRANSCRIPTION FACTOR NETWORK,0.4808362369337979,0.7485363217719756,0.07399014391013414,0.30697146062265457,0.9940619223933269,48,
ATF4 ACTIVATES GENES IN RESPONSE TO ENDOPLASMIC RETICULUM STRESS%REACTOME DATABASE ID RELEASE 93%380994,0.052336448598130844,0.23327189443145224,0.27128855468895297,0.5199899632559647,1.499916422570803,25,
ATM PATHWAY%PATHWAY INTERACTION DATABASE NCI-NATURE CURATED DATA%ATM PATHWAY,5.49163458038265e-4,0.006887476688172913,0.47727081536286214,-0.6066476953265675,-1.9298967104812466,34,
ATM SIGNALING IN DEVELOPMENT AND DISEASE %WIKIPATHWAYS_20250810%WP3878%HOMO SAPIENS,0.002425638023670856,0.024195412674174643,0.4317076958033464,-0.5625562065440858,-1.8261604597011492,38,
ATM SIGNALING%WIKIPATHWAYS_20250810%WP2516%HOMO SAPIENS,1.546966615358453e-5,3.3057486595890634e-4,0.5756102610711286,-0.6967954277365498,-2.1390285680317316,30,
ATORVASTATIN ACTION PATHWAY%SMPDB%SMP0000131,3.8789317577938914e-4,0.005082864350543128,0.49849310876659025,-0.7175340885269536,-1.9888949541423213,21,
ATP BIOSYNTHETIC PROCESS%GOBP%GO:0006754,0.1261682242990654,0.3730918297086742,0.19189224038483796,-0.33231329414219707,-1.2069658219038275,74,
ATP METABOLIC PROCESS%GOBP%GO:0046034,0.6960950764006791,0.8942849278439701,0.054793950077336284,0.24101536376585897,0.9040435914406445,121,
ATP SYNTHESIS COUPLED ELECTRON TRANSPORT%GOBP%GO:0042773,0.06338028169014084,0.2530765867066467,0.27650059925447157,-0.36128126611345845,-1.3178141412134383,75,
ATP-DEPENDENT CHROMATIN REMODELERS%REACTOME DATABASE ID RELEASE 93%9932444,0.007493332990370428,0.059306208111820656,0.40701791892395395,-0.5400510301863628,-1.6578532748357224,30,
ATR SIGNALING PATHWAY%PATHWAY INTERACTION DATABASE NCI-NATURE CURATED DATA%ATR SIGNALING PATHWAY,6.403836413470753e-12,6.58883613208213e-10,0.8870749883998732,-0.7983729128943203,-2.6219545461422693,39,
ATRIOVENTRICULAR VALVE DEVELOPMENT%GOBP%GO:0003171,0.4105461393596987,0.6813005825216505,0.08653997374441245,0.3716403526105843,1.0289092095159758,21,
ATRIOVENTRICULAR VALVE MORPHOGENESIS%GOBP%GO:0003181,0.4105461393596987,0.6813005825216505,0.08653997374441245,0.3716403526105843,1.0289092095159758,21,
ATTACHMENT AND ENTRY%REACTOME DATABASE ID RELEASE 93%9694614,0.9180952380952381,1,0.04735342452541926,0.25185804024156305,0.6361171802275211,15,
ATTACHMENT OF MITOTIC SPINDLE MICROTUBULES TO KINETOCHORE%GOBP%GO:0051315,9.85455681684897e-6,2.2077386159037452e-4,0.5933254763964051,-0.7987442564457797,-2.1149707632042714,17,
ATTACHMENT OF SPINDLE MICROTUBULES TO KINETOCHORE%GOBP%GO:0008608,8.690202239747719e-7,2.3668021394136433e-5,0.6594443980379349,-0.7199540244444795,-2.2656555488130086,33,
AUF1 (HNRNP D0) BINDS AND DESTABILIZES MRNA%REACTOME%R-HSA-450408.5,0.4260089686098655,0.6973794430160319,0.0943563635421779,-0.3061570201662679,-1.0165962208301758,41,
AURKA ACTIVATION BY TPX2%REACTOME DATABASE ID RELEASE 93%8854518,1.2085876802693442e-5,2.6752642038153294e-4,0.5933254763964051,-0.5546517299612752,-2.0097849233991627,71,
AURORA A SIGNALING%PATHWAY INTERACTION DATABASE NCI-NATURE CURATED DATA%AURORA A SIGNALING,0.017554482976301217,0.11033111698679814,0.35248785758361917,-0.5240153042501504,-1.6229054117471626,31,
AURORA B SIGNALING%PATHWAY INTERACTION DATABASE NCI-NATURE CURATED DATA%AURORA B SIGNALING,8.377945615823288e-7,2.3135077372295597e-5,0.6594443980379349,-0.6980735645040046,-2.2925591868561934,39,
AUTODEGRADATION OF CDH1 BY CDH1:APC C%REACTOME DATABASE ID RELEASE 93%174084,0.011367539596206566,0.0804561146452531,0.3807304007227924,-0.45692387365179976,-1.6102561656439809,54,
AUTODEGRADATION OF THE E3 UBIQUITIN LIGASE COP1%REACTOME%R-HSA-349425.4,0.07947019867549669,0.2870710913830762,0.2377938344236881,-0.40837509640206027,-1.3411538934367657,39,
AUTONOMIC NERVOUS SYSTEM DEVELOPMENT%GOBP%GO:0048483,0.23946360153256704,0.5080712697450114,0.12098514214525231,0.42104564989614146,1.1866810604923697,23,
AUTOPHAGOSOME ASSEMBLY%GOBP%GO:0000045,0.14673913043478262,0.40825368487513886,0.15419096658142434,0.35530708922500553,1.2173788577215618,68,
AUTOPHAGOSOME MATURATION%GOBP%GO:0097352,0.03296375595732092,0.17180734343234055,0.3217759180753611,0.45603933970234123,1.4523856168915452,45,
AUTOPHAGOSOME ORGANIZATION%GOBP%GO:1905037,0.10471204188481675,0.33474114195169263,0.18138312849840757,0.3678653562064734,1.277917174510737,72,
AUTOPHAGY OF MITOCHONDRION%GOBP%GO:0000422,0.0759493670886076,0.2792684867930535,0.21925034670375515,0.39538362847988723,1.3412207729582444,62,
AUTOPHAGY OF PEROXISOME%GOBP%GO:0030242,0.04805454390296799,0.22120219214986755,0.3217759180753611,0.5886490197227718,1.5212111269037778,16,
AUTOPHAGY%REACTOME%R-HSA-9612973.4,0.11824324324324324,0.3615355990312525,0.16693384871319314,0.3194243423306029,1.2103038029473092,131,
AUTOPHAGY%WIKIPATHWAYS_20250810%WP4923%HOMO SAPIENS,0.997907949790795,1,0.047829963311422925,-0.17428195806424446,-0.5022643925013719,24,
AXIS SPECIFICATION%GOBP%GO:0009798,0.3644067796610169,0.6388277956307673,0.10027910675413045,-0.3445254701910913,-1.0576272372325914,30,
AXO-DENDRITIC TRANSPORT%GOBP%GO:0008088,0.22401433691756273,0.4977792661003207,0.12098514214525231,0.350691688839684,1.1676839753695125,57,
AXON ENSHEATHMENT%GOBP%GO:0008366,0.6394316163410302,0.8625827969828921,0.060903934745241806,0.28142092838721944,0.909776039650775,50,
AXON EXTENSION%GOBP%GO:0048675,0.527306967984934,0.786679126667233,0.07325586558284547,0.3392125002740772,0.9391307027432801,21,
AXON GUIDANCE MEDIATED BY NETRIN%PANTHER PATHWAY%P00009,0.14766355140186915,0.4091863798447805,0.1563124030731863,0.443551499574534,1.2794288841691768,25,
AXON GUIDANCE MEDIATED BY SEMAPHORINS%PANTHER PATHWAY%P00007,0.5117773019271948,0.7757907669124737,0.0815265143256594,-0.3732353761983851,-0.9699744288500971,16,
AXON GUIDANCE%GOBP%GO:0007411,0.2197986577181208,0.4977792661003207,0.11776578836269024,0.297150570764128,1.1296322761764808,133,
AXON GUIDANCE%WIKIPATHWAYS_20250810%WP5289%HOMO SAPIENS,0.4625,0.7298429324808526,0.077274697304471,0.3013887147235557,0.9889889639470839,53,
AXONAL TRANSPORT%GOBP%GO:0098930,0.42095914742451157,0.6927870329059793,0.08197787965012722,0.3126094364600602,1.0106020781395808,50,
AXONEMAL DYNEIN COMPLEX ASSEMBLY%GOBP%GO:0070286,0.2130841121495327,0.4890108744745162,0.1275053153001827,0.4167959722511252,1.2022522891140752,25,
AXONEME ASSEMBLY%GOBP%GO:0035082,0.06340579710144928,0.2530765867066467,0.24133997681509095,0.400945401647145,1.3687886899215769,65,
AZATHIOPRINE ACTION PATHWAY%SMPDB%SMP0000427,0.023003845500412623,0.13272000581546473,0.35248785758361917,-0.48835584614978883,-1.585292502559481,38,
AZATHIOPRINE ADME%REACTOME%R-HSA-9748787.3,0.0396965521816815,0.19592999408334316,0.3217759180753611,-0.5642402178624605,-1.4940346106690525,17,
B CELL ACTIVATION INVOLVED IN IMMUNE RESPONSE%GOBP%GO:0002312,0.03253319753938666,0.17004181141000216,0.3217759180753611,-0.5836756673522678,-1.5527497719622578,18,
B CELL ACTIVATION%GOBP%GO:0042113,0.5938069216757741,0.8316406093712123,0.06568136019340105,0.26973887844251376,0.922767351870378,67,
B CELL ACTIVATION%PANTHER PATHWAY%P00010,0.9874776386404294,1,0.04115440187899028,0.18711020331594347,0.5887522305172432,42,
B CELL ACTIVATION%REACTOME%R-HSA-983705.3,1,1,0.05302125120430776,-0.143177153376308,-0.5302359445090694,83,
B CELL DIFFERENTIATION%GOBP%GO:0030183,0.7328519855595668,0.9147889534416879,0.05524956631252492,0.26956171207257784,0.8533103185433206,44,
B CELL MEDIATED IMMUNITY%GOBP%GO:0019724,0.14953271028037382,0.41261975330313194,0.1552419662288392,0.43876317725184744,1.2784587772844187,26,
B CELL RECEPTOR SIGNALING%WIKIPATHWAYS_20250810%WP23%HOMO SAPIENS,0.6043956043956044,0.8373888183801168,0.06508775669173134,0.2679665914073469,0.9114965149910279,64,
B-WICH COMPLEX POSITIVELY REGULATES RRNA EXPRESSION%REACTOME DATABASE ID RELEASE 93%5250924,0.04310645009803506,0.20826037977798503,0.3217759180753611,-0.42720331585820687,-1.4455761348086682,46,
BACTERIAL INFECTION PATHWAYS%REACTOME%R-HSA-9824439.2,0.6863799283154122,0.8909269754217095,0.05797547575714859,0.2643505833124955,0.8801974778327125,57,
BAFETINIB INHIBITION OF BCR-ABL%PATHWHIZ%PW032597,0.2737642585551331,0.5507002970790439,0.11146266692298015,0.42851518041362335,1.1377769596976066,18,
BARD1 SIGNALING EVENTS%PATHWAY INTERACTION DATABASE NCI-NATURE CURATED DATA%BARD1 SIGNALING EVENTS,1.5148718723012237e-5,3.249663367762779e-4,0.5933254763964051,-0.7116129424136539,-2.152756077963186,28,
BARDET BIEDL SYNDROME%WIKIPATHWAYS_20250810%WP5234%HOMO SAPIENS,0.9911347517730497,1,0.040575644789065675,0.1802991086867502,0.6243081091202235,71,
BASE EXCISION REPAIR%REACTOME%R-HSA-73884.4,6.131054899224447e-10,4.2580176275113785e-8,0.8012155746177786,-0.6868991904058681,-2.443553692401274,58,
BASE EXCISION REPAIR%WIKIPATHWAYS_20250810%WP4752%HOMO SAPIENS,4.471307361073536e-5,8.206528691385832e-4,0.557332238758646,-0.7003996111949243,-2.0796189581381372,27,
BASE-EXCISION REPAIR%GOBP%GO:0006284,9.665018174764119e-4,0.01137687308876895,0.47727081536286214,-0.5646322411317947,-1.8748647415686406,41,
"BASE-EXCISION REPAIR, AP SITE FORMATION%REACTOME%R-HSA-73929.5",0.0054532854017182286,0.04660326486354879,0.40701791892395395,-0.5519796922467596,-1.6944719837277564,30,
BASIGIN INTERACTIONS%REACTOME DATABASE ID RELEASE 93%210991,1.0775372413566544e-4,0.0018086999737092363,0.5384340963099162,0.7745371198761648,2.0754046817741054,19,
BBSOME-MEDIATED CARGO-TARGETING TO CILIUM%REACTOME%R-HSA-5620922.4,0.6692160611854685,0.8794144834310461,0.06224904294985801,0.30668100408528126,0.8553894316383389,22,
BCR SIGNALING PATHWAY%PATHWAY INTERACTION DATABASE NCI-NATURE CURATED DATA%BCR SIGNALING PATHWAY,0.36476868327402134,0.6391216664366013,0.08998607949971373,0.32253840762719765,1.0551737037717557,52,
BCR SIGNALING PATHWAY%PATHWHIZ%PW070885,0.5807692307692308,0.8218934911242604,0.06944814420031753,0.31695308551266427,0.9232738512429641,28,
BCR%NETPATH%BCR,0.1068840579710145,0.3387590055264788,0.18302393838448722,0.37150900393692643,1.2728910302141572,68,
BCR-ABL ACTION IN CML PATHOGENESIS%SMPDB%SMP0031692,0.2737642585551331,0.5507002970790439,0.11146266692298015,0.42851518041362335,1.1377769596976066,18,
BDNF TRKB SIGNALING%WIKIPATHWAYS_20250810%WP3676%HOMO SAPIENS,0.24528301886792453,0.515428310450147,0.11828752612408502,0.39641788485253693,1.156311964931005,27,
BEHAVIOR%GOBP%GO:0007610,0.035187468441102786,0.17870345032794066,0.3217759180753611,0.34229048331497675,1.3308773723729836,154,
BEMPEDOIC ACID THERAPY IN ATHEROSCLEROSIS AND METABOLIC SYNDROME%WIKIPATHWAYS_20250810%WP5500%HOMO SAPIENS,0.5461393596986818,0.7974639375784168,0.07147862874255066,0.3351721631767124,0.9279447806015486,21,
BENDROFLUMETHIAZIDE ACTION PATHWAY%PATHWHIZ%PW000329,0.22537878787878787,0.4977792661003207,0.12443416863039332,0.441161905676685,1.208474426305242,20,
BENZOCAINE ACTION PATHWAY%SMPDB%SMP0000392,0.23106060606060605,0.4977792661003207,0.12267918956880833,0.436121700543469,1.1946677967471409,20,
BETA-CATENIN INDEPENDENT WNT SIGNALING%REACTOME%R-HSA-3858494.5,0.5399515738498789,0.7945506548246274,0.08528846897905017,-0.24652247601100197,-0.9679949433454048,121,
BETA-CATENIN PHOSPHORYLATION CASCADE%REACTOME%R-HSA-196299.3,0.9481765834932822,1,0.046230252407761636,0.23973492595016183,0.6212592522263408,17,
BETA-KETOTHIOLASE DEFICIENCY%SMPDB%SMP0000173,0.9850467289719627,1,0.0432768714901103,0.1839286959036956,0.5359275068280955,26,
BETA-UREIDOPROPIONASE DEFICIENCY%PATHWHIZ%PW000187,3.729045284081586e-5,7.023245965544845e-4,0.557332238758646,-0.7711379822810549,-2.051454931417729,18,
BETA1 ADRENERGIC RECEPTOR SIGNALING PATHWAY%PANTHER PATHWAY%P04377,0.3924050632911392,0.6629099344104944,0.09560314922043013,-0.3745366616231109,-1.0328396562459154,20,
BETA1 INTEGRIN CELL SURFACE INTERACTIONS%PATHWAY INTERACTION DATABASE NCI-NATURE CURATED DATA%BETA1 INTEGRIN CELL SURFACE INTERACTIONS,0.004480074341078746,0.03928461387915385,0.40701791892395395,0.5072629586260826,1.6724523701165284,55,
BETA2 ADRENERGIC RECEPTOR SIGNALING PATHWAY%PANTHER PATHWAY%P04378,0.34309623430962344,0.6155126502500058,0.10319746694530717,-0.3940938854276779,-1.068176961714937,19,
BETA3 ADRENERGIC RECEPTOR SIGNALING PATHWAY%PANTHER PATHWAY%P04379,0.5576519916142557,0.806222863754568,0.07588869006061172,-0.36632970442302987,-0.9331177898685472,15,
BETA3 INTEGRIN CELL SURFACE INTERACTIONS%PATHWAY INTERACTION DATABASE NCI-NATURE CURATED DATA%BETA3 INTEGRIN CELL SURFACE INTERACTIONS,0.03169632987051277,0.1667659173869024,0.3217759180753611,0.5085332304939265,1.5323161916952261,33,
BETAXOLOL ACTION PATHWAY%SMPDB%SMP0000299,0.32532347504621073,0.5939852866765517,0.09889030075206362,0.3568782490434134,1.0841541550924358,34,
BEVANTOLOL ACTION PATHWAY%PATHWHIZ%PW000645,0.32532347504621073,0.5939852866765517,0.09889030075206362,0.3568782490434134,1.0841541550924358,34,
BICARBONATE TRANSPORT%GOBP%GO:0015701,0.9272349272349273,1,0.050908286551510536,-0.24928940875491976,-0.6600858871138865,17,
BICELLULAR TIGHT JUNCTION ASSEMBLY%GOBP%GO:0070830,0.32075471698113206,0.5939852866765517,0.10099058745592349,0.37426535018448265,1.0916952009831609,27,
BILE ACID AND BILE SALT METABOLISM%REACTOME%R-HSA-194068.3,0.6259541984732825,0.8540769957557853,0.06538341954687732,0.3085234129959744,0.8784619685772472,24,
BILE ACID BIOSYNTHETIC PROCESS%GOBP%GO:0006699,0.9518828451882845,1,0.04999139140245922,-0.23484351673720985,-0.6365347026751556,19,
BILE ACID METABOLIC PROCESS%GOBP%GO:0008206,0.9832985386221295,1,0.048408761881695135,-0.20349070886599058,-0.5759599297604363,22,
BINDING AND UPTAKE OF LIGANDS BY SCAVENGER RECEPTORS%REACTOME%R-HSA-2173782.3,0.05555555555555555,0.2403946002076843,0.26635065708852557,0.5206523103791117,1.467413892011211,23,
BIOCARTA_AGR_PATHWAY%MSIGDB_C2%BIOCARTA_AGR_PATHWAY,0.8221797323135756,0.9692405246624709,0.05258989506236158,0.27202064237814017,0.7587153412769869,22,
BIOCARTA_AKT_PATHWAY%MSIGDB_C2%BIOCARTA_AKT_PATHWAY,0.7428571428571429,0.9206120859485958,0.05712585100181134,0.31388163968027655,0.79277001983778,15,
BIOCARTA_ALK_PATHWAY%MSIGDB_C2%BIOCARTA_ALK_PATHWAY,0.514018691588785,0.7762561525840854,0.07417589655880091,0.3315442350636656,0.9563427722082334,25,
BIOCARTA_ARENRF2_PATHWAY%MSIGDB_C2%BIOCARTA_ARENRF2_PATHWAY,0.002772600138084511,0.026931060082513187,0.4317076958033464,0.7223280194231109,1.8666699231713626,16,
BIOCARTA_AT1R_PATHWAY%MSIGDB_C2%BIOCARTA_AT1R_PATHWAY,0.8259023354564756,0.971934095399379,0.057246113520288446,-0.2780988359049355,-0.7708475183662338,21,
BIOCARTA_ATM_PATHWAY%MSIGDB_C2%BIOCARTA_ATM_PATHWAY,0.010445847196514141,0.07508037131155572,0.3807304007227924,-0.6242331984177513,-1.6528882097378246,17,
BIOCARTA_ATRBRCA_PATHWAY%MSIGDB_C2%BIOCARTA_ATRBRCA_PATHWAY,5.149915528788035e-6,1.2440404642585358e-4,0.610526878385931,-0.8062562080341126,-2.1853277569304788,19,
BIOCARTA_BCR_PATHWAY%MSIGDB_C2%BIOCARTA_BCR_PATHWAY,0.24236641221374045,0.5118159582894496,0.11988784511542344,0.41316706425361194,1.1764149407365907,24,
BIOCARTA_BIOPEPTIDES_PATHWAY%MSIGDB_C2%BIOCARTA_BIOPEPTIDES_PATHWAY,0.5265151515151515,0.7865873035273412,0.07362127410143941,0.34172005389743587,0.9360734478133903,20,
BIOCARTA_CARM_ER_PATHWAY%MSIGDB_C2%BIOCARTA_CARM_ER_PATHWAY,0.9829545454545454,1,0.04397592780263451,0.1956098745561024,0.535833960031602,20,
BIOCARTA_CASPASE_PATHWAY%MSIGDB_C2%BIOCARTA_CASPASE_PATHWAY,0.6331236897274634,0.8577401037255099,0.06944814420031753,-0.3434150916790356,-0.8747495152208599,15,
BIOCARTA_CELLCYCLE_PATHWAY%MSIGDB_C2%BIOCARTA_CELLCYCLE_PATHWAY,5.927113888238026e-4,0.007400234778213589,0.47727081536286214,-0.7164737905503163,-1.8971292843580185,17,
BIOCARTA_CERAMIDE_PATHWAY%MSIGDB_C2%BIOCARTA_CERAMIDE_PATHWAY,0.8455743879472694,0.9824435490476766,0.05060042438536184,0.26746532001847767,0.7404942145276389,21,
BIOCARTA_CREB_PATHWAY%MSIGDB_C2%BIOCARTA_CREB_PATHWAY,0.14775160599571735,0.409226282608278,0.16823816568963962,-0.4973273561958066,-1.292468102008503,16,
BIOCARTA_CTCF_PATHWAY%MSIGDB_C2%BIOCARTA_CTCF_PATHWAY,0.6448598130841121,0.8654205607476636,0.06293946920189672,0.3366859441790294,0.8700777329051763,16,
BIOCARTA_DEATH_PATHWAY%MSIGDB_C2%BIOCARTA_DEATH_PATHWAY,0.7604166666666666,0.9295654565456546,0.06024840861580194,-0.2880511490953972,-0.8240613072664715,23,
BIOCARTA_EDG1_PATHWAY%MSIGDB_C2%BIOCARTA_EDG1_PATHWAY,0.16981132075471697,0.43862003631483376,0.15419096658142434,-0.49856848476089777,-1.2699574098991697,15,
BIOCARTA_EGF_PATHWAY%MSIGDB_C2%BIOCARTA_EGF_PATHWAY,0.22753346080305928,0.4977792661003207,0.12443416863039332,0.43494656044776464,1.2131455361708847,22,
BIOCARTA_EIF4_PATHWAY%MSIGDB_C2%BIOCARTA_EIF4_PATHWAY,0.3416030534351145,0.614222189283332,0.09787732774245612,0.4019366705463096,1.0770061581578925,19,
BIOCARTA_EPO_PATHWAY%MSIGDB_C2%BIOCARTA_EPO_PATHWAY,0.15428571428571428,0.4187647428292274,0.15419096658142434,0.5132920433460917,1.2964203443073372,15,
BIOCARTA_ERK_PATHWAY%MSIGDB_C2%BIOCARTA_ERK_PATHWAY,0.6195856873822976,0.8497699528748568,0.06523530560177027,0.3183348011557243,0.8813295066528074,21,
BIOCARTA_FAS_PATHWAY%MSIGDB_C2%BIOCARTA_FAS_PATHWAY,0.9602510460251046,1,0.04959019569563381,-0.2159969876602858,-0.6224832277207298,24,
BIOCARTA_FCER1_PATHWAY%MSIGDB_C2%BIOCARTA_FCER1_PATHWAY,0.31962616822429907,0.5939852866765517,0.10063338942303625,0.3762886216445701,1.0964217511298249,26,
BIOCARTA_FMLP_PATHWAY%MSIGDB_C2%BIOCARTA_FMLP_PATHWAY,0.9980916030534351,1,0.043625124000060564,0.15503144654088052,0.4414226732330916,24,
BIOCARTA_G1_PATHWAY%MSIGDB_C2%BIOCARTA_G1_PATHWAY,0.0077381020381241325,0.06038327938738438,0.40701791892395395,-0.6380509274439062,-1.6894757565882232,17,
BIOCARTA_G2_PATHWAY%MSIGDB_C2%BIOCARTA_G2_PATHWAY,0.005462312421025355,0.04660326486354879,0.40701791892395395,-0.6365756951500636,-1.7254149762030615,19,
BIOCARTA_GH_PATHWAY%MSIGDB_C2%BIOCARTA_GH_PATHWAY,0.3787878787878788,0.6509967455306774,0.09139243259437684,0.3863333518226044,1.0582826161979675,20,
BIOCARTA_GLEEVEC_PATHWAY%MSIGDB_C2%BIOCARTA_GLEEVEC_PATHWAY,0.9446564885496184,1,0.04613791602697367,0.23795508216276265,0.6376106178765173,19,
BIOCARTA_GPCR_PATHWAY%MSIGDB_C2%BIOCARTA_GPCR_PATHWAY,0.4318181818181818,0.7029539461417574,0.08407455779107234,0.37055079838917854,1.0150494812407775,20,
BIOCARTA_GSK3_PATHWAY%MSIGDB_C2%BIOCARTA_GSK3_PATHWAY,0.982725527831094,1,0.04459616158889607,0.20714151002703207,0.5367952921936036,17,
BIOCARTA_HCMV_PATHWAY%MSIGDB_C2%BIOCARTA_HCMV_PATHWAY,0.5136268343815513,0.7762561525840854,0.08020234446981443,-0.3739161895839786,-0.9524421421686278,15,
BIOCARTA_HDAC_PATHWAY%MSIGDB_C2%BIOCARTA_HDAC_PATHWAY,0.4438095238095238,0.7128666418865899,0.08289621345715653,0.4058110558301177,1.0249559009202809,15,
BIOCARTA_HER2_PATHWAY%MSIGDB_C2%BIOCARTA_HER2_PATHWAY,0.11596958174904944,0.35637555099431345,0.1797823162983236,0.505134069129586,1.3412124743379785,18,
BIOCARTA_HIVNEF_PATHWAY%MSIGDB_C2%BIOCARTA_HIVNEF_PATHWAY,0.9982014388489209,1,0.04090557831720346,0.17520359573067015,0.5488619455821444,41,
BIOCARTA_IGF1MTOR_PATHWAY%MSIGDB_C2%BIOCARTA_IGF1MTOR_PATHWAY,0.43953934740882916,0.7103201321126977,0.08383610571599288,0.3924348944702639,1.0169724253561752,17,
BIOCARTA_IGF1R_PATHWAY%MSIGDB_C2%BIOCARTA_IGF1R_PATHWAY,0.7658349328214972,0.9334148283060301,0.05605958750323349,0.307917844839031,0.7979513592926016,17,
BIOCARTA_IGF1_PATHWAY%MSIGDB_C2%BIOCARTA_IGF1_PATHWAY,0.06355140186915888,0.2531122500251231,0.24504178543099617,0.5648498014235996,1.459708203301929,16,
BIOCARTA_IL1R_PATHWAY%MSIGDB_C2%BIOCARTA_IL1R_PATHWAY,0.9809885931558935,1,0.04424074234773751,0.20715453288067398,0.5500287163246969,18,
BIOCARTA_IL2RB_PATHWAY%MSIGDB_C2%BIOCARTA_IL2RB_PATHWAY,0.002359299065336397,0.023661129254528922,0.4317076958033464,0.6469434228710248,1.8850499318477265,26,
BIOCARTA_IL2_PATHWAY%MSIGDB_C2%BIOCARTA_IL2_PATHWAY,0.008152578980609754,0.06239081104169117,0.3807304007227924,0.674539433604247,1.7036824476401708,15,
BIOCARTA_IL6_PATHWAY%MSIGDB_C2%BIOCARTA_IL6_PATHWAY,3.114628344515665e-4,0.004518244146769983,0.49849310876659025,0.7515065959080875,1.947486057638846,17,
BIOCARTA_INSULIN_PATHWAY%MSIGDB_C2%BIOCARTA_INSULIN_PATHWAY,0.47024952015355087,0.739066298677141,0.08020234446981443,0.3836141256531494,0.994113911029726,17,
BIOCARTA_INTEGRIN_PATHWAY%MSIGDB_C2%BIOCARTA_INTEGRIN_PATHWAY,0.7735849056603774,0.9394618001855861,0.054793950077336284,0.27125721989467433,0.7912306203208008,27,
BIOCARTA_KERATINOCYTE_PATHWAY%MSIGDB_C2%BIOCARTA_KERATINOCYTE_PATHWAY,0.6441605839416058,0.8650808839986894,0.061840603575328466,0.2879856129669841,0.8866672781848675,37,
BIOCARTA_MAL_PATHWAY%MSIGDB_C2%BIOCARTA_MAL_PATHWAY,0.9203354297693921,1,0.05163559644842005,-0.2622422099576384,-0.6679853378292724,15,
BIOCARTA_MAPK_PATHWAY%MSIGDB_C2%BIOCARTA_MAPK_PATHWAY,0.9981884057971014,1,0.041237609054006544,0.1737621851244201,0.5953565714192958,68,
BIOCARTA_MET_PATHWAY%MSIGDB_C2%BIOCARTA_MET_PATHWAY,0.13773584905660377,0.39299018746275827,0.16318012718068908,0.4416142733841041,1.2881453832192897,27,
BIOCARTA_MTOR_PATHWAY%MSIGDB_C2%BIOCARTA_MTOR_PATHWAY,0.9385796545105566,1,0.04669480412820537,0.24696383421571938,0.6399925516222191,17,
BIOCARTA_NFAT_PATHWAY%MSIGDB_C2%BIOCARTA_NFAT_PATHWAY,0.9681647940074907,1,0.044152305844146505,0.20221815554827904,0.6052229644013146,32,
BIOCARTA_NFKB_PATHWAY%MSIGDB_C2%BIOCARTA_NFKB_PATHWAY,0.9385796545105566,1,0.04669480412820537,0.24675090301558744,0.6394407526815962,17,
BIOCARTA_NGF_PATHWAY%MSIGDB_C2%BIOCARTA_NGF_PATHWAY,0.07476635514018691,0.2767500793863281,0.22496609354031374,0.5493832628167206,1.4197389349685647,16,
BIOCARTA_NTHI_PATHWAY%MSIGDB_C2%BIOCARTA_NTHI_PATHWAY,0.9809885931558935,1,0.04424074234773751,0.20715453288067398,0.5500287163246969,18,
BIOCARTA_P38MAPK_PATHWAY%MSIGDB_C2%BIOCARTA_P38MAPK_PATHWAY,0.690566037735849,0.8930876357806398,0.06011861425318512,0.2943959775676436,0.8587240997354498,27,
BIOCARTA_P53HYPOXIA_PATHWAY%MSIGDB_C2%BIOCARTA_P53HYPOXIA_PATHWAY,0.10095238095238095,0.32705039566847144,0.19381330272531053,0.5431630456006872,1.3718654549996085,15,
BIOCARTA_PDGF_PATHWAY%MSIGDB_C2%BIOCARTA_PDGF_PATHWAY,0.6805845511482255,0.887635625863742,0.06568136019340105,-0.30271201052786817,-0.8567958178183462,22,
BIOCARTA_PPARA_PATHWAY%MSIGDB_C2%BIOCARTA_PPARA_PATHWAY,0.9934924078091106,1,0.049690139272460555,-0.1777364012177411,-0.56542355420677,34,
BIOCARTA_PTDINS_PATHWAY%MSIGDB_C2%BIOCARTA_PTDINS_PATHWAY,0.3785310734463277,0.6509967455306774,0.0911073131586733,0.3793805704029291,1.050338479277077,21,
BIOCARTA_PYK2_PATHWAY%MSIGDB_C2%BIOCARTA_PYK2_PATHWAY,0.9866156787762906,1,0.04424074234773751,0.17853958035779974,0.4979795557364797,22,
BIOCARTA_RAC1_PATHWAY%MSIGDB_C2%BIOCARTA_RAC1_PATHWAY,0.09014675052410902,0.30633354490027503,0.21654283673534816,-0.5503813624543047,-1.4019355632846524,15,
BIOCARTA_RACCYCD_PATHWAY%MSIGDB_C2%BIOCARTA_RACCYCD_PATHWAY,0.013413999605076244,0.09088802659244342,0.3807304007227924,-0.5729609826045573,-1.6391358889577787,23,
BIOCARTA_RAS_PATHWAY%MSIGDB_C2%BIOCARTA_RAS_PATHWAY,0.9935760171306209,1,0.049093966819213915,-0.17840080462660296,-0.46363295016844575,16,
BIOCARTA_STRESS_PATHWAY%MSIGDB_C2%BIOCARTA_STRESS_PATHWAY,0.9833333333333333,1,0.04831175810550189,-0.20017640337332493,-0.5726678375203834,23,
BIOCARTA_TCR_PATHWAY%MSIGDB_C2%BIOCARTA_TCR_PATHWAY,0.2981132075471698,0.5762929021180657,0.10552093684319848,0.37467255035311897,1.1094044382520227,30,
BIOCARTA_TFF_PATHWAY%MSIGDB_C2%BIOCARTA_TFF_PATHWAY,0.7364485981308411,0.9168067244487906,0.056648418361399534,0.3099465555513412,0.8009766996167825,16,
BIOCARTA_TNFR1_PATHWAY%MSIGDB_C2%BIOCARTA_TNFR1_PATHWAY,0.9443254817987152,1,0.0514264916187015,-0.23568534479611725,-0.6871099415485413,26,
BIOCARTA_TNFR2_PATHWAY%MSIGDB_C2%BIOCARTA_TNFR2_PATHWAY,0.9874213836477987,1,0.048408761881695135,-0.2013006515128463,-0.5127545398880765,15,
BIOCARTA_TOLL_PATHWAY%MSIGDB_C2%BIOCARTA_TOLL_PATHWAY,0.3295668549905838,0.5983900151397659,0.09923333437711905,0.39364380208113514,1.0898271148035417,21,
BIOCARTA_TPO_PATHWAY%MSIGDB_C2%BIOCARTA_TPO_PATHWAY,0.08253358925143954,0.29188836529662515,0.21654283673534816,0.536001265798862,1.389016407445777,17,
BIOCARTA_VDR_PATHWAY%MSIGDB_C2%BIOCARTA_VDR_PATHWAY,0.3057324840764331,0.5838641384388807,0.11146266692298015,-0.4008540844353663,-1.1111063273907325,21,
BIOCARTA_VEGF_PATHWAY%MSIGDB_C2%BIOCARTA_VEGF_PATHWAY,0.21482889733840305,0.49058337591950985,0.1281429168984153,0.4561886349646131,1.2112544475965488,18,
BIOCARTA_VIP_PATHWAY%MSIGDB_C2%BIOCARTA_VIP_PATHWAY,0.3923809523809524,0.6629099344104944,0.08971046527429813,0.42199767832409424,1.0658384101639802,15,
BIOCARTA_WNT_PATHWAY%MSIGDB_C2%BIOCARTA_WNT_PATHWAY,0.7585551330798479,0.9287202114128768,0.05605958750323349,0.30321269748984936,0.8050786456589744,18,
BIOGENIC AMINE BIOSYNTHETIC PROCESS%GOBP%GO:0042401,0.5401869158878505,0.7945506548246274,0.07165273668294567,0.3682919267254122,0.9517552193451052,16,
BIOGENIC AMINE METABOLIC PROCESS%GOBP%GO:0006576,0.9325842696629213,1,0.04586203431179851,0.22577498133683224,0.6757266830064902,32,
BIOLOGICAL OXIDATIONS%REACTOME%R-HSA-211859.4,0.4315068493150685,0.7028590016987748,0.07871138069864847,0.27640706704615736,1.0120401623687336,107,
BIOLOGICAL PROCESS INVOLVED IN INTERACTION WITH HOST%GOBP%GO:0051701,0.23731884057971014,0.5049942594718714,0.11776578836269024,0.33001021339781245,1.126622841418858,65,
BIOLOGICAL PROCESS INVOLVED IN INTRASPECIES INTERACTION BETWEEN ORGANISMS%GOBP%GO:0051703,0.10467289719626169,0.33474114195169263,0.1882041463084906,0.4610536883336185,1.3299141285117921,25,
BIOLOGICAL PROCESS INVOLVED IN SYMBIOTIC INTERACTION%GOBP%GO:0044403,0.2874564459930314,0.5646860476326061,0.10282184284081514,0.31444681265598995,1.096731103430325,74,
BIOMINERAL TISSUE DEVELOPMENT%GOBP%GO:0031214,0.09732824427480916,0.3201632475967079,0.19782202131510335,0.47403174140218785,1.3497155780708932,24,
"BIOSYNTHESIS OF THE N-GLYCAN PRECURSOR (DOLICHOL LIPID-LINKED OLIGOSACCHARIDE, LLO) AND TRANSFER TO A NASCENT PROTEIN%REACTOME%R-HSA-446193.3",0.9911347517730497,1,0.040575644789065675,0.17425193102741265,0.6033690036664398,71,
BISOPROLOL ACTION PATHWAY%SMPDB%SMP0000300,0.32532347504621073,0.5939852866765517,0.09889030075206362,0.3568782490434134,1.0841541550924358,34,
BLADDER CANCER%WIKIPATHWAYS_20250810%WP2828%HOMO SAPIENS,0.7566037735849057,0.9279497992806315,0.05582647177874898,0.27885684499092334,0.8256943861468323,30,
BLOOD CIRCULATION%GOBP%GO:0008015,0.01226077470658752,0.08504477436928871,0.3807304007227924,0.357662166823498,1.4116632687555217,173,
BLOOD COAGULATION%GOBP%GO:0007596,0.578125,0.8206384109052531,0.06464845684219278,0.2670510043826855,0.9448232420433681,83,
BLOOD COAGULATION%PANTHER PATHWAY%P00011,0.8990654205607477,1,0.04744831936562972,0.2573777560577518,0.6651262351833526,16,
BLOOD VESSEL DEVELOPMENT%GOBP%GO:0001568,0.10350584307178631,0.33318566865981736,0.17821987495197314,0.3029062596873233,1.2096830405948873,194,
BLOOD VESSEL DIAMETER MAINTENANCE%GOBP%GO:0097746,0.019622824668392838,0.11915236487168372,0.35248785758361917,0.4708042500962047,1.522033660942749,49,
BLOOD VESSEL ENDOTHELIAL CELL MIGRATION%GOBP%GO:0043534,0.4456066945606695,0.7147015265436318,0.08783126344801238,-0.368970582697577,-1.000081174972748,19,
BLOOD VESSEL MORPHOGENESIS%GOBP%GO:0048514,0.06879194630872483,0.2646870177917418,0.22205604614524838,0.3207565954677907,1.2679853545119593,175,
BLUE DIAPER SYNDROME%SMPDB%SMP0000583,0.22537878787878787,0.4977792661003207,0.12443416863039332,0.441161905676685,1.208474426305242,20,
"BMAL1:CLOCK,NPAS2 ACTIVATES CIRCADIAN EXPRESSION%REACTOME%R-HSA-1368108.8",0.013992258157517817,0.09359390662404965,0.3807304007227924,0.5848062777758138,1.6651250840984861,24,
BMP RECEPTOR SIGNALING%PATHWAY INTERACTION DATABASE NCI-NATURE CURATED DATA%BMP RECEPTOR SIGNALING,0.029904854058347072,0.15976093187324647,0.35248785758361917,0.5106382599343613,1.5721835247546343,37,
BMP SIGNALING PATHWAY%GOBP%GO:0030509,0.20437956204379562,0.47933003238300065,0.12878871306171366,0.3876333766861071,1.193468755257866,37,
BODY MORPHOGENESIS%GOBP%GO:0010171,0.2280334728033473,0.4977792661003207,0.13077713797197438,-0.4460430743402312,-1.208983324939646,19,
BONE DEVELOPMENT%GOBP%GO:0060348,0.08830022075055188,0.3030241053057852,0.22496609354031374,-0.34916227426280333,-1.2671804237563546,63,
BONE MINERALIZATION%GOBP%GO:0030282,0.30710172744721687,0.5842598469292515,0.10473282158065095,0.4312097841150473,1.1174553184949283,17,
BONE MORPHOGENESIS%GOBP%GO:0060349,1.5344881095051677e-4,0.0024569498375823376,0.5188480777437918,-0.6663224282569199,-2.015744194376179,28,
BOPINDOLOL ACTION PATHWAY%SMPDB%SMP0000657,0.32532347504621073,0.5939852866765517,0.09889030075206362,0.3568782490434134,1.0841541550924358,34,
BOSUTINIB INHIBITION OF BCR-ABL%PATHWHIZ%PW032596,0.2737642585551331,0.5507002970790439,0.11146266692298015,0.42851518041362335,1.1377769596976066,18,
BRAIN DERIVED NEUROTROPHIC FACTOR BDNF SIGNALING%WIKIPATHWAYS_20250810%WP2380%HOMO SAPIENS,0.1797945205479452,0.45280767315517234,0.13355495455759195,0.3166092155338267,1.1585032491115472,108,
BRANCHED-CHAIN AMINO ACID CATABOLIC PROCESS%GOBP%GO:0009083,0.6464435146443515,0.866010470062166,0.06831108583186465,-0.3249314640721258,-0.8807147659281425,19,
BRANCHED-CHAIN AMINO ACID CATABOLISM%REACTOME%R-HSA-70895.8,0.9774011299435028,1,0.04397592780263451,0.2028675236357105,0.5616512359711332,21,
BRANCHED-CHAIN AMINO ACID METABOLIC PROCESS%GOBP%GO:0009081,0.9865900383141762,1,0.0443293451680314,0.18249658299086838,0.514350970478515,23,
BRANCHING MORPHOGENESIS OF AN EPITHELIAL TUBE%GOBP%GO:0048754,0.21082089552238806,0.4861268767082982,0.1281429168984153,0.3954025472574514,1.1914299579039322,33,
BREAST CANCER PATHWAY%WIKIPATHWAYS_20250810%WP4262%HOMO SAPIENS,0.5287081339712919,0.7879686151682699,0.0857844408075645,-0.2513573547939174,-0.969450173806268,106,
BROMFENAC ACTION PATHWAY%SMPDB%SMP0000102,0.20373831775700935,0.4784319921631209,0.13077713797197438,0.4780504855616798,1.235397823648238,16,
BUDDING AND MATURATION OF HIV VIRION%REACTOME%R-HSA-162588.4,0.6830188679245283,0.8895576254544489,0.06064040094941603,0.2967872705196137,0.8656992659872117,27,
BUMETANIDE ACTION PATHWAY%SMPDB%SMP0000088,0.22537878787878787,0.4977792661003207,0.12443416863039332,0.441161905676685,1.208474426305242,20,
BUPIVACAINE ACTION PATHWAY%SMPDB%SMP0000393,0.23106060606060605,0.4977792661003207,0.12267918956880833,0.436121700543469,1.1946677967471409,20,
BUPRANOLOL ACTION PATHWAY%SMPDB%SMP0000670,0.32532347504621073,0.5939852866765517,0.09889030075206362,0.3568782490434134,1.0841541550924358,34,
BUPRENORPHINE ACTION PATHWAY%SMPDB%SMP0000684,0.23106060606060605,0.4977792661003207,0.12267918956880833,0.436121700543469,1.1946677967471409,20,
BURN WOUND HEALING%WIKIPATHWAYS_20250810%WP5055%HOMO SAPIENS,0.38764044943820225,0.6580685121295264,0.08943668337186206,0.3505522738652527,1.0491752621870618,32,
BUTYRATE RESPONSE FACTOR 1 (BRF1) BINDS AND DESTABILIZES MRNA%REACTOME%R-HSA-450385.3,0.158004158004158,0.42450246705565853,0.1596467019199062,-0.48129938801663874,-1.2744180953899584,17,
C-MYB TRANSCRIPTION FACTOR NETWORK%PATHWAY INTERACTION DATABASE NCI-NATURE CURATED DATA%C-MYB TRANSCRIPTION FACTOR NETWORK,0.7105263157894737,0.9037738577212261,0.06598161440087301,-0.24650997760548446,-0.8948883446856183,64,
C-MYC PATHWAY%PATHWAY INTERACTION DATABASE NCI-NATURE CURATED DATA%C-MYC PATHWAY,0.982824427480916,1,0.0443293451680314,0.19503037666692258,0.5553120489478777,24,
C-TYPE LECTIN RECEPTORS (CLRS)%REACTOME DATABASE ID RELEASE 93%5621481,1,1,0.053676960063812645,-0.15945167672186464,-0.6124064064846146,95,
C4-DICARBOXYLATE TRANSPORT%GOBP%GO:0015740,0.7733887733887734,0.9394525972398954,0.05934876803356285,-0.2918139852459326,-0.7726854272925407,17,
CA-DEPENDENT EVENTS%REACTOME%R-HSA-111996.3,0.8393234672304439,0.9796809209941905,0.05629407497009682,-0.24943465871711157,-0.7725134251347406,31,
CA2+ PATHWAY%REACTOME%R-HSA-4086398.5,0.4436936936936937,0.7128666418865899,0.09225972605273541,-0.283180147065931,-1.0012560644753927,55,
CADHERIN SIGNALING PATHWAY%PANTHER PATHWAY%P00012,0.08047945205479452,0.2885567545732587,0.20658792269689108,0.3471068660730673,1.2709012575327094,107,
CALCINEURIN-REGULATED NFAT-DEPENDENT TRANSCRIPTION IN LYMPHOCYTES%PATHWAY INTERACTION DATABASE NCI-NATURE CURATED DATA%CALCINEURIN-REGULATED NFAT-DEPENDENT TRANSCRIPTION IN LYMPHOCYTES,0.17692307692307693,0.448646561106625,0.14375898903927542,0.42277885827237627,1.2315408258918608,28,
CALCIUM ION HOMEOSTASIS%GOBP%GO:0055074,0.386986301369863,0.6580685121295264,0.08455574424412811,0.28145143634661696,1.029944297332486,106,
CALCIUM ION IMPORT ACROSS PLASMA MEMBRANE%GOBP%GO:0098703,0.41904761904761906,0.6912792670512385,0.08603472424556043,0.4136708862872042,1.044807453734052,15,
CALCIUM ION IMPORT INTO CYTOSOL%GOBP%GO:1902656,0.41904761904761906,0.6912792670512385,0.08603472424556043,0.4136708862872042,1.044807453734052,15,
CALCIUM ION IMPORT%GOBP%GO:0070509,0.32765151515151514,0.5962812910842209,0.09992769737310925,0.39865397680426917,1.0920324935442476,20,
CALCIUM ION TRANSMEMBRANE IMPORT INTO CYTOSOL%GOBP%GO:0097553,0.1252236135957066,0.3714885909456068,0.16693384871319314,0.387511786023176,1.2576093364350713,51,
CALCIUM ION TRANSMEMBRANE TRANSPORT%GOBP%GO:0070588,0.16379310344827586,0.4322829697459376,0.14122511964253093,0.3330715071552116,1.1932514704950405,94,
CALCIUM ION TRANSPORT%GOBP%GO:0006816,0.17869415807560138,0.45128397375820056,0.13427345288320233,0.3120777028113431,1.16746020042687,124,
CALCIUM REGULATION IN CARDIAC CELLS%WIKIPATHWAYS_20250810%WP536%HOMO SAPIENS,0.3142361111111111,0.5920297841076071,0.09721508088464663,0.3025035873573948,1.0769854454754637,88,
CALCIUM SIGNALING IN THE CD4+ TCR PATHWAY%PATHWAY INTERACTION DATABASE NCI-NATURE CURATED DATA%CALCIUM SIGNALING IN THE CD4+ TCR PATHWAY,0.8272552783109405,0.972173216585672,0.052482762263545854,0.2898051282228226,0.7510132974471092,17,
CALCIUM-DEPENDENT CELL-CELL ADHESION VIA PLASMA MEMBRANE CELL ADHESION MOLECULES%GOBP%GO:0016339,0.28752642706131076,0.5646860476326061,0.11524000314778066,-0.3606913378047376,-1.1170817328155631,31,
CALCIUM-ION REGULATED EXOCYTOSIS%GOBP%GO:0017156,0.032422200020219165,0.16962122722442344,0.3217759180753611,0.5857514894829452,1.5695456711273248,19,
CALCIUM-MEDIATED SIGNALING%GOBP%GO:0019722,0.698237885462555,0.895917438853727,0.06705125798294667,-0.24479563179567965,-0.8891011671440251,69,
CALMODULIN INDUCED EVENTS%REACTOME%R-HSA-111933.3,0.8336886993603412,0.9757687831569529,0.05700595265823873,-0.2539848451126111,-0.7726489058292444,29,
CALNEXIN CALRETICULIN CYCLE%REACTOME DATABASE ID RELEASE 93%901042,0.2803738317757009,0.5559446857051371,0.10882012676916121,0.3920018644535858,1.1422066625132536,26,
CAM PATHWAY%REACTOME%R-HSA-111997.3,0.8336886993603412,0.9757687831569529,0.05700595265823873,-0.2539848451126111,-0.7726489058292444,29,
CAMERA-TYPE EYE DEVELOPMENT%GOBP%GO:0043010,0.02417012505313166,0.13689012721223193,0.35248785758361917,-0.3651823773304993,-1.4079089162545244,102,
CAMERA-TYPE EYE MORPHOGENESIS%GOBP%GO:0048593,0.024302634440053993,0.13722097250908535,0.35248785758361917,-0.441352980725318,-1.513716330586271,49,
CAMKK2 PATHWAY%WIKIPATHWAYS_20250810%WP4874%HOMO SAPIENS,0.09042553191489362,0.3070930655985018,0.19782202131510335,0.376094462518889,1.3022738961715634,71,
CANNABINOID RECEPTOR SIGNALING%WIKIPATHWAYS_20250810%WP3869%HOMO SAPIENS,0.5190114068441065,0.7783069841905144,0.0745500777420554,0.36068663585475796,0.9576812274194463,18,
CANONICAL AND NON CANONICAL NOTCH SIGNALING%WIKIPATHWAYS_20250810%WP3845%HOMO SAPIENS,0.4839924670433145,0.7505306686931357,0.07767985601172364,0.35107619504592386,0.9719760725312862,21,
CANONICAL AND NON CANONICAL TGF B SIGNALING%WIKIPATHWAYS_20250810%WP3874%HOMO SAPIENS,0.4192872117400419,0.6913755145017709,0.09139243259437684,-0.40198972087310025,-1.0239512530980004,15,
CANONICAL NF-KAPPAB PATHWAY%PATHWAY INTERACTION DATABASE NCI-NATURE CURATED DATA%CANONICAL NF-KAPPAB PATHWAY,0.9808795411089866,1,0.044507053776927666,0.19876489213047455,0.5543916507520732,22,
CANONICAL NF-KAPPAB SIGNAL TRANSDUCTION%GOBP%GO:0007249,0.6490566037735849,0.8679081806416455,0.0630790410571939,0.30309920856306294,0.8841105682024449,27,
CANONICAL WNT SIGNALING PATHWAY%GOBP%GO:0060070,0.06818181818181818,0.2636173847029797,0.2616635217115731,-0.37703166902410584,-1.3183128863577869,52,
CANONICAL WNT SIGNALING PATHWAY%PATHWAY INTERACTION DATABASE NCI-NATURE CURATED DATA%CANONICAL WNT SIGNALING PATHWAY,0.19391634980988592,0.4731106529540112,0.13574094381042484,0.468148192504951,1.2430090029531171,18,
CAP-DEPENDENT TRANSLATION INITIATION%REACTOME%R-HSA-72737.4,9.55112593450703e-8,3.2555862387804334e-06,0.7049757151672383,0.5572862839287027,2.069496855517244,115,
CARBOHYDRATE BIOSYNTHETIC PROCESS%GOBP%GO:0016051,0.006487662486088468,0.05316438462051258,0.40701791892395395,0.4709561050323145,1.5821283742521959,58,
CARBOHYDRATE CATABOLIC PROCESS%GOBP%GO:0016052,0.4571917808219178,0.725137748857144,0.07569463079327488,0.28539943844207893,1.0024661907362689,77,
CARBOHYDRATE DERIVATIVE CATABOLIC PROCESS%GOBP%GO:1901136,0.6334459459459459,0.857768870503455,0.05896944666909967,0.243190123697844,0.9214511624354937,131,
CARBOHYDRATE DERIVATIVE TRANSPORT%GOBP%GO:1901264,0.08507278620166385,0.29652722718722985,0.2878051305355643,-0.3817720503609318,-1.3498530339490604,55,
CARBOHYDRATE HOMEOSTASIS%GOBP%GO:0033500,2.1252693699139175e-4,0.0032983230780004816,0.5188480777437918,0.5024162782672723,1.8005033488601032,93,
CARBOHYDRATE TRANSMEMBRANE TRANSPORT%GOBP%GO:0034219,0.8217636022514071,0.9689555547769138,0.051740545987316304,0.2638355781844912,0.7750585948050729,29,
CARBOHYDRATE TRANSPORT%GOBP%GO:0008643,0.8509433962264151,0.9835326626656882,0.05039643224429567,0.2567622816866347,0.7602724421909264,30,
CARBOXYLIC ACID BIOSYNTHETIC PROCESS%GOBP%GO:0046394,0.4257095158597663,0.6973001385957729,0.07808923069433449,0.26250699766739727,1.0120918195622408,149,
CARBOXYLIC ACID CATABOLIC PROCESS%GOBP%GO:0046395,0.8874388254486134,0.9973604368932039,0.0418238690062304,0.21050398448810187,0.8203832693834642,157,
CARBOXYLIC ACID TRANSMEMBRANE TRANSPORT%GOBP%GO:1905039,0.07118055555555555,0.26830336951605605,0.22205604614524838,0.3805319357514205,1.3275102712237548,75,
CARBOXYLIC ACID TRANSPORT%GOBP%GO:0046942,0.0032642475588163067,0.030687241009785784,0.4317076958033464,0.39315777614121505,1.5096362291780985,140,
CARBOXYTERMINAL POST-TRANSLATIONAL MODIFICATIONS OF TUBULIN%REACTOME DATABASE ID RELEASE 93%8955332,0.6849894291754757,0.8907272027702962,0.06598161440087301,-0.2825436462855906,-0.8750538560468569,31,
CARDIAC ATRIUM DEVELOPMENT%GOBP%GO:0003230,0.09227871939736347,0.3106044292789584,0.20207170902115992,0.5029648623023188,1.3924892042819894,21,
CARDIAC ATRIUM MORPHOGENESIS%GOBP%GO:0003209,0.07293666026871401,0.27288625215688556,0.23112670967383428,0.5385912116472097,1.3957281029347592,17,
CARDIAC CELL DEVELOPMENT%GOBP%GO:0055006,0.026805781472216697,0.14760448152590283,0.35248785758361917,0.5322073810132325,1.5634430644701092,29,
CARDIAC CHAMBER DEVELOPMENT%GOBP%GO:0003205,0.04864864864864865,0.22246246246246248,0.27650059925447157,0.405084856756457,1.3961447464913388,70,
CARDIAC CHAMBER MORPHOGENESIS%GOBP%GO:0003206,0.012205907015390467,0.0847700242218868,0.3807304007227924,0.47746182232091294,1.5897853770629948,57,
CARDIAC CONDUCTION SYSTEM DEVELOPMENT%GOBP%GO:0003161,0.12738853503184713,0.37547517275169373,0.18138312849840757,-0.46742466259524906,-1.2956298073390364,21,
CARDIAC CONDUCTION%GOBP%GO:0061337,0.04830053667262969,0.22178329070506658,0.27650059925447157,0.44780023441429373,1.4090273120615815,42,
CARDIAC CONDUCTION%REACTOME%R-HSA-5576891.4,0.15862068965517243,0.4251309945606068,0.14375898903927542,0.3370752070802448,1.2075949994980797,94,
CARDIAC EPITHELIAL TO MESENCHYMAL TRANSITION%GOBP%GO:0060317,0.7140115163147792,0.9052079834956581,0.05934876803356285,0.3200135287899446,0.829296627558073,17,
CARDIAC HYPERTROPHIC RESPONSE%WIKIPATHWAYS_20250810%WP2795%HOMO SAPIENS,0.7707581227436823,0.9374632508677537,0.05291298484305835,0.26094395179847346,0.8260303917759537,44,
CARDIAC MUSCLE CELL ACTION POTENTIAL INVOLVED IN CONTRACTION%GOBP%GO:0086002,0.5122873345935728,0.7759728546897193,0.07492788183937392,0.3303517978887963,0.9837330520669828,31,
CARDIAC MUSCLE CELL ACTION POTENTIAL%GOBP%GO:0086001,0.17086330935251798,0.44016830689600533,0.14122511964253093,0.3932183904978943,1.2318389354241603,41,
CARDIAC MUSCLE CELL CONTRACTION%GOBP%GO:0086003,0.36414048059149723,0.6388277956307673,0.09225972605273541,0.34879612345609706,1.0596016079395776,34,
CARDIAC MUSCLE CELL DEVELOPMENT%GOBP%GO:0055013,0.02869372240829498,0.15447899389582065,0.35248785758361917,0.5484396044401674,1.5615778714613224,24,
CARDIAC MUSCLE CELL DIFFERENTIATION%GOBP%GO:0055007,0.004889485650281122,0.042579909518749084,0.40701791892395395,0.574682198405543,1.7436100349271746,35,
CARDIAC MUSCLE CONTRACTION%GOBP%GO:0060048,0.14485165794066318,0.40487999569491284,0.15214492236756472,0.3896817450935659,1.2540779069501873,46,
CARDIAC MUSCLE TISSUE DEVELOPMENT%GOBP%GO:0048738,1.244860759923112e-4,0.002034248935921415,0.5188480777437918,0.5253813014902656,1.8328266526697905,75,
CARDIAC MUSCLE TISSUE MORPHOGENESIS%GOBP%GO:0055008,0.0034958787920237816,0.032480104629572126,0.4317076958033464,0.6315537385484372,1.8402077982733425,26,
CARDIAC PROGENITOR DIFFERENTIATION%WIKIPATHWAYS_20250810%WP2406%HOMO SAPIENS,0.07531380753138076,0.27781033657027027,0.2377938344236881,-0.47532062491560767,-1.3698298295949036,24,
CARDIAC SEPTUM DEVELOPMENT%GOBP%GO:0003279,0.3996478873239437,0.6702214494330911,0.08431443206426534,0.319481946579641,1.0328332351680414,49,
CARDIAC SEPTUM MORPHOGENESIS%GOBP%GO:0060411,0.2518248175182482,0.5259919872674387,0.11426650248443287,0.3732654207429804,1.1492318357189972,37,
CARDIAC VENTRICLE DEVELOPMENT%GOBP%GO:0003231,0.1625,0.43085078575088087,0.1446305280344838,0.3681275624138782,1.207988483862139,53,
CARDIAC VENTRICLE MORPHOGENESIS%GOBP%GO:0003208,0.0314033878199535,0.1657397364480143,0.3217759180753611,0.49416553881503766,1.501216797733847,34,
CARDIOCYTE DIFFERENTIATION%GOBP%GO:0035051,0.0016361699329817904,0.017515530149608532,0.45505986738722953,0.544079422837617,1.7585427348582028,47,
CARDIOGENESIS%REACTOME%R-HSA-9733709.1,0.9980916030534351,1,0.043625124000060564,0.1768090875196605,0.47376736195313673,19,
CARDIOMYOCYTE SIGNALING CONVERGING ON TITIN%WIKIPATHWAYS_20250810%WP5344%HOMO SAPIENS,0.8502879078694817,0.9831841032513716,0.051218434854034045,0.28197978227650916,0.7307343641554712,17,
CARFENTANIL ACTION PATHWAY%SMPDB%SMP0000414,0.23106060606060605,0.4977792661003207,0.12267918956880833,0.436121700543469,1.1946677967471409,20,
CARGO CONCENTRATION IN THE ER%REACTOME%R-HSA-5694530.3,0.9711538461538461,1,0.045224744337288424,0.2057080035116876,0.5992206080800192,28,
CARGO RECOGNITION FOR CLATHRIN-MEDIATED ENDOCYTOSIS%REACTOME%R-HSA-8856825.5,0.9774305555555556,1,0.04024775650688684,0.19217583842510727,0.6799158053081815,83,
CARGO TRAFFICKING TO THE PERICILIARY MEMBRANE%REACTOME%R-HSA-5620920.5,0.9982547993019197,1,0.03951722284739186,0.15085073175863073,0.4854694178716131,46,
CARPROFEN ACTION PATHWAY%SMPDB%SMP0000694,0.20373831775700935,0.4784319921631209,0.13077713797197438,0.4780504855616798,1.235397823648238,16,
CARTEOLOL ACTION PATHWAY%PATHWHIZ%PW000634,0.32532347504621073,0.5939852866765517,0.09889030075206362,0.3568782490434134,1.0841541550924358,34,
CARTILAGE DEVELOPMENT%GOBP%GO:0051216,0.46953405017921146,0.7381808666654496,0.07667468724900914,0.29783810300712443,0.9819759807308419,55,
CARVEDILOL ACTION PATHWAY%SMPDB%SMP0000367,0.32532347504621073,0.5939852866765517,0.09889030075206362,0.3568782490434134,1.0841541550924358,34,
CASPASE ACTIVATION VIA EXTRINSIC APOPTOTIC SIGNALLING PATHWAY%REACTOME DATABASE ID RELEASE 93%5357769,0.11487758945386065,0.35518079410442394,0.1797823162983236,0.48926032069200504,1.3545473366241951,21,
CASPASE CASCADE IN APOPTOSIS%PATHWAY INTERACTION DATABASE NCI-NATURE CURATED DATA%CASPASE CASCADE IN APOPTOSIS,0.9052132701421801,1,0.05809835768732064,-0.2272740448005485,-0.7663357971353063,47,
CATABOLISM OF SKELETAL MUSCLE IN CACHEXIA%WIKIPATHWAYS_20250810%WP5474%HOMO SAPIENS,2.547889451484704e-4,0.003805396180765864,0.49849310876659025,0.6841079015544926,1.9954754366482754,27,
CCR5%IOB%CCR5,0.28,0.5557984994640943,0.11012226383553594,0.46229890688287273,1.1676271156026736,15,
CD209 (DC-SIGN) SIGNALING%REACTOME%R-HSA-5621575.2,0.897196261682243,1,0.04754341942013011,0.2582890360050125,0.6674812024882333,16,
CD28 CO-STIMULATION%REACTOME DATABASE ID RELEASE 93%389356,0.5730129390018485,0.8163608405945669,0.06815134386794833,0.30607644641673126,0.9298242525233296,34,
CD28 DEPENDENT PI3K AKT SIGNALING%REACTOME%R-HSA-389357.3,0.19391634980988592,0.4731106529540112,0.13574094381042484,0.46841686327466814,1.2437223672060085,18,
"CD4-POSITIVE, ALPHA-BETA T CELL ACTIVATION%GOBP%GO:0035710",0.07531380753138076,0.27781033657027027,0.2377938344236881,-0.4776449840362706,-1.3765284163830118,24,
"CD4-POSITIVE, ALPHA-BETA T CELL DIFFERENTIATION INVOLVED IN IMMUNE RESPONSE%GOBP%GO:0002294",0.12266112266112267,0.3674536133257923,0.18302393838448722,-0.4993317506677839,-1.3221654431685494,17,
"CD4-POSITIVE, ALPHA-BETA T CELL DIFFERENTIATION%GOBP%GO:0043367",0.09554140127388536,0.3167360453144614,0.2114001893849227,-0.4885251312572351,-1.3541170852577993,21,
CD40 CD40L SIGNALING%PATHWAY INTERACTION DATABASE NCI-NATURE CURATED DATA%CD40 CD40L SIGNALING,0.5538461538461539,0.8031795857677115,0.07182762936038092,0.3242383607090098,0.9444956168459558,28,
CD40%IOB%CD40,0.07102803738317758,0.2679102346917411,0.23112670967383428,0.5577757256451303,1.441427084288368,16,
CDC20:PHOSPHO-APC C MEDIATED DEGRADATION OF CYCLIN A%REACTOME DATABASE ID RELEASE 93%174184,3.4457677350292315e-4,0.004822338925899851,0.49849310876659025,-0.5246121279450213,-1.8762079033106216,59,
CDC42 GTPASE CYCLE%REACTOME DATABASE ID RELEASE 93%9013148,0.2450657894736842,0.5152791764436488,0.10925003948071095,0.2899559960795889,1.1131674584579068,139,
CDC42 SIGNALING EVENTS%PATHWAY INTERACTION DATABASE NCI-NATURE CURATED DATA%CDC42 SIGNALING EVENTS,0.9977924944812362,1,0.050294806366235845,-0.15220257662764541,-0.552623769186569,67,
CDK-MEDIATED PHOSPHORYLATION AND REMOVAL OF CDC6%REACTOME%R-HSA-69017.4,1.405055669753253e-4,0.002269328285217754,0.5188480777437918,-0.5397053831124684,-1.9301869920952708,59,
CELECOXIB ACTION PATHWAY%SMPDB%SMP0000096,0.2456813819577735,0.5159442824748948,0.11934844059101546,0.4543804773373724,1.1775008353832777,17,
CELL ACTIVATION INVOLVED IN IMMUNE RESPONSE%GOBP%GO:0002263,0.427536231884058,0.6992116105449026,0.08220549204158693,0.29731167474028125,1.0186707722946715,68,
CELL ADHESION MEDIATED BY INTEGRIN%GOBP%GO:0033627,0.04800727260945338,0.22120219214986755,0.3217759180753611,0.555692453375108,1.54992792356343,22,
CELL CHEMOTAXIS%GOBP%GO:0060326,0.04671280276816609,0.21909381284750976,0.27650059925447157,0.386649521528965,1.364886956813907,82,
CELL COMMUNICATION INVOLVED IN CARDIAC CONDUCTION%GOBP%GO:0086065,0.22990654205607478,0.4977792661003207,0.12210792028708148,0.41003865232273584,1.1947618698799285,26,
CELL CYCLE CHECKPOINT SIGNALING%GOBP%GO:0000075,1.1535709558496174e-13,1.6433949309488395e-11,0.9436322252328375,-0.6134231738295344,-2.4422978446050347,132,
CELL CYCLE DNA REPLICATION%GOBP%GO:0044786,1.6607460511758797e-8,8.31270726156143e-7,0.7337619883564803,-0.8523022590964712,-2.3624517491581116,21,
CELL CYCLE G1/S PHASE TRANSITION%GOBP%GO:0044843,2.5328850282348642e-5,5.098807687272792e-4,0.5756102610711286,-0.5538968779656607,-2.010203656794719,63,
CELL CYCLE G2/M PHASE TRANSITION%GOBP%GO:0044839,2.5655148905923725e-8,1.230163894483062e-6,0.7337619883564803,-0.720990866287793,-2.3940544937470007,41,
CELL CYCLE PHASE TRANSITION%GOBP%GO:0044770,6.175867105883751e-9,3.2679159657419156e-7,0.7614608014455848,-0.558502665397274,-2.177526853164543,116,
CELL CYCLE%WIKIPATHWAYS_20250810%WP179%HOMO SAPIENS,7.423600402471782e-13,9.16567196358516e-11,0.9214260034948982,-0.6669396986628695,-2.5169339891287836,89,
"CELL DEATH SIGNALLING VIA NRAGE, NRIF AND NADE%REACTOME DATABASE ID RELEASE 93%204998",0.8615664845173042,0.9891806300664099,0.048214971002556443,0.23248485741272967,0.7953226374463,67,
CELL DIFFERENTIATION INVOLVED IN KIDNEY DEVELOPMENT%GOBP%GO:0061005,0.967984934086629,1,0.04441811530815725,0.2188348996684279,0.6058579001195831,21,
CELL DIVISION%GOBP%GO:0051301,0.0376858347149065,0.1886328807892077,0.3217759180753611,-0.3280571142082202,-1.3069392478755542,142,
CELL FATE COMMITMENT%GOBP%GO:0045165,0.4211764705882353,0.6928477088334992,0.09787732774245612,-0.2669109115027737,-1.015487500546794,92,
CELL FATE SPECIFICATION%GOBP%GO:0001708,0.2902542372881356,0.5673697706874837,0.1147507192270233,-0.37596499554901275,-1.1163112026949014,27,
CELL GROWTH%GOBP%GO:0016049,0.9225352112676056,1,0.04353782409140024,0.21997908669908922,0.7111566528786445,49,
CELL JUNCTION ASSEMBLY%GOBP%GO:0034329,0.5579831932773109,0.8064529997297062,0.06479433660007268,0.24035516240385146,0.9517223816875232,179,
CELL JUNCTION MAINTENANCE%GOBP%GO:0034331,0.5568181818181818,0.8056463068181817,0.07078990945026231,0.33290603454393364,0.911929212228659,20,
CELL KILLING%GOBP%GO:0001906,0.1930783242258652,0.4727823576019864,0.13284630060618333,0.3916527449948875,1.2170026840366996,39,
CELL LINEAGE MAP FOR NEURONAL DIFFERENTIATION%WIKIPATHWAYS_20250810%WP5417%HOMO SAPIENS,0.0220836693508611,0.1292906922164218,0.35248785758361917,0.3997542670194364,1.4074227191226902,78,
CELL MATURATION%GOBP%GO:0048469,0.18392857142857144,0.45963501770985254,0.13500203382863138,0.3636145627297309,1.2009435803564303,54,
CELL POPULATION PROLIFERATION%GOBP%GO:0008283,0.13383838383838384,0.3860882973032506,0.19381330272531053,-0.2757249102280888,-1.1460408212348707,186,
CELL RECOGNITION%GOBP%GO:0008037,0.35714285714285715,0.6309334544628663,0.09139243259437684,0.32119895591658043,1.0608536171636263,54,
CELL RECRUITMENT (PRO-INFLAMMATORY RESPONSE)%REACTOME%R-HSA-9664424.3,0.9119496855345912,1,0.05205700307320985,-0.2643078137827476,-0.6732468594933854,15,
CELL REDOX HOMEOSTASIS%GOBP%GO:0045454,0.2664233576642336,0.5426105316852924,0.11056471633661853,0.3683753935617854,1.134176128434421,37,
CELL SURFACE INTERACTIONS AT THE VASCULAR WALL%REACTOME DATABASE ID RELEASE 93%202733,9.164007834791727e-6,2.061345244133718e-4,0.5933254763964051,0.5832652935465085,2.0102523256880698,70,
CELL SURFACE PATTERN RECOGNITION RECEPTOR SIGNALING PATHWAY%GOBP%GO:0002752,0.09811320754716982,0.32185062176566,0.19578900214894943,0.4615217677881916,1.346213585615875,27,
CELL SURFACE RECEPTOR PROTEIN SERINE/THREONINE KINASE SIGNALING PATHWAY%GOBP%GO:0007178,0.2791095890410959,0.554631781869531,0.1035763266125924,0.30092330175551896,1.1007279547930313,104,
CELL SURFACE RECEPTOR SIGNALING PATHWAY VIA JAK-STAT%GOBP%GO:0007259,0.020747469994428377,0.12448481996657026,0.35248785758361917,0.5317374055335893,1.5744730622182044,30,
CELL SURFACE RECEPTOR SIGNALING PATHWAY VIA STAT%GOBP%GO:0097696,0.01010604418791053,0.07326820103047171,0.3807304007227924,0.5462291324168773,1.6572822323261396,35,
CELL SURFACE TOLL-LIKE RECEPTOR SIGNALING PATHWAY%GOBP%GO:0140895,0.16635514018691588,0.4335399295492041,0.14641623786055022,0.43541687715899385,1.2687083995249817,26,
CELL VOLUME HOMEOSTASIS%GOBP%GO:0006884,0.6332622601279317,0.8577401037255099,0.07028128417173922,-0.2987116563529223,-0.9087126215628949,29,
CELL-CELL ADHESION MEDIATED BY CADHERIN%GOBP%GO:0044331,0.3112033195020747,0.5885111106717247,0.10882012676916121,-0.3625149829002119,-1.0966724834207817,28,
CELL-CELL ADHESION VIA PLASMA-MEMBRANE ADHESION MOLECULES%GOBP%GO:0098742,0.2282793867120954,0.4977792661003207,0.11623414877971643,0.30673649266084035,1.1233758229965796,105,
CELL-CELL JUNCTION ASSEMBLY%GOBP%GO:0007043,0.3038194444444444,0.5815877471109032,0.09923333437711905,0.3095791204503949,1.0799867857156087,75,
CELL-CELL JUNCTION ORGANIZATION%GOBP%GO:0045216,0.5141509433962265,0.7762561525840854,0.08653997374441245,-0.2515379084971093,-0.9697687679725765,102,
CELL-CELL JUNCTION ORGANIZATION%REACTOME DATABASE ID RELEASE 93%421270,0.4228855721393035,0.6947227199308014,0.10099058745592349,-0.24306140825538006,-1.0122001682715416,190,
CELL-CELL RECOGNITION%GOBP%GO:0009988,0.19961612284069097,0.4784319921631209,0.13427345288320233,0.47055395159678015,1.2194134623585833,17,
CELL-CELL SIGNALING INVOLVED IN CARDIAC CONDUCTION%GOBP%GO:0086019,0.44761904761904764,0.715057915057915,0.0824344091527096,0.4054056676258234,1.0239320130143563,15,
CELL-EXTRACELLULAR MATRIX INTERACTIONS%REACTOME DATABASE ID RELEASE 93%446353,0.15140186915887852,0.4128583530251015,0.15419096658142434,0.497976342349894,1.2868910463390666,16,
CELL-MATRIX ADHESION%GOBP%GO:0007160,0.7665094339622641,0.9339312313803375,0.06583119583688658,-0.23304148318875892,-0.862528269610519,82,
CELL-SUBSTRATE ADHESION%GOBP%GO:0031589,0.8739352640545145,0.993914230701908,0.044507053776927666,0.2168339463377562,0.8010956405905221,113,
CELL-SUBSTRATE JUNCTION ASSEMBLY%GOBP%GO:0007044,0.9357601713062098,1,0.051845762486506596,-0.23808229703115574,-0.6940979437577439,26,
CELL-SUBSTRATE JUNCTION ORGANIZATION%GOBP%GO:0150115,0.9300847457627118,1,0.05163559644842005,-0.23034374766012436,-0.6839341668184713,27,
CELLULAR ANATOMICAL ENTITY MORPHOGENESIS%GOBP%GO:0032989,0.6600361663652803,0.8752279947525645,0.06024840861580194,0.2626396262157164,0.890926424639321,62,
CELLULAR COMPONENT ASSEMBLY INVOLVED IN MORPHOGENESIS%GOBP%GO:0010927,0.6600361663652803,0.8752279947525645,0.06024840861580194,0.2626396262157164,0.890926424639321,62,
CELLULAR COMPONENT DISASSEMBLY INVOLVED IN EXECUTION PHASE OF APOPTOSIS%GOBP%GO:0006921,0.7271028037383177,0.9123268242028214,0.057246113520288446,0.31204220139170913,0.8063923542150331,16,
CELLULAR COMPONENT MAINTENANCE%GOBP%GO:0043954,0.05628517823639775,0.24149362837103622,0.2616635217115731,0.47914295946037744,1.4075579625217265,29,
CELLULAR DEFENSE RESPONSE%GOBP%GO:0006968,0.01092968900266767,0.07765390293966953,0.3807304007227924,0.6417523542160894,1.6630642619743508,17,
CELLULAR DETOXIFICATION%GOBP%GO:1990748,0.6277372262773723,0.8552107330602284,0.0630790410571939,0.29248887619344477,0.9005321935423358,37,
CELLULAR EXTRAVASATION%GOBP%GO:0045123,0.7733887733887734,0.9394525972398954,0.05934876803356285,-0.29186259732405245,-0.7728141457442008,17,
CELLULAR OXIDANT DETOXIFICATION%GOBP%GO:0098869,0.25981308411214954,0.5356294973384427,0.11378726182188,0.4570882489585775,1.1812263454039582,16,
CELLULAR PIGMENTATION%GOBP%GO:0033059,0.5062611806797853,0.7702273529263499,0.072714107793444685,0.29887605785491433,0.9699558422534512,51,
CELLULAR PROCESS INVOLVED IN REPRODUCTION IN MULTICELLULAR ORGANISM%GOBP%GO:0022412,0.03465699392474199,0.17744667579861864,0.3217759180753611,0.3477222883602985,1.3439158188493692,150,
CELLULAR RESPIRATION%GOBP%GO:0045333,0.54,0.7945506548246274,0.08705158679467351,-0.23756083856794613,-0.9701748705237028,164,
CELLULAR RESPONSE TO ABIOTIC STIMULUS%GOBP%GO:0071214,0.6550868486352357,0.872820750843494,0.0762797180809272,-0.22304061598653646,-0.9312041529442247,194,
CELLULAR RESPONSE TO ACETYLCHOLINE%GOBP%GO:1905145,0.7041984732824428,0.8988809019790746,0.05973179763644106,0.2918386222846047,0.8309551879693183,24,
CELLULAR RESPONSE TO ACID CHEMICAL%GOBP%GO:0071229,0.023359260360297122,0.13393606869123922,0.35248785758361917,0.4734727581082857,1.4988003560913212,44,
CELLULAR RESPONSE TO ALCOHOL%GOBP%GO:0097306,0.6995515695067265,0.8963116795633415,0.06783382634794552,-0.26587771848211733,-0.8828485581192307,41,
CELLULAR RESPONSE TO AMINO ACID STARVATION%GOBP%GO:0034198,0.05235602094240838,0.23327189443145224,0.2616635217115731,0.4386707540483602,1.4117348528736897,46,
CELLULAR RESPONSE TO AMINO ACID STIMULUS%GOBP%GO:0071230,0.05301645338208409,0.23527109823551054,0.26635065708852557,0.4481772617281374,1.3952842493924178,40,
CELLULAR RESPONSE TO AMYLOID-BETA%GOBP%GO:1904646,0.005503359518644562,0.046824908860014065,0.40701791892395395,0.619296544632805,1.7863672827832058,25,
CELLULAR RESPONSE TO BIOTIC STIMULUS%GOBP%GO:0071216,0.4017391304347826,0.6719032536711776,0.0833634065110386,0.2874115089538284,1.0254351140832523,89,
CELLULAR RESPONSE TO BMP STIMULUS%GOBP%GO:0071773,0.3327338129496403,0.6023685450466606,0.09592067779217453,0.3440558443849674,1.0778269666812756,41,
CELLULAR RESPONSE TO CALCIUM ION%GOBP%GO:0071277,0.8590909090909091,0.9882213438735179,0.05859375689456714,-0.23167225795075624,-0.7739595097928339,43,
CELLULAR RESPONSE TO CAMP%GOBP%GO:0071320,0.5766283524904214,0.8193772103459273,0.06961334388509648,0.32216272867877876,0.9079880260345904,23,
CELLULAR RESPONSE TO CARBOHYDRATE STIMULUS%GOBP%GO:0071322,0.010488732909041967,0.07529121452537102,0.3807304007227924,0.5240005820044666,1.6197066085830885,38,
CELLULAR RESPONSE TO CATECHOLAMINE STIMULUS%GOBP%GO:0071870,0.7390396659707724,0.918293536594851,0.06170540536375225,-0.292841982788834,-0.8288596996781742,22,
CELLULAR RESPONSE TO CHEMICAL STRESS%GOBP%GO:0062197,0.19833333333333333,0.4780650759219089,0.12443416863039332,0.2869300839090432,1.1300877128800455,171,
CELLULAR RESPONSE TO CHEMICAL STRESS%REACTOME%R-HSA-9711123.5,0.41680672268907565,0.6888356396670873,0.07955646772359566,0.25730410433043344,1.009169911244531,166,
CELLULAR RESPONSE TO CHEMOKINE%GOBP%GO:1990869,0.6152219873150105,0.8452600551488066,0.07130529873400379,-0.2931957779082698,-0.9080441178137854,31,
CELLULAR RESPONSE TO CORTICOSTEROID STIMULUS%GOBP%GO:0071384,0.25285171102661597,0.5271460061778155,0.11673920479122178,0.43830730812558455,1.1637766390702997,18,
CELLULAR RESPONSE TO DECREASED OXYGEN LEVELS%GOBP%GO:0036294,0.24832214765100671,0.5200444222951351,0.12944288774504625,-0.3081446393424035,-1.1148645717952534,70,
CELLULAR RESPONSE TO DOPAMINE%GOBP%GO:1903351,0.7911392405063291,0.9520402036502413,0.05896944666909967,-0.28273684079421907,-0.7796882158035929,20,
CELLULAR RESPONSE TO DSRNA%GOBP%GO:0071359,0.6373165618448637,0.8612891179670644,0.06911984565510101,-0.34277076975479115,-0.8731082935490825,15,
CELLULAR RESPONSE TO ENVIRONMENTAL STIMULUS%GOBP%GO:0104004,0.6550868486352357,0.872820750843494,0.0762797180809272,-0.22304061598653646,-0.9312041529442247,194,
CELLULAR RESPONSE TO EPIDERMAL GROWTH FACTOR STIMULUS%GOBP%GO:0071364,0.8622641509433963,0.9891806300664099,0.0497903187820785,0.25200414172890906,0.7350712857006998,27,
CELLULAR RESPONSE TO EXTERNAL STIMULUS%GOBP%GO:0071496,0.6436363636363637,0.8650323261644017,0.06170540536375225,0.28767094176689045,0.8892023052622898,38,
CELLULAR RESPONSE TO FIBROBLAST GROWTH FACTOR STIMULUS%GOBP%GO:0044344,0.43454545454545457,0.7045038066689657,0.0815265143256594,0.3272650630854179,1.0115893066570951,38,
CELLULAR RESPONSE TO FLUID SHEAR STRESS%GOBP%GO:0071498,0.3234750462107209,0.5939852866765517,0.09923333437711905,0.358040428163589,1.0876847185982739,34,
CELLULAR RESPONSE TO GAMMA RADIATION%GOBP%GO:0071480,0.3813084112149533,0.6524636688359349,0.09026354843400684,0.41235696390239823,1.0656299097210937,16,
CELLULAR RESPONSE TO GLUCOCORTICOID STIMULUS%GOBP%GO:0071385,0.1925233644859813,0.47225598811660585,0.13500203382863138,0.4801201704360365,1.2407463888450996,16,
CELLULAR RESPONSE TO GLUCOSE STARVATION%GOBP%GO:0042149,0.04244749074950417,0.20633268469312788,0.3217759180753611,0.4579331264509786,1.4229591165189797,39,
CELLULAR RESPONSE TO GLUCOSE STIMULUS%GOBP%GO:0071333,0.0013820712731070159,0.015235690463060675,0.45505986738722953,0.6149299779592974,1.8404368448059871,32,
CELLULAR RESPONSE TO GROWTH HORMONE STIMULUS%GOBP%GO:0071378,0.0015629281570637608,0.016861415224555833,0.45505986738722953,0.7265366334271599,1.83501163649336,15,
CELLULAR RESPONSE TO HEAT STRESS%REACTOME DATABASE ID RELEASE 93%3371556,0.34904013961605584,0.6218736181928992,0.09139243259437684,0.29821851376632,1.0580429974903256,86,
CELLULAR RESPONSE TO HEAT%GOBP%GO:0034605,0.03088951420108153,0.16409698254169605,0.35248785758361917,0.489812448029032,1.5140297287534712,38,
CELLULAR RESPONSE TO HEXOSE STIMULUS%GOBP%GO:0071331,0.00557923613914637,0.04718148552374008,0.40701791892395395,0.5602834819928272,1.7020753342641757,34,
CELLULAR RESPONSE TO HYDROGEN PEROXIDE%GOBP%GO:0070301,0.79875518672199175,0.95726570695155,0.05773085492998127,-0.2657172015751153,-0.8038419295326505,28,
CELLULAR RESPONSE TO HYPOXIA%GOBP%GO:0071456,0.13245033112582782,0.3842788719243339,0.18138312849840757,-0.3347160363975614,-1.2153016180122385,67,
CELLULAR RESPONSE TO HYPOXIA%REACTOME DATABASE ID RELEASE 93%1234174,0.6484018264840182,0.8674501680580797,0.07253518643945886,-0.2551452150834774,-0.9124940952216728,59,
CELLULAR RESPONSE TO INSULIN STIMULUS%GOBP%GO:0032869,0.014908976512103945,0.0976819262986433,0.3807304007227924,0.40558458482161885,1.4491382898815088,92,
CELLULAR RESPONSE TO INTERFERON-BETA%GOBP%GO:0035458,0.6857142857142857,0.8907272027702962,0.060903934745241806,0.3296435160103945,0.8325797488287344,15,
CELLULAR RESPONSE TO INTERLEUKIN-1%GOBP%GO:0071347,0.9002267573696145,1,0.05629407497009682,-0.2223535077030316,-0.7511871847756484,45,
CELLULAR RESPONSE TO INTERLEUKIN-6%GOBP%GO:0071354,0.032422200020219165,0.16962122722442344,0.3217759180753611,0.5858209258887173,1.5697317288874073,19,
CELLULAR RESPONSE TO IONIZING RADIATION%GOBP%GO:0071479,0.0537684756804642,0.23728169251839487,0.3217759180753611,-0.40782135329854524,-1.4102337684357193,50,
CELLULAR RESPONSE TO KETONE%GOBP%GO:1901655,0.10634328358208955,0.33781777220245257,0.18643255843407516,0.4408449383745956,1.3283573158870385,33,
CELLULAR RESPONSE TO LAMINAR FLUID SHEAR STRESS%GOBP%GO:0071499,0.20934579439252338,0.4842862173003501,0.12878871306171366,0.41896429514085404,1.2085068388968747,25,
CELLULAR RESPONSE TO LIGHT STIMULUS%GOBP%GO:0071482,0.5981087470449172,0.8340748003689331,0.07850290473486872,-0.2536241082297483,-0.924327720331616,76,
CELLULAR RESPONSE TO LIPOPOLYSACCHARIDE%GOBP%GO:0071222,0.4007285974499089,0.6714165232423686,0.08603472424556043,0.3032251277412036,1.0373226498231298,67,
CELLULAR RESPONSE TO LIPOPROTEIN PARTICLE STIMULUS%GOBP%GO:0071402,0.23674242424242425,0.5041551970451933,0.12098514214525231,0.4325143744552217,1.1847862515164758,20,
CELLULAR RESPONSE TO LOW-DENSITY LIPOPROTEIN PARTICLE STIMULUS%GOBP%GO:0071404,0.5470249520153551,0.7983374398206758,0.07235708510369071,0.3620615396136037,0.9382616257049937,17,
CELLULAR RESPONSE TO MECHANICAL STIMULUS%GOBP%GO:0071260,0.6436363636363637,0.8650323261644017,0.06170540536375225,0.28767094176689045,0.8892023052622898,38,
CELLULAR RESPONSE TO METAL ION%GOBP%GO:0071248,0.29107981220657275,0.5684497141018342,0.12154328203546907,-0.2930688286201249,-1.0886131360778684,84,
CELLULAR RESPONSE TO MISFOLDED PROTEIN%GOBP%GO:0071218,0.1233644859813084,0.3683036454122243,0.1723243449009459,0.5171937936082197,1.3365535781796256,16,
CELLULAR RESPONSE TO MOLECULE OF BACTERIAL ORIGIN%GOBP%GO:0071219,0.2164048865619546,0.49357370678908863,0.12154328203546907,0.33085466995665,1.1493467864567684,72,
CELLULAR RESPONSE TO MONOAMINE STIMULUS%GOBP%GO:0071868,0.7390396659707724,0.918293536594851,0.06170540536375225,-0.292841982788834,-0.8288596996781742,22,
CELLULAR RESPONSE TO MONOSACCHARIDE STIMULUS%GOBP%GO:0071326,0.00557923613914637,0.04718148552374008,0.40701791892395395,0.5602834819928272,1.7020753342641757,34,
CELLULAR RESPONSE TO NERVE GROWTH FACTOR STIMULUS%GOBP%GO:1990090,0.8498098859315589,0.9830405426266378,0.05080541390663644,0.2707592518627844,0.7189095100366797,18,
CELLULAR RESPONSE TO NUTRIENT LEVELS%GOBP%GO:0031669,0.007677026260083019,0.06016016629199049,0.40701791892395395,0.37240177435151717,1.4477916385070742,158,
CELLULAR RESPONSE TO NUTRIENT%GOBP%GO:0031670,0.45229007633587787,0.7198291790667823,0.08197787965012722,0.375494616984536,1.0061535671721942,19,
CELLULAR RESPONSE TO OSMOTIC STRESS%GOBP%GO:0071470,0.24615384615384617,0.5164041319194208,0.11934844059101546,0.3950779886161301,1.1508491091069175,28,
CELLULAR RESPONSE TO OXIDATIVE STRESS%GOBP%GO:0034599,0.4457236842105263,0.7147015265436318,0.07492788183937392,0.2606396129178983,1.0006191953541503,139,
CELLULAR RESPONSE TO OXYGEN LEVELS%GOBP%GO:0071453,0.4882075471698113,0.7543050979075282,0.08943668337186206,-0.2661709923994655,-0.9851465170639615,82,
CELLULAR RESPONSE TO PEPTIDE HORMONE STIMULUS%GOBP%GO:0071375,0.00466026433427425,0.04077547817516178,0.40701791892395395,0.3882240969696363,1.4783922288452165,136,
CELLULAR RESPONSE TO RADIATION%GOBP%GO:0071478,0.06310679611650485,0.25279117463828477,0.28201335001172506,-0.32347634916029844,-1.261190823787996,116,
CELLULAR RESPONSE TO REACTIVE OXYGEN SPECIES%GOBP%GO:0034614,0.632420091324201,0.8577401037255099,0.07380527241712746,-0.2557665302475539,-0.9267720420479691,71,
CELLULAR RESPONSE TO RETINOIC ACID%GOBP%GO:0071300,0.17381974248927037,0.44340793814067314,0.15419096658142434,-0.38260958016336055,-1.2040512156245096,33,
CELLULAR RESPONSE TO STARVATION%GOBP%GO:0009267,0.01998956540195595,0.12071959279702962,0.35248785758361917,0.3686876949867782,1.389332584808866,127,
CELLULAR RESPONSE TO STARVATION%REACTOME DATABASE ID RELEASE 93%9711097,5.920740642929108e-9,3.1630418280878964e-7,0.7614608014455848,0.55069941557339,2.1284044215575864,150,
CELLULAR RESPONSE TO STEROID HORMONE STIMULUS%GOBP%GO:0071383,0.5638686131386861,0.8095230011882533,0.06831108583186465,0.27699362873538225,0.9456118950358268,66,
CELLULAR RESPONSE TO TOPOLOGICALLY INCORRECT PROTEIN%GOBP%GO:0035967,0.005021179010662603,0.04359011028631473,0.40701791892395395,0.44707468949855267,1.5723466832039894,79,
CELLULAR RESPONSE TO TOXIC SUBSTANCE%GOBP%GO:0097237,0.8525179856115108,0.9839198022554121,0.048118399265797474,0.24400554160016913,0.7643984459164241,41,
CELLULAR RESPONSE TO TRANSFORMING GROWTH FACTOR BETA STIMULUS%GOBP%GO:0071560,0.5,0.7650784907738915,0.08809450103985174,-0.264816362015044,-0.9778514736889409,80,
CELLULAR RESPONSE TO TUMOR NECROSIS FACTOR%GOBP%GO:0071356,0.3081081081081081,0.5852229201777233,0.10063338942303625,0.3092558474128867,1.0658653847107715,70,
CELLULAR RESPONSE TO TYPE I INTERFERON%GOBP%GO:0071357,0.2288135593220339,0.4977792661003207,0.13145761164276346,-0.39358443530049153,-1.1686266528369067,27,
CELLULAR RESPONSE TO TYPE II INTERFERON%GOBP%GO:0071346,0.8909426987060998,1,0.04735342452541926,0.23687312914665729,0.7195927123114071,34,
CELLULAR RESPONSE TO UNFOLDED PROTEIN%GOBP%GO:0034620,0.013701124456586092,0.09227084543126343,0.3807304007227924,0.45605014170223446,1.5512684347685968,64,
CELLULAR RESPONSE TO UV%GOBP%GO:0034644,0.5273972602739726,0.786679126667233,0.0833634065110386,-0.26587829452373757,-0.9634120997516727,71,
CELLULAR RESPONSE TO VASCULAR ENDOTHELIAL GROWTH FACTOR STIMULUS%GOBP%GO:0035924,0.27171903881700554,0.5487717119837452,0.11012226383553594,0.369169960188356,1.1214949281619777,34,
CELLULAR RESPONSE TO VIRUS%GOBP%GO:0098586,0.9981515711645101,1,0.04216194300924518,0.16896664160437416,0.5133007883176219,34,
CELLULAR RESPONSE TO XENOBIOTIC STIMULUS%GOBP%GO:0071466,0.6461187214611872,0.866010470062166,0.072714107793444685,-0.2539767617193127,-0.9202868016527311,71,
CELLULAR RESPONSES TO MECHANICAL STIMULI%REACTOME DATABASE ID RELEASE 93%9855142,0.8052173913043478,0.9606587558700785,0.04919275210451909,0.23197528495067793,0.8298884506297376,90,
CELLULAR SENESCENCE%GOBP%GO:0090398,0.8363309352517986,0.9774199992130822,0.048995408986248136,0.2484766040537279,0.7784049851477988,41,
CELLULAR SENESCENCE%REACTOME%R-HSA-2559583.7,0.0034867401300093847,0.03244946090842905,0.4317076958033464,-0.3779131420685194,-1.5088403758169604,141,
CENTRAL NERVOUS SYSTEM NEURON AXONOGENESIS%GOBP%GO:0021955,0.9315589353612167,1,0.04660150729859922,0.2431420740379478,0.6455814459278644,18,
CENTRAL NERVOUS SYSTEM NEURON DEVELOPMENT%GOBP%GO:0021954,0.9251101321585903,1,0.053676960063812645,-0.22237742840439229,-0.7129725092871269,37,
CENTRAL NERVOUS SYSTEM NEURON DIFFERENTIATION%GOBP%GO:0021953,0.07328605200945626,0.27364066193853426,0.25720646646883816,-0.3508986454640631,-1.278842722378101,76,
CENTRIOLE ASSEMBLY%GOBP%GO:0098534,1.4992136732424214e-6,3.9476924969359684e-5,0.6435518361507222,-0.7276091377643381,-2.213464366016465,29,
CENTRIOLE REPLICATION%GOBP%GO:0007099,8.836995041854022e-5,0.001496900745504297,0.5384340963099162,-0.7186164532877739,-2.0558293753704064,23,
CENTROMERE COMPLEX ASSEMBLY%GOBP%GO:0034508,1.5858422639287107e-6,4.156103593579206e-5,0.6435518361507222,-0.8248567776909158,-2.1841133185858412,17,
CENTROSOME CYCLE%GOBP%GO:0007098,3.5074933900079216e-8,1.5132668282911144e-6,0.7195128263389107,-0.5961787689349201,-2.21452428894964,84,
CENTROSOME DUPLICATION%GOBP%GO:0051298,4.426578575047201e-6,1.088233210750542e-4,0.610526878385931,-0.6929385168405469,-2.2163656779348204,36,
CENTROSOME LOCALIZATION%GOBP%GO:0051642,0.3723849372384937,0.6455446837120347,0.09821233512174378,-0.38419182610028846,-1.0413377946074,19,
CENTROSOME MATURATION%REACTOME DATABASE ID RELEASE 93%380287,2.9357326945150176e-5,5.825332446687656e-4,0.5756102610711286,-0.5205961158439812,-1.9223346895984321,80,
CERAMIDE BIOSYNTHETIC PROCESS%GOBP%GO:0046513,0.2309090909090909,0.4977792661003207,0.11988784511542344,0.3792826650674774,1.1723777801559057,38,
CERAMIDE CATABOLIC PROCESS%GOBP%GO:0046514,0.0835117773019272,0.2942581780132291,0.22798720285044224,-0.5432189873277875,-1.4117325435243098,16,
CERAMIDE METABOLIC PROCESS%GOBP%GO:0006672,0.6138433515482696,0.8441865498025213,0.06407037504997216,0.2655063959298093,0.9082881759257121,67,
CERAMIDE SIGNALING PATHWAY%PATHWAY INTERACTION DATABASE NCI-NATURE CURATED DATA%CERAMIDE SIGNALING PATHWAY,0.9981949458483754,1,0.04107132824974676,0.14456821305266965,0.4576374997128592,44,
CEREBELLAR CORTEX DEVELOPMENT%GOBP%GO:0021695,0.3403361344537815,0.6127373827042158,0.10395847155995677,-0.4006904045720136,-1.0659548943491546,18,
CEREBELLAR CORTEX MORPHOGENESIS%GOBP%GO:0021696,0.3039832285115304,0.5815877471109032,0.11101149245045029,-0.4427943586565052,-1.127889134643278,15,
CEREBELLUM DEVELOPMENT%GOBP%GO:0021549,0.24197002141327623,0.511173170711849,0.1281429168984153,-0.3968130934153038,-1.1498471666402763,25,
CEREBELLUM MORPHOGENESIS%GOBP%GO:0021587,0.3039832285115304,0.5815877471109032,0.11101149245045029,-0.4427943586565052,-1.127889134643278,15,
CEREBRAL CORTEX CELL MIGRATION%GOBP%GO:0021795,0.8914285714285715,1,0.04870108645215302,0.26425518448705054,0.6674286143701423,15,
CEREBRAL CORTEX DEVELOPMENT%GOBP%GO:0021987,0.08928571428571429,0.3049696871933433,0.22496609354031374,-0.3816002179645464,-1.287866438305185,44,
CERIVASTATIN ACTION PATHWAY%PATHWHIZ%PW000271,3.8789317577938914e-4,0.005082864350543128,0.49849310876659025,-0.7175340885269536,-1.9888949541423213,21,
CHAPERONE MEDIATED AUTOPHAGY%REACTOME%R-HSA-9613829.5,0.21102661596958175,0.4861268767082982,0.12944288774504625,0.45864483291082964,1.2177760495359813,18,
CHAPERONE-MEDIATED PROTEIN COMPLEX ASSEMBLY%GOBP%GO:0051131,0.8473282442748091,0.9824435490476766,0.05111479544164116,0.2766016513579792,0.7411657201227249,19,
CHAPERONIN-MEDIATED PROTEIN FOLDING%REACTOME DATABASE ID RELEASE 93%390466,0.7582037996545768,0.9287202114128768,0.05163559644842005,0.24067502979716984,0.8496217625149475,81,
"CHEMICAL SYNAPTIC TRANSMISSION, POSTSYNAPTIC%GOBP%GO:0099565",0.5172413793103449,0.7778286317353822,0.07511816352763015,0.3356561260866022,0.9460180095993431,23,
CHEMOKINE SIGNALING%WIKIPATHWAYS_20250810%WP3929%HOMO SAPIENS,0.6452380952380953,0.8655693871211112,0.07492788183937392,-0.2414470447513244,-0.9217590132016816,93,
CHEMOKINE-MEDIATED SIGNALING PATHWAY%GOBP%GO:0070098,0.6081370449678801,0.840499856179488,0.07253518643945886,-0.3170562171312582,-0.9187352912080127,25,
CHEMOTAXIS%GOBP%GO:0006935,0.010127785887581403,0.07326820103047171,0.3807304007227924,0.38082004723382196,1.446427481566813,135,
CHILD SYNDROME%PATHWHIZ%PW000096,3.8789317577938914e-4,0.005082864350543128,0.49849310876659025,-0.7175340885269536,-1.9888949541423213,21,
CHLORIDE TRANSMEMBRANE TRANSPORT%GOBP%GO:1902476,0.5291479820627802,0.7879686151682699,0.08220549204158693,-0.2899991273299949,-0.9629438408030463,41,
CHLORIDE TRANSPORT%GOBP%GO:0006821,0.8100358422939068,0.9634694913154834,0.050294806366235845,0.24362846270827176,0.8111998684360214,57,
CHLOROPROCAINE ACTION PATHWAY%SMPDB%SMP0000394,0.23106060606060605,0.4977792661003207,0.12267918956880833,0.436121700543469,1.1946677967471409,20,
CHLOROTHIAZIDE ACTION PATHWAY%SMPDB%SMP0000078,0.22537878787878787,0.4977792661003207,0.12443416863039332,0.441161905676685,1.208474426305242,20,
CHLORTHALIDONE ACTION PATHWAY%SMPDB%SMP0000122,0.22537878787878787,0.4977792661003207,0.12443416863039332,0.441161905676685,1.208474426305242,20,
CHOLESTEROL BIOSYNTHESIS PATHWAY IN HEPATOCYTES%WIKIPATHWAYS_20250810%WP5329%HOMO SAPIENS,0.006145755479309547,0.05096390663140873,0.40701791892395395,-0.54189971204406,-1.7239173242413635,34,
CHOLESTEROL BIOSYNTHESIS%REACTOME DATABASE ID RELEASE 93%191273,7.278454313568171e-5,0.001279718106524834,0.5384340963099162,-0.7012036439441269,-2.031881096179313,25,
CHOLESTEROL BIOSYNTHETIC PROCESS%GOBP%GO:0006695,5.441642146239362e-4,0.006855728744785918,0.47727081536286214,-0.6396244584304444,-1.934978073655719,28,
CHOLESTEROL HOMEOSTASIS%GOBP%GO:0042632,0.6566901408450704,0.8739555681274207,0.05922191938038196,0.27730127713750186,0.8964699828844943,49,
CHOLESTEROL METABOLIC PROCESS%GOBP%GO:0008203,0.017690219608508573,0.1106834010640469,0.35248785758361917,-0.4423667914239268,-1.564101287554615,55,
CHOLESTEROL METABOLISM WITH BLOCH AND KANDUTSCH RUSSELL PATHWAYS%WIKIPATHWAYS_20250810%WP4718%HOMO SAPIENS,0.0017708641208113527,0.018705173108798243,0.45505986738722953,-0.5613261039758687,-1.8434637578725994,39,
CHOLESTEROL METABOLISM%WIKIPATHWAYS_20250810%WP5304%HOMO SAPIENS,0.06473214285714286,0.25543450689935066,0.26635065708852557,-0.39935438418684416,-1.347785153602966,44,
CHOLESTEROL SYNTHESIS DISORDERS%WIKIPATHWAYS_20250810%WP5193%HOMO SAPIENS,3.8635584301900693e-4,0.005082864350543128,0.49849310876659025,-0.75303983682296,-1.9570207761749714,16,
CHOLESTEROL TRANSPORT%GOBP%GO:0030301,0.5982339955849889,0.8340748003689331,0.07492788183937392,-0.2836868720433093,-0.9316624747930204,39,
CHOLESTERYL ESTER STORAGE DISEASE%SMPDB%SMP0000508,3.8789317577938914e-4,0.005082864350543128,0.49849310876659025,-0.7175340885269536,-1.9888949541423213,21,
CHONDROCYTE DIFFERENTIATION%GOBP%GO:0002062,0.49250936329588013,0.7577906459351731,0.0764767053228531,0.33074088991438344,0.9898813551136434,32,
"CHONDRODYSPLASIA PUNCTATA II, X-LINKED DOMINANT (CDPX2)%SMPDB%SMP0000388",3.8789317577938914e-4,0.005082864350543128,0.49849310876659025,-0.7175340885269536,-1.9888949541423213,21,
CHONDROITIN SULFATE DERMATAN SULFATE METABOLISM%REACTOME DATABASE ID RELEASE 93%1793185,0.14377682403433475,0.4034464819872545,0.17093233537005617,-0.3924691218351486,-1.23507864868133,33,
CHONDROITIN SULFATE PROTEOGLYCAN BIOSYNTHETIC PROCESS%GOBP%GO:0050650,0.2375,0.5049942594718714,0.1275053153001827,-0.4085413534834613,-1.168761599741087,23,
CHONDROITIN SULFATE PROTEOGLYCAN METABOLIC PROCESS%GOBP%GO:0050654,0.1887966804979253,0.46606290268461537,0.1446305280344838,-0.3945387600291508,-1.1935501211712034,28,
CHORDATE EMBRYONIC DEVELOPMENT%GOBP%GO:0043009,0.0190308546648205,0.11670577099088598,0.35248785758361917,-0.33802511185844925,-1.3615211603423898,152,
CHROMATIN MODIFICATIONS DURING THE MATERNAL TO ZYGOTIC TRANSITION (MZT)%REACTOME DATABASE ID RELEASE 93%9821002,0.052083333333333336,0.23261655948553053,0.2878571172551493,-0.5140185004552856,-1.4705122988558235,23,
CHROMOSOMAL AND MICROSATELLITE INSTABILITY IN COLORECTAL CANCER %WIKIPATHWAYS_20250810%WP4216%HOMO SAPIENS,0.973404255319149,1,0.041404427376027834,0.19482091067833318,0.6547645853905237,59,
CHROMOSOME CONDENSATION%GOBP%GO:0030261,1.793707971998467e-4,0.0028072792936404177,0.5188480777437918,-0.6509364368797143,-1.980217857079243,29,
CHROMOSOME LOCALIZATION%GOBP%GO:0050000,1.225544383491638e-10,9.590316330534563e-9,0.826657301178302,-0.6454191684148433,-2.397429260290169,84,
CHROMOSOME MAINTENANCE%REACTOME DATABASE ID RELEASE 93%73886,1.4846941245407848e-18,5.155600347467875e-16,1.114664477517292,-0.7133200369698781,-2.751175649452992,106,
CHROMOSOME ORGANIZATION INVOLVED IN MEIOTIC CELL CYCLE%GOBP%GO:0070192,0.018583901272939664,0.11472461719161418,0.35248785758361917,-0.5743293824155065,-1.6255813968058517,22,
CHRONIC HYPERGLYCEMIA IMPAIRMENT OF NEURON FUNCTION%WIKIPATHWAYS_20250810%WP5283%HOMO SAPIENS,0.0205535684056954,0.12345473087788501,0.35248785758361917,0.5580389485352795,1.609669113805934,25,
CILIARY LANDSCAPE%WIKIPATHWAYS_20250810%WP4352%HOMO SAPIENS,0.7196029776674938,0.9078369990737047,0.07147862874255066,-0.22257803972903561,-0.9134968850771852,167,
CILIOPATHIES%WIKIPATHWAYS_20250810%WP4803%HOMO SAPIENS,0.625,0.8529845246868091,0.07913166517683488,-0.2353810925923791,-0.9409140496864694,137,
CILIUM ASSEMBLY%REACTOME%R-HSA-5617833.5,0.00850806789182618,0.06457763006418887,0.3807304007227924,-0.33380312626343017,-1.3826693864089974,179,
CILIUM MOVEMENT INVOLVED IN CELL MOTILITY%GOBP%GO:0060294,0.008924757660694886,0.06682743067765605,0.3807304007227924,0.41206406146982766,1.4871604522121207,97,
CILIUM MOVEMENT%GOBP%GO:0003341,0.013495631453913758,0.09110781088450162,0.3807304007227924,0.37489467768191376,1.4024539773354987,124,
CILIUM OR FLAGELLUM-DEPENDENT CELL MOTILITY%GOBP%GO:0001539,0.020506536920972047,0.12330554018714361,0.35248785758361917,0.40314541548318117,1.4626848453084835,100,
CILIUM-DEPENDENT CELL MOTILITY%GOBP%GO:0060285,0.020506536920972047,0.12330554018714361,0.35248785758361917,0.40314541548318117,1.4626848453084835,100,
CIRCADIAN CLOCK%REACTOME%R-HSA-9909396.2,0.5366269165247018,0.7930194496250904,0.06736238681662789,0.26179730669706236,0.958792878923227,105,
CIRCADIAN REGULATION OF GENE EXPRESSION%GOBP%GO:0032922,0.0015253114257921863,0.01655201226894802,0.45505986738722953,0.5117004371653724,1.7190047482260364,58,
CIRCADIAN RHYTHM GENES%WIKIPATHWAYS_20250810%WP3594%HOMO SAPIENS,0.3876500857632933,0.6580685121295264,0.08455574424412811,0.27362179481575744,1.0242103242145946,125,
CIRCADIAN RHYTHM PATHWAY%PATHWAY INTERACTION DATABASE NCI-NATURE CURATED DATA%CIRCADIAN RHYTHM PATHWAY,0.07102803738317758,0.2679102346917411,0.23112670967383428,0.5586853436346739,1.443777756693424,16,
CIRCADIAN RHYTHM%GOBP%GO:0007623,0.05749128919860627,0.24149362837103622,0.24891111443470243,0.37534994080258555,1.3290920565607456,85,
CITALOPRAM ACTION PATHWAY%PATHWHIZ%PW000426,0.3371647509578544,0.60840771559657,0.09889030075206362,0.38763450174278535,1.092514604354722,23,
CITRIC ACID CYCLE (TCA CYCLE)%REACTOME DATABASE ID RELEASE 93%71403,0.046581690731346,0.2189575919656162,0.3217759180753611,-0.4732115246871463,-1.4803391237106522,32,
CITRIC ACID CYCLE%SMPDB%SMP0000057,0.09978768577494693,0.324792256687525,0.20658792269689108,-0.4857188230258824,-1.3463384272534613,21,
CLASS A 1 (RHODOPSIN-LIKE RECEPTORS)%REACTOME%R-HSA-373076.10,0.06864988558352403,0.2646262440076873,0.2616635217115731,-0.32997070272740375,-1.2596064067417436,91,
CLASS B 2 (SECRETIN FAMILY RECEPTORS)%REACTOME%R-HSA-373080.4,0.1670428893905192,0.4342958790143775,0.1619789488834018,-0.33933835909080906,-1.1812681567535968,51,
CLASS I PEROXISOMAL MEMBRANE PROTEIN IMPORT%REACTOME DATABASE ID RELEASE 93%9603798,0.7071129707112971,0.90031434473736,0.06392719333599958,-0.3114732353414984,-0.8442367326291853,19,
CLASS I PI3K SIGNALING EVENTS MEDIATED BY AKT%PATHWAY INTERACTION DATABASE NCI-NATURE CURATED DATA%CLASS I PI3K SIGNALING EVENTS MEDIATED BY AKT,0.527114967462039,0.786679126667233,0.08063884959506612,-0.2986690332152055,-0.9501402365245192,34,
CLASS I PI3K SIGNALING EVENTS%PATHWAY INTERACTION DATABASE NCI-NATURE CURATED DATA%CLASS I PI3K SIGNALING EVENTS,0.9402985074626866,1,0.0453152441270267,0.22222652800784934,0.6696146616808104,33,
CLATHRIN COAT ASSEMBLY%GOBP%GO:0048268,0.9643605870020965,1,0.04949048661354951,-0.24066666731679237,-0.6130279526618597,15,
CLATHRIN-DEPENDENT ENDOCYTOSIS%GOBP%GO:0072583,0.9046610169491526,1,0.05291298484305835,-0.2345216810466081,-0.719936663779585,30,
CLATHRIN-MEDIATED ENDOCYTOSIS%REACTOME DATABASE ID RELEASE 93%8856828,0.9915110356536503,1,0.03855791019984891,0.17069855516746407,0.640286712249766,121,
CLEAR CELL RENAL CELL CARCINOMA PATHWAYS%WIKIPATHWAYS_20250810%WP4018%HOMO SAPIENS,0.20535714285714285,0.4802038239538239,0.12687572992985735,0.35992807678052147,1.1810823642721255,53,
CLEAVAGE OF THE DAMAGED PURINE%REACTOME DATABASE ID RELEASE 93%110331,0.00577222579987166,0.04851813395474575,0.40701791892395395,-0.5960858692614077,-1.717864030956491,24,
CLEAVAGE OF THE DAMAGED PYRIMIDINE%REACTOME%R-HSA-110329.4,0.004145765191814411,0.036972506269214875,0.40701791892395395,-0.5674797327685481,-1.726333688962766,29,
CLEC7A (DECTIN-1) SIGNALING%REACTOME DATABASE ID RELEASE 93%5607764,1,1,0.054120056962023176,-0.17003812614202393,-0.6204026504065746,78,
CLOCK CONTROLLED AUTOPHAGY IN BONE METABOLISM%WIKIPATHWAYS_20250810%WP5205%HOMO SAPIENS,0.5174216027874564,0.7778286317353822,0.07028128417173922,0.3013783638534922,0.9759498656073055,48,
CO-INHIBITION BY CTLA4%REACTOME DATABASE ID RELEASE 93%389513,0.9981308411214953,1,0.04267338611560842,0.1697036626650519,0.43855521927817365,16,
COAGULATION%GOBP%GO:0050817,0.578125,0.8206384109052531,0.06464845684219278,0.2670510043826855,0.9448232420433681,83,
"COBALAMIN (CBL, VITAMIN B12) TRANSPORT AND METABOLISM%REACTOME%R-HSA-196741.7",0.7148846960167715,0.9052079834956581,0.06350079680659454,-0.3185006060834782,-0.8112871493413192,15,
COCAINE ACTION PATHWAY%SMPDB%SMP0000395,0.23106060606060605,0.4977792661003207,0.12267918956880833,0.436121700543469,1.1946677967471409,20,
CODEINE ACTION PATHWAY%PATHWHIZ%PW000411,0.2824858757062147,0.5577439678122704,0.10882012676916121,0.4078517549670615,1.1291627075883668,21,
COGNITION%GOBP%GO:0050890,0.05442176870748299,0.2382721410077033,0.2529611230696109,0.3560378930142123,1.3221558134241886,115,
COHESIN COMPLEX CORNELIA DE LANGE SYNDROME%WIKIPATHWAYS_20250810%WP5117%HOMO SAPIENS,0.001626277210705714,0.01744323587390144,0.45505986738722953,-0.6085627091811193,-1.8410107418336639,28,
COLLAGEN BIOSYNTHESIS AND MODIFYING ENZYMES%REACTOME%R-HSA-1650814.6,0.5517857142857143,0.8021147306786858,0.06831108583186465,0.2888849475785832,0.9479586031205858,53,
COLLAGEN CATABOLIC PROCESS%GOBP%GO:0030574,0.028300199072981123,0.15340088395071524,0.35248785758361917,0.6209586562396899,1.6487454454060322,18,
COLLAGEN CHAIN TRIMERIZATION%REACTOME DATABASE ID RELEASE 93%8948216,0.5179704016913319,0.7778286317353822,0.08020234446981443,-0.31206757363829657,-0.9664911501260839,31,
COLLAGEN DEGRADATION%REACTOME DATABASE ID RELEASE 93%1442490,0.3532710280373832,0.6276859071876243,0.09466462231533423,0.3675752525598215,1.0710329223409372,26,
COLLAGEN FIBRIL ORGANIZATION%GOBP%GO:0030199,0.7242152466367713,0.9100558219985848,0.06613262047584399,-0.25866694454668393,-0.858905140039053,41,
COLLAGEN FORMATION%REACTOME DATABASE ID RELEASE 93%1474290,0.1927927927927928,0.4722913389580056,0.13214726060877433,0.3393941826892608,1.169738629445274,70,
COLLAGEN METABOLIC PROCESS%GOBP%GO:0032963,0.1663619744058501,0.4335399295492041,0.1446305280344838,0.4063661978895813,1.245178166993857,36,
COLUMNAR/CUBOIDAL EPITHELIAL CELL DIFFERENTIATION%GOBP%GO:0002065,0.012793706121017932,0.08775534717083411,0.3807304007227924,-0.5742408472384282,-1.6427973460518537,23,
COMMON PATHWAYS UNDERLYING DRUG ADDICTION%WIKIPATHWAYS_20250810%WP2636%HOMO SAPIENS,0.5583333333333333,0.8065739479532583,0.0755015292281669,-0.3258007203555766,-0.9320558809354343,23,
COMPLEMENT AND COAGULATION CASCADES%WIKIPATHWAYS_20250810%WP558%HOMO SAPIENS,0.38333333333333336,0.6539146453791833,0.09624060232812902,-0.3665431038421711,-1.04861233940662,23,
COMPLEMENT CASCADE%REACTOME%R-HSA-166658.6,0.30038022813688214,0.5787567454166133,0.10552093684319848,0.42089970488326756,1.117556643144956,18,
COMPLEMENT SYSTEM IN NEURONAL DEVELOPMENT AND PLASTICITY%WIKIPATHWAYS_20250810%WP5090%HOMO SAPIENS,0.24053452115812918,0.5100274532190836,0.13145761164276346,-0.30474282399664865,-1.1013016091154926,62,
COMPLEMENT SYSTEM%WIKIPATHWAYS_20250810%WP2806%HOMO SAPIENS,0.041976248308510156,0.20493851986123235,0.3217759180753611,0.4927965271398714,1.5172513338996498,37,
COMPLEX I BIOGENESIS%REACTOME DATABASE ID RELEASE 93%6799198,0.3068432671081678,0.5842092945162964,0.11378726182188,-0.2955930173029133,-1.0732520499097526,67,
COMPLEX III ASSEMBLY%REACTOME%R-HSA-9865881.2,0.9790794979079498,1,0.04870108645215302,-0.19729020322391327,-0.5685720149655618,24,
COMPLEX IV ASSEMBLY%REACTOME%R-HSA-9864848.2,0.6772009029345373,0.8846762794978343,0.06977925170762346,-0.26949140505038327,-0.898017160620082,42,
CONDENSATION OF PROPHASE CHROMOSOMES%REACTOME%R-HSA-2299718.4,2.4093456223313306e-5,4.885519809369662e-4,0.5756102610711286,-0.7047722740890955,-2.1320618361425203,28,
CONGENITAL LACTIC ACIDOSIS%PATHWHIZ%PW000522,0.09978768577494693,0.324792256687525,0.20658792269689108,-0.4857188230258824,-1.3463384272534613,21,
CONNECTIVE TISSUE DEVELOPMENT%GOBP%GO:0061448,0.3767361111111111,0.6497067783033486,0.08679497567717195,0.2987183715215507,1.0420983605884169,75,
CONSTITUTIVE ANDROSTANE RECEPTOR PATHWAY%WIKIPATHWAYS_20250810%WP2875%HOMO SAPIENS,0.12,0.3641288913162206,0.17669426893849804,0.5339593005122814,1.348619580587363,15,
CONSTITUTIVE HETEROCHROMATIN FORMATION%GOBP%GO:0140719,0.25411334552102377,0.5283883786357815,0.11378726182188,0.3713794118825208,1.156193962072593,40,
CONSTITUTIVE SIGNALING BY ABERRANT PI3K IN CANCER%REACTOME%R-HSA-2219530.3,0.04244749074950417,0.20633268469312788,0.3217759180753611,0.45779549677671477,1.4225314527655075,39,
CONSTITUTIVE SIGNALING BY AKT1 E17K IN CANCER%REACTOME%R-HSA-5674400.3,0.9916317991631799,1,0.048118399265797474,-0.18920840080820223,-0.5452810121232198,24,
CONSTITUTIVE SIGNALING BY LIGAND-RESPONSIVE EGFR CANCER VARIANTS%REACTOME%R-HSA-1236382.3,0.8464491362763915,0.9824435490476766,0.0514264916187015,0.2839024818008192,0.7357169292281011,17,
CONSTITUTIVE SIGNALING BY NOTCH1 HD DOMAIN MUTANTS%REACTOME%R-HSA-2691232.3,0.6914285714285714,0.8930876357806398,0.060509298865666666,0.3283330321550523,0.8292698632519451,15,
CONSTITUTIVE SIGNALING BY NOTCH1 HD+PEST DOMAIN MUTANTS%REACTOME DATABASE ID RELEASE 93%2894862,0.8799283154121864,0.993914230701908,0.04650840487191565,0.2279060669707577,0.7588496413238366,57,
CONSTITUTIVE SIGNALING BY NOTCH1 PEST DOMAIN MUTANTS%REACTOME DATABASE ID RELEASE 93%2644606,0.8799283154121864,0.993914230701908,0.04650840487191565,0.2279060669707577,0.7588496413238366,57,
CONTRACTILE ACTIN FILAMENT BUNDLE ASSEMBLY%GOBP%GO:0030038,0.8247619047619048,0.9710483455938002,0.052269331749930564,0.29467364001188956,0.7442564263263463,15,
CONVERSION FROM APC C:CDC20 TO APC C:CDH1 IN LATE ANAPHASE%REACTOME DATABASE ID RELEASE 93%176407,0.16455696202531644,0.4322829697459376,0.15740289930528326,-0.457437160528962,-1.261449914108188,20,
COOPERATION OF PDCL (PHLP1) AND TRIC CCT IN G-PROTEIN BETA FOLDING%REACTOME%R-HSA-6814122.3,0.7424892703862661,0.9206120859485958,0.06280039778122341,-0.26737773290876754,-0.8414229570578752,33,
COOPERATION OF PREFOLDIN AND TRIC CCT IN ACTIN AND TUBULIN FOLDING%REACTOME DATABASE ID RELEASE 93%389958,0.42401500938086306,0.6959890581351088,0.08455574424412811,0.3510649143724245,1.0313085183249517,29,
COPI-DEPENDENT GOLGI-TO-ER RETROGRADE TRAFFIC%REACTOME DATABASE ID RELEASE 93%6811434,0.0017217470034631705,0.018320910881457993,0.45505986738722953,-0.4514330764935264,-1.6455659596400074,77,
COPI-INDEPENDENT GOLGI-TO-ER RETROGRADE TRAFFIC%REACTOME DATABASE ID RELEASE 93%6811436,0.7630597014925373,0.9314818240680788,0.05490737032909582,0.270225843255284,0.8142465628694311,33,
COPI-MEDIATED ANTEROGRADE TRANSPORT%REACTOME%R-HSA-6807878.2,0.9965870307167235,1,0.03855791019984891,0.16553283066595653,0.5827946962943337,78,
COPII VESICLE COATING%GOBP%GO:0048208,0.9445506692160612,1,0.046230252407761636,0.2303483838510879,0.6424837877679578,22,
COPII-COATED VESICLE BUDDING%GOBP%GO:0090114,0.8490909090909091,0.9830405426266378,0.04879897016828393,0.2468323609652634,0.7629686301840702,38,
COPII-COATED VESICLE CARGO LOADING%GOBP%GO:0090110,0.8074766355140187,0.962527394747026,0.052375908409799665,0.2917348614688129,0.7539132870400368,16,
COPII-MEDIATED VESICLE TRANSPORT%REACTOME DATABASE ID RELEASE 93%204005,1,1,0.041404427376027834,0.14879454260790853,0.5052791637611573,63,
COPPER HOMEOSTASIS%WIKIPATHWAYS_20250810%WP3286%HOMO SAPIENS,0.8761552680221811,0.993914230701908,0.048118399265797474,0.24509685452813396,0.74457542298813,34,
COREGULATION OF ANDROGEN RECEPTOR ACTIVITY%PATHWAY INTERACTION DATABASE NCI-NATURE CURATED DATA%COREGULATION OF ANDROGEN RECEPTOR ACTIVITY,0.8214285714285714,0.9687661097128302,0.04949048661354951,0.24349045804518668,0.7989993124128382,53,
CORTICAL ACTIN CYTOSKELETON ORGANIZATION%GOBP%GO:0030866,0.42429906542056073,0.6959890581351088,0.08431443206426534,0.353261307446105,1.018985891918883,25,
CORTICAL CYTOSKELETON ORGANIZATION%GOBP%GO:0030865,0.5386313465783664,0.7944347654869667,0.08041999687615399,-0.2932145166594217,-0.9629524280363999,39,
CORTICOTROPIN RELEASING HORMONE SIGNALING%WIKIPATHWAYS_20250810%WP2355%HOMO SAPIENS,0.8607142857142858,0.9891806300664099,0.04735342452541926,0.23548163616033024,0.7777470657817911,54,
CORTOCOTROPIN RELEASING FACTOR RECEPTOR SIGNALING PATHWAY%PANTHER PATHWAY%P04380,0.563169164882227,0.8092821960453811,0.0764767053228531,-0.3584712599724822,-0.931605034851162,16,
COSTIMULATION BY THE CD28 FAMILY%REACTOME%R-HSA-388841.8,0.7330960854092526,0.9148881065889056,0.05456806466709405,0.269081694539491,0.8525522150829311,43,
COTRANSLATIONAL PROTEIN TARGETING TO MEMBRANE%GOBP%GO:0006613,0.8807531380753139,0.993914230701908,0.05356693847709506,-0.26377930539073363,-0.7149640920964201,19,
COVID 19 STRUCTURAL COVERAGE MAP%WIKIPATHWAYS_20250810%WP5145%HOMO SAPIENS,0.9925233644859813,1,0.042931109345258275,0.19224862551876937,0.4968168441167899,16,
CRANIAL NERVE DEVELOPMENT%GOBP%GO:0021545,0.013215607295265417,0.08965313080890679,0.3807304007227924,0.6353755065585074,1.6465390285666233,17,
CRANIAL SKELETAL SYSTEM DEVELOPMENT%GOBP%GO:1904888,0.009719412033407593,0.07169523883529287,0.3807304007227924,-0.6237874865351594,-1.7290436848427109,21,
"CREATINE DEFICIENCY, GUANIDINOACETATE METHYLTRANSFERASE DEFICIENCY%PATHWHIZ%PW000480",0.5428571428571428,0.7945506548246274,0.07235708510369071,0.3718743743724891,0.9392421151130022,15,
CREB1 PHOSPHORYLATION THROUGH NMDA RECEPTOR-MEDIATED ACTIVATION OF RAS SIGNALING%REACTOME DATABASE ID RELEASE 93%442742,0.1089866156787763,0.3432707691107036,0.18643255843407516,0.48123240130780953,1.3422452149210125,22,
CRISTAE FORMATION%REACTOME%R-HSA-8949613.3,0.5,0.7650784907738915,0.08289621345715653,-0.3101984206515163,-0.9761772962161385,33,
CRMPS IN SEMA3A SIGNALING%REACTOME%R-HSA-399956.3,0.7514018691588785,0.9248097568390063,0.055710422676667086,0.3041167571778979,0.785911093701964,16,
CROSS-PRESENTATION OF SOLUBLE EXOGENOUS ANTIGENS (ENDOSOMES)%REACTOME%R-HSA-1236978.5,0.03426062395740719,0.17588472724765128,0.3217759180753611,-0.4718821065065269,-1.5318157270657975,38,
CS DS DEGRADATION%REACTOME DATABASE ID RELEASE 93%2024101,0.4579831932773109,0.7255644772879211,0.08653997374441245,-0.3732994670918961,-0.9930869056611563,18,
CS-GAG BIOSYNTHESIS%REACTOME DATABASE ID RELEASE 93%2022870,0.296218487394958,0.5746473170273696,0.11284335567556247,-0.41641369230695136,-1.107783486511772,18,
CTNNB1 S33 MUTANTS AREN'T PHOSPHORYLATED%REACTOME DATABASE ID RELEASE 93%5358747,0.9980952380952381,1,0.04353782409140024,0.1664934480501723,0.4205120575005376,15,
CTNNB1 S37 MUTANTS AREN'T PHOSPHORYLATED%REACTOME DATABASE ID RELEASE 93%5358749,0.9980952380952381,1,0.04353782409140024,0.1664934480501723,0.4205120575005376,15,
CTNNB1 S45 MUTANTS AREN'T PHOSPHORYLATED%REACTOME DATABASE ID RELEASE 93%5358751,0.9980952380952381,1,0.04353782409140024,0.1664934480501723,0.4205120575005376,15,
CTNNB1 T41 MUTANTS AREN'T PHOSPHORYLATED%REACTOME DATABASE ID RELEASE 93%5358752,0.9980952380952381,1,0.04353782409140024,0.1664934480501723,0.4205120575005376,15,
CXCR3-MEDIATED SIGNALING EVENTS%PATHWAY INTERACTION DATABASE NCI-NATURE CURATED DATA%CXCR3-MEDIATED SIGNALING EVENTS,0.9138576779026217,1,0.046788296531802984,0.2355609647407034,0.7050153582454399,32,
CXCR4 SIGNALING PATHWAY%SMPDB%SMP0064625,0.5904365904365905,0.8291085291194786,0.07253518643945886,-0.34699994206224605,-0.918810653563735,17,
CXCR4%IOB%CXCR4,0.3019538188277087,0.5799498963372495,0.10099058745592349,0.34154889040970937,1.104157386747409,50,
CXCR4-MEDIATED SIGNALING EVENTS%PATHWAY INTERACTION DATABASE NCI-NATURE CURATED DATA%CXCR4-MEDIATED SIGNALING EVENTS,0.970856102003643,1,0.04275914347386776,0.19893737351010135,0.6805578580363498,67,
CYCLIC NUCLEOTIDE METABOLIC PROCESS%GOBP%GO:0009187,0.7677543186180422,0.93484507261008,0.05594285930657051,0.30790546214028575,0.7979192702420282,17,
CYCLIC PURINE NUCLEOTIDE METABOLIC PROCESS%GOBP%GO:0052652,0.7677543186180422,0.93484507261008,0.05594285930657051,0.30790546214028575,0.7979192702420282,17,
CYCLIN A B1 B2 ASSOCIATED EVENTS DURING G2 M TRANSITION%REACTOME%R-HSA-69273.10,6.805191792058129e-8,2.450115949599849e-6,0.7049757151672383,-0.7630019240190636,-2.342269836990126,30,
CYCLIN A:CDK2-ASSOCIATED EVENTS AT S PHASE ENTRY%REACTOME%R-HSA-69656.6,4.9962844446331715e-5,8.983610477146247e-4,0.557332238758646,-0.5180085885314368,-1.881413331428612,74,
CYCLIN D ASSOCIATED EVENTS IN G1%REACTOME%R-HSA-69231.11,2.8627310897229926e-4,0.004218921468037386,0.49849310876659025,-0.587591840399426,-1.962998490956454,43,
CYCLIN DEPENDENT KINASE 4 6 INHIBITORS IN BREAST CANCER%WIKIPATHWAYS_20250810%WP5497%HOMO SAPIENS,0.4605809128630705,0.7282263949536767,0.08553569479878835,-0.3342984456426955,-1.0113124253614616,28,
CYCLIN E ASSOCIATED EVENTS DURING G1 S TRANSITION%REACTOME%R-HSA-69202.5,7.923165884466983e-5,0.0013713741325264348,0.5384340963099162,-0.5266430559195654,-1.9062404906687314,72,
CYCLOTHIAZIDE ACTION PATHWAY%SMPDB%SMP0000103,0.22537878787878787,0.4977792661003207,0.12443416863039332,0.441161905676685,1.208474426305242,20,
CYSTINURIA%PATHWHIZ%PW000700,0.22537878787878787,0.4977792661003207,0.12443416863039332,0.441161905676685,1.208474426305242,20,
CYTOCHROME COMPLEX ASSEMBLY%GOBP%GO:0017004,0.8021978021978022,0.9591157712526338,0.06024840861580194,-0.2437352482656724,-0.8084564747085917,40,
CYTOCHROME P450 - ARRANGED BY SUBSTRATE TYPE%REACTOME%R-HSA-211897.5,0.25481798715203424,0.5286664438449225,0.12443416863039332,-0.3894668026324666,-1.1354397628048871,26,
CYTOKINE CYTOKINE RECEPTOR INTERACTION%WIKIPATHWAYS_20250810%WP5473%HOMO SAPIENS,0.008464553123314698,0.06433523550360666,0.3807304007227924,0.43570690073191964,1.5415257751297604,83,
CYTOKINE-MEDIATED SIGNALING PATHWAY%GOBP%GO:0019221,0.004380847881292146,0.03857367801657554,0.40701791892395395,0.36872811371552094,1.4596656535228707,181,
CYTOKINESIS%GOBP%GO:0000910,1.7424199318066884e-4,0.002734713316699989,0.5188480777437918,-0.4590972277395339,-1.7674423740488554,101,
CYTOKINETIC PROCESS%GOBP%GO:0032506,0.056433408577878104,0.24149362837103622,0.2878571172551493,-0.415506512501965,-1.3845784005853827,42,
CYTOPLASMIC MICROTUBULE ORGANIZATION%GOBP%GO:0031122,0.3068181818181818,0.5842092945162964,0.11573444770168878,-0.3078850406005877,-1.0765377284914341,52,
CYTOPLASMIC PATTERN RECOGNITION RECEPTOR SIGNALING PATHWAY%GOBP%GO:0002753,0.5535714285714286,0.8031795857677115,0.06815134386794833,0.28858362396034043,0.9469698277668304,53,
CYTOPLASMIC RIBOSOMAL PROTEINS%WIKIPATHWAYS_20250810%WP477%HOMO SAPIENS,4.0858913946496527e-7,1.2011223591890724e-5,0.674962860011025,0.5942731582965346,2.1020279953124636,84,
CYTOPLASMIC TRANSLATION%GOBP%GO:0002181,5.945050104337011e-8,2.277979198599754e-6,0.7195128263389107,0.5389336582436199,2.0349305644326936,128,
CYTOPLASMIC TRANSLATIONAL INITIATION%GOBP%GO:0002183,0.16058394160583941,0.4287382890735434,0.1473312136993771,0.40593516382249933,1.2498173888543787,37,
CYTOPROTECTION BY HMOX1%REACTOME%R-HSA-9707564.5,0.2793103448275862,0.5548259835044937,0.10395847155995677,0.3491376596601241,1.1284629947197071,47,
CYTOSKELETAL REGULATION BY RHO GTPASE%PANTHER PATHWAY%P00016,0.8754448398576512,0.993914230701908,0.04641549568438488,0.22695396265504453,0.7424723620425246,52,
CYTOSKELETON-DEPENDENT CYTOKINESIS%GOBP%GO:0061640,1.3774098368870324e-4,0.0022311629894298402,0.5188480777437918,-0.46758102576096333,-1.7991749802289954,99,
CYTOSKELETON-DEPENDENT INTRACELLULAR TRANSPORT%GOBP%GO:0030705,0.42454394693200664,0.6960065415031658,0.07788401119770678,0.25592427284225633,1.001952308236352,163,
CYTOSOLIC DNA SENSING PATHWAY%WIKIPATHWAYS_20250810%WP4655%HOMO SAPIENS,0.7426636568848759,0.9206120859485958,0.06523530560177027,-0.2580652223528896,-0.8599420756621359,42,
CYTOSOLIC SENSORS OF PATHOGEN-ASSOCIATED DNA%REACTOME%R-HSA-1834949.6,0.9665492957746479,1,0.041404427376027834,0.19468758273819692,0.6540328185012882,58,
CYTOSOLIC TRANSPORT%GOBP%GO:0016482,0.03145011410213782,0.16578447243973218,0.3217759180753611,0.36747038695346684,1.3764658423854126,120,
CYTOSOLIC TRNA AMINOACYLATION%REACTOME%R-HSA-379716.3,1.6057802164439313e-5,3.3922870275902975e-4,0.5756102610711286,0.7490457904787107,2.132765981254765,24,
D-GLUCOSE TRANSMEMBRANE TRANSPORT%GOBP%GO:1904659,0.571969696969697,0.8158828334694831,0.06944814420031753,0.33084679947991047,0.9062883514004649,20,
DAG AND IP3 SIGNALING%REACTOME DATABASE ID RELEASE 93%1489509,0.8183520599250936,0.9680135777521868,0.051845762486506596,0.2575820841962877,0.7815149104464965,35,
DAG1 GLYCOSYLATIONS%REACTOME%R-HSA-8931838.1,0.9315589353612167,1,0.04660150729859922,0.24448140928533818,0.6491375971576079,18,
DAP12 INTERACTIONS%REACTOME DATABASE ID RELEASE 93%2172127,0.6401515151515151,0.8629937636845095,0.06392719333599958,0.3151989046931176,0.8634240867574227,20,
DAP12 SIGNALING%REACTOME DATABASE ID RELEASE 93%2424491,0.9577735124760077,1,0.04577044581080999,0.2285793674298544,0.5923502648644654,17,
DARPP-32 EVENTS%REACTOME%R-HSA-180024.6,0.18471337579617833,0.46058868277839543,0.14826150047510658,-0.4422064188811169,-1.2257286855981357,21,
DASATINIB INHIBITION OF BCR-ABL%PATHWHIZ%PW032594,0.2737642585551331,0.5507002970790439,0.11146266692298015,0.42851518041362335,1.1377769596976066,18,
DDX58 IFIH1-MEDIATED INDUCTION OF INTERFERON-ALPHA BETA%REACTOME DATABASE ID RELEASE 93%168928,0.8623188405797102,0.9891806300664099,0.04792589670581297,0.23036929615668977,0.7864584199969874,65,
DE NOVO PURINE BIOSYNTHESIS%PANTHER PATHWAY%P02738,0.08779443254817987,0.3021959506766655,0.22205604614524838,-0.4603510546259034,-1.3339614156014223,25,
DEACTIVATION OF THE BETA-CATENIN TRANSACTIVATING COMPLEX%REACTOME%R-HSA-3769402.5,0.9494505494505494,1,0.052375908409799665,-0.20141526801404072,-0.668083417108494,40,
DEADENYLATION OF MRNA%REACTOME DATABASE ID RELEASE 93%429947,0.9663551401869159,1,0.044152305844146505,0.2111773584340343,0.6091432727027651,25,
DEADENYLATION-DEPENDENT MRNA DECAY%REACTOME%R-HSA-429914.4,0.18834080717488788,0.46549000207458946,0.15114876138548375,-0.3253481719578959,-1.1499636106138562,56,
DEATH RECEPTOR SIGNALING%REACTOME DATABASE ID RELEASE 93%73887,0.38,0.6516296296296297,0.08407455779107234,0.2726096731146538,1.038122119123018,136,
DECTIN-1 MEDIATED NONCANONICAL NF-KB SIGNALING%REACTOME DATABASE ID RELEASE 93%5607761,0.12796208530805686,0.376566390874769,0.19189224038483796,-0.3597529163471565,-1.2130357347342111,47,
DEFECTIVE B3GALT6 CAUSES EDSP2 AND SEMDJL1%REACTOME%R-HSA-4420332.4,0.19327731092436976,0.4730237808177042,0.14375898903927542,-0.46548656451805986,-1.2383318293628434,18,
DEFECTIVE B3GALTL CAUSES PPS%REACTOME%R-HSA-5083635.4,0.17580340264650285,0.4474410009637974,0.1429011493869481,0.40591789262479416,1.2087563922833704,31,
DEFECTIVE B3GAT3 CAUSES JDSSDHD%REACTOME%R-HSA-3560801.4,0.20798319327731093,0.4836915256245254,0.13802224249664274,-0.4604507793071737,-1.2249351524492327,18,
"DEFECTIVE B4GALT7 CAUSES EDS, PROGEROID TYPE%REACTOME%R-HSA-3560783.4",0.24369747899159663,0.5130297638304755,0.12625398784911535,-0.4452905213844528,-1.184604385982337,18,
"DEFECTIVE BINDING OF RB1 MUTANTS TO E2F1,(E2F2, E2F3)%REACTOME DATABASE ID RELEASE 93%9661069",1.232496912455905e-4,0.00201998609014897,0.5188480777437918,-0.7520128905359216,-1.991232192533673,17,
DEFECTIVE CFTR CAUSES CYSTIC FIBROSIS%REACTOME DATABASE ID RELEASE 93%5678895,0.17289719626168223,0.44137967921168375,0.1619789488834018,-0.34491008412806484,-1.171206360114541,48,
DEFECTIVE HDR THROUGH HOMOLOGOUS RECOMBINATION REPAIR (HRR) DUE TO PALB2 LOSS OF BRCA1 BINDING FUNCTION%REACTOME%R-HSA-9704331.4,6.8193877940731174e-6,1.591954562347489e-4,0.610526878385931,-0.7411890054561262,-2.1477468662473886,25,
DEFECTIVE HDR THROUGH HOMOLOGOUS RECOMBINATION REPAIR (HRR) DUE TO PALB2 LOSS OF BRCA2 RAD51 RAD51C BINDING FUNCTION%REACTOME DATABASE ID RELEASE 93%9704646,6.8193877940731174e-6,1.591954562347489e-4,0.610526878385931,-0.7411890054561262,-2.1477468662473886,25,
DEFECTIVE HOMOLOGOUS RECOMBINATION REPAIR (HRR) DUE TO BRCA1 LOSS OF FUNCTION%REACTOME%R-HSA-9701192.4,6.8193877940731174e-6,1.591954562347489e-4,0.610526878385931,-0.7411890054561262,-2.1477468662473886,25,
DEFECTIVE HOMOLOGOUS RECOMBINATION REPAIR (HRR) DUE TO BRCA2 LOSS OF FUNCTION%REACTOME%R-HSA-9701190.3,1.14581821256725e-9,7.152995493284989e-8,0.7881868108002371,-0.7501114684258272,-2.4907496277202394,41,
DEFECTIVE HOMOLOGOUS RECOMBINATION REPAIR (HRR) DUE TO PALB2 LOSS OF FUNCTION%REACTOME DATABASE ID RELEASE 93%9701193,6.8193877940731174e-6,1.591954562347489e-4,0.610526878385931,-0.7411890054561262,-2.1477468662473886,25,
DEFECTIVE INTRINSIC PATHWAY FOR APOPTOSIS%REACTOME%R-HSA-9734009.2,0.0970464135021097,0.3199939901588852,0.2089550275493539,-0.49263240447623746,-1.3585059499644976,20,
DEFECTIVE PYROPTOSIS%REACTOME DATABASE ID RELEASE 93%9710421,4.42776727569271e-4,0.005707813221287401,0.49849310876659025,-0.630200655528694,-1.9171374053094663,29,
DEFECTIVE TPR MAY CONFER SUSCEPTIBILITY TOWARDS THYROID PAPILLARY CARCINOMA (TPC)%REACTOME DATABASE ID RELEASE 93%5619107,6.813252087792749e-4,0.008319654637313519,0.47727081536286214,-0.6416181124423521,-1.905085567142862,27,
DEFECTS IN TOLL-LIKE RECEPTOR CASCADES%REACTOME%R-HSA-5602358.5,0.15065913370998116,0.41261975330313194,0.1552419662288392,0.4672931364909254,1.293729833969127,21,
DEFECTS IN VITAMIN AND COFACTOR METABOLISM%REACTOME DATABASE ID RELEASE 93%3296482,0.6560509554140127,0.8738957344234607,0.06831108583186465,-0.3120752479497428,-0.8650249456916802,21,
DEFENSE RESPONSE TO BACTERIUM%GOBP%GO:0042742,0.012535903353845829,0.08652109196766139,0.3807304007227924,0.42830540313744025,1.5195754510799218,86,
DEFENSE RESPONSE TO GRAM-NEGATIVE BACTERIUM%GOBP%GO:0050829,0.11864406779661017,0.3619914556166755,0.17669426893849804,0.485955110044472,1.345396657343142,21,
DEFENSE RESPONSE TO GRAM-POSITIVE BACTERIUM%GOBP%GO:0050830,0.6316916488222698,0.8572667796548394,0.07061962471225905,-0.31315350297791883,-0.9129582720258453,26,
DEFENSE RESPONSE TO VIRUS%GOBP%GO:0051607,0.4073455759599332,0.678420869314565,0.08041999687615399,0.2630400545334796,1.0108867308577874,144,
DEGRADATION OF AXIN%REACTOME%R-HSA-4641257.3,0.15349887133182843,0.4168327121796866,0.16957064440562838,-0.3656686062548254,-1.2185052189529708,42,
DEGRADATION OF BETA CATENIN%PATHWAY INTERACTION DATABASE NCI-NATURE CURATED DATA%DEGRADATION OF BETA CATENIN,0.5681381957773513,0.8125034274746367,0.07045008506584192,0.35577423590986673,0.9219684402960576,17,
DEGRADATION OF BETA-CATENIN BY THE DESTRUCTION COMPLEX%REACTOME%R-HSA-195253.4,0.21923937360178972,0.4977792661003207,0.13880510939113969,-0.3125430979009704,-1.1307781558443566,70,
DEGRADATION OF CDH1%REACTOME DATABASE ID RELEASE 93%9766229,0.8256227758007118,0.9718559623620242,0.049093966819213915,0.24282638784659086,0.7943984746578081,52,
DEGRADATION OF CRY AND PER PROTEINS%REACTOME DATABASE ID RELEASE 93%9932298,0.07009345794392523,0.26637431760359,0.2616635217115731,-0.38224602605308106,-1.2979874971578114,48,
DEGRADATION OF DVL%REACTOME DATABASE ID RELEASE 93%4641258,0.14508928571428573,0.40487999569491284,0.1737478389995708,-0.3582976745972029,-1.2092224488178913,44,
DEGRADATION OF GLI1 BY THE PROTEASOME%REACTOME%R-HSA-5610780.2,0.08158508158508158,0.2907378335949764,0.24133997681509095,-0.38232077349622184,-1.2937020043897944,46,
DEGRADATION OF GLI2 BY THE PROTEASOME%REACTOME%R-HSA-5610783.2,0.012059026770975702,0.08417079489892086,0.3807304007227924,-0.47526309352099727,-1.6082014353496399,46,
DEGRADATION OF THE EXTRACELLULAR MATRIX%REACTOME%R-HSA-1474228.6,0.010120707192935232,0.07326820103047171,0.3807304007227924,0.4453634498517971,1.548372661001974,73,
DENDRITE DEVELOPMENT%GOBP%GO:0016358,0.9014336917562724,1,0.045405922659017876,0.22691744264131733,0.7481496693433882,55,
DENDRITE MORPHOGENESIS%GOBP%GO:0048813,0.7554744525547445,0.927195948397208,0.05434343902691621,0.2674851158429634,0.8235491251663136,37,
DENDRITIC SPINE DEVELOPMENT%GOBP%GO:0060996,0.6857749469214437,0.8907272027702962,0.06613262047584399,-0.3071503348780909,-0.8513738384977255,21,
DENDRITIC SPINE MORPHOGENESIS%GOBP%GO:0060997,0.8501070663811563,0.9831796129920285,0.05629407497009682,-0.2826516342051652,-0.7345628923073342,16,
DENDRITIC SPINE ORGANIZATION%GOBP%GO:0097061,0.15140186915887852,0.4128583530251015,0.15419096658142434,0.4408067821590274,1.2715117184203295,25,
DENGUE 2 INTERACTIONS WITH COMPLEMENT AND COAGULATION CASCADES%WIKIPATHWAYS_20250810%WP3896%HOMO SAPIENS,0.38333333333333336,0.6539146453791833,0.09624060232812902,-0.3665431038421711,-1.04861233940662,23,
DEOXYRIBONUCLEOTIDE CATABOLIC PROCESS%GOBP%GO:0009264,0.009186790497011734,0.06823771123181444,0.3807304007227924,-0.6143921539855407,-1.6942762782490106,20,
DEOXYRIBONUCLEOTIDE METABOLIC PROCESS%GOBP%GO:0009262,7.910464703313089e-6,1.8236739374111004e-4,0.5933254763964051,-0.6938416836331779,-2.1705324920446967,32,
DEOXYRIBOSE PHOSPHATE CATABOLIC PROCESS%GOBP%GO:0046386,0.01424873664139724,0.09458301168411358,0.3807304007227924,-0.5988568227922504,-1.623179361888065,19,
DEPHOSPHORYLATION%GOBP%GO:0016311,0.1780821917808219,0.45076294192904165,0.13427345288320233,0.317704482863926,1.1626088131228691,106,
DEPOSITION OF NEW CENPA-CONTAINING NUCLEOSOMES AT THE CENTROMERE%REACTOME DATABASE ID RELEASE 93%606279,1.6522866571462698e-10,1.240554684743875e-8,0.826657301178302,-0.7614168143032835,-2.543704583185148,43,
DEPURINATION%REACTOME DATABASE ID RELEASE 93%73927,0.00577222579987166,0.04851813395474575,0.40701791892395395,-0.5960858692614077,-1.717864030956491,24,
DEPYRIMIDINATION%REACTOME%R-HSA-73928.3,0.004145765191814411,0.036972506269214875,0.40701791892395395,-0.5674797327685481,-1.726333688962766,29,
DEREGULATED CDK5 TRIGGERS MULTIPLE NEURODEGENERATIVE PATHWAYS IN ALZHEIMER'S DISEASE MODELS%REACTOME DATABASE ID RELEASE 93%8862803,0.06092436974789916,0.24858216005227854,0.26635065708852557,-0.547290129682228,-1.4559534885465568,18,
DESIPRAMINE ACTION PATHWAY%PATHWHIZ%PW000425,0.2824858757062147,0.5577439678122704,0.10882012676916121,0.4078517549670615,1.1291627075883668,21,
DESMOSTEROLOSIS%PATHWHIZ%PW000097,3.8789317577938914e-4,0.005082864350543128,0.49849310876659025,-0.7175340885269536,-1.9888949541423213,21,
DETECTION OF ABIOTIC STIMULUS%GOBP%GO:0009582,0.3685152057245081,0.64124918172129175,0.08971046527429813,0.3234622630507459,1.0497465539608288,51,
DETECTION OF BIOTIC STIMULUS%GOBP%GO:0009595,0.5291902071563088,0.7879686151682699,0.07307443991269867,0.33897990615452905,0.9384867515953458,21,
DETECTION OF CHEMICAL STIMULUS%GOBP%GO:0009593,0.06981132075471698,0.2658476340734801,0.2343926472946861,0.47676221539703856,1.3906684717206463,27,
DETECTION OF EXTERNAL STIMULUS%GOBP%GO:0009581,0.1795774647887324,0.4524863466513366,0.13574094381042484,0.3685248892215787,1.1913811019671636,49,
DETECTION OF LIGHT STIMULUS%GOBP%GO:0009583,0.14258555133079848,0.4020842379504993,0.1608014010700223,0.4954068629858964,1.31538517220638,18,
DETECTION OF MECHANICAL STIMULUS%GOBP%GO:0050982,0.6242990654205608,0.8528658980763797,0.06450312496564929,0.30784882363990473,0.897003329049218,26,
DETECTION OF STIMULUS INVOLVED IN SENSORY PERCEPTION%GOBP%GO:0050906,0.17415730337078653,0.4440651571950849,0.1429011493869481,0.40899174125754395,1.2240799713972703,32,
DETECTION OF STIMULUS%GOBP%GO:0051606,0.18890814558058924,0.46606290268461537,0.13077713797197438,0.3271243582278319,1.1688028855173547,92,
DETERMINATION OF BILATERAL SYMMETRY%GOBP%GO:0009855,0.8949771689497716,1,0.056886416047570075,-0.2147286445449082,-0.7679494211093701,59,
DETERMINATION OF HEART LEFT/RIGHT ASYMMETRY%GOBP%GO:0061371,0.7441860465116279,0.9209877343507633,0.06197627360019979,-0.2730971410778258,-0.8457974883426405,31,
DETERMINATION OF LEFT/RIGHT SYMMETRY%GOBP%GO:0007368,0.8716216216216216,0.9935842695383114,0.0574877409561325,-0.2239557810128465,-0.7943758826494612,57,
DETOXIFICATION OF INORGANIC COMPOUND%GOBP%GO:0061687,0.08137044967880086,0.29073583177840356,0.23112670967383428,-0.5454144418832515,-1.4174381516051757,16,
DETOXIFICATION OF REACTIVE OXYGEN SPECIES%REACTOME%R-HSA-3299685.7,0.7536534446764092,0.9263934819960462,0.060771945185353275,-0.2908782202206609,-0.8233014677710063,22,
DETOXIFICATION%GOBP%GO:0098754,0.6705069124423964,0.8802779786223899,0.07130529873400379,-0.25573242756357123,-0.9097345380047306,58,
DEVELOPMENT OF PRIMARY FEMALE SEXUAL CHARACTERISTICS%GOBP%GO:0046545,0.3050847457627119,0.5830928267828095,0.10395847155995677,0.40182817542946137,1.1124860565816799,21,
DEVELOPMENT OF PRIMARY MALE SEXUAL CHARACTERISTICS%GOBP%GO:0046546,0.27824267782426776,0.5538196000776029,0.11673920479122178,-0.3912535326785431,-1.1275562891734603,24,
DEVELOPMENT OF PRIMARY SEXUAL CHARACTERISTICS%GOBP%GO:0045137,0.476303317535545,0.7443997840302358,0.0911073131586733,-0.2942360089890804,-0.9921220291232038,47,
DEVELOPMENT OF URETERIC DERIVED COLLECTING SYSTEM%WIKIPATHWAYS_20250810%WP5053%HOMO SAPIENS,0.5384615384615384,0.7943951958821847,0.07871138069864847,-0.30231742798549643,-0.9457341866776902,32,
DEVELOPMENTAL CELL GROWTH%GOBP%GO:0048588,0.8972125435540069,1,0.0443293451680314,0.22474770061164448,0.7277977270926901,48,
DEVELOPMENTAL CELL LINEAGES OF THE EXOCRINE PANCREAS%REACTOME%R-HSA-9820448.2,0.14285714285714285,0.4020842379504993,0.1608014010700223,0.5220549391483197,1.3185527668537627,15,
DEVELOPMENTAL CELL LINEAGES%REACTOME DATABASE ID RELEASE 93%9734767,0.24299065420560748,0.5127444264209476,0.11828752612408502,0.46402327974186575,1.199148138593942,16,
DEVELOPMENTAL GROWTH INVOLVED IN MORPHOGENESIS%GOBP%GO:0060560,0.8419182948490231,0.9810608318332996,0.048118399265797474,0.24490191865711497,0.7917175845293847,50,
DEVELOPMENTAL GROWTH%GOBP%GO:0048589,0.8516746411483254,0.9838883189727468,0.06143641072012707,-0.21689938557458854,-0.8380445993801042,107,
DEVELOPMENTAL MATURATION%GOBP%GO:0021700,0.04591836734693878,0.2176812704604026,0.27650059925447157,0.37504661355491764,1.353562573317974,97,
DEVELOPMENTAL PIGMENTATION%GOBP%GO:0048066,0.4406779661016949,0.7109195062894939,0.08266464491237528,0.36340616012257937,1.0061123403807422,21,
DEZOCINE ACTION PATHWAY%PATHWHIZ%PW000653,0.23106060606060605,0.4977792661003207,0.12267918956880833,0.436121700543469,1.1946677967471409,20,
DIACYLGLYCEROL METABOLIC PROCESS%GOBP%GO:0046339,0.950381679389313,1,0.04586203431179851,0.22605325902392392,0.605719183844353,19,
DIBUCAINE ACTION PATHWAY%SMPDB%SMP0000396,0.23106060606060605,0.4977792661003207,0.12267918956880833,0.436121700543469,1.1946677967471409,20,
DICARBOXYLIC ACID METABOLIC PROCESS%GOBP%GO:0043648,0.3424408014571949,0.6149324799276583,0.09497515259055948,0.3153099632310056,1.0649382233432352,61,
DICARBOXYLIC ACID TRANSPORT%GOBP%GO:0006835,0.26591760299625467,0.5421791567879599,0.11237851911047504,0.37649648719396367,1.1423062259585972,35,
DICLOFENAC ACTION PATHWAY%PATHWHIZ%PW000135,0.20373831775700935,0.4784319921631209,0.13077713797197438,0.4780504855616798,1.235397823648238,16,
DIFFERENTIATION OF WHITE AND BROWN ADIPOCYTE%WIKIPATHWAYS_20250810%WP2895%HOMO SAPIENS,0.11516314779270634,0.3558656558043806,0.18138312849840757,0.5136072245898611,1.3309835395159617,17,
DIFLUNISAL ACTION PATHWAY%SMPDB%SMP0000289,0.20373831775700935,0.4784319921631209,0.13077713797197438,0.4780504855616798,1.235397823648238,16,
DIGESTION%GOBP%GO:0007586,0.2966101694915254,0.5747456185375117,0.11331290842208036,-0.3584854099942776,-1.1004815799254208,30,
DIGESTIVE SYSTEM DEVELOPMENT%GOBP%GO:0055123,0.1343612334801762,0.38679327109629996,0.1797823162983236,-0.38515109359889454,-1.2348471858327377,37,
DIGESTIVE SYSTEM PROCESS%GOBP%GO:0022600,0.20342612419700215,0.4784319921631209,0.14122511964253093,-0.40729299915540196,-1.1802148387808153,25,
DIGESTIVE TRACT DEVELOPMENT%GOBP%GO:0048565,0.13626373626373625,0.3910544001453092,0.17821987495197314,-0.3889855776003892,-1.2441713982591927,36,
DIGESTIVE TRACT MORPHOGENESIS%GOBP%GO:0048546,0.25267665952890794,0.5269787989274071,0.12503336755527242,-0.4448300465638377,-1.156036640325809,16,
DIHYDROMORPHINE ACTION PATHWAY%PATHWHIZ%PW000666,0.23106060606060605,0.4977792661003207,0.12267918956880833,0.436121700543469,1.1946677967471409,20,
DIHYDROPYRIMIDINASE DEFICIENCY%SMPDB%SMP0000178,3.729045284081586e-5,7.023245965544845e-4,0.557332238758646,-0.7711379822810549,-2.051454931417729,18,
DIHYDROPYRIMIDINE DEHYDROGENASE DEFICIENCY (DHPD)%SMPDB%SMP0000179,0.004008623686920783,0.036038694505715,0.40701791892395395,0.6395092214137088,1.8024019040430992,23,
DILTIAZEM ACTION PATHWAY%SMPDB%SMP0000359,0.32532347504621073,0.5939852866765517,0.09889030075206362,0.3568782490434134,1.0841541550924358,34,
DIMETHYLGLYCINE DEHYDROGENASE DEFICIENCY%SMPDB%SMP0000242,0.004008623686920783,0.036038694505715,0.40701791892395395,0.6395092214137088,1.8024019040430992,23,
DIMETHYLGLYCINE DEHYDROGENASE DEFICIENCY%SMPDB%SMP0000484,0.004008623686920783,0.036038694505715,0.40701791892395395,0.6395092214137088,1.8024019040430992,23,
DIMETHYLTHIAMBUTENE ACTION PATHWAY%SMPDB%SMP0000680,0.23106060606060605,0.4977792661003207,0.12267918956880833,0.436121700543469,1.1946677967471409,20,
DIOL BIOSYNTHETIC PROCESS%GOBP%GO:0034312,0.0794979079497908,0.2870710913830762,0.23112670967383428,-0.5144209185908887,-1.394318953380114,19,
DIOL METABOLIC PROCESS%GOBP%GO:0034311,0.3426124197002141,0.6150418752356671,0.10473282158065095,-0.36797412554587344,-1.0727806606470258,26,
DIPHENOXYLATE ACTION PATHWAY%SMPDB%SMP0000675,0.23106060606060605,0.4977792661003207,0.12267918956880833,0.436121700543469,1.1946677967471409,20,
DIRECT P53 EFFECTORS%PATHWAY INTERACTION DATABASE NCI-NATURE CURATED DATA%DIRECT P53 EFFECTORS,0.12755102040816327,0.3757547557729349,0.1608014010700223,0.325861152616112,1.2100937168597978,115,
DISASSEMBLY OF THE DESTRUCTION COMPLEX AND RECRUITMENT OF AXIN TO THE MEMBRANE%REACTOME DATABASE ID RELEASE 93%4641262,0.32452830188679244,0.5939852866765517,0.10027910675413045,0.37341856972795984,1.0892252257096908,27,
DISEASES ASSOCIATED WITH GLYCOSAMINOGLYCAN METABOLISM%REACTOME%R-HSA-3560782.5,0.3269230769230769,0.5954885096814077,0.10755437526516934,-0.3485679688401697,-1.0904189239423119,32,
DISEASES ASSOCIATED WITH GLYCOSYLATION PRECURSOR BIOSYNTHESIS%REACTOME DATABASE ID RELEASE 93%5609975,0.9143468950749465,1,0.05291298484305835,-0.2642891347484324,-0.6868419203452941,16,
DISEASES ASSOCIATED WITH N-GLYCOSYLATION OF PROTEINS%REACTOME%R-HSA-3781860.5,0.9240506329113924,1,0.051740545987316304,-0.24918292556832944,-0.6871583840978628,20,
DISEASES ASSOCIATED WITH O-GLYCOSYLATION OF PROTEINS%REACTOME%R-HSA-3906995.5,0.323943661971831,0.5939852866765517,0.09624060232812902,0.33501846113265066,1.0830602628946933,49,
DISEASES OF CARBOHYDRATE METABOLISM%REACTOME DATABASE ID RELEASE 93%5663084,0.551923076923077,0.8021147306786858,0.07200331366198796,0.3257221224958806,0.9488177658386863,28,
DISEASES OF DNA DOUBLE-STRAND BREAK REPAIR%REACTOME%R-HSA-9675136.4,1.14581821256725e-9,7.152995493284989e-8,0.7881868108002371,-0.7501114684258272,-2.4907496277202394,41,
DISEASES OF DNA REPAIR%REACTOME%R-HSA-9675135.6,1.5972304327732892e-9,9.542163746761715e-8,0.7881868108002371,-0.7181934344753385,-2.4834909338955433,50,
DISEASES OF GLYCOSYLATION%REACTOME%R-HSA-3781865.4,0.9029126213592233,1,0.05934876803356285,-0.20759029195605216,-0.8093666569505638,116,
DISEASES OF IMMUNE SYSTEM%REACTOME%R-HSA-5260271.5,0.15065913370998116,0.41261975330313194,0.1552419662288392,0.4672931364909254,1.293729833969127,21,
DISEASES OF METABOLISM%REACTOME DATABASE ID RELEASE 93%5668914,0.8942065491183879,1,0.061570675542167844,-0.20235551788810216,-0.8504819446882144,200,
DISEASES OF MITOTIC CELL CYCLE%REACTOME%R-HSA-9675126.4,2.4107705072477285e-4,0.003629875593026661,0.5188480777437918,-0.6144957926388604,-1.9947658671540451,38,
DISEASES OF PROGRAMMED CELL DEATH%REACTOME%R-HSA-9645723.8,5.393697640248803e-4,0.006826283391622403,0.47727081536286214,-0.5412071126489298,-1.9135766023555107,55,
DISOPYRAMIDE ACTION PATHWAY%SMPDB%SMP0000325,0.32532347504621073,0.5939852866765517,0.09889030075206362,0.3568782490434134,1.0841541550924358,34,
DISORDERS OF DEVELOPMENTAL BIOLOGY%REACTOME DATABASE ID RELEASE 93%9675151,0.6638115631691649,0.8756260790522034,0.06815134386794833,-0.33040164133598304,-0.8586569328188763,16,
DISORDERS OF MITOCHONDRIAL HOMEOSTATIS DYNAMICS PROTEIN IMPORT AND QUALITY CONTROL%WIKIPATHWAYS_20250810%WP5504%HOMO SAPIENS,0.5,0.7650784907738915,0.07307443991269867,0.29955905328712495,0.9799975081438418,52,
DISORDERS OF TRANSMEMBRANE TRANSPORTERS%REACTOME%R-HSA-5619115.5,0.9952380952380953,1,0.05389790253573186,-0.17908598576221177,-0.708602354140053,123,
DISRUPTION OF ANATOMICAL STRUCTURE IN ANOTHER ORGANISM%GOBP%GO:0141060,0.44337811900191937,0.7128666418865899,0.0833634065110386,0.39158709369614597,1.0147753984821062,17,
DISRUPTION OF POSTSYNAPTIC SIGNALING BY CNV%WIKIPATHWAYS_20250810%WP4875%HOMO SAPIENS,0.6229166666666667,0.8520248645987198,0.06994587365016587,-0.31361074392739435,-0.8971826025524048,23,
DITERPENOID METABOLIC PROCESS%GOBP%GO:0016101,0.04725897920604915,0.22027759099732303,0.2878571172551493,0.4881093062179055,1.4535088369934441,31,
DNA BIOSYNTHETIC PROCESS%GOBP%GO:0071897,7.321203506614802e-8,2.607474787355887e-6,0.7049757151672383,-0.6407343327088655,-2.317463516905229,61,
DNA CATABOLIC PROCESS%GOBP%GO:0006308,0.19274809160305342,0.4722913389580056,0.13649043778041264,0.46144918714170213,1.2364724411760444,19,
DNA CONFORMATION CHANGE%GOBP%GO:0071103,0.0020320740067011527,0.021012651882905114,0.4317076958033464,-0.706567001117574,-1.8362458841228946,16,
DNA DAMAGE BYPASS%REACTOME%R-HSA-73893.3,2.538700107718145e-7,7.707659999170499e-6,0.674962860011025,-0.6693916855612604,-2.2730440065824347,48,
DNA DAMAGE CHECKPOINT SIGNALING%GOBP%GO:0000077,3.3137158978695515e-5,6.462443790674339e-4,0.557332238758646,-0.50489096635687,-1.8754329515390666,84,
DNA DAMAGE RECOGNITION IN GG-NER%REACTOME DATABASE ID RELEASE 93%5696394,0.17035398230088494,0.43920497710613304,0.15851410542482433,-0.3723689907724165,-1.2087779309108362,38,
DNA DAMAGE RESPONSE ONLY ATM DEPENDENT %WIKIPATHWAYS_20250810%WP710%HOMO SAPIENS,0.789598108747045,0.9516930464472222,0.06450312496564929,-0.2341126272513287,-0.8532185388781753,76,
DNA DAMAGE RESPONSE%WIKIPATHWAYS_20250810%WP707%HOMO SAPIENS,6.112836863676426e-4,0.0076150048463197815,0.47727081536286214,-0.5378374598390886,-1.9016623303064726,55,
"DNA DAMAGE RESPONSE, SIGNAL TRANSDUCTION BY P53 CLASS MEDIATOR%GOBP%GO:0030330",0.06652360515021459,0.2596445315657586,0.25720646646883816,-0.4323040474162106,-1.3604369592330705,33,
DNA DAMAGE TELOMERE STRESS INDUCED SENESCENCE%REACTOME%R-HSA-2559586.5,6.539605738162285e-4,0.008056330261913448,0.47727081536286214,-0.5547460316629427,-1.8705248228197286,47,
DNA DOUBLE STRAND BREAK RESPONSE%REACTOME%R-HSA-5693606.4,0.004482801511768096,0.03928461387915385,0.40701791892395395,-0.48355050855835235,-1.704091715723601,54,
DNA DOUBLE-STRAND BREAK PROCESSING%GOBP%GO:0000729,0.05405405405405406,0.23797490041547095,0.28201335001172506,-0.5560796388242946,-1.4724264602037975,17,
DNA DOUBLE-STRAND BREAK REPAIR%REACTOME DATABASE ID RELEASE 93%5693532,1.3909237133589364e-19,5.9445939626325e-17,1.142191202168377,-0.660195710707567,-2.641857800723956,144,
DNA INTEGRITY CHECKPOINT SIGNALING%GOBP%GO:0031570,1.2621790766931215e-7,4.1250982059452835e-6,0.6901324587967956,-0.5592345841229436,-2.1349589055452283,93,
DNA IR DAMAGE AND CELLULAR RESPONSE VIA ATR%WIKIPATHWAYS_20250810%WP4016%HOMO SAPIENS,9.872336626212737e-11,7.949377144237386e-9,0.8390889356212738,-0.6860291340198807,-2.492979834024319,68,
DNA IR DOUBLE STRAND BREAKS AND CELLULAR RESPONSE VIA ATM%WIKIPATHWAYS_20250810%WP3959%HOMO SAPIENS,3.119944805824904e-5,6.146955085518855e-4,0.557332238758646,-0.6299953308768571,-2.126177619218905,44,
DNA METHYLATION%REACTOME DATABASE ID RELEASE 93%5334118,0.003246034108395994,0.030619635834037595,0.4317076958033464,-0.6509446702462062,-1.7950751911404248,20,
DNA METHYLATION-DEPENDENT CONSTITUTIVE HETEROCHROMATIN FORMATION%GOBP%GO:0006346,0.0994263862332696,0.324792256687525,0.19578900214894943,0.49181130136626466,1.3717517027302293,22,
DNA MISMATCH REPAIR%WIKIPATHWAYS_20250810%WP531%HOMO SAPIENS,5.1384230947626774e-5,9.209380230484333e-4,0.557332238758646,-0.7653966467780218,-2.036181282211939,18,
DNA MODIFICATION%GOBP%GO:0006304,0.024778732112841227,0.1393427486021719,0.35248785758361917,-0.5463985932603089,-1.5631457831870392,23,
DNA RECOMBINATION%GOBP%GO:0006310,3.663112527284641e-20,2.227708169460203e-17,1.1601795718302144,-0.6333318146609066,-2.614697050632373,177,
DNA REPAIR PATHWAYS FULL NETWORK%WIKIPATHWAYS_20250810%WP4946%HOMO SAPIENS,2.0351318229974495e-14,3.3256448260511263e-12,0.9759946830643197,-0.677433907763369,-2.6018219037473864,95,
DNA REPAIR-DEPENDENT CHROMATIN REMODELING%GOBP%GO:0140861,0.35564853556485354,0.6297332991661904,0.10099058745592349,-0.3683760700424602,-1.061625569777656,24,
DNA REPLICATION CHECKPOINT SIGNALING%GOBP%GO:0000076,3.6549643915125e-5,7.023245965544845e-4,0.557332238758646,-0.771083146562991,-2.0899924692599723,19,
DNA REPLICATION INITIATION%GOBP%GO:0006270,3.0568878170123977e-10,2.205723209262452e-8,0.8140358378479079,-0.8570838047912861,-2.470035804724971,24,
DNA REPLICATION PRE-INITIATION%REACTOME%R-HSA-69002.4,4.2784107847430736e-11,3.6570538953896178e-9,0.851339057116899,-0.6126518923999352,-2.357723059890043,105,
DNA REPLICATION%GOBP%GO:0006260,1.7666493424087666e-31,4.907751873211553e-28,1.4604515308413264,-0.7419141923977868,-2.989553875483057,149,
DNA REPLICATION%PANTHER PATHWAY%P00017,4.933906589765619e-7,1.4057838468070654e-5,0.6594443980379349,-0.8586741634672228,-2.187221314454202,15,
DNA REPLICATION%REACTOME%R-HSA-69306.9,1.5055121187306954e-21,1.394104221944624e-18,1.2039752407526414,-0.6827290875081092,-2.7308021506800846,138,
DNA REPLICATION%WIKIPATHWAYS_20250810%WP466%HOMO SAPIENS,5.207194739532986e-13,6.575266812010288e-11,0.9214260034948982,-0.8565062637101399,-2.6793931798504094,32,
DNA STRAND ELONGATION INVOLVED IN DNA REPLICATION%GOBP%GO:0006271,9.777268955592501e-9,5.029861696043698e-7,0.7477396631498854,-0.8972056633640403,-2.2853690420065353,15,
DNA STRAND ELONGATION%GOBP%GO:0022616,2.250308615159693e-8,1.116313809448862e-6,0.7337619883564803,-0.8482031886241194,-2.339044423498347,20,
DNA STRAND ELONGATION%REACTOME DATABASE ID RELEASE 93%69190,2.227385575143366e-16,4.950141702198617e-14,1.0376961554875836,-0.8943320998859576,-2.7977230645994178,32,
DNA SYNTHESIS INVOLVED IN DNA REPAIR%GOBP%GO:0000731,1.0815525420694438e-8,5.462823567034391e-7,0.7477396631498854,-0.7650063805254336,-2.446874930446214,36,
DNA-TEMPLATED DNA REPLICATION MAINTENANCE OF FIDELITY%GOBP%GO:0045005,1.5565422391273395e-11,1.4565828089749975e-9,0.8634153916066928,-0.7428937235474714,-2.6266913612041853,55,
DNA-TEMPLATED DNA REPLICATION%GOBP%GO:0006261,1.3173785836758508e-25,2.4397851369676757e-22,1.3110147627406066,-0.7467004811464344,-2.925242265782006,119,
DNA-TEMPLATED TRANSCRIPTION ELONGATION%GOBP%GO:0006354,0.9380530973451328,1,0.053238649475589886,-0.21275971664316481,-0.6906570000139531,38,
DNA-TEMPLATED TRANSCRIPTION INITIATION%GOBP%GO:0006352,0.699228791773779,0.8963116795633415,0.07473852274390924,-0.22767517937598203,-0.919905549677756,157,
DNA-TEMPLATED TRANSCRIPTION TERMINATION%GOBP%GO:0006353,0.9958071278825996,1,0.04802204159682506,-0.1919125787501864,-0.4888411700421461,15,
DOBUTAMINE ACTION PATHWAY%PATHWHIZ%PW000639,0.32532347504621073,0.5939852866765517,0.09889030075206362,0.3568782490434134,1.0841541550924358,34,
DOLICHOL-LINKED OLIGOSACCHARIDE BIOSYNTHETIC PROCESS%GOBP%GO:0006488,0.3598326359832636,0.6336704042862163,0.10027910675413045,-0.3878006004867942,-1.0511192446684918,19,
DOPAMINE NEUROTRANSMITTER RELEASE CYCLE%REACTOME%R-HSA-212676.5,0.29389312977099236,0.5719335303003971,0.10714023727672473,0.4212626909610817,1.1287910400177739,19,
DOPAMINERGIC NEURON DIFFERENTIATION%GOBP%GO:0071542,0.2742857142857143,0.5507522329495587,0.11146266692298015,0.46702821178670173,1.1795719083794873,15,
DORSAL/VENTRAL PATTERN FORMATION%GOBP%GO:0009953,0.3019271948608137,0.5799498963372495,0.11284335567556247,-0.3762045636147884,-1.0967754314094724,26,
DOUBLE-STRAND BREAK REPAIR VIA HOMOLOGOUS RECOMBINATION%GOBP%GO:0000724,5.311391427291923e-15,1.0539318132154973e-12,0.9969862175331805,-0.6548947612666935,-2.5525933506270815,115,
DOUBLE-STRAND BREAK REPAIR VIA NONHOMOLOGOUS END JOINING%GOBP%GO:0006303,0.008244412987074224,0.0627478884331293,0.3807304007227924,-0.4886581094999946,-1.6535276645848227,46,
DOUBLE-STRAND BREAK REPAIR%GOBP%GO:0006302,3.522271231235564e-21,2.7956769943921135e-18,1.1866509527928102,-0.6189009558976706,-2.601184756584264,200,
DOWNREGULATION OF ERBB2 SIGNALING%REACTOME%R-HSA-8863795.3,0.08778625954198473,0.3021959506766655,0.2089550275493539,0.4818634174032196,1.372014791768543,24,
DOWNREGULATION OF SMAD2 3:SMAD4 TRANSCRIPTIONAL ACTIVITY%REACTOME DATABASE ID RELEASE 93%2173795,0.5269230769230769,0.786679126667233,0.07436253844225256,0.330952435311874,0.964053494019142,28,
DOWNREGULATION OF TGF-BETA RECEPTOR SIGNALING%REACTOME DATABASE ID RELEASE 93%2173788,0.34205607476635513,0.6144402041389813,0.09656295543094219,0.37426845272660486,1.079581219567625,25,
DOWNSTREAM SIGNAL TRANSDUCTION%REACTOME DATABASE ID RELEASE 93%186763,0.09345794392523364,0.31205068296189786,0.19991523130966152,0.4672192989913647,1.3476988961692764,25,
DOWNSTREAM SIGNALING EVENTS OF B CELL RECEPTOR (BCR)%REACTOME%R-HSA-1168372.5,0.5155555555555555,0.7771988983749546,0.083129129135339,-0.267425605329387,-0.9689510915770986,65,
DOWNSTREAM SIGNALING IN NAIVE CD8+ T CELLS%PATHWAY INTERACTION DATABASE NCI-NATURE CURATED DATA%DOWNSTREAM SIGNALING IN NAIVE CD8+ T CELLS,0.3867924528301887,0.6579972038960589,0.08998607949971373,0.35680481912980566,1.0564981329943897,30,
DOWNSTREAM SIGNALING OF ACTIVATED FGFR1%REACTOME%R-HSA-5654687.4,0.7308411214953271,0.9140354089655409,0.05700595265823873,0.3110041385793644,0.8037097493899922,16,
DOWNSTREAM TCR SIGNALING%REACTOME%R-HSA-202424.6,0.0947136563876652,0.31510723047297473,0.21654283673534816,-0.3476728945883545,-1.2622005284265845,66,
DRAVET SYNDROME%WIKIPATHWAYS_20250810%WP5200%HOMO SAPIENS,0.43333333333333335,0.7040903453390754,0.08916471178206781,-0.355479705097676,-1.0169619923733593,23,
DRUG ADME%REACTOME%R-HSA-9748784.5,0.293598233995585,0.5717601780860394,0.11673920479122178,-0.3362128950070714,-1.104164375191086,39,
DUAL INCISION IN GG-NER%REACTOME DATABASE ID RELEASE 93%5696400,1.93960238731211e-6,5.012293425072597e-5,0.6272567397185284,-0.6645278154267561,-2.206568594874915,41,
DUAL INCISION IN TC-NER%REACTOME%R-HSA-6782135.4,0.001042290726372108,0.012140392611579523,0.45505986738722953,-0.4945055104349625,-1.7946603870244742,63,
DYRK1A INVOLVEMENT REGARDING CELL PROLIFERATION IN BRAIN DEVELOPMENT%WIKIPATHWAYS_20250810%WP5180%HOMO SAPIENS,0.14285714285714285,0.4020842379504993,0.17821987495197314,-0.35087981495652015,-1.203418871443696,49,
E-CADHERIN SIGNALING IN KERATINOCYTES%PATHWAY INTERACTION DATABASE NCI-NATURE CURATED DATA%E-CADHERIN SIGNALING IN KERATINOCYTES,0.6875,0.8915157441398857,0.060509298865666666,0.30521240561504215,0.8360680784781863,20,
E-CADHERIN SIGNALING IN THE NASCENT ADHERENS JUNCTION%PATHWAY INTERACTION DATABASE NCI-NATURE CURATED DATA%E-CADHERIN SIGNALING IN THE NASCENT ADHERENS JUNCTION,0.7322097378277154,0.9145533750817617,0.05700595265823873,0.27527377135943065,0.835192235684749,35,
E2F MEDIATED REGULATION OF DNA REPLICATION%REACTOME DATABASE ID RELEASE 93%113510,3.70928445677914e-5,7.023245965544845e-4,0.557332238758646,-0.7645219739897199,-2.1191381994417435,21,
E2F TRANSCRIPTION FACTOR NETWORK%PATHWAY INTERACTION DATABASE NCI-NATURE CURATED DATA%E2F TRANSCRIPTION FACTOR NETWORK,1.064980145149804e-8,5.428467602249827e-7,0.7477396631498854,-0.6449206229376047,-2.3435945032084566,68,
E3 UBIQUITIN LIGASES UBIQUITINATE TARGET PROTEINS%REACTOME%R-HSA-8866654.5,0.02743370590683659,0.1495796565440472,0.35248785758361917,-0.44218044744238083,-1.5290464652761124,50,
EAR DEVELOPMENT%GOBP%GO:0043583,0.06451612903225806,0.2553914590747331,0.2377938344236881,0.4123383393230037,1.3594847034731068,55,
EAR MORPHOGENESIS%GOBP%GO:0042471,0.1791044776119403,0.451704256746228,0.14040623852334236,0.40708466722444125,1.2266306104971918,33,
EARLY ENDOSOME TO LATE ENDOSOME TRANSPORT%GOBP%GO:0045022,0.8160919540229885,0.9661638390265765,0.05302125120430776,0.2746582192762713,0.7741006396909893,23,
EARLY SARS-COV-2 INFECTION EVENTS%REACTOME%R-HSA-9772572.3,0.5823970037453183,0.8231487542124113,0.06799225915440577,0.31161513907316,0.9326394937726493,32,
EBOLA VIRUS INFECTION IN HOST%WIKIPATHWAYS_20250810%WP4217%HOMO SAPIENS,0.08900523560209424,0.30434965034965034,0.19782202131510335,0.3606984638450399,1.2797142573643345,86,
EBSTEIN BARR VIRUS LMP1 SIGNALING%WIKIPATHWAYS_20250810%WP262%HOMO SAPIENS,0.6934579439252336,0.8930876357806398,0.05947602869573201,0.32203332727713696,0.8322118346829817,16,
ECM PROTEOGLYCANS%REACTOME DATABASE ID RELEASE 93%3000178,0.6780575539568345,0.8854282356891052,0.058718587955594134,0.2812255983674974,0.8809980664139246,41,
ECTODERM DIFFERENTIATION%WIKIPATHWAYS_20250810%WP2858%HOMO SAPIENS,0.7111111111111111,0.9041037376048818,0.054120056962023176,0.24401484825047198,0.8796360270302375,96,
EFFECT OF DASATINIB ON THE BCR ABL SIGNALING PATHWAY%WIKIPATHWAYS_20250810%WP5493%HOMO SAPIENS,0.5904936014625228,0.8291085291194786,0.06613262047584399,0.3034114556101192,0.9297065604954752,36,
EFFECT OF OMEGA 3 PUFA ON HUNTINGTON 39 S DISEASE PATHWAYS%WIKIPATHWAYS_20250810%WP5470%HOMO SAPIENS,0.8014018691588785,0.9587831147818107,0.06321911708594577,-0.22959789611043482,-0.8559076222296061,85,
EFFECT OF PROGERIN ON GENES INVOLVED IN PROGERIA%WIKIPATHWAYS_20250810%WP4320%HOMO SAPIENS,0.05353319057815846,0.23678774015599244,0.2878571172551493,-0.5758966885911055,-1.4966562582639689,16,
EFFECTS OF MFN2 MUTATION%WIKIPATHWAYS_20250810%WP5443%HOMO SAPIENS,0.2480916030534351,0.5197575213291423,0.11828752612408502,0.4380046290703162,1.1736517650136693,19,
EFFECTS OF PIP2 HYDROLYSIS%REACTOME DATABASE ID RELEASE 93%114508,0.15134099616858238,0.4128583530251015,0.1563124030731863,0.45610383917560066,1.2854895608137789,23,
EGF EGFR SIGNALING%WIKIPATHWAYS_20250810%WP437%HOMO SAPIENS,0.5042158516020236,0.7685660552814385,0.06994587365016587,0.2618060100575835,0.9725101861676654,114,
EGF RECEPTOR (ERBB1) SIGNALING PATHWAY%PATHWAY INTERACTION DATABASE NCI-NATURE CURATED DATA%EGF RECEPTOR (ERBB1) SIGNALING PATHWAY,0.19101123595505617,0.46958337476384604,0.13574094381042484,0.4014174849783414,1.2014108207168817,32,
EGF RECEPTOR SIGNALING PATHWAY%PANTHER PATHWAY%P00018,0.7517123287671232,0.9248097568390063,0.05163559644842005,0.2408866048474825,0.8461147592967548,77,
EGF SIGNALLING PATHWAY%SMPDB%SMP0063810,0.05420560747663551,0.23802559391369843,0.26635065708852557,0.5153299250350136,1.48647449416579,25,
EGFR DOWNREGULATION%REACTOME%R-HSA-182971.8,0.44672897196261685,0.715057915057915,0.0815265143256594,0.34676254544753976,1.0002401457760315,25,
EGFR TYROSINE KINASE INHIBITOR RESISTANCE%WIKIPATHWAYS_20250810%WP4806%HOMO SAPIENS,0.20833333333333334,0.48370246552444635,0.12687572992985735,0.3374824703104828,1.1521324013445573,65,
EGR2 AND SOX10-MEDIATED INITIATION OF SCHWANN CELL MYELINATION%REACTOME%R-HSA-9619665.3,0.893305439330544,1,0.05291298484305835,-0.2524339650335644,-0.7274912073661607,24,
ELASTIC FIBRE FORMATION%REACTOME%R-HSA-1566948.4,0.6709401709401709,0.8803380816295006,0.0675188953767744,-0.27555008726150554,-0.8821680914882326,35,
ELECTRON TRANSPORT CHAIN OXPHOS SYSTEM IN MITOCHONDRIA%WIKIPATHWAYS_20250810%WP111%HOMO SAPIENS,0.26401869158878505,0.5396938375523508,0.1281429168984153,-0.30670532458782396,-1.113957373053579,74,
ELECTRON TRANSPORT CHAIN%GOBP%GO:0022900,0.015253290523080337,0.09935203065209186,0.3807304007227924,-0.38166552285592004,-1.440350497774552,89,
EMBRYO DEVELOPMENT ENDING IN BIRTH OR EGG HATCHING%GOBP%GO:0009792,0.009305536091157196,0.06893541136329251,0.3807304007227924,-0.35085534902704263,-1.428715399920744,162,
EMBRYONIC APPENDAGE MORPHOGENESIS%GOBP%GO:0035113,0.1987179487179487,0.4783695507265698,0.1429011493869481,-0.37982905875900835,-1.188212430740965,32,
EMBRYONIC CRANIAL SKELETON MORPHOGENESIS%GOBP%GO:0048701,0.030893708376280433,0.16409698254169605,0.35248785758361917,-0.5989032570416148,-1.5255308996466226,15,
EMBRYONIC DIGESTIVE TRACT DEVELOPMENT%GOBP%GO:0048566,0.007177043578996684,0.05787467942656832,0.40701791892395395,-0.6648784193045761,-1.7279044435405317,16,
EMBRYONIC DIGIT MORPHOGENESIS%GOBP%GO:0042733,0.38784067085953877,0.6580685121295264,0.09592067779217453,-0.41274328672925076,-1.0513428172647696,15,
EMBRYONIC EPITHELIAL TUBE FORMATION%GOBP%GO:0001838,0.46511627906976744,0.7326867157674023,0.08603472424556043,-0.3217475884171496,-0.9964707103468933,31,
EMBRYONIC EYE MORPHOGENESIS%GOBP%GO:0048048,0.7523809523809524,0.9250564581449447,0.05652995250563114,0.3099735290930443,0.7828993153552742,15,
EMBRYONIC HEART TUBE DEVELOPMENT%GOBP%GO:0035050,0.7659176029962547,0.9334148283060301,0.05490737032909582,0.27134243103320715,0.8232643832777393,35,
EMBRYONIC HEART TUBE MORPHOGENESIS%GOBP%GO:0003143,0.6865671641791045,0.8909269754217095,0.05986031177644726,0.2894746188780175,0.8722471197423319,33,
EMBRYONIC LIMB MORPHOGENESIS%GOBP%GO:0030326,0.1987179487179487,0.4783695507265698,0.1429011493869481,-0.37982905875900835,-1.188212430740965,32,
EMBRYONIC ORGAN DEVELOPMENT%GOBP%GO:0048568,0.3308270676691729,0.6000186156629325,0.11724971674979229,-0.2550868858822382,-1.0402757247851595,163,
EMBRYONIC ORGAN MORPHOGENESIS%GOBP%GO:0048562,0.5168269230769231,0.7778286317353822,0.08730982576379309,-0.2503414493228707,-0.9742909155858666,111,
EMBRYONIC PATTERN SPECIFICATION%GOBP%GO:0009880,0.3284518828451883,0.5969508214222656,0.10592029273625286,-0.3781474283318229,-1.089785715495728,24,
EMBRYONIC PLACENTA DEVELOPMENT%GOBP%GO:0001892,0.1111111111111111,0.3477934272300469,0.19381330272531053,-0.5348591453362367,-1.362397254607545,15,
EMBRYONIC SKELETAL SYSTEM DEVELOPMENT%GOBP%GO:0048706,0.07432432432432433,0.27584899528787304,0.24891111443470243,-0.36867467362299355,-1.3035438981446834,55,
EMBRYONIC SKELETAL SYSTEM MORPHOGENESIS%GOBP%GO:0048704,0.09933774834437085,0.324792256687525,0.2114001893849227,-0.39606577195444376,-1.300728562524217,39,
EMBRYONIC STEM CELL PLURIPOTENCY PATHWAYS%WIKIPATHWAYS_20250810%WP3931%HOMO SAPIENS,0.9225352112676056,1,0.05676723874874463,-0.20708902887013364,-0.7553805755583125,75,
EML4 AND NUDC IN MITOTIC SPINDLE FORMATION%REACTOME DATABASE ID RELEASE 93%9648025,1.4363548051004514e-13,1.995096824284527e-11,0.9436322252328375,-0.6673632802493965,-2.5631436224419173,95,
ENDOCARDIAL CUSHION DEVELOPMENT%GOBP%GO:0003197,0.8150943396226416,0.9656744006400529,0.052375908409799665,0.26481216560710713,0.7841081273521929,30,
ENDOCARDIAL CUSHION FORMATION%GOBP%GO:0003272,0.5674518201284796,0.8119398178299853,0.07608371609517249,-0.3566122526766844,-0.9267737952234071,16,
ENDOCARDIAL CUSHION MORPHOGENESIS%GOBP%GO:0003203,0.7949790794979079,0.95418098200267365,0.058345277674361214,-0.2809283671963222,-0.8096094240245463,24,
ENDOCHONDRAL BONE MORPHOGENESIS%GOBP%GO:0060350,0.0088169167016475,0.06619836377615339,0.3807304007227924,-0.6519173382401184,-1.6605687676725644,15,
ENDOCHONDRAL OSSIFICATION WITH SKELETAL DYSPLASIAS%WIKIPATHWAYS_20250810%WP4808%HOMO SAPIENS,0.5054744525547445,0.7694290570942907,0.07380527241712746,0.31918803094074516,0.9827351432860074,37,
ENDOCHONDRAL OSSIFICATION%WIKIPATHWAYS_20250810%WP474%HOMO SAPIENS,0.5054744525547445,0.7694290570942907,0.07380527241712746,0.31918803094074516,0.9827351432860074,37,
ENDOCRINE PROCESS%GOBP%GO:0050886,0.7561904761904762,0.9278023419568755,0.05629407497009682,0.30820299099180604,0.7784274719971473,15,
ENDOCRINE SYSTEM DEVELOPMENT%GOBP%GO:0035270,0.33403805496828753,0.6042441361556063,0.10552093684319848,-0.35298589855426704,-1.0932175461056497,31,
ENDOCYTIC RECYCLING%GOBP%GO:0032456,0.21715328467153286,0.4942661407763362,0.12443416863039332,0.3351537434816419,1.1490387163844247,69,
ENDODERM DEVELOPMENT%GOBP%GO:0007492,0.424408014571949,0.6959890581351088,0.08289621345715653,0.3243232124697367,1.0077861705685907,39,
ENDODERM DIFFERENTIATION%WIKIPATHWAYS_20250810%WP2853%HOMO SAPIENS,0.7440191387559809,0.9209877343507633,0.06799225915440577,-0.22805431110213986,-0.878027427691537,104,
ENDODERM FORMATION%GOBP%GO:0001706,0.5970425138632163,0.8332499892047298,0.06613262047584399,0.2996369910867473,0.9102619444497854,34,
ENDODERMAL CELL DIFFERENTIATION%GOBP%GO:0035987,0.3326923076923077,0.6023685450466606,0.09992769737310925,0.37339413494886686,1.087684760816126,28,
ENDOGENOUS TLR SIGNALING%PATHWAY INTERACTION DATABASE NCI-NATURE CURATED DATA%ENDOGENOUS TLR SIGNALING,0.08396946564885496,0.2945345848980905,0.21392785549235627,0.5244371729995756,1.4052513897767938,19,
ENDOGENOUS_CANNABINOID_SIGNALING%PANTHER PATHWAY%P05730,0.7658227848101266,0.9334148283060301,0.060509298865666666,-0.2913671455312681,-0.8034875441237692,20,
ENDOLYSOSOMAL TOLL-LIKE RECEPTOR SIGNALING PATHWAY%GOBP%GO:0140894,0.2953271028037383,0.5739200360886919,0.10552093684319848,0.440664002274368,1.138782128273012,16,
ENDOMETRIAL CANCER%WIKIPATHWAYS_20250810%WP4155%HOMO SAPIENS,0.9483985765124555,1,0.04275914347386776,0.210154779160768,0.6875143903752075,52,
ENDOPLASMIC RETICULUM CALCIUM ION HOMEOSTASIS%GOBP%GO:0032469,0.8625954198473282,0.9891806300664099,0.050294806366235845,0.26920944804452374,0.7213580014586737,19,
ENDOPLASMIC RETICULUM MEMBRANE ORGANIZATION%GOBP%GO:0090158,0.9504761904761905,1,0.04577044581080999,0.2415410387943137,0.6100595572001485,15,
ENDOPLASMIC RETICULUM ORGANIZATION%GOBP%GO:0007029,1,1,0.038955647996588516,0.15823158081732963,0.5564951609211097,79,
ENDOPLASMIC RETICULUM STRESS RESPONSE IN CORONAVIRUS INFECTION%WIKIPATHWAYS_20250810%WP4861%HOMO SAPIENS,0.02199285760306919,0.12889484899013967,0.35248785758361917,0.5254561901603192,1.5942562491410162,35,
ENDOPLASMIC RETICULUM TO CYTOSOL TRANSPORT%GOBP%GO:1903513,0.2366412213740458,0.5041551970451933,0.12154328203546907,0.44176205704249627,1.1837199507787857,19,
ENDOPLASMIC RETICULUM TO GOLGI VESICLE-MEDIATED TRANSPORT%GOBP%GO:0006888,0.9846678023850085,1,0.03903552981123929,0.18995241076185204,0.6956718580130722,105,
ENDOPLASMIC RETICULUM TUBULAR NETWORK ORGANIZATION%GOBP%GO:0071786,0.9578059071729957,1,0.05009228744021063,-0.23315024393237815,-0.642945918173127,20,
ENDOPLASMIC RETICULUM UNFOLDED PROTEIN RESPONSE%GOBP%GO:0030968,0.026440328085946836,0.14675570713838224,0.35248785758361917,0.45329240721003117,1.465401217310593,50,
ENDOSOMAL SORTING COMPLEX REQUIRED FOR TRANSPORT (ESCRT)%REACTOME%R-HSA-917729.3,0.779245283018868,0.9442719285611407,0.054455595394037055,0.2727985916054361,0.8077559137725406,30,
ENDOSOME ORGANIZATION%GOBP%GO:0007032,0.4204152249134948,0.6925072604860294,0.08063884959506612,0.2905222430701485,1.022434509010911,80,
ENDOSOME TO LYSOSOME TRANSPORT VIA MULTIVESICULAR BODY SORTING PATHWAY%GOBP%GO:0032510,0.12476007677543186,0.37094508319169,0.1737478389995708,0.5077530278045677,1.3158127257398609,17,
ENDOSOME TO LYSOSOME TRANSPORT%GOBP%GO:0008333,0.025154016768823062,0.14088277940280336,0.35248785758361917,0.43538476891047845,1.46263014588852,58,
ENDOSOME TRANSPORT VIA MULTIVESICULAR BODY SORTING PATHWAY%GOBP%GO:0032509,0.41681901279707495,0.6888356396670873,0.08407455779107234,0.3276694874280177,1.0201143919080191,40,
ENDOTHELIAL CELL DEVELOPMENT%GOBP%GO:0001885,0.25103734439834025,0.5247417176362598,0.12325722638133735,-0.3762742344127835,-1.1382966734213826,28,
ENDOTHELIAL CELL DIFFERENTIATION%GOBP%GO:0045446,0.2582897033158813,0.5328843637664451,0.10968406197054928,0.35311176921046733,1.1363880243982516,46,
ENDOTHELIAL CELL MIGRATION%GOBP%GO:0043542,0.42857142857142855,0.6995131777740473,0.09374654224917187,-0.3015153192589495,-1.0175871030151014,44,
ENDOTHELIN PATHWAYS%WIKIPATHWAYS_20250810%WP2197%HOMO SAPIENS,0.003411615149594271,0.03185703154814415,0.4317076958033464,-0.6594078276278844,-1.7873006303617511,19,
ENDOTHELINS%PATHWAY INTERACTION DATABASE NCI-NATURE CURATED DATA%ENDOTHELINS,0.6411149825783972,0.8637329881681801,0.05986031177644726,0.2780419670172555,0.9003798974620288,48,
ENDOTHELIUM DEVELOPMENT%GOBP%GO:0003158,0.3489208633093525,0.6218736181928992,0.09314545753378035,0.3258190644314109,1.0773745720084087,56,
ENERGY DEPENDENT REGULATION OF MTOR BY LKB1-AMPK%REACTOME%R-HSA-380972.4,0.5903846153846154,0.8291085291194786,0.06863256318367258,0.31591017295578594,0.9202358814710616,28,
ENERGY DERIVATION BY OXIDATION OF ORGANIC COMPOUNDS%GOBP%GO:0015980,0.9974811083123426,1,0.056411838821759604,-0.1774898404974875,-0.7459737509711843,200,
ENERGY HOMEOSTASIS%GOBP%GO:0097009,0.2532347504621072,0.527746539222606,0.1147507192270233,0.37452967073827353,1.137777098561438,34,
ENERGY METABOLISM%WIKIPATHWAYS_20250810%WP1541%HOMO SAPIENS,0.9845132743362832,1,0.05101141320391501,-0.1888397045749649,-0.613008260694431,38,
ENERGY RESERVE METABOLIC PROCESS%GOBP%GO:0006112,0.34552102376599636,0.619063143516245,0.09466462231533423,0.3529721765196217,1.0815694072024176,36,
ENKEPHALIN RELEASE%PANTHER PATHWAY%P05913,0.14989293361884368,0.41261975330313194,0.16693384871319314,-0.4235239640074143,-1.2347289832776023,26,
ENSHEATHMENT OF NEURONS%GOBP%GO:0007272,0.6394316163410302,0.8625827969828921,0.060903934745241806,0.28142092838721944,0.909776039650775,50,
ENTEROCYTE CHOLESTEROL METABOLISM%WIKIPATHWAYS_20250810%WP5333%HOMO SAPIENS,8.262858019860733e-4,0.009980095469205703,0.47727081536286214,-0.6361283216833589,-1.8887853397353447,27,
ENTRAINMENT OF CIRCADIAN CLOCK BY PHOTOPERIOD%GOBP%GO:0043153,0.9507575757575758,1,0.04549678100850074,0.23712034476932994,0.6495435551509844,20,
ENTRAINMENT OF CIRCADIAN CLOCK%GOBP%GO:0009649,0.875,0.993914230701908,0.053676960063812645,-0.2531627745981585,-0.7242520907891742,23,
ENVELOPE PROTEINS AND THEIR POTENTIAL ROLES IN EDMD PHYSIOPATHOLOGY%WIKIPATHWAYS_20250810%WP4535%HOMO SAPIENS,0.39697542533081287,0.6683452439482654,0.0886261133285098,0.35240729366839085,1.0494106730660808,31,
EPH-EPHRIN MEDIATED REPULSION OF CELLS%REACTOME%R-HSA-3928665.5,0.7651245551601423,0.9332671851744788,0.05258989506236158,0.25855258919540836,0.8191920413286301,43,
EPH-EPHRIN SIGNALING%REACTOME DATABASE ID RELEASE 93%2682334,0.8020833333333334,0.9591157712526338,0.04929176623126693,0.2348534622747864,0.8307098269636577,84,
EPHA FORWARD SIGNALING%PATHWAY INTERACTION DATABASE NCI-NATURE CURATED DATA%EPHA FORWARD SIGNALING,0.38122605363984674,0.6524636688359349,0.0916795246008379,0.3725739578995457,1.0500677529411142,23,
EPHA2 FORWARD SIGNALING%PATHWAY INTERACTION DATABASE NCI-NATURE CURATED DATA%EPHA2 FORWARD SIGNALING,0.9427480916030534,1,0.046230252407761636,0.23841659429163004,0.6388472589726858,19,
EPHB FORWARD SIGNALING%PATHWAY INTERACTION DATABASE NCI-NATURE CURATED DATA%EPHB FORWARD SIGNALING,0.551094890510949,0.8020203343016333,0.06944814420031753,0.30734790402177214,0.9462810544846589,37,
EPHB-MEDIATED FORWARD SIGNALING%REACTOME%R-HSA-3928662.4,0.9529914529914529,1,0.050908286551510536,-0.21327121023110532,-0.6671725010817353,32,
EPHRIN B REVERSE SIGNALING%PATHWAY INTERACTION DATABASE NCI-NATURE CURATED DATA%EPHRIN B REVERSE SIGNALING,0.33460803059273425,0.604828441504754,0.09923333437711905,0.3883459816015774,1.0831679955920328,22,
EPHRIN RECEPTOR SIGNALING PATHWAY%GOBP%GO:0048013,0.31693989071038253,0.5939852866765517,0.09957912004959042,0.356871353588249,1.1089246806590836,39,
EPHRIN SIGNALING%REACTOME%R-HSA-3928664.4,0.3493282149712092,0.6218736181928992,0.09688777032754396,0.42188825399281865,1.0932991100893787,17,
EPIBOLY INVOLVED IN WOUND HEALING%GOBP%GO:0090505,0.12429378531073447,0.3700837466165277,0.1723243449009459,0.48523873251750416,1.3434133220303595,21,
EPIBOLY%GOBP%GO:0090504,0.12810707456978968,0.37659413032261985,0.17093233537005617,0.4757109826182666,1.3268449679811267,22,
EPIDERMAL CELL DIFFERENTIATION%GOBP%GO:0009913,0.18579234972677597,0.4626904056844317,0.13574094381042484,0.3934870142251759,1.222702402997015,39,
EPIDERMAL GROWTH FACTOR RECEPTOR SIGNALING PATHWAY%GOBP%GO:0007173,0.057245080500894455,0.24149362837103622,0.2529611230696109,0.43726411205852167,1.3758748413356046,42,
EPIDERMIS DEVELOPMENT%GOBP%GO:0008544,0.04452054794520548,0.21267995112417712,0.28201335001172506,0.39305849640871077,1.3806188820211451,77,
EPIGENETIC REGULATION BY WDR5-CONTAINING HISTONE MODIFYING COMPLEXES%REACTOME DATABASE ID RELEASE 93%9917777,0.9951690821256038,1,0.05456806466709405,-0.158765823392808,-0.6188239837427543,115,
EPIGENETIC REGULATION OF ADIPOGENESIS GENES BY MLL3 AND MLL4 COMPLEXES%REACTOME DATABASE ID RELEASE 93%9851695,0.9694835680751174,1,0.054455595394037055,-0.19897109397024862,-0.7368607592304269,83,
EPIGENETIC REGULATION OF GENE EXPRESSION BY MLL3 AND MLL4 COMPLEXES%REACTOME%R-HSA-9818564.1,0.9694835680751174,1,0.054455595394037055,-0.19897109397024862,-0.7368607592304269,83,
EPIGENETIC REGULATION OF GENE EXPRESSION%GOBP%GO:0040029,0.27611940298507465,0.5528169014084507,0.12944288774504625,-0.25370935050663707,-1.0676474666154452,199,
EPINEPHRINE ACTION PATHWAY%PATHWHIZ%PW000638,0.32532347504621073,0.5939852866765517,0.09889030075206362,0.3568782490434134,1.0841541550924358,34,
EPITHELIAL CELL DEVELOPMENT%GOBP%GO:0002064,0.2374429223744292,0.5049942594718714,0.13427345288320233,-0.31176685322583486,-1.114994112514865,59,
EPITHELIAL CELL DIFFERENTIATION INVOLVED IN KIDNEY DEVELOPMENT%GOBP%GO:0035850,0.9011406844106464,1,0.048118399265797474,0.2530487969021443,0.6718853939236211,18,
EPITHELIAL CELL MIGRATION%GOBP%GO:0010631,0.37735849056603776,0.6497067783033486,0.09754492162471996,-0.4191824891077933,-1.067744802196473,15,
EPITHELIAL CELL PROLIFERATION%GOBP%GO:0050673,0.38632162661737524,0.6573975367491997,0.08889452886204495,0.3414737303615842,1.037357038762512,34,
EPITHELIAL CILIUM MOVEMENT INVOLVED IN EXTRACELLULAR FLUID MOVEMENT%GOBP%GO:0003351,0.5133079847908745,0.7762561525840854,0.07511816352763015,0.36328866061031995,0.9645900230718747,18,
EPITHELIAL STRUCTURE MAINTENANCE%GOBP%GO:0010669,0.5786163522012578,0.8206384109052531,0.07399014391013414,-0.3602911389949608,-0.9177363104029629,15,
EPITHELIAL TO MESENCHYMAL TRANSITION IN COLORECTAL CANCER%WIKIPATHWAYS_20250810%WP4239%HOMO SAPIENS,0.45501730103806226,0.7229668184775537,0.0764767053228531,0.276136770423137,1.0059467023673412,102,
EPITHELIAL TO MESENCHYMAL TRANSITION%GOBP%GO:0001837,0.8179723502304147,0.9677713751874327,0.061570675542167844,-0.23189057835168408,-0.8249202894379826,58,
EPITHELIAL TUBE FORMATION%GOBP%GO:0072175,0.7142857142857143,0.9052079834956581,0.06583119583688658,-0.26806916908846706,-0.8574199459847641,36,
EPITHELIAL TUBE MORPHOGENESIS%GOBP%GO:0060562,0.4623287671232877,0.7298429324808526,0.07511816352763015,0.2708834337166463,0.9912717142957149,106,
EPITHELIUM MIGRATION%GOBP%GO:0090132,0.37735849056603776,0.6497067783033486,0.09754492162471996,-0.4191824891077933,-1.067744802196473,15,
EPLERENONE ACTION PATHWAY%SMPDB%SMP0000135,0.22537878787878787,0.4977792661003207,0.12443416863039332,0.441161905676685,1.208474426305242,20,
EPO RECEPTOR SIGNALING%WIKIPATHWAYS_20250810%WP581%HOMO SAPIENS,0.1765834932821497,0.44819455855441925,0.14375898903927542,0.4808815019657341,1.2461767142882585,17,
EPO SIGNALING PATHWAY%PATHWAY INTERACTION DATABASE NCI-NATURE CURATED DATA%EPO SIGNALING PATHWAY,0.05387630442714774,0.23738044995815455,0.3217759180753611,0.5065447292928114,1.488054980276653,29,
EPO SIGNALING PATHWAY%PATHWHIZ%PW070692,0.03962402848843126,0.19586397000153388,0.3217759180753611,0.5994639331147442,1.5491594730950569,16,
EPO%IOB%EPO,0.7552581261950286,0.927195948397208,0.05652995250563114,0.2868300592969789,0.8000215146374277,22,
ER QUALITY CONTROL COMPARTMENT (ERQC)%REACTOME%R-HSA-901032.7,0.1393596986817326,0.3958499416542466,0.1619789488834018,0.47519031834972475,1.3155936684173073,21,
ER TO GOLGI ANTEROGRADE TRANSPORT%REACTOME DATABASE ID RELEASE 93%199977,0.9983193277310924,1,0.03777050013247901,0.1503731753584966,0.5666539872295687,127,
ER-NUCLEUS SIGNALING PATHWAY%GOBP%GO:0006984,0.22884615384615384,0.4977792661003207,0.12443416863039332,0.4039435598825548,1.176674224875648,28,
ER-PHAGOSOME PATHWAY%REACTOME%R-HSA-1236974.8,0.9444444444444444,1,0.0418238690062304,0.20724187500407024,0.7229766856553399,75,
ERAD PATHWAY%GOBP%GO:0036503,0.06457242582897033,0.2553914590747331,0.2343926472946861,0.3668043658582811,1.301377254697673,86,
ERBB SIGNALING PATHWAY%GOBP%GO:0038127,0.015145210294866157,0.09887989235990173,0.3807304007227924,0.47914141490412343,1.5489863604391674,49,
ERBB SIGNALING%WIKIPATHWAYS_20250810%WP673%HOMO SAPIENS,0.1213768115942029,0.3663061190751718,0.17093233537005617,0.37106680818483867,1.2667860715252652,65,
ERBB1 DOWNSTREAM SIGNALING%PATHWAY INTERACTION DATABASE NCI-NATURE CURATED DATA%ERBB1 DOWNSTREAM SIGNALING,1,1,0.038241681626077384,0.15602206855054523,0.5656795296577166,99,
ERBB2 ERBB3 SIGNALING EVENTS%PATHWAY INTERACTION DATABASE NCI-NATURE CURATED DATA%ERBB2 ERBB3 SIGNALING EVENTS,0.26229508196721313,0.5376302822085077,0.11146266692298015,0.3702994487904967,1.1506504903501382,39,
ERBB4 SIGNALING EVENTS%PATHWAY INTERACTION DATABASE NCI-NATURE CURATED DATA%ERBB4 SIGNALING EVENTS,0.006114292657208267,0.050778789242823814,0.40701791892395395,0.5830299911966336,1.7263502737469718,30,
ERK MAPK TARGETS%REACTOME DATABASE ID RELEASE 93%198753,0.8830897703549061,0.9950206376174932,0.05334778506754903,-0.24970354493387792,-0.7067607017662948,22,
ERK1 AND ERK2 CASCADE%GOBP%GO:0070371,0.5274261603375527,0.786679126667233,0.07913166517683488,-0.3403057884930725,-0.9384430140496345,20,
ERYTHROCYTE DIFFERENTIATION%GOBP%GO:0030218,0.20577617328519857,0.4803749658708249,0.1275053153001827,0.37389712688547616,1.183588997087152,44,
ERYTHROCYTE HOMEOSTASIS%GOBP%GO:0034101,0.13275862068965516,0.3845708532595016,0.15851410542482433,0.3916795930131216,1.2659646253356174,47,
ESCITALOPRAM ACTION PATHWAY%PATHWHIZ%PW000427,0.23106060606060605,0.4977792661003207,0.12267918956880833,0.436121700543469,1.1946677967471409,20,
ESMOLOL ACTION PATHWAY%SMPDB%SMP0000301,0.32532347504621073,0.5939852866765517,0.09889030075206362,0.3568782490434134,1.0841541550924358,34,
ESR-MEDIATED SIGNALING%REACTOME%R-HSA-8939211.6,0.5153846153846153,0.7771988983749546,0.0911073131586733,-0.24222551981985646,-0.9775114713549857,156,
ESTABLISHMENT OF CELL POLARITY%GOBP%GO:0030010,0.625,0.8529845246868091,0.060903934745241806,0.2609766735245532,0.9231113103688212,84,
ESTABLISHMENT OF ENDOTHELIAL BARRIER%GOBP%GO:0061028,0.2711864406779661,0.548549973926647,0.11146266692298015,0.40971496429726506,1.1343211173940728,21,
ESTABLISHMENT OF EPITHELIAL CELL POLARITY%GOBP%GO:0090162,0.9961612284069098,1,0.04397592780263451,0.18231941930804735,0.47247027381068885,17,
ESTABLISHMENT OF MELANOSOME LOCALIZATION%GOBP%GO:0032401,0.897196261682243,1,0.04754341942013011,0.2580677291562846,0.6669092921826604,16,
ESTABLISHMENT OF MITOCHONDRION LOCALIZATION%GOBP%GO:0051654,0.9526515151515151,1,0.045405922659017876,0.23614857506672007,0.6468815872458885,20,
"ESTABLISHMENT OF MITOCHONDRION LOCALIZATION, MICROTUBULE-MEDIATED%GOBP%GO:0034643",0.9757009345794393,1,0.043712583357955095,0.2074536735444363,0.5361103576822149,16,
ESTABLISHMENT OF MITOTIC SPINDLE LOCALIZATION%GOBP%GO:0040001,0.0035632581351005615,0.032995770331031196,0.4317076958033464,-0.5647034511319983,-1.76655167592927,32,
ESTABLISHMENT OF MITOTIC SPINDLE ORIENTATION%GOBP%GO:0000132,0.034082995463451504,0.17550057719641943,0.3217759180753611,-0.5070601566483461,-1.5055575386219402,27,
ESTABLISHMENT OF PIGMENT GRANULE LOCALIZATION%GOBP%GO:0051905,0.897196261682243,1,0.04754341942013011,0.2580677291562846,0.6669092921826604,16,
ESTABLISHMENT OF PROTEIN LOCALIZATION TO ENDOPLASMIC RETICULUM%GOBP%GO:0072599,0.04681647940074907,0.21931902154347538,0.2878571172551493,0.48399260498443086,1.4485516314931328,32,
ESTABLISHMENT OF PROTEIN LOCALIZATION TO EXTRACELLULAR REGION%GOBP%GO:0035592,0.23487544483985764,0.5028778310328513,0.11724971674979229,0.35011677783152567,1.1453954272761524,52,
ESTABLISHMENT OF PROTEIN LOCALIZATION TO MEMBRANE%GOBP%GO:0090150,0.6430976430976431,0.8649791836440542,0.05809835768732064,0.23237149936545307,0.9247593489873449,191,
ESTABLISHMENT OF PROTEIN LOCALIZATION TO MITOCHONDRIAL MEMBRANE%GOBP%GO:0090151,0.4840085287846482,0.7505306686931357,0.08431443206426534,-0.32706784485023627,-0.9949751621732346,29,
ESTABLISHMENT OF PROTEIN LOCALIZATION TO MITOCHONDRION%GOBP%GO:0072655,0.959731543624161,1,0.05269730857084192,-0.19773003084255447,-0.715385497657145,70,
ESTABLISHMENT OF PROTEIN LOCALIZATION TO PEROXISOME%GOBP%GO:0072663,0.5,0.7650784907738915,0.0762797180809272,0.34663015854215,0.9495236932159666,20,
ESTABLISHMENT OF PROTEIN LOCALIZATION TO PLASMA MEMBRANE%GOBP%GO:0061951,0.1588447653429603,0.42513584152967876,0.1473312136993771,0.38796847776105337,1.2281325222252502,44,
ESTABLISHMENT OF PROTEIN LOCALIZATION TO VACUOLE%GOBP%GO:0072666,0.04380774527698358,0.21055002833816672,0.3217759180753611,0.442976349541572,1.431763100206113,47,
ESTABLISHMENT OF RNA LOCALIZATION%GOBP%GO:0051236,0.18357487922705315,0.4590198150249808,0.1596467019199062,-0.2998464067561395,-1.1473477389630575,97,
ESTABLISHMENT OF SPINDLE LOCALIZATION%GOBP%GO:0051293,0.010718169580257364,0.07654260949602817,0.3807304007227924,-0.4789697537820811,-1.6181257703241596,45,
ESTABLISHMENT OF SPINDLE ORIENTATION%GOBP%GO:0051294,0.011544886208093895,0.08129706941973344,0.3807304007227924,-0.5192178387052583,-1.6517606621765029,34,
ESTABLISHMENT OF VESICLE LOCALIZATION%GOBP%GO:0051650,0.1625207296849088,0.43085078575088087,0.13880510939113969,0.3079263404539201,1.1811987054188124,141,
ESTABLISHMENT OR MAINTENANCE OF APICAL/BASAL CELL POLARITY%GOBP%GO:0035088,0.3827433628318584,0.6539054059988582,0.09992769737310925,-0.32048313604113765,-1.0403469453029408,38,
ESTABLISHMENT OR MAINTENANCE OF BIPOLAR CELL POLARITY%GOBP%GO:0061245,0.3827433628318584,0.6539054059988582,0.09992769737310925,-0.32048313604113765,-1.0403469453029408,38,
ESTABLISHMENT OR MAINTENANCE OF CELL POLARITY%GOBP%GO:0007163,0.5176470588235295,0.7778286317353822,0.06847149044920875,0.25820357962539786,0.972993271990595,127,
ESTABLISHMENT OR MAINTENANCE OF EPITHELIAL CELL APICAL/BASAL POLARITY%GOBP%GO:0045197,0.41452991452991456,0.6862718132086428,0.09314545753378035,-0.3217466966577281,-1.030065612223245,35,
ESTABLISHMENT OR MAINTENANCE OF MONOPOLAR CELL POLARITY%GOBP%GO:0061339,0.7161904761904762,0.9055881396709798,0.05884381695958071,0.31942471605421446,0.8067701530453332,15,
ESTROGEN SIGNALING%WIKIPATHWAYS_20250810%WP712%HOMO SAPIENS,0.982725527831094,1,0.04459616158889607,0.20822770444036365,0.5396101024525771,17,
ESTROGEN-DEPENDENT GENE EXPRESSION%REACTOME%R-HSA-9018519.3,0.290167865707434,0.5673697706874837,0.12325722638133735,-0.277860171116912,-1.0663481477587091,98,
ESTROGEN-DEPENDENT NUCLEAR EVENTS DOWNSTREAM OF ESR-MEMBRANE SIGNALING%REACTOME DATABASE ID RELEASE 93%9634638,0.24621212121212122,0.5164041319194208,0.11828752612408502,0.42635172600197735,1.167904913943523,20,
ETHACRYNIC ACID ACTION PATHWAY%SMPDB%SMP0000097,0.22537878787878787,0.4977792661003207,0.12443416863039332,0.441161905676685,1.208474426305242,20,
ETHANOL EFFECTS ON HISTONE MODIFICATIONS%WIKIPATHWAYS_20250810%WP3996%HOMO SAPIENS,0.03176802590750464,0.16682717574867276,0.3217759180753611,-0.55965111453822,-1.5169137336375151,19,
ETHER LIPID BIOSYNTHESIS%WIKIPATHWAYS_20250810%WP5275%HOMO SAPIENS,0.9485714285714286,1,0.04586203431179851,0.2426755392155211,0.6129249618869045,15,
ETHER LIPID METABOLIC PROCESS%GOBP%GO:0046485,0.5152091254752852,0.7771988983749546,0.07492788183937392,0.3620609061566363,0.9613301368568309,18,
ETHYLMORPHINE ACTION PATHWAY%SMPDB%SMP0000681,0.23106060606060605,0.4977792661003207,0.12267918956880833,0.436121700543469,1.1946677967471409,20,
ETODOLAC ACTION PATHWAY%PATHWHIZ%PW000129,0.20373831775700935,0.4784319921631209,0.13077713797197438,0.4780504855616798,1.235397823648238,16,
ETOPOSIDE ACTION PATHWAY%SMPDB%SMP0000442,0.05756098293412316,0.24149362837103622,0.3217759180753611,0.586760427936571,1.4819792472383002,15,
ETOPOSIDE METABOLISM PATHWAY%PATHWHIZ%PW000577,0.05756098293412316,0.24149362837103622,0.3217759180753611,0.586760427936571,1.4819792472383002,15,
ETORICOXIB ACTION PATHWAY%SMPDB%SMP0000695,0.20373831775700935,0.4784319921631209,0.13077713797197438,0.4780504855616798,1.235397823648238,16,
EUKARYOTIC TRANSCRIPTION INITIATION%WIKIPATHWAYS_20250810%WP405%HOMO SAPIENS,0.8461538461538461,0.9824435490476766,0.056411838821759604,-0.24821965070472718,-0.776501080473328,32,
EUKARYOTIC TRANSLATION ELONGATION%REACTOME%R-HSA-156842.4,1.9997507513712658e-7,6.277183714473872e-6,0.6901324587967956,0.5877579265213009,2.097019770118283,89,
EUKARYOTIC TRANSLATION INITIATION%REACTOME%R-HSA-72613.5,9.55112593450703e-8,3.2555862387804334e-06,0.7049757151672383,0.5572862839287027,2.069496855517244,115,
EUKARYOTIC TRANSLATION TERMINATION%REACTOME%R-HSA-72764.6,7.929978851768585e-7,2.214018216101822e-5,0.6594443980379349,0.5735689085546376,2.0463957804585227,89,
EVASION BY RSV OF HOST INTERFERON RESPONSES%REACTOME%R-HSA-9833109.1,0.8428030303030303,0.9814742478230217,0.05101141320391501,0.2750565954350442,0.7534622937580738,20,
EXCITATORY POSTSYNAPTIC POTENTIAL%GOBP%GO:0060079,0.5230125523012552,0.782828055114702,0.07913166517683488,-0.34989758131762705,-0.9483845072035686,19,
EXCITATORY SYNAPSE ASSEMBLY%GOBP%GO:1904861,0.0893970893970894,0.3049696871933433,0.21654283673534816,-0.5272269994923929,-1.3960284289994356,17,
EXECUTION PHASE OF APOPTOSIS%GOBP%GO:0097194,0.41035120147874304,0.6813005825216505,0.08553569479878835,0.33655559598342305,1.0224163248476728,34,
EXERCISE INDUCED CIRCADIAN REGULATION%WIKIPATHWAYS_20250810%WP410%HOMO SAPIENS,0.6521739130434783,0.8703779978771746,0.06293946920189672,0.29719582949871,0.8850000583703796,31,
EXIT FROM HOST CELL%GOBP%GO:0035891,0.7177570093457943,0.9065373821153065,0.057852975703250924,0.28862558497729324,0.8325434825141909,25,
EXOCYTIC PROCESS%GOBP%GO:0140029,0.034716439271615995,0.17744667579861864,0.3217759180753611,0.48495342273125114,1.499010288591817,38,
EXOCYTOSIS%GOBP%GO:0006887,0.02501666620063792,0.1405385211433208,0.35248785758361917,0.34908607441867706,1.3404109419285923,140,
EXPORT ACROSS PLASMA MEMBRANE%GOBP%GO:0140115,0.08409506398537477,0.2945345848980905,0.2089550275493539,0.4273361454417397,1.3304008120175743,40,
EXPORT OF VIRAL RIBONUCLEOPROTEINS FROM NUCLEUS%REACTOME DATABASE ID RELEASE 93%168274,0.011433533043102169,0.08080006859317979,0.3807304007227924,-0.5244445259766967,-1.6099442946347142,30,
"EXPRESSION OF BMAL (ARNTL), CLOCK, AND NPAS2%REACTOME%R-HSA-9931509.1",0.13059701492537312,0.3818931657501964,0.16693384871319314,0.42647433508445226,1.285055704929329,33,
EXTENSION OF TELOMERES%REACTOME DATABASE ID RELEASE 93%180786,2.257049929458879e-11,2.0509327331533846e-9,0.8634153916066928,-0.7435503590636334,-2.5501681653497044,49,
EXTERNAL ENCAPSULATING STRUCTURE ORGANIZATION%GOBP%GO:0045229,0.8809523809523809,0.993914230701908,0.044064034659756106,0.21389985117369914,0.8009316757118085,122,
EXTRA-NUCLEAR ESTROGEN SIGNALING%REACTOME DATABASE ID RELEASE 93%9009391,0.7304189435336976,0.9140354089655409,0.05582647177874898,0.2544280845759293,0.8593137672544977,61,
EXTRACELLULAR MATRIX ASSEMBLY%GOBP%GO:0085029,0.9049429657794676,1,0.04792589670581297,0.2508825620821087,0.6661336908797472,18,
EXTRACELLULAR MATRIX DISASSEMBLY%GOBP%GO:0022617,0.2919020715630885,0.5692551455263319,0.10672988436460558,0.40641363225071386,1.1251811762587625,21,
EXTRACELLULAR MATRIX ORGANIZATION%GOBP%GO:0030198,0.8709677419354839,0.9935842695383114,0.044507053776927666,0.2147907494839325,0.8056756114532342,121,
EXTRACELLULAR STRUCTURE ORGANIZATION%GOBP%GO:0043062,0.8775510204081632,0.993914230701908,0.04424074234773751,0.21464997897702026,0.8037404720490444,122,
EXTRACELLULAR TRANSPORT%GOBP%GO:0006858,0.5348399246704332,0.7913636808172907,0.07253518643945886,0.33751243317094415,0.9344239622428975,21,
EXTRACELLULAR VESICLE MEDIATED SIGNALING IN RECIPIENT CELLS%WIKIPATHWAYS_20250810%WP2870%HOMO SAPIENS,0.7137404580152672,0.9052079834956581,0.05909547987173424,0.3058030156258611,0.8194119998174189,19,
EXTRAFOLLICULAR AND FOLLICULAR B CELL ACTIVATION BY SARS COV 2%WIKIPATHWAYS_20250810%WP5218%HOMO SAPIENS,0.4218455743879473,0.6934242636980578,0.08504274637643215,0.3667055862565165,1.015247004879575,21,
EXTRINSIC APOPTOTIC SIGNALING PATHWAY VIA DEATH DOMAIN RECEPTORS%GOBP%GO:0008625,0.10566037735849057,0.33680381904978407,0.1882041463084906,0.45532247883701615,1.3281308697187977,27,
EXTRINSIC APOPTOTIC SIGNALING PATHWAY%GOBP%GO:0097191,0.23688969258589512,0.5042755295046871,0.11776578836269024,0.33500408777820617,1.1364012295640953,62,
EYE DEVELOPMENT%GOBP%GO:0001654,0.08521303258145363,0.29682984891696323,0.24504178543099617,-0.3040960593020393,-1.2141213451596633,141,
EYE MORPHOGENESIS%GOBP%GO:0048592,0.09555555555555556,0.3167360453144614,0.21654283673534816,-0.347095939073209,-1.2576170057938967,65,
EYE PHOTORECEPTOR CELL DIFFERENTIATION%GOBP%GO:0001754,0.5296367112810707,0.7879686151682699,0.07380527241712746,0.33975589376270776,0.9476413504262639,22,
FABRY DISEASE%SMPDB%SMP0000525,0.6920152091254753,0.8930876357806398,0.06037863579204014,0.3194842069179099,0.8482821291595581,18,
FACE DEVELOPMENT%GOBP%GO:0060324,0.01819560093029883,0.1129550377304361,0.35248785758361917,-0.6023984132354256,-1.59507254232138,17,
FACTORS AND PATHWAYS AFFECTING INSULIN LIKE GROWTH FACTOR IGF1 AKT SIGNALING%WIKIPATHWAYS_20250810%WP3850%HOMO SAPIENS,0.06542056074766354,0.2576021513210621,0.24133997681509095,0.49047070289824657,1.4147678110179112,25,
FACTORS INVOLVED IN MEGAKARYOCYTE DEVELOPMENT AND PLATELET PRODUCTION%REACTOME DATABASE ID RELEASE 93%983231,0.029885678157597063,0.15976093187324647,0.35248785758361917,-0.3679400273945782,-1.4165986787828095,104,
FAMILIAL PARTIAL LIPODYSTROPHY%WIKIPATHWAYS_20250810%WP5102%HOMO SAPIENS,0.7866108786610879,0.9500891395306532,0.05884381695958071,-0.2885989831985364,-0.7822369146694252,19,
FANCONI ANEMIA PATHWAY%PATHWAY INTERACTION DATABASE NCI-NATURE CURATED DATA%FANCONI ANEMIA PATHWAY,1.893103851100121e-14,3.187298483852204e-12,0.9759946830643197,-0.8003141678085526,-2.6985456974837376,47,
FANCONI ANEMIA PATHWAY%REACTOME DATABASE ID RELEASE 93%6783310,2.703081980158213e-8,1.283617391603336e-6,0.7337619883564803,-0.7389730085795609,-2.398841703915389,38,
FANCONI ANEMIA%WIKIPATHWAYS_20250810%WP5465%HOMO SAPIENS,1.976530712593546e-6,5.0840762218378435e-5,0.6272567397185284,-0.6744667678522782,-2.23716934389234,40,
FAS (CD95) SIGNALING PATHWAY%PATHWAY INTERACTION DATABASE NCI-NATURE CURATED DATA%FAS (CD95) SIGNALING PATHWAY,0.8141025641025641,0.9655654901820986,0.0582216241124161,-0.2525727146867828,-0.7901186924385329,32,
FAS LIGAND PATHWAY AND STRESS INDUCTION OF HEAT SHOCK PROTEINS%WIKIPATHWAYS_20250810%WP314%HOMO SAPIENS,0.9764957264957265,1,0.0497903187820785,-0.19955704684343878,-0.6242707297752462,32,
FAS SIGNALING PATHWAY ( CD95 )%PATHWHIZ%PW070709,0.605543710021322,0.8381666300145653,0.07253518643945886,-0.30341832933976626,-0.9230308212640175,29,
FAS SIGNALING PATHWAY%PANTHER PATHWAY%P00020,0.11825726141078838,0.3615355990312525,0.18643255843407516,-0.424144986816049,-1.2831142379295002,28,
FAS%IOB%FAS,0.770293609671848,0.9373086498766507,0.050908286551510536,0.23804701422669014,0.8337299240550845,76,
FAT CELL DIFFERENTIATION%GOBP%GO:0045444,0.0072964028336111875,0.05849756730670096,0.40701791892395395,0.49393401801476206,1.6332744438626081,56,
FATTY ACID AND LIPOPROTEIN TRANSPORT IN HEPATOCYTES%WIKIPATHWAYS_20250810%WP5323%HOMO SAPIENS,0.3650190114068441,0.6393586467138795,0.09374654224917187,0.4023558140720447,1.068319620344989,18,
FATTY ACID BETA OXIDATION%WIKIPATHWAYS_20250810%WP143%HOMO SAPIENS,0.9081419624217119,1,0.05205700307320985,-0.2433594951394293,-0.6888045086095171,22,
FATTY ACID BETA-OXIDATION%GOBP%GO:0006635,0.21658986175115208,0.4937153362953884,0.14205664357582118,-0.33508478940394437,-1.1492463855534476,49,
FATTY ACID BIOSYNTHESIS%WIKIPATHWAYS_20250810%WP357%HOMO SAPIENS,0.20342612419700215,0.4784319921631209,0.14122511964253093,-0.4683519904457452,-1.217166119301484,16,
FATTY ACID BIOSYNTHETIC PROCESS%GOBP%GO:0006633,0.5422222222222223,0.7945506548246274,0.08041999687615399,-0.26527904785311324,-0.9611735670307613,65,
FATTY ACID CATABOLIC PROCESS%GOBP%GO:0009062,0.8972602739726028,1,0.05676723874874463,-0.21782416829342383,-0.7892875938900435,71,
FATTY ACID DERIVATIVE BIOSYNTHETIC PROCESS%GOBP%GO:1901570,0.3382663847780127,0.6099993618392205,0.10473282158065095,-0.3512696709980459,-1.087902291062161,31,
FATTY ACID DERIVATIVE METABOLIC PROCESS%GOBP%GO:1901568,0.03970791456764658,0.19592999408334316,0.3217759180753611,-0.41281155283139664,-1.4370351274352635,51,
FATTY ACID METABOLIC PROCESS%GOBP%GO:0006631,0.9398998330550918,1,0.04024775650688684,0.20271432039966295,0.8032393346846373,182,
FATTY ACID METABOLISM%REACTOME%R-HSA-8978868.7,0.8816466552315609,0.9942278397971891,0.04441811530815725,0.21592321288863497,0.8082352651295088,125,
FATTY ACID OXIDATION%GOBP%GO:0019395,0.7831050228310502,0.9471777491160758,0.06321911708594577,-0.23701501001979206,-0.847653745147468,59,
FATTY ACID TRANSPORT%GOBP%GO:0015908,0.2958801498127341,0.5745928389932019,0.10552093684319848,0.3693198994340135,1.120532155925625,35,
FATTY ACYL-COA BIOSYNTHESIS%REACTOME%R-HSA-75105.12,0.019493428408774494,0.11884449419730306,0.35248785758361917,-0.5044025991409498,-1.5484194160927829,30,
FATTY-ACYL-COA BIOSYNTHETIC PROCESS%GOBP%GO:0046949,0.11458333333333333,0.35466573816155983,0.19002330527910832,-0.455724295627655,-1.3037433108230505,23,
FATTY-ACYL-COA METABOLIC PROCESS%GOBP%GO:0035337,0.0480181305336342,0.22120219214986755,0.3217759180753611,-0.4634727484629586,-1.485957144251742,37,
FBXL7 DOWN-REGULATES AURKA DURING MITOTIC ENTRY AND IN EARLY MITOSIS%REACTOME DATABASE ID RELEASE 93%8854050,0.003847534043426087,0.03515937359420286,0.4317076958033464,-0.5265254178396851,-1.7545229712773127,42,
FC EPSILON RECEPTOR (FCERI) SIGNALING%REACTOME%R-HSA-2454202.5,1,1,0.053238649475589886,-0.16968030014787297,-0.6541783566810201,102,
FC EPSILON RECEPTOR I SIGNALING IN MAST CELLS%SMPDB%SMP0000358,0.5490566037735849,0.8006010347467288,0.07130529873400379,0.3193190666999096,0.9455029184323709,30,
FC RECEPTOR MEDIATED STIMULATORY SIGNALING PATHWAY%GOBP%GO:0002431,0.9865642994241842,1,0.04441811530815725,0.2026375084559417,0.525123431545883,17,
FC RECEPTOR SIGNALING PATHWAY%GOBP%GO:0038093,0.6217948717948718,0.8513697684429392,0.07130529873400379,-0.2852796843495999,-0.892435318902556,32,
FC-EPSILON RECEPTOR I SIGNALING IN MAST CELLS%PATHWAY INTERACTION DATABASE NCI-NATURE CURATED DATA%FC-EPSILON RECEPTOR I SIGNALING IN MAST CELLS,0.2024866785079929,0.4784319921631209,0.1275053153001827,0.35973207836300997,1.1629398974127771,50,
FC-EPSILON RECEPTOR SIGNALING PATHWAY%GOBP%GO:0038095,0.9728033472803347,1,0.048995408986248136,-0.216495653267183,-0.5868034945035169,19,
FC-GAMMA RECEPTOR SIGNALING PATHWAY INVOLVED IN PHAGOCYTOSIS%GOBP%GO:0038096,0.9542857142857143,1,0.04558782025712307,0.23927522999354223,0.6043368099576977,15,
FC-GAMMA RECEPTOR SIGNALING PATHWAY%GOBP%GO:0038094,0.6507276507276507,0.8697240383552628,0.06767604016417887,-0.330740270099054,-0.8757571598529132,17,
FCERI MEDIATED CA+2 MOBILIZATION%REACTOME%R-HSA-2871809.3,0.9500959692898272,1,0.04613791602697367,0.2359535846348456,0.6114601240073082,17,
FCERI MEDIATED MAPK ACTIVATION%REACTOME%R-HSA-2871796.4,0.8693181818181818,0.9921799133487712,0.04959019569563381,0.26726603986672337,0.732121631634075,20,
FCERI MEDIATED NF-KB ACTIVATION%REACTOME DATABASE ID RELEASE 93%2871837,0.8278145695364238,0.9723758453159346,0.05896944666909967,-0.2278289741444897,-0.826837368412529,63,
FCGAMMA RECEPTOR (FCGR) DEPENDENT PHAGOCYTOSIS%REACTOME%R-HSA-2029480.3,0.06205673758865248,0.2505533923790332,0.24133997681509095,0.39177210854931255,1.3565596972495648,71,
FCGR3A-MEDIATED IL10 SYNTHESIS%REACTOME%R-HSA-9664323.3,0.05555555555555555,0.2403946002076843,0.26635065708852557,0.5175813568068931,1.458758672695438,23,
FCGR3A-MEDIATED PHAGOCYTOSIS%REACTOME%R-HSA-9664422.2,0.18641114982578397,0.46326672932900764,0.13214726060877433,0.36796040062720714,1.1915616600649745,48,
FELODIPINE ACTION PATHWAY%PATHWHIZ%PW000392,0.32532347504621073,0.5939852866765517,0.09889030075206362,0.3568782490434134,1.0841541550924358,34,
FEMALE GAMETE GENERATION%GOBP%GO:0007292,0.03861189275135191,0.19222910047178426,0.3217759180753611,-0.42012056884745363,-1.468975699492636,52,
FEMALE GONAD DEVELOPMENT%GOBP%GO:0008585,0.32575757575757575,0.5945824871580456,0.10027910675413045,0.3998993340798714,1.095443899651196,20,
FEMALE MEIOTIC NUCLEAR DIVISION%GOBP%GO:0007143,0.13836477987421383,0.39322491917193453,0.1723243449009459,-0.5193802432285497,-1.3229692782520233,15,
FEMALE PREGNANCY%GOBP%GO:0007565,0.6442516268980477,0.8650808839986894,0.07028128417173922,-0.27913792911114554,-0.8880069524901978,34,
FEMALE SEX DIFFERENTIATION%GOBP%GO:0046660,0.3416030534351145,0.614222189283332,0.09787732774245612,0.38464565114550553,1.09520562030852,24,
FENOPROFEN ACTION PATHWAY%SMPDB%SMP0000696,0.20373831775700935,0.4784319921631209,0.13077713797197438,0.4780504855616798,1.235397823648238,16,
FENTANYL ACTION PATHWAY%PATHWHIZ%PW000421,0.23106060606060605,0.4977792661003207,0.12267918956880833,0.436121700543469,1.1946677967471409,20,
FERROPTOSIS%WIKIPATHWAYS_20250810%WP4313%HOMO SAPIENS,0.013186948335502406,0.08956807451351023,0.3807304007227924,0.5040943068040856,1.5791809570774644,41,
FERTILIZATION%GOBP%GO:0009566,0.39863325740318906,0.6694631031394664,0.09923333437711905,-0.29770351710320014,-1.0294496583009383,50,
FGF SIGNALING PATHWAY%PANTHER PATHWAY%P00021,0.9933774834437086,1,0.05049830441007088,-0.16016454930340923,-0.5792970358603728,61,
FGF SIGNALING PATHWAY%PATHWAY INTERACTION DATABASE NCI-NATURE CURATED DATA%FGF SIGNALING PATHWAY,0.07155635062611806,0.2692742074058191,0.22496609354031374,0.4240364921529006,1.334253430071791,42,
FGFR1 MUTANT RECEPTOR ACTIVATION%REACTOME DATABASE ID RELEASE 93%1839124,0.04896421845574388,0.22317020107443014,0.28201335001172506,0.5282778398256164,1.4625697418528978,21,
FGFR2 ALTERNATIVE SPLICING%REACTOME%R-HSA-6803529.3,0.04672897196261682,0.21909381284750976,0.2878571172551493,0.525690321149187,1.5163591638211116,25,
FGFR2 MUTANT RECEPTOR ACTIVATION%REACTOME%R-HSA-1839126.4,0.7679324894514767,0.93484507261008,0.06037863579204014,-0.29089017954129504,-0.8021722406045093,20,
FGFR3 SIGNALING IN CHONDROCYTE PROLIFERATION AND TERMINAL DIFFERENTIATION%WIKIPATHWAYS_20250810%WP4767%HOMO SAPIENS,0.27405857740585776,0.5507522329495587,0.11776578836269024,-0.39314879368462485,-1.1330182551074228,24,
FIBRIN COMPLEMENT RECEPTOR 3 SIGNALING%WIKIPATHWAYS_20250810%WP4136%HOMO SAPIENS,0.8436830835117773,0.9816760653385204,0.056648418361399534,-0.26513178540502264,-0.7682736212415655,25,
FIBROBLAST GROWTH FACTOR RECEPTOR SIGNALING PATHWAY%GOBP%GO:0008543,0.8504672897196262,0.983186904220192,0.04999139140245922,0.25956436319839876,0.7487160879752712,25,
FILOPODIUM ASSEMBLY%GOBP%GO:0046847,0.6268343815513627,0.8544386221539184,0.06994587365016587,-0.3486219932500033,-0.8880125742283647,15,
FLAGELLATED SPERM MOTILITY%GOBP%GO:0030317,0.0782608695652174,0.2848653070356361,0.2114001893849227,0.3596889796681554,1.2833087695167975,89,
FLECAINIDE ACTION PATHWAY%SMPDB%SMP0000331,0.32532347504621073,0.5939852866765517,0.09889030075206362,0.3568782490434134,1.0841541550924358,34,
FLT3 SIGNALING IN DISEASE%REACTOME%R-HSA-9682385.3,0.030126885223594774,0.16048415561101875,0.35248785758361917,0.5471059670688264,1.557780591704756,24,
FLT3 SIGNALING%REACTOME%R-HSA-9607240.8,0.25140712945590993,0.5253170407134394,0.11623414877971643,0.39112203532172285,1.1489826246321388,29,
FLUOROPYRIMIDINE ACTIVITY%WIKIPATHWAYS_20250810%WP1601%HOMO SAPIENS,0.0179466558664009,0.11165914892914156,0.35248785758361917,-0.6017458636534655,-1.6679476711041774,21,
FLUOXETINE ACTION PATHWAY%PATHWHIZ%PW000428,0.27724665391969405,0.5534970927696085,0.11101149245045029,0.40699275533392143,1.1351772591992533,22,
FLURBIPROFEN ACTION PATHWAY%SMPDB%SMP0000697,0.20373831775700935,0.4784319921631209,0.13077713797197438,0.4780504855616798,1.235397823648238,16,
FLUVASTATIN ACTION PATHWAY%PATHWHIZ%PW000274,3.8789317577938914e-4,0.005082864350543128,0.49849310876659025,-0.7175340885269536,-1.9888949541423213,21,
FOCAL ADHESION ASSEMBLY%GOBP%GO:0048041,0.22929936305732485,0.4977792661003207,0.13145761164276346,-0.4278896586631081,-1.1860448118804152,21,
FOCAL ADHESION PI3K AKT MTOR SIGNALING%WIKIPATHWAYS_20250810%WP3932%HOMO SAPIENS,0.0028147432274293308,0.02715054404791209,0.4317076958033464,0.37381500344936613,1.4928634042076288,194,
FOCAL ADHESION%WIKIPATHWAYS_20250810%WP306%HOMO SAPIENS,0.07214765100671142,0.2710293096641573,0.21654283673534816,0.3381227117471931,1.2853898530827097,133,
FOLATE METABOLISM%WIKIPATHWAYS_20250810%WP176%HOMO SAPIENS,0.37044967880085655,0.6435955020067414,0.09992769737310925,-0.3651933526451756,-1.058222495131819,25,
FOLIC ACID-CONTAINING COMPOUND METABOLIC PROCESS%GOBP%GO:0006760,0.7088607594936709,0.9019169299007813,0.06421408818446053,-0.30427888621602966,-0.8390935586393925,20,
FOLLICLE STIMULATING HORMONE FSH SIGNALING%WIKIPATHWAYS_20250810%WP2035%HOMO SAPIENS,0.8867562380038387,0.9973604368932039,0.04929176623126693,0.2685916888571236,0.6960398911933089,17,
FOREBRAIN CELL MIGRATION%GOBP%GO:0021885,0.8305439330543933,0.9741401925375152,0.05629407497009682,-0.2757632738454441,-0.7474461972154791,19,
FOREBRAIN DEVELOPMENT%GOBP%GO:0030900,0.07073170731707316,0.2674239507123604,0.26635065708852557,-0.3134153958843884,-1.2478962767655408,131,
FOREBRAIN GENERATION OF NEURONS%GOBP%GO:0021872,0.722457627118644,0.909690603013162,0.06350079680659454,-0.2896579722564924,-0.8600493216333435,27,
FOREBRAIN NEURON DIFFERENTIATION%GOBP%GO:0021879,0.37916666666666665,0.6512055641421948,0.09688777032754396,-0.36735034161167623,-1.0509216980524796,23,
FORMATION OF A POOL OF FREE 40S SUBUNITS%REACTOME%R-HSA-72689.3,4.929739829472075e-8,1.92884749947513e-6,0.7195128263389107,0.5897293793115366,2.1283637483244475,97,
FORMATION OF ATP BY CHEMIOSMOTIC COUPLING%REACTOME DATABASE ID RELEASE 93%163210,0.2552742616033755,0.5288231907040845,0.12325722638133735,-0.4232226390305133,-1.1670983639290062,20,
FORMATION OF FIBRIN CLOT (CLOTTING CASCADE)%REACTOME DATABASE ID RELEASE 93%140877,0.38476190476190475,0.6553455373565735,0.09082414190071554,0.42352078800539433,1.0696853242220608,15,
FORMATION OF HIV ELONGATION COMPLEX IN THE ABSENCE OF HIV TAT%REACTOME%R-HSA-167152.5,0.875,0.993914230701908,0.05773085492998127,-0.22866396689381996,-0.7639095560679668,43,
FORMATION OF HIV-1 ELONGATION COMPLEX CONTAINING HIV-1 TAT%REACTOME%R-HSA-167200.5,0.8542600896860987,0.9842947030891671,0.0582216241124161,-0.23340423447554998,-0.7750201598014749,41,
FORMATION OF INCISION COMPLEX IN GG-NER%REACTOME%R-HSA-5696395.2,0.1409090909090909,0.3988236928634279,0.17821987495197314,-0.3675169526556062,-1.2277829164092222,43,
FORMATION OF NEURONAL PROGENITOR AND NEURONAL BAF (NPBAF AND NBAF)%REACTOME DATABASE ID RELEASE 93%9934037,0.0027562844474191012,0.026819468283468522,0.4317076958033464,-0.6163435325806693,-1.7762447323988952,24,
FORMATION OF PARAXIAL MESODERM%REACTOME%R-HSA-9793380.5,0.167420814479638,0.4346682454433966,0.1619789488834018,-0.33867308440933136,-1.1935257791396914,54,
FORMATION OF PRIMARY GERM LAYER%GOBP%GO:0001704,0.23655913978494625,0.5041551970451933,0.11724971674979229,0.3475450545255533,1.1458604265879322,55,
FORMATION OF RNA POL II ELONGATION COMPLEX%REACTOME%R-HSA-112382.4,0.7040358744394619,0.8988809019790746,0.0675188953767744,-0.2532626030069074,-0.8951726257892648,56,
FORMATION OF SENESCENCE-ASSOCIATED HETEROCHROMATIN FOCI (SAHF)%REACTOME%R-HSA-2559584.3,0.7127882599580713,0.9052079834956581,0.06364240816510186,-0.3209404592791621,-0.8175019618287369,15,
FORMATION OF TC-NER PRE-INCISION COMPLEX%REACTOME%R-HSA-6781823.4,0.9909706546275395,1,0.05163559644842005,-0.17881434456583567,-0.6224692421226137,51,
FORMATION OF THE BETA-CATENIN:TCF TRANSACTIVATING COMPLEX%REACTOME DATABASE ID RELEASE 93%201722,0.033754885969133945,0.17445781064605412,0.3217759180753611,-0.43297241815079307,-1.4627308344988372,45,
FORMATION OF THE CANONICAL BAF (CBAF) COMPLEX%REACTOME DATABASE ID RELEASE 93%9933937,0.026872740818296582,0.14768046289461506,0.35248785758361917,-0.5933274657250245,-1.5784264080816088,18,
FORMATION OF THE DYSTROPHIN-GLYCOPROTEIN COMPLEX (DGC)%REACTOME%R-HSA-9913351.2,0.05134457584916825,0.2306147642829255,0.3217759180753611,0.5129673621767844,1.4962753225040728,27,
FORMATION OF THE EARLY ELONGATION COMPLEX%REACTOME%R-HSA-113418.5,0.5897435897435898,0.8291030831516661,0.07399014391013414,-0.29125641230317983,-0.9111322097428813,32,
FORMATION OF THE EMBRYONIC STEM CELL BAF (ESBAF) COMPLEX%REACTOME DATABASE ID RELEASE 93%9933946,0.002690443944149601,0.026363503622037363,0.4317076958033464,-0.6728689552721376,-1.790030277600598,18,
FORMATION OF THE HIV-1 EARLY ELONGATION COMPLEX%REACTOME%R-HSA-167158.4,0.5897435897435898,0.8291030831516661,0.07399014391013414,-0.29125641230317983,-0.9111322097428813,32,
FORMATION OF THE NON-CANONICAL BAF (NCBAF) COMPLEX%REACTOME%R-HSA-9933947.1,0.0893970893970894,0.3049696871933433,0.21654283673534816,-0.521903658330912,-1.3819329149118695,17,
FORMATION OF THE POLYBROMO-BAF (PBAF) COMPLEX%REACTOME DATABASE ID RELEASE 93%9933939,0.0036582150483442234,0.03376252958239286,0.4317076958033464,-0.6634752338521657,-1.7650402024465224,18,
"FORMATION OF THE TERNARY COMPLEX, AND SUBSEQUENTLY, THE 43S COMPLEX%REACTOME%R-HSA-72695.4",4.47548270966506e-5,8.206528691385832e-4,0.557332238758646,0.6054859048312776,1.9650104963520019,51,
FORMATION OF THE URETERIC BUD%REACTOME%R-HSA-9830674.1,0.06289308176100629,0.2522988897214086,0.2616635217115731,-0.5783687234530088,-1.473225180599459,15,
FORMATION OF TUBULIN FOLDING INTERMEDIATES BY CCT TRIC%REACTOME DATABASE ID RELEASE 93%389960,0.2695984703632887,0.5465283216683082,0.11284335567556247,0.4129301627662183,1.1517377748531847,22,
FORMATION OF WDR5-CONTAINING HISTONE-MODIFYING COMPLEXES%REACTOME%R-HSA-9772755.2,0.9803220035778175,1,0.04148804020022096,0.19157681611978525,0.602806665842068,42,
FOSPHENYTOIN (ANTIARRHYTHMIC) ACTION PATHWAY%PATHWHIZ%PW000379,0.32532347504621073,0.5939852866765517,0.09889030075206362,0.3568782490434134,1.0841541550924358,34,
FOXA1 TRANSCRIPTION FACTOR NETWORK%PATHWAY INTERACTION DATABASE NCI-NATURE CURATED DATA%FOXA1 TRANSCRIPTION FACTOR NETWORK,0.6130841121495327,0.8436939836593216,0.06538341954687732,0.3101365719408434,0.9036693211998622,26,
FOXA2 AND FOXA3 TRANSCRIPTION FACTOR NETWORKS%PATHWAY INTERACTION DATABASE NCI-NATURE CURATED DATA%FOXA2 AND FOXA3 TRANSCRIPTION FACTOR NETWORKS,0.09541984732824428,0.3167360453144614,0.19991523130966152,0.4767338043300095,1.3574091903505705,24,
FOXM1 TRANSCRIPTION FACTOR NETWORK%PATHWAY INTERACTION DATABASE NCI-NATURE CURATED DATA%FOXM1 TRANSCRIPTION FACTOR NETWORK,8.19048115298789e-6,1.8804261688430048e-4,0.5933254763964051,-0.672718666198396,-2.183767976290443,38,
FOXO FAMILY SIGNALING%PATHWAY INTERACTION DATABASE NCI-NATURE CURATED DATA%FOXO FAMILY SIGNALING,0.1655328798185941,0.4330040867571134,0.16318012718068908,-0.3484877900406807,-1.177312490518345,45,
FOXO-MEDIATED TRANSCRIPTION OF CELL CYCLE GENES%REACTOME%R-HSA-9617828.2,0.11588785046728972,0.35637555099431345,0.17821987495197314,0.524043337576155,1.3542544528080196,16,
FOXO-MEDIATED TRANSCRIPTION OF CELL DEATH GENES%REACTOME DATABASE ID RELEASE 93%9614657,0.0761904761904762,0.2799697656840514,0.22496609354031374,0.5609211979148261,1.4167171729169175,15,
"FOXO-MEDIATED TRANSCRIPTION OF OXIDATIVE STRESS, METABOLIC AND NEURONAL GENES%REACTOME%R-HSA-9615017.2",0.6330798479087453,0.8577401037255099,0.06464845684219278,0.33407463572498264,0.887022072311098,18,
FOXO-MEDIATED TRANSCRIPTION%REACTOME%R-HSA-9614085.3,0.20930232558139536,0.4842862173003501,0.12563992130984047,0.357380736671841,1.1598236939138435,51,
FRAGILE X SYNDROME%WIKIPATHWAYS_20250810%WP4549%HOMO SAPIENS,0.924956369982548,1,0.04301731969275082,0.2118450604009064,0.7520082825244808,87,
FRUCTOSE AND MANNOSE DEGRADATION%SMPDB%SMP0000064,0.6616702355460385,0.8755195384748928,0.06831108583186465,-0.33330248322483147,-0.8661957210307006,16,
"FRUCTOSE INTOLERANCE, HEREDITARY%PATHWHIZ%PW000702",0.6616702355460385,0.8755195384748928,0.06831108583186465,-0.33330248322483147,-0.8661957210307006,16,
"FRUCTOSE-1,6-DIPHOSPHATASE DEFICIENCY%SMPDB%SMP0000562",0.3492723492723493,0.6218736181928992,0.10171390228231093,-0.4067109350892221,-1.076917586383378,17,
FRUCTOSURIA%SMPDB%SMP0000561,0.6616702355460385,0.8755195384748928,0.06831108583186465,-0.33330248322483147,-0.8661957210307006,16,
FUMARASE DEFICIENCY%SMPDB%SMP0000547,0.09978768577494693,0.324792256687525,0.20658792269689108,-0.4857188230258824,-1.3463384272534613,21,
FUROSEMIDE ACTION PATHWAY%PATHWHIZ%PW000337,0.22537878787878787,0.4977792661003207,0.12443416863039332,0.441161905676685,1.208474426305242,20,
G ALPHA (12 13) SIGNALLING EVENTS%REACTOME%R-HSA-416482.7,0.8355555555555556,0.9767291987067442,0.05884381695958071,-0.23114995866022256,-0.8399820896801597,68,
G ALPHA (I) SIGNALLING EVENTS%REACTOME%R-HSA-418594.9,0.581453634085213,0.8223630383513372,0.083129129135339,-0.23733157610595831,-0.9546708400991714,150,
G ALPHA (Q) SIGNALLING EVENTS%REACTOME%R-HSA-416476.8,0.5240549828178694,0.784177076363071,0.06895673516728111,0.26390929009824593,0.9690740474860209,110,
G ALPHA (S) SIGNALLING EVENTS%REACTOME%R-HSA-418555.12,0.09456264775413711,0.3147933318885475,0.22496609354031374,-0.34152695731595134,-1.2446878023191768,76,
G ALPHA (Z) SIGNALLING EVENTS%REACTOME DATABASE ID RELEASE 93%418597,0.6153846153846154,0.8452600551488066,0.07325586558284547,-0.28748703519192825,-0.9195280420488608,36,
G BETA:GAMMA SIGNALLING THROUGH BTK%REACTOME%R-HSA-8964315.2,0.08993576017130621,0.3059043762944014,0.21925034670375515,-0.5364541016429941,-1.39415177131783,16,
G BETA:GAMMA SIGNALLING THROUGH CDC42%REACTOME%R-HSA-8964616.2,0.08403361344537816,0.2945345848980905,0.22496609354031374,-0.524815612011033,-1.3961646295262475,18,
G BETA:GAMMA SIGNALLING THROUGH PI3KGAMMA%REACTOME%R-HSA-392451.5,0.17088607594936708,0.44016830689600533,0.15419096658142434,-0.45169002652551576,-1.2456013510254857,20,
G BETA:GAMMA SIGNALLING THROUGH PLC BETA%REACTOME%R-HSA-418217.5,0.16806722689075632,0.43593908151495897,0.1552419662288392,-0.47403341199013466,-1.2610689695343058,18,
G PROTEIN GATED POTASSIUM CHANNELS%REACTOME%R-HSA-1296059.4,0.056485355648535567,0.24149362837103622,0.27650059925447157,-0.5025184328061731,-1.448211382162085,24,
G PROTEIN SIGNALING%WIKIPATHWAYS_20250810%WP35%HOMO SAPIENS,0.1130820399113082,0.3519797275894837,0.19782202131510335,-0.3459670880427116,-1.2448040505210551,60,
"G PROTEIN-COUPLED RECEPTOR SIGNALING PATHWAY, COUPLED TO CYCLIC NUCLEOTIDE SECOND MESSENGER%GOBP%GO:0007187",0.04535768611289832,0.21557511038773572,0.3217759180753611,-0.5364186033781365,-1.479252801357275,20,
"G(M2)-GANGLIOSIDOSIS: VARIANT B, TAY-SACHS DISEASE%SMPDB%SMP0000534",0.27850467289719627,0.5538196000776029,0.10925003948071095,0.4502468991196039,1.1635466463823079,16,
G-CSF%IOB%G-CSF,0.10093457943925234,0.32705039566847144,0.19189224038483796,0.46139717545127246,1.3309049206522494,25,
G-PROTEIN ACTIVATION%REACTOME%R-HSA-202040.3,0.12266112266112267,0.3674536133257923,0.18302393838448722,-0.4985663387539911,-1.3201387321075104,17,
G-PROTEIN BETA:GAMMA SIGNALLING%REACTOME%R-HSA-397795.5,0.1292372881355932,0.3791142412256367,0.1797823162983236,-0.41858743404606924,-1.2428652865690097,27,
G-PROTEIN MEDIATED EVENTS%REACTOME%R-HSA-112040.3,0.9546485260770975,1,0.05356693847709506,-0.20091392492152121,-0.6787568462629914,45,
G0 AND EARLY G1%REACTOME DATABASE ID RELEASE 93%1538133,8.331920561925289e-8,2.9298829520289182e-6,0.7049757151672383,-0.7834242572551127,-2.2839714369000426,26,
G1 PHASE%REACTOME%R-HSA-69236.6,2.8627310897229926e-4,0.004218921468037386,0.49849310876659025,-0.587591840399426,-1.962998490956454,43,
G1 S DNA DAMAGE CHECKPOINTS%REACTOME DATABASE ID RELEASE 93%69615,2.224558897389181e-4,0.003423725549555205,0.5188480777437918,-0.5306617815302624,-1.8877596214785604,58,
G1 S TRANSITION%REACTOME DATABASE ID RELEASE 93%69206,8.530236259872804e-18,2.1529435084564836e-15,1.0864405425824981,-0.6848657930904866,-2.676820189393979,118,
G1 S-SPECIFIC TRANSCRIPTION%REACTOME%R-HSA-69205.5,5.051759895316762e-9,2.7789681166712807e-7,0.7614608014455848,-0.8182508904346777,-2.429541703140367,27,
G1 TO S CELL CYCLE CONTROL%WIKIPATHWAYS_20250810%WP45%HOMO SAPIENS,1.4921367848732922e-11,1.4527773281409001e-9,0.8634153916066928,-0.7564793705333958,-2.6158825299915875,50,
G1/S TRANSITION OF MITOTIC CELL CYCLE%GOBP%GO:0000082,4.4120230890040354e-5,8.143920359636684e-4,0.557332238758646,-0.5583804743684412,-2.0195989380345454,61,
G13 SIGNALING%WIKIPATHWAYS_20250810%WP524%HOMO SAPIENS,0.9711538461538461,1,0.045224744337288424,0.20509157464636335,0.5974249711907783,28,
G2 M CHECKPOINTS%REACTOME%R-HSA-69481.5,4.6869229895139467e-20,2.3673221936126804e-17,1.1601795718302144,-0.6849171272228856,-2.721791426806051,130,
G2 M DNA DAMAGE CHECKPOINT%REACTOME DATABASE ID RELEASE 93%69473,1.572983595005397e-11,1.4565828089749975e-9,0.8634153916066928,-0.6943083821181932,-2.512001567757071,70,
G2 M TRANSITION%REACTOME DATABASE ID RELEASE 93%69275,2.002668622290904e-10,1.4835769153931017e-8,0.826657301178302,-0.5249780423834614,-2.1646974073335397,172,
G2/M TRANSITION OF MITOTIC CELL CYCLE%GOBP%GO:0000086,5.277262628365904e-7,1.4959424062857634e-5,0.6594443980379349,-0.7095876912146071,-2.2750353774418626,37,
GABA B RECEPTOR ACTIVATION%REACTOME DATABASE ID RELEASE 93%977444,0.11538461538461539,0.3559560927689745,0.19189224038483796,-0.39531129095429374,-1.265581189070509,35,
GABA RECEPTOR ACTIVATION%REACTOME DATABASE ID RELEASE 93%977443,0.03495666372177889,0.17803594908971154,0.3217759180753611,-0.4554282321858069,-1.5176082066782786,42,
GABA RECEPTOR SIGNALING%WIKIPATHWAYS_20250810%WP4159%HOMO SAPIENS,0.036570906763965565,0.18421392382646662,0.3217759180753611,-0.5677596221247214,-1.5033535347908984,17,
GABA-B_RECEPTOR_II_SIGNALING%PANTHER PATHWAY%P05731,0.5863539445628998,0.8264288472834783,0.07417589655880091,-0.30522322112525097,-0.928521493995206,29,
"GAMMA CARBOXYLATION, HYPUSINYLATION, HYDROXYLATION, AND ARYLSULFATASE ACTIVATION%REACTOME DATABASE ID RELEASE 93%163841",0.4283154121863799,0.6995062992673506,0.0815265143256594,0.30754874090190853,1.0139920763008052,55,
GANGLIOSIDE METABOLIC PROCESS%GOBP%GO:0001573,0.4351464435146444,0.7048611195823219,0.08916471178206781,-0.37098316753483335,-1.0055362120493092,19,
GAP JUNCTION TRAFFICKING AND REGULATION%REACTOME DATABASE ID RELEASE 93%157858,0.05794392523364486,0.24223961519799161,0.25720646646883816,0.5694326910549006,1.4715514961078702,16,
GAP JUNCTION TRAFFICKING%REACTOME DATABASE ID RELEASE 93%190828,0.05523809523809524,0.24030136211400197,0.26635065708852557,0.5725331698268744,1.4460454993919776,15,
GAP-FILLING DNA REPAIR SYNTHESIS AND LIGATION IN GG-NER%REACTOME%R-HSA-5696397.3,2.6226588142011955e-6,6.653649484795362e-5,0.6272567397185284,-0.7603121342158382,-2.2031600463730725,25,
GAP-FILLING DNA REPAIR SYNTHESIS AND LIGATION IN TC-NER%REACTOME%R-HSA-6782210.3,3.361350262678849e-4,0.004752076859909334,0.49849310876659025,-0.5293495233713611,-1.9130015080512943,62,
GASTRIC CANCER NETWORK 1%WIKIPATHWAYS_20250810%WP2361%HOMO SAPIENS,1.0519452098523988e-4,0.001771093207860584,0.5384340963099162,-0.7518671241472858,-2.037908148240937,19,
GASTRIC CANCER NETWORK 2%WIKIPATHWAYS_20250810%WP2363%HOMO SAPIENS,2.099582522105208e-5,4.3204742565987174e-4,0.5756102610711286,-0.7261002063859023,-2.1040239822327145,25,
GASTRIN SIGNALING%WIKIPATHWAYS_20250810%WP4659%HOMO SAPIENS,0.06076388888888889,0.24842102035810643,0.24133997681509095,0.3768573202940439,1.3333166672451588,83,
GASTRIN_CCK2R_240212%PANTHER PATHWAY%P06959,0.711864406779661,0.9048544141083954,0.053676960063812645,0.23921258243785284,0.8904280131153907,116,
GASTRULATION%GOBP%GO:0007369,0.29853479853479853,0.5765239279316443,0.1035763266125924,0.32141619720474573,1.0933069756014453,64,
GASTRULATION%REACTOME%R-HSA-9758941.6,0.01761130373411128,0.11055619730308568,0.35248785758361917,-0.38589783965742436,-1.4462654793209733,87,
GAUCHER DISEASE%PATHWHIZ%PW000201,0.6920152091254753,0.8930876357806398,0.06037863579204014,0.3194842069179099,0.8482821291595581,18,
GDNF RET SIGNALING AXIS%WIKIPATHWAYS_20250810%WP4830%HOMO SAPIENS,0.004258296796617999,0.037733807020748966,0.40701791892395395,-0.6433747048593215,-1.7741999037544034,20,
GENE AND PROTEIN EXPRESSION BY JAK-STAT SIGNALING AFTER INTERLEUKIN-12 STIMULATION%REACTOME DATABASE ID RELEASE 93%8950505,0.9384615384615385,1,0.046788296531802984,0.2299695962143167,0.6698938248925734,28,
GENE SILENCING BY RNA%REACTOME DATABASE ID RELEASE 93%211000,0.07511737089201878,0.27767938301800155,0.2529611230696109,-0.3428269949802131,-1.2696103477401506,83,
GENERAL TRANSCRIPTION REGULATION%PANTHER PATHWAY%P00023,0.9850746268656716,1,0.04929176623126693,-0.1951508989966556,-0.5936697857484589,29,
GENES CONTROLLING NEPHROGENESIS%WIKIPATHWAYS_20250810%WP4823%HOMO SAPIENS,0.33958333333333335,0.6119769704832955,0.1035763266125924,-0.3803639222145073,-1.0881511563534254,23,
GENES RELATED TO PRIMARY CILIUM DEVELOPMENT BASED ON CRISPR %WIKIPATHWAYS_20250810%WP4536%HOMO SAPIENS,0.43356643356643354,0.7040903453390754,0.09560314922043013,-0.26866533657839964,-1.0069022467926483,87,
GENETIC CAUSES OF PORTO SINUSOIDAL VASCULAR DISEASE%WIKIPATHWAYS_20250810%WP5269%HOMO SAPIENS,0.308411214953271,0.5852229201777233,0.10282184284081514,0.3831165688466781,1.1051037019521137,25,
GERM CELL DEVELOPMENT%GOBP%GO:0007281,0.03981206871988042,0.19626961296154002,0.3217759180753611,0.3563210700014926,1.367949017269813,139,
GLAND DEVELOPMENT%GOBP%GO:0048732,0.2804878048780488,0.5559722596869209,0.10434395258194858,0.31088889462657415,1.1008392846355928,85,
GLAND MORPHOGENESIS%GOBP%GO:0022612,0.5906542056074766,0.8291244988264629,0.06720650937104644,0.35218549894008916,0.9101323229488033,16,
GLI3 IS PROCESSED TO GLI3R BY THE PROTEASOME%REACTOME%R-HSA-5610785.2,0.014141127614595014,0.09409353895411963,0.3807304007227924,-0.46796882568038134,-1.5835189969886123,46,
GLIAL CELL DEVELOPMENT%GOBP%GO:0021782,0.8150087260034904,0.9656744006400529,0.04879897016828393,0.24610287127168384,0.7920108590786551,46,
GLIAL CELL DIFFERENTIATION%GOBP%GO:0010001,0.782608695652174,0.9471082363414243,0.052375908409799665,0.24216246150468176,0.829714547527423,68,
GLIOBLASTOMA SIGNALING%WIKIPATHWAYS_20250810%WP2261%HOMO SAPIENS,0.3925438596491228,0.6629099344104944,0.09787732774245612,-0.28542636449802905,-1.0361638475504544,64,
GLIOGENESIS%GOBP%GO:0042063,0.958041958041958,1,0.054680848878544186,-0.20019885878026777,-0.7496715004474265,86,
GLOBAL GENOME NUCLEOTIDE EXCISION REPAIR (GG-NER)%REACTOME%R-HSA-5696399.2,5.778543715400658e-6,1.3838615897743988e-4,0.610526878385931,-0.5312675735294801,-1.9734096663895155,84,
GLOBOID CELL LEUKODYSTROPHY%PATHWHIZ%PW000202,0.6920152091254753,0.8930876357806398,0.06037863579204014,0.3194842069179099,0.8482821291595581,18,
GLOMERULUS DEVELOPMENT%GOBP%GO:0032835,0.7245762711864406,0.9100558219985848,0.06335970106437581,-0.289150151450144,-0.8585415055818505,27,
GLUCAGON SIGNALING IN METABOLIC REGULATION%REACTOME DATABASE ID RELEASE 93%163359,0.22406639004149378,0.4977792661003207,0.13145761164276346,-0.3841125318577912,-1.162008921273973,28,
GLUCAGON-LIKE PEPTIDE-1 (GLP1) REGULATES INSULIN SECRETION%REACTOME%R-HSA-381676.8,0.28199566160520606,0.5577439678122704,0.11828752612408502,-0.3509785879424153,-1.1165498979680313,34,
GLUCAGON-TYPE LIGAND RECEPTORS%REACTOME%R-HSA-420092.5,0.09282700421940929,0.31100330525642395,0.21392785549235627,-0.49405658732023927,-1.362433342579831,20,
GLUCAN CATABOLIC PROCESS%GOBP%GO:0009251,0.1431297709923664,0.40244382977408283,0.1608014010700223,0.4906972290775681,1.314843795638858,19,
GLUCAN METABOLIC PROCESS%GOBP%GO:0044042,0.04725897920604915,0.22027759099732303,0.2878571172551493,0.48527209006023053,1.4450600762238635,31,
GLUCOCORTICOID RECEPTOR PATHWAY%WIKIPATHWAYS_20250810%WP2880%HOMO SAPIENS,0.3638392857142857,0.6388277956307673,0.1035763266125924,-0.3115631320019264,-1.0514975679490008,44,
GLUCOCORTICOID RECEPTOR REGULATORY NETWORK%PATHWAY INTERACTION DATABASE NCI-NATURE CURATED DATA%GLUCOCORTICOID RECEPTOR REGULATORY NETWORK,0.09683098591549295,0.3196353977744755,0.19002330527910832,0.38653767663019656,1.2985333864016742,58,
GLUCONEOGENESIS%GOBP%GO:0006094,0.07824427480916031,0.2848653070356361,0.22205604614524838,0.4936014621029617,1.4054366502720912,24,
GLUCONEOGENESIS%PATHWHIZ%PW000152,0.3492723492723493,0.6218736181928992,0.10171390228231093,-0.4067109350892221,-1.076917586383378,17,
GLUCONEOGENESIS%REACTOME%R-HSA-70263.7,0.19047619047619047,0.46868277869163605,0.1372507796101328,0.49834088911799823,1.2586582539662878,15,
GLUCOSAMINE-CONTAINING COMPOUND METABOLIC PROCESS%GOBP%GO:1901071,0.01679862581089009,0.10715633180861692,0.35248785758361917,0.6240999693760105,1.6173191234122755,17,
GLUCOSE 6-PHOSPHATE METABOLIC PROCESS%GOBP%GO:0051156,0.02474811498491905,0.13931157736191513,0.35248785758361917,0.6253031070419373,1.6159341343466118,16,
GLUCOSE CATABOLIC PROCESS%GOBP%GO:0006007,0.6666666666666666,0.8779331595164731,0.06224904294985801,0.33456653895907235,0.8450138147545422,15,
GLUCOSE HOMEOSTASIS%GOBP%GO:0042593,4.157854642752422e-4,0.005397439344657117,0.49849310876659025,0.48498529238433286,1.7272698941339841,91,
GLUCOSE METABOLIC PROCESS%GOBP%GO:0006006,0.05734767025089606,0.24149362837103622,0.2529611230696109,0.41570041820079096,1.3841409201726718,57,
GLUCOSE METABOLISM%REACTOME DATABASE ID RELEASE 93%70326,0.45054945054945056,0.7176756729509024,0.07998588014999461,0.29600172732694036,1.0068588829407088,64,
GLUCOSE TRANSPORTER DEFECT (SGLT2)%SMPDB%SMP0000184,0.22537878787878787,0.4977792661003207,0.12443416863039332,0.441161905676685,1.208474426305242,20,
"GLUTAMATE BINDING, ACTIVATION OF AMPA RECEPTORS AND SYNAPTIC PLASTICITY%REACTOME%R-HSA-399721.5",0.3125,0.5895585738539898,0.10882012676916121,-0.38892721203801217,-1.1126491520344703,23,
GLUTAMATE METABOLIC PROCESS%GOBP%GO:0006536,0.9865642994241842,1,0.04441811530815725,0.20442171915027985,0.5297471107923905,17,
GLUTAMATE METABOLISM%PATHWHIZ%PW000003,0.6012658227848101,0.8358167854848086,0.07235708510369071,-0.32597423352472094,-0.8989216538633334,20,
GLUTAMATE NEUROTRANSMITTER RELEASE CYCLE%REACTOME DATABASE ID RELEASE 93%210500,0.6314779270633397,0.8572024229158645,0.06523530560177027,0.34151048373617343,0.8850047481087426,17,
GLUTAMATE RECEPTOR SIGNALING PATHWAY%GOBP%GO:0007215,0.37294332723948814,0.6459080817152731,0.09026354843400684,0.34667666842430744,1.062278852842509,36,
GLUTAMINE FAMILY AMINO ACID METABOLIC PROCESS%GOBP%GO:0009064,0.8149779735682819,0.9656744006400529,0.059603704257597284,-0.24640841442617498,-0.7900191435949813,37,
GLUTAMINOLYSIS AND CANCER%SMPDB%SMP0002298,0.905982905982906,1,0.053238649475589886,-0.23487770767235708,-0.7347637194270308,32,
GLUTATHIONE CONJUGATION%REACTOME%R-HSA-156590.4,0.6291666666666667,0.8557282741738066,0.06944814420031753,-0.31227544621569425,-0.8933625616279054,23,
GLUTATHIONE METABOLIC PROCESS%GOBP%GO:0006749,0.594392523364486,0.8316406093712123,0.0668966276500666,0.3132399954910243,0.9127120104752264,26,
GLYCEROLIPID BIOSYNTHETIC PROCESS%GOBP%GO:0045017,0.46102819237147596,0.7285189524504893,0.07362127410143941,0.25171472667619654,0.990921592527162,168,
GLYCEROLIPID CATABOLIC PROCESS%GOBP%GO:0046503,0.5449438202247191,0.7965556077791474,0.07130529873400379,0.3186589280749964,0.9537209977985872,32,
GLYCEROLIPIDS AND GLYCEROPHOSPHOLIPIDS%WIKIPATHWAYS_20250810%WP4722%HOMO SAPIENS,0.4012605042016807,0.6715523036351414,0.09405034657278127,-0.38451563097094205,-1.022925216352578,18,
GLYCEROPHOSPHOLIPID BIOSYNTHESIS%REACTOME DATABASE ID RELEASE 93%1483206,0.6951219512195121,0.8935903657972257,0.05605958750323349,0.24530170917761912,0.8933300780523241,103,
GLYCEROPHOSPHOLIPID BIOSYNTHETIC PATHWAY%WIKIPATHWAYS_20250810%WP2533%HOMO SAPIENS,0.9885057471264368,1,0.04424074234773751,0.1784164517954846,0.5028514705666163,23,
GLYCEROPHOSPHOLIPID BIOSYNTHETIC PROCESS%GOBP%GO:0046474,0.5996732026143791,0.8356619798659367,0.059989249649032995,0.2391650115315764,0.9311546974792466,155,
GLYCEROPHOSPHOLIPID CATABOLIC PROCESS%GOBP%GO:0046475,0.6641221374045801,0.8758278175693918,0.06252374147247618,0.3204731177205343,0.8587211533596748,19,
GLYCINE AND SERINE METABOLISM%SMPDB%SMP0000004,0.004008623686920783,0.036038694505715,0.40701791892395395,0.6395092214137088,1.8024019040430992,23,
GLYCOGEN CATABOLIC PROCESS%GOBP%GO:0005980,0.20722433460076045,0.4825391462874372,0.13077713797197438,0.46213106028477235,1.2270325458367901,18,
GLYCOGEN METABOLIC PROCESS%GOBP%GO:0005977,0.06981132075471698,0.2658476340734801,0.2343926472946861,0.46532405500739593,1.3778233056147238,30,
GLYCOGEN METABOLISM%REACTOME%R-HSA-8982491.3,0.6724137931034483,0.8811053463398107,0.06211241889494712,0.30301853769504683,0.85403176531928,23,
GLYCOGEN STORAGE DISEASE TYPE 1A (GSD1A) OR VON GIERKE DISEASE%SMPDB%SMP0000374,0.3492723492723493,0.6218736181928992,0.10171390228231093,-0.4067109350892221,-1.076917586383378,17,
GLYCOGEN SYNTHESIS AND DEGRADATION%WIKIPATHWAYS_20250810%WP500%HOMO SAPIENS,0.12452830188679245,0.37058342007660355,0.1723243449009459,0.4454520902479474,1.2993399173925568,27,
"GLYCOGENOSIS, TYPE IA. VON GIERKE DISEASE%SMPDB%SMP0000581",0.3492723492723493,0.6218736181928992,0.10171390228231093,-0.4067109350892221,-1.076917586383378,17,
"GLYCOGENOSIS, TYPE IB%SMPDB%SMP0000573",0.3492723492723493,0.6218736181928992,0.10171390228231093,-0.4067109350892221,-1.076917586383378,17,
"GLYCOGENOSIS, TYPE IC%SMPDB%SMP0000574",0.3492723492723493,0.6218736181928992,0.10171390228231093,-0.4067109350892221,-1.076917586383378,17,
GLYCOLIPID BIOSYNTHETIC PROCESS%GOBP%GO:0009247,0.5422535211267606,0.7945506548246274,0.06847149044920875,0.2806222254929992,0.9427213718098174,58,
GLYCOLIPID CATABOLIC PROCESS%GOBP%GO:0019377,0.3683083511777302,0.64124918172129175,0.10027910675413045,-0.4057381967106765,-1.0544436586523378,16,
GLYCOLIPID METABOLIC PROCESS%GOBP%GO:0006664,0.9513888888888888,1,0.04148804020022096,0.20622716117841666,0.7194367908413924,75,
GLYCOLYSIS AND GLUCONEOGENESIS%WIKIPATHWAYS_20250810%WP534%HOMO SAPIENS,0.683206106870229,0.8895929528406357,0.06116926267466889,0.3171017842692787,0.8496875240486921,19,
GLYCOLYSIS%REACTOME DATABASE ID RELEASE 93%70171,0.6027397260273972,0.8361602791031758,0.0762797180809272,-0.260574674304416,-0.9319118588576963,59,
GLYCOLYTIC PROCESS THROUGH FRUCTOSE-6-PHOSPHATE%GOBP%GO:0061615,0.820952380952381,0.9686157206564937,0.052482762263545854,0.2952012368983995,0.7455889763748642,15,
GLYCOLYTIC PROCESS THROUGH GLUCOSE-6-PHOSPHATE%GOBP%GO:0061620,0.820952380952381,0.9686157206564937,0.052482762263545854,0.2952012368983995,0.7455889763748642,15,
GLYCOLYTIC PROCESS%GOBP%GO:0006096,0.1641509433962264,0.4322829697459376,0.14826150047510658,0.4325292753462153,1.2616453378530388,27,
GLYCOPROTEIN CATABOLIC PROCESS%GOBP%GO:0006516,0.41682242990654206,0.6888356396670873,0.08528846897905017,0.35170204140011047,1.0247818985929409,26,
GLYCOSAMINOGLYCAN BIOSYNTHETIC PROCESS%GOBP%GO:0006024,0.31368821292775667,0.5911980023835197,0.10282184284081514,0.4161026252003977,1.1048196224127276,18,
GLYCOSAMINOGLYCAN METABOLIC PROCESS%GOBP%GO:0030203,0.36968576709796674,0.6426983008012798,0.09139243259437684,0.3476545320750727,1.0561335875643578,34,
GLYCOSAMINOGLYCAN METABOLISM%REACTOME DATABASE ID RELEASE 93%1630316,0.7142857142857143,0.9052079834956581,0.06977925170762346,-0.2304722020449237,-0.8953226307153378,110,
GLYCOSAMINOGLYCAN SYNTHESIS IN FIBROBLASTS%WIKIPATHWAYS_20250810%WP5395%HOMO SAPIENS,0.7654784240150094,0.9334148283060301,0.05502111171631165,0.27758737760513097,0.8154566730640603,29,
GLYCOSAMINOGLYCAN-PROTEIN LINKAGE REGION BIOSYNTHESIS%REACTOME%R-HSA-1971475.6,0.06567796610169492,0.2580670294632369,0.25720646646883816,-0.461673601636642,-1.3707962698572562,27,
GLYCOSPHINGOLIPID BIOSYNTHESIS%REACTOME DATABASE ID RELEASE 93%9840309,0.05423693338638269,0.23802559391369843,0.3217759180753611,0.5837074852547961,1.5084410092873355,16,
GLYCOSPHINGOLIPID BIOSYNTHETIC PROCESS%GOBP%GO:0006688,0.22889305816135083,0.4977792661003207,0.12267918956880833,0.3997777176622581,1.1744100557545754,29,
GLYCOSPHINGOLIPID CATABOLISM%REACTOME DATABASE ID RELEASE 93%9840310,0.0815450643776824,0.2907378335949764,0.23112670967383428,-0.41747041259841255,-1.3137563297860138,33,
GLYCOSPHINGOLIPID METABOLIC PROCESS%GOBP%GO:0006687,0.900523560209424,1,0.04424074234773751,0.22375046085831585,0.7200760958534559,46,
GLYCOSPHINGOLIPID METABOLISM%REACTOME DATABASE ID RELEASE 93%1660662,0.6866359447004609,0.8909269754217095,0.07011321576425601,-0.25880139569061844,-0.8876158452393474,49,
GLYCOSYL COMPOUND BIOSYNTHETIC PROCESS%GOBP%GO:1901659,0.3804573804573805,0.6521670447714039,0.09656295543094219,-0.39825281464364226,-1.0545215850228649,17,
GLYCOSYL COMPOUND METABOLIC PROCESS%GOBP%GO:1901657,0.1318181818181818,0.3830430051130696,0.1847064712077387,-0.37175241481760807,-1.241932544196533,43,
GLYCOSYLATION AND RELATED CONGENITAL DEFECTS%WIKIPATHWAYS_20250810%WP4521%HOMO SAPIENS,0.07430997876857749,0.27584899528787304,0.24133997681509095,-0.5076147526264604,-1.4070306014583795,21,
GLYCOSYLPHOSPHATIDYL INOSITOL ANCHOR PATHWAY%WIKIPATHWAYS_20250810%WP5505%HOMO SAPIENS,0.9395833333333333,1,0.05039643224429567,-0.22032893738681475,-0.6303205272459451,23,
GLYPICAN 1 NETWORK%PATHWAY INTERACTION DATABASE NCI-NATURE CURATED DATA%GLYPICAN 1 NETWORK,0.027710340309449997,0.15064447236722522,0.35248785758361917,0.6028510301582641,1.5622537213366328,17,
GM-CSF%IOB%GM-CSF,0.5632798573975044,0.8092821960453811,0.06720650937104644,0.29313073116515237,0.9335573069004334,45,
GMCSF-MEDIATED SIGNALING EVENTS%PATHWAY INTERACTION DATABASE NCI-NATURE CURATED DATA%GMCSF-MEDIATED SIGNALING EVENTS,0.20825515947467166,0.48370246552444635,0.12944288774504625,0.4068733705871712,1.195254654587876,29,
GNAQ P R183Q DRIVES CAPILLARY MALFORMATION%WIKIPATHWAYS_20250810%WP5501%HOMO SAPIENS,0.9942418426103646,1,0.044064034659756106,0.1871534091837013,0.4849972801428526,17,
GNAQ PATHWAYS IN PORT WINE STAIN%WIKIPATHWAYS_20250810%WP5437%HOMO SAPIENS,0.11775700934579439,0.36067141340972086,0.17669426893849804,0.5209442701475547,1.3462457146678763,16,
GNRH SIGNALING PATHWAY%PATHWHIZ%PW064816,0.643510054844607,0.8650323261644017,0.06197627360019979,0.288109354720244,0.8969541274666849,40,
GOLGI ASSOCIATED VESICLE BIOGENESIS%REACTOME DATABASE ID RELEASE 93%432722,0.43416370106761565,0.7040903453390754,0.08041999687615399,0.3080529474489322,1.0077850011996103,52,
GOLGI ORGANIZATION%GOBP%GO:0007030,0.929553264604811,1,0.042077210988939,0.20765606849853901,0.7625124023106571,110,
GOLGI TO ENDOSOME TRANSPORT%GOBP%GO:0006895,0.10093457943925234,0.32705039566847144,0.19189224038483796,0.5318586893943915,1.3744512080020879,16,
GOLGI TO PLASMA MEMBRANE PROTEIN TRANSPORT%GOBP%GO:0043001,0.2811320754716981,0.5566535321884372,0.10925003948071095,0.37938192308734964,1.1233488785581367,30,
GOLGI TO PLASMA MEMBRANE TRANSPORT%GOBP%GO:0006893,0.43416370106761565,0.7040903453390754,0.08041999687615399,0.307906600549363,1.0073062321711714,52,
GOLGI TO VACUOLE TRANSPORT%GOBP%GO:0006896,0.7177570093457943,0.9065373821153065,0.057852975703250924,0.3130762211562275,0.8090645108287731,16,
GOLGI-TO-ER RETROGRADE TRANSPORT%REACTOME DATABASE ID RELEASE 93%8856688,0.03330540479768811,0.1726164450148835,0.3217759180753611,-0.35711431867517696,-1.3872932545680827,110,
GONAD DEVELOPMENT%GOBP%GO:0008406,0.5102040816326531,0.7747281399289048,0.0847985102819124,-0.2905593568487537,-0.9816101735302756,45,
GOUT OR KELLEY-SEEGMILLER SYNDROME%SMPDB%SMP0000365,0.05753197716714412,0.24149362837103622,0.3217759180753611,-0.46114145939614276,-1.4281815129539124,31,
GPCR LIGAND BINDING%REACTOME DATABASE ID RELEASE 93%500792,0.04510411834222419,0.2145534944429774,0.3217759180753611,-0.31836987272435757,-1.28559000916487,155,
GPCRS CLASS A RHODOPSIN LIKE%WIKIPATHWAYS_20250810%WP455%HOMO SAPIENS,0.27149321266968324,0.548549973926647,0.12384217120104962,-0.31223217819998544,-1.0974350404495479,53,
GPCRS OTHER%WIKIPATHWAYS_20250810%WP117%HOMO SAPIENS,0.19136960600375236,0.46984071186780735,0.13574094381042484,0.4116085073031827,1.209164865009745,29,
GPER1 SIGNALING%REACTOME%R-HSA-9634597.3,0.2665198237885463,0.5426105316852924,0.12325722638133735,-0.35028561238586803,-1.123063675220544,37,
GPI ANCHOR BIOSYNTHETIC PROCESS%GOBP%GO:0006506,1,1,0.04754341942013011,-0.12426891390478587,-0.3555104847404991,23,
GPI ANCHOR METABOLIC PROCESS%GOBP%GO:0006505,1,1,0.04754341942013011,-0.12426891390478587,-0.3555104847404991,23,
GPI ANCHORED PROTEIN BIOSYNTHESIS%GOBP%GO:0180046,0.951271186440678,1,0.05060042438536184,-0.21739909978583943,-0.6454990582097465,27,
GPVI-MEDIATED ACTIVATION CASCADE%REACTOME DATABASE ID RELEASE 93%114604,0.6610169491525424,0.8755195384748928,0.06211241889494712,0.3100772143216935,0.8584678688294926,21,
GRANULOCYTE CHEMOTAXIS%GOBP%GO:0071621,0.2335216572504708,0.5005579967915185,0.12154328203546907,0.4347399887037601,1.2036044390229943,21,
GRANULOCYTE MIGRATION%GOBP%GO:0097530,0.21682242990654205,0.4937153362953884,0.12625398784911535,0.41609651406217835,1.2002346947398803,25,
GROWTH FACTORS AND HORMONES IN BETA CELL PROLIFERATION%WIKIPATHWAYS_20250810%WP5385%HOMO SAPIENS,0.45322245322245325,0.7209000716014744,0.08653997374441245,-0.38389291634127887,-1.0164984445407939,17,
GROWTH HORMONE RECEPTOR SIGNALING PATHWAY%GOBP%GO:0060396,0.0015629281570637608,0.016861415224555833,0.45505986738722953,0.7265366334271599,1.83501163649336,15,
GROWTH HORMONE RECEPTOR SIGNALING%REACTOME DATABASE ID RELEASE 93%982772,2.1441673057271378e-4,0.003309164875172216,0.5188480777437918,0.7600606273559681,2.0366143132028904,19,
GROWTH HORMONE SIGNALING PATHWAY%PATHWHIZ%PW064811,0.14015151515151514,0.39748944266555286,0.1619789488834018,0.48247160721049265,1.3216340559548954,20,
GROWTH%GOBP%GO:0040007,0.8516746411483254,0.9838883189727468,0.06143641072012707,-0.21689938557458854,-0.8380445993801042,107,
GSK3B AND BTRC:CUL1-MEDIATED-DEGRADATION OF NFE2L2%REACTOME%R-HSA-9762114.3,0.024146610752506882,0.13689012721223193,0.35248785758361917,-0.46701333112352184,-1.5562128428877504,42,
GTP HYDROLYSIS AND JOINING OF THE 60S RIBOSOMAL SUBUNIT%REACTOME%R-HSA-72706.4,8.987884326949152e-8,3.140672032737704e-6,0.7049757151672383,0.5678164605113164,2.0776944641116963,108,
GTP METABOLIC PROCESS%GOBP%GO:0046039,0.37735849056603776,0.6497067783033486,0.09754492162471996,-0.4182645624670946,-1.0654066525245012,15,
GUANIDINOACETATE METHYLTRANSFERASE DEFICIENCY (GAMT DEFICIENCY)%SMPDB%SMP0000188,0.5428571428571428,0.7945506548246274,0.07235708510369071,0.3718743743724891,0.9392421151130022,15,
HAIR FOLLICLE DEVELOPMENT CYTODIFFERENTIATION STAGE 3 OF 3%WIKIPATHWAYS_20250810%WP2840%HOMO SAPIENS,0.3879003558718861,0.6580685121295264,0.08653997374441245,0.3293144402227845,1.043392252866632,43,
HAIR FOLLICLE DEVELOPMENT ORGANOGENESIS STAGE 2 OF 3%WIKIPATHWAYS_20250810%WP2839%HOMO SAPIENS,0.10460251046025104,0.33474114195169263,0.19991523130966152,-0.4996368685079899,-1.3542473301366968,19,
HALLMARK OF CANCER METASTASIS AND EPITHELIAL TO MESENCHYMAL TRANSITION%WIKIPATHWAYS_20250810%WP5469%HOMO SAPIENS,0.05870020964360587,0.24399766536524,0.27128855468895297,-0.590213737796492,-1.503396890596497,15,
HALLMARK OF CANCER SUSTAINING PROLIFERATIVE SIGNALING%WIKIPATHWAYS_20250810%WP5475%HOMO SAPIENS,0.307426597582038,0.5843524379629843,0.09821233512174378,0.31032315345674166,1.086868071017439,76,
HALLMARK_ADIPOGENESIS%MSIGDBHALLMARK%HALLMARK_ADIPOGENESIS,0.9681372549019608,1,0.05652995250563114,-0.18589227505820272,-0.7501897201540806,148,
HALLMARK_ALLOGRAFT_REJECTION%MSIGDBHALLMARK%HALLMARK_ALLOGRAFT_REJECTION,0.017101776320050284,0.10846743063264769,0.35248785758361917,0.4175886301553341,1.4815536446326671,86,
HALLMARK_ANDROGEN_RESPONSE%MSIGDBHALLMARK%HALLMARK_ANDROGEN_RESPONSE,0.0757238307349666,0.2786235785188572,0.24504178543099617,-0.3652159773391265,-1.3198438547077667,62,
HALLMARK_ANGIOGENESIS%MSIGDBHALLMARK%HALLMARK_ANGIOGENESIS,0.15839694656488548,0.4249005812174977,0.15214492236756472,0.4443231648716103,1.2651260347060935,24,
HALLMARK_APICAL_JUNCTION%MSIGDBHALLMARK%HALLMARK_APICAL_JUNCTION,0.9200680272108843,1,0.042077210988939,0.20735884418439304,0.7767220877378601,120,
HALLMARK_APICAL_SURFACE%MSIGDBHALLMARK%HALLMARK_APICAL_SURFACE,0.6979362101313321,0.895917438853727,0.05934876803356285,0.2941040768392791,0.8639770803090804,29,
HALLMARK_APOPTOSIS%MSIGDBHALLMARK%HALLMARK_APOPTOSIS,0.15753424657534246,0.4234447382547667,0.14375898903927542,0.3216190840782699,1.1775799857429177,107,
HALLMARK_BILE_ACID_METABOLISM%MSIGDBHALLMARK%HALLMARK_BILE_ACID_METABOLISM,0.4098360655737705,0.6807321914283615,0.0847985102819124,0.3013520012055132,1.0309147488819035,67,
HALLMARK_CHOLESTEROL_HOMEOSTASIS%MSIGDBHALLMARK%HALLMARK_CHOLESTEROL_HOMEOSTASIS,0.5179856115107914,0.7778286317353822,0.07182762936038092,0.2875570652433285,0.9508549496180368,56,
HALLMARK_COAGULATION%MSIGDBHALLMARK%HALLMARK_COAGULATION,0.00226970563370837,0.02301183303080968,0.4317076958033464,0.4833152152230027,1.6569944549621902,69,
HALLMARK_COMPLEMENT%MSIGDBHALLMARK%HALLMARK_COMPLEMENT,0.047619047619047616,0.22066007387108305,0.27128855468895297,0.3672865212701303,1.331647942703681,99,
HALLMARK_DNA_REPAIR%MSIGDBHALLMARK%HALLMARK_DNA_REPAIR,3.7445492145935544e-6,9.287819391197227e-5,0.6272567397185284,-0.49142393574575866,-1.925181653898682,119,
HALLMARK_E2F_TARGETS%MSIGDBHALLMARK%HALLMARK_E2F_TARGETS,6.367582107270155e-39,3.537828618799298e-35,1.6216995507529544,-0.7668231289738681,-3.1163449192060515,161,
HALLMARK_EPITHELIAL_MESENCHYMAL_TRANSITION%MSIGDBHALLMARK%HALLMARK_EPITHELIAL_MESENCHYMAL_TRANSITION,0.05442176870748299,0.2382721410077033,0.2529611230696109,0.3507058737147224,1.3169479451363433,126,
HALLMARK_ESTROGEN_RESPONSE_EARLY%MSIGDBHALLMARK%HALLMARK_ESTROGEN_RESPONSE_EARLY,0.03585564352347028,0.18159886546618131,0.3217759180753611,0.35923112307625404,1.3791209758739063,139,
HALLMARK_ESTROGEN_RESPONSE_LATE%MSIGDBHALLMARK%HALLMARK_ESTROGEN_RESPONSE_LATE,0.01653130124899971,0.10601405334535752,0.35248785758361917,-0.3514441289151378,-1.3966034415887223,130,
HALLMARK_FATTY_ACID_METABOLISM%MSIGDBHALLMARK%HALLMARK_FATTY_ACID_METABOLISM,0.44786729857819907,0.7152470078819553,0.09466462231533423,-0.26131371380211355,-1.0013953143971612,94,
HALLMARK_G2M_CHECKPOINT%MSIGDBHALLMARK%HALLMARK_G2M_CHECKPOINT,1.835558686298258e-22,2.54959101526828e-19,1.229504056608731,-0.6851343667049962,-2.741653030862255,144,
HALLMARK_GLYCOLYSIS%MSIGDBHALLMARK%HALLMARK_GLYCOLYSIS,0.08877721943048576,0.30391018555500854,0.19381330272531053,0.3310665162606268,1.2584423556061326,134,
HALLMARK_HEDGEHOG_SIGNALING%MSIGDBHALLMARK%HALLMARK_HEDGEHOG_SIGNALING,0.002944809177084433,0.028064081968921285,0.4317076958033464,0.6402087887612806,1.8654266987785135,26,
HALLMARK_HEME_METABOLISM%MSIGDBHALLMARK%HALLMARK_HEME_METABOLISM,4.178200988007994e-4,0.005411208552301263,0.49849310876659025,0.44254580042579933,1.6676534344980882,127,
HALLMARK_HYPOXIA%MSIGDBHALLMARK%HALLMARK_HYPOXIA,4.889114019459604e-6,1.1861972703981467e-4,0.610526878385931,0.5115274515431779,1.9143352175201673,119,
HALLMARK_IL2_STAT5_SIGNALING%MSIGDBHALLMARK%HALLMARK_IL2_STAT5_SIGNALING,0.005839432768926231,0.048912894910383774,0.40701791892395395,0.3905744830601746,1.4747491478948793,128,
HALLMARK_IL6_JAK_STAT3_SIGNALING%MSIGDBHALLMARK%HALLMARK_IL6_JAK_STAT3_SIGNALING,0.002340149140082292,0.023554109823002198,0.4317076958033464,0.5369082492332468,1.7357140545395127,50,
HALLMARK_INFLAMMATORY_RESPONSE%MSIGDBHALLMARK%HALLMARK_INFLAMMATORY_RESPONSE,0.009557708936500164,0.07070922882982011,0.3807304007227924,0.40946017022364306,1.4777628743952775,97,
HALLMARK_INTERFERON_ALPHA_RESPONSE%MSIGDBHALLMARK%HALLMARK_INTERFERON_ALPHA_RESPONSE,0.0044043682138288675,0.038719414234229727,0.40701791892395395,0.4524987892477337,1.5785712945656156,75,
HALLMARK_INTERFERON_GAMMA_RESPONSE%MSIGDBHALLMARK%HALLMARK_INTERFERON_GAMMA_RESPONSE,0.04753820033955857,0.22066007387108305,0.27128855468895297,0.3538403520064875,1.3351560983403172,129,
HALLMARK_KRAS_SIGNALING_DN%MSIGDBHALLMARK%HALLMARK_KRAS_SIGNALING_DN,0.3090277777777778,0.5857125139526231,0.09821233512174378,0.3039291436659024,1.0820607684142112,88,
HALLMARK_KRAS_SIGNALING_UP%MSIGDBHALLMARK%HALLMARK_KRAS_SIGNALING_UP,0.014217928848956292,0.09449140273301573,0.3807304007227924,0.3965313696191263,1.4518647297343619,107,
HALLMARK_MITOTIC_SPINDLE%MSIGDBHALLMARK%HALLMARK_MITOTIC_SPINDLE,2.5611967435111907e-4,0.003815015846366803,0.49849310876659025,-0.4140005250109808,-1.6653250928451087,150,
HALLMARK_MTORC1_SIGNALING%MSIGDBHALLMARK%HALLMARK_MTORC1_SIGNALING,0.08319467554076539,0.29385226783502383,0.19991523130966152,0.32796134394893955,1.262321378196133,145,
HALLMARK_MYC_TARGETS_V1%MSIGDBHALLMARK%HALLMARK_MYC_TARGETS_V1,6.564072376677102e-6,1.558546415590512e-4,0.610526878385931,-0.45004346159660924,-1.8146574141256422,151,
HALLMARK_MYC_TARGETS_V2%MSIGDBHALLMARK%HALLMARK_MYC_TARGETS_V2,0.06163476245406649,0.249958204521747,0.3217759180753611,-0.40988122639369373,-1.3820612760021165,47,
HALLMARK_MYOGENESIS%MSIGDBHALLMARK%HALLMARK_MYOGENESIS,0.002330701136919616,0.023501588959574205,0.4317076958033464,0.4214275511288132,1.5807659350075718,121,
HALLMARK_NOTCH_SIGNALING%MSIGDBHALLMARK%HALLMARK_NOTCH_SIGNALING,0.9145833333333333,1,0.05163559644842005,-0.2389649808836713,-0.6836348167897386,23,
HALLMARK_OXIDATIVE_PHOSPHORYLATION%MSIGDBHALLMARK%HALLMARK_OXIDATIVE_PHOSPHORYLATION,0.2153846153846154,0.4916503381581443,0.15114876138548375,-0.27368297454632046,-1.105142564981006,155,
HALLMARK_P53_PATHWAY%MSIGDBHALLMARK%HALLMARK_P53_PATHWAY,0.00013050524632670943,0.00212635527446099,0.5188480777437918,0.4320858276824534,1.6848602624282698,159,
HALLMARK_PANCREAS_BETA_CELLS%MSIGDBHALLMARK%HALLMARK_PANCREAS_BETA_CELLS,0.00988852047048849,0.07257564766998213,0.3807304007227924,-0.6137668728508263,-1.663592503424893,19,
HALLMARK_PEROXISOME%MSIGDBHALLMARK%HALLMARK_PEROXISOME,0.5925110132158591,0.8300705529712838,0.07530937641727728,-0.25690786107913444,-0.9326848398548946,66,
HALLMARK_PI3K_AKT_MTOR_SIGNALING%MSIGDBHALLMARK%HALLMARK_PI3K_AKT_MTOR_SIGNALING,0.6876456876456877,0.8915157441398857,0.07061962471225905,-0.2512822974795797,-0.9095429715814934,72,
HALLMARK_PROTEIN_SECRETION%MSIGDBHALLMARK%HALLMARK_PROTEIN_SECRETION,0.04844290657439446,0.22206995786083797,0.27128855468895297,0.3862516180977723,1.3593347598142784,80,
HALLMARK_REACTIVE_OXYGEN_SPECIES_PATHWAY%MSIGDBHALLMARK%HALLMARK_REACTIVE_OXYGEN_SPECIES_PATHWAY,0.5754716981132075,0.8191051912568307,0.06895673516728111,0.31248573104272614,0.9252694294858219,30,
HALLMARK_SPERMATOGENESIS%MSIGDBHALLMARK%HALLMARK_SPERMATOGENESIS,0.0037550806085304435,0.0345165861034902,0.4317076958033464,-0.4754276070804865,-1.7181345956859218,62,
HALLMARK_TGF_BETA_SIGNALING%MSIGDBHALLMARK%HALLMARK_TGF_BETA_SIGNALING,0.14590747330960854,0.4065506126921691,0.15315880868307333,0.396399588799546,1.2559432854300594,43,
HALLMARK_TNFA_SIGNALING_VIA_NFKB%MSIGDBHALLMARK%HALLMARK_TNFA_SIGNALING_VIA_NFKB,2.5683767415413103e-8,1.230163894483062e-6,0.7337619883564803,0.5454350396382576,2.0808175315400192,137,
HALLMARK_UNFOLDED_PROTEIN_RESPONSE%MSIGDBHALLMARK%HALLMARK_UNFOLDED_PROTEIN_RESPONSE,7.770901618246844e-5,0.0013492227934681082,0.5384340963099162,0.5212446352023694,1.8679783117177786,93,
HALLMARK_UV_RESPONSE_DN%MSIGDBHALLMARK%HALLMARK_UV_RESPONSE_DN,0.027031657289663804,0.147968362464406,0.35248785758361917,0.38056351547167,1.3933998363553033,107,
HALLMARK_UV_RESPONSE_UP%MSIGDBHALLMARK%HALLMARK_UV_RESPONSE_UP,0.5912408759124088,0.8293302502808944,0.08063884959506612,-0.24363874364976287,-0.9499237018237121,117,
HALLMARK_WNT_BETA_CATENIN_SIGNALING%MSIGDBHALLMARK%HALLMARK_WNT_BETA_CATENIN_SIGNALING,0.8686679174484052,0.9918452423640237,0.04919275210451909,0.2520317026203778,0.7403828498925413,29,
HALLMARK_XENOBIOTIC_METABOLISM%MSIGDBHALLMARK%HALLMARK_XENOBIOTIC_METABOLISM,0.0706896551724138,0.2674239507123604,0.22205604614524838,0.3549102399768561,1.2876788610798473,100,
HARTNUP DISORDER%SMPDB%SMP0000189,0.22537878787878787,0.4977792661003207,0.12443416863039332,0.441161905676685,1.208474426305242,20,
HATS ACETYLATE HISTONES%REACTOME%R-HSA-3214847.3,0.2156398104265403,0.4920307132360813,0.1446305280344838,-0.2917373504583633,-1.1179834825082364,94,
HCMV EARLY EVENTS%REACTOME%R-HSA-9609690.2,4.967374092496247e-5,8.960626772048424e-4,0.557332238758646,-0.5352544982591678,-1.943425432446459,67,
HCMV INFECTION%REACTOME DATABASE ID RELEASE 93%9609646,0.005073935634800649,0.04379555588667331,0.40701791892395395,-0.4170283247535392,-1.579706558622263,90,
HCMV LATE EVENTS%REACTOME DATABASE ID RELEASE 93%9610379,0.013793529284412317,0.09266849903772048,0.3807304007227924,-0.43077349490741723,-1.563807613536372,64,
HDAC6 INTERACTIONS IN THE CENTRAL NERVOUS SYSTEM%WIKIPATHWAYS_20250810%WP5426%HOMO SAPIENS,0.8982456140350877,1,0.04459616158889607,0.21998569208834323,0.7648131690073274,73,
HDACS DEACETYLATE HISTONES%REACTOME%R-HSA-3214815.5,0.12121212121212122,0.36600790513834,0.19578900214894943,-0.36200774797859353,-1.224966524528048,46,
HDMS DEMETHYLATE HISTONES%REACTOME DATABASE ID RELEASE 93%3214842,0.019919038632541197,0.1205650672997248,0.35248785758361917,0.577737856133669,1.6283046077602363,23,
HDR THROUGH HOMOLOGOUS RECOMBINATION (HRR) OR SINGLE STRAND ANNEALING (SSA)%REACTOME%R-HSA-5693567.4,4.7673148672444915e-18,1.4715111890227998e-15,1.095929286431201,-0.6966022716009109,-2.697956217115913,108,
HDR THROUGH HOMOLOGOUS RECOMBINATION (HRR)%REACTOME%R-HSA-5685942.4,2.695835421588721e-14,4.279446172099123e-12,0.9759946830643197,-0.734790711536155,-2.6687701673478723,69,
HDR THROUGH SINGLE STRAND ANNEALING (SSA)%REACTOME DATABASE ID RELEASE 93%5685938,4.82907267632895e-9,2.683032778968365e-7,0.7614608014455848,-0.758364247812647,-2.431419702063377,37,
HEAD AND NECK SQUAMOUS CELL CARCINOMA%WIKIPATHWAYS_20250810%WP4674%HOMO SAPIENS,0.3788706739526412,0.6509967455306774,0.08916471178206781,0.30898857025850673,1.04358814314848,61,
HEAD MORPHOGENESIS%GOBP%GO:0060323,0.018661821194419496,0.1148228998407472,0.35248785758361917,-0.622867960339386,-1.586573972883863,15,
HEART CONTRACTION%GOBP%GO:0060047,0.047957371225577264,0.22120219214986755,0.27650059925447157,0.43210289056765083,1.3968998636852723,50,
HEART DEVELOPMENT%WIKIPATHWAYS_20250810%WP1591%HOMO SAPIENS,0.11588785046728972,0.35637555099431345,0.17821987495197314,0.4518720121905436,1.3166550206253433,26,
HEART LOOPING%GOBP%GO:0001947,0.6695095948827292,0.8795921752585585,0.0675188953767744,-0.2879039538539157,-0.8758344413443745,29,
HEART MORPHOGENESIS%GOBP%GO:0003007,0.008975029581671646,0.0670232047792576,0.3807304007227924,0.40059685171923665,1.488065605361647,114,
HEART PROCESS%GOBP%GO:0003015,0.056658727741622346,0.24149362837103622,0.3217759180753611,0.43574858354598056,1.4298828029371689,53,
HEART TRABECULA MORPHOGENESIS%GOBP%GO:0061384,0.05046728971962617,0.22814992813852158,0.27650059925447157,0.580166406539704,1.499290007311358,16,
HEART VALVE DEVELOPMENT%GOBP%GO:0003170,0.5539568345323741,0.8031795857677115,0.06847149044920875,0.2838337157950866,0.938543079454031,56,
HEART VALVE MORPHOGENESIS%GOBP%GO:0003179,0.5344827586206896,0.7910458729079786,0.06815134386794833,0.2971237927268364,0.9603467161617628,47,
HEDGEHOG 'OFF' STATE%REACTOME%R-HSA-5610787.3,0.9835680751173709,1,0.053787280776029955,-0.18722959259455976,-0.6954700536410069,84,
HEDGEHOG 'ON' STATE%REACTOME%R-HSA-5632684.2,0.16519823788546256,0.4330040867571134,0.1608014010700223,-0.3250055407578236,-1.1804246811774843,69,
HEDGEHOG LIGAND BIOGENESIS%REACTOME DATABASE ID RELEASE 93%5358346,0.20501138952164008,0.4797322338103323,0.1455161460903603,-0.3333877743001469,-1.152844728455199,50,
HEDGEHOG SIGNALING EVENTS MEDIATED BY GLI PROTEINS%PATHWAY INTERACTION DATABASE NCI-NATURE CURATED DATA%HEDGEHOG SIGNALING EVENTS MEDIATED BY GLI PROTEINS,0.3682983682983683,0.64124918172129175,0.10552093684319848,-0.3090378030664833,-1.0457261362055676,46,
HEDGEHOG SIGNALING%WIKIPATHWAYS_20250810%WP4249%HOMO SAPIENS,0.8272921108742004,0.972173216585672,0.057366742676855584,-0.2571463898167571,-0.7822666609961149,29,
HEDGEHOG%IOB%HEDGEHOG,0.208067940552017,0.4836915256245254,0.13880510939113969,-0.4335281851033855,-1.2016739463914852,21,
HEDGEHOG%NETPATH%HEDGEHOG,0.32217573221757323,0.5939852866765517,0.10714023727672473,-0.4006210782996269,-1.0858686775935518,19,
HEMATOPOIETIC OR LYMPHOID ORGAN DEVELOPMENT%GOBP%GO:0048534,0.02652274622054262,0.14683882399462422,0.35248785758361917,-0.5889239356852416,-1.632407244180727,21,
HEMATOPOIETIC PROGENITOR CELL DIFFERENTIATION%GOBP%GO:0002244,0.051735028897450894,0.231433027821447,0.3217759180753611,0.591228672095936,1.569807539546343,18,
HEMATOPOIETIC STEM CELL DIFFERENTIATION%WIKIPATHWAYS_20250810%WP2849%HOMO SAPIENS,0.1252336448598131,0.3714885909456068,0.17093233537005617,0.45378906244775685,1.3089592400716221,25,
HEMATOPOIETIC STEM CELL GENE REGULATION BY GABP ALPHA BETA COMPLEX%WIKIPATHWAYS_20250810%WP3657%HOMO SAPIENS,0.9706498951781971,1,0.04919275210451909,-0.22974218908533534,-0.5852010392018674,15,
HEME BIOSYNTHETIC PROCESS%GOBP%GO:0006783,0.9518828451882845,1,0.04999139140245922,-0.23693280554389026,-0.642197643035783,19,
HEME METABOLIC PROCESS%GOBP%GO:0042168,0.3339587242026266,0.6042441361556063,0.09821233512174378,0.37143161311757306,1.0911389059430874,29,
HEME SIGNALING%REACTOME%R-HSA-9707616.4,3.204292661224227e-4,0.004589281871329295,0.49849310876659025,0.60300028132122,1.8890246299585993,41,
HEMOSTASIS%GOBP%GO:0007599,0.6045296167247387,0.8373888183801168,0.06266182309324915,0.26417161079481344,0.935416131212095,85,
HEPARAN SULFATE HEPARIN (HS-GAG) METABOLISM%REACTOME DATABASE ID RELEASE 93%1638091,0.2003780718336484,0.4784319921631209,0.13284630060618333,0.4010361681285331,1.194219423607106,31,
HEPARAN SULFATE PROTEOGLYCAN BIOSYNTHETIC PROCESS%GOBP%GO:0015012,0.14500941619585686,0.40487999569491284,0.15851410542482433,0.47236626095064993,1.3077750915439974,21,
HEPARAN SULFATE PROTEOGLYCAN METABOLIC PROCESS%GOBP%GO:0030201,0.01654322970669996,0.10601405334535752,0.35248785758361917,0.5417797006070711,1.5781863422962767,28,
HEPATICOBILIARY SYSTEM DEVELOPMENT%GOBP%GO:0061008,0.052830188679245285,0.23481962264150943,0.27128855468895297,0.4975110380629255,1.4511907458751576,27,
HEPATITIS B INFECTION%WIKIPATHWAYS_20250810%WP4666%HOMO SAPIENS,0.8938356164383562,1,0.043712583357955095,0.2166336542586087,0.7931850693014413,107,
HEPATITIS C AND HEPATOCELLULAR CARCINOMA%WIKIPATHWAYS_20250810%WP3646%HOMO SAPIENS,0.27911275415896486,0.554631781869531,0.10839425585339667,0.36754075996210034,1.1165456094531265,34,
HEPATOCYTE GROWTH FACTOR RECEPTOR SIGNALING%WIKIPATHWAYS_20250810%WP313%HOMO SAPIENS,0.29615384615384616,0.5746473170273696,0.10714023727672473,0.38341014204192203,1.1168610580839826,28,
HETEROCHROMATIN FORMATION%GOBP%GO:0031507,0.15639810426540285,0.42222928440164154,0.1723243449009459,-0.30609519523206846,-1.1810940532339842,100,
HETEROPHILIC CELL-CELL ADHESION VIA PLASMA MEMBRANE CELL ADHESION MOLECULES%GOBP%GO:0007157,0.48326359832635984,0.7502130629508955,0.0833634065110386,-0.36050316306583197,-0.9771305459215327,19,
HETEROTRIMERIC G-PROTEIN SIGNALING PATHWAY-GI ALPHA AND GS ALPHA MEDIATED PATHWAY%PANTHER PATHWAY%P00026,0.6404109589041096,0.8629937636845095,0.05909547987173424,0.2593024300912561,0.9108003882600268,77,
HETEROTRIMERIC G-PROTEIN SIGNALING PATHWAY-GQ ALPHA AND GO ALPHA MEDIATED PATHWAY%PANTHER PATHWAY%P00027,0.8663697104677061,0.9906462464207809,0.057246113520288446,-0.221595984722836,-0.8008195610587215,62,
HETEROTRIMERIC G-PROTEIN SIGNALING PATHWAY-ROD OUTER SEGMENT PHOTOTRANSDUCTION%PANTHER PATHWAY%P00028,0.25523012552301255,0.5288231907040845,0.12267918956880833,-0.42994893375811616,-1.1653607496495972,19,
HETEROTYPIC CELL-CELL ADHESION%GOBP%GO:0034113,0.21121495327102804,0.4861268767082982,0.1281429168984153,0.4740620920307162,1.2250908522365973,16,
HEXOSE BIOSYNTHETIC PROCESS%GOBP%GO:0019319,0.2339622641509434,0.5011157824296999,0.12154328203546907,0.4017534342379177,1.1718752375015427,27,
HEXOSE CATABOLIC PROCESS%GOBP%GO:0019320,0.8111587982832618,0.9634694913154834,0.05859375689456714,-0.2563474005970205,-0.8067111105248355,33,
HEXOSE METABOLIC PROCESS%GOBP%GO:0019318,0.17801047120418848,0.45076294192904165,0.13574094381042484,0.33010470024927385,1.1711713069935907,86,
HEXOSE TRANSMEMBRANE TRANSPORT%GOBP%GO:0008645,0.6455938697318008,0.8655693871211112,0.06407037504997216,0.3091634905572683,0.8713507880452369,23,
HH MUTANTS ABROGATE LIGAND SECRETION%REACTOME DATABASE ID RELEASE 93%5387390,0.16294642857142858,0.43085078575088087,0.16318012718068908,-0.35301770910099933,-1.1914030398190165,44,
HH MUTANTS ARE DEGRADED BY ERAD%REACTOME DATABASE ID RELEASE 93%5362768,0.1309255079006772,0.3823126402393418,0.1847064712077387,-0.3760479951842274,-1.2530921081845976,42,
HIF-1-ALPHA TRANSCRIPTION FACTOR NETWORK%PATHWAY INTERACTION DATABASE NCI-NATURE CURATED DATA%HIF-1-ALPHA TRANSCRIPTION FACTOR NETWORK,0.15892857142857142,0.42513584152967876,0.14641623786055022,0.37088383816057097,1.2249524913224055,54,
HIF-2-ALPHA TRANSCRIPTION FACTOR NETWORK%PATHWAY INTERACTION DATABASE NCI-NATURE CURATED DATA%HIF-2-ALPHA TRANSCRIPTION FACTOR NETWORK,0.03325256361714071,0.1726164450148835,0.3217759180753611,0.5102052566292462,1.519306925199357,31,
HIGH LAMINAR FLOW SHEAR STRESS ACTIVATES SIGNALING BY PIEZO1 AND PECAM1:CDH5:KDR IN ENDOTHELIAL CELLS%REACTOME DATABASE ID RELEASE 93%9856530,0.10730593607305935,0.3391307058145152,0.20658792269689108,-0.3502451663660048,-1.252606857958702,59,
HINDBRAIN DEVELOPMENT%GOBP%GO:0030902,0.4470802919708029,0.715057915057915,0.08020234446981443,0.32698142252563916,1.0067299020283444,37,
HINDBRAIN MORPHOGENESIS%GOBP%GO:0021575,0.25481798715203424,0.5286664438449225,0.12443416863039332,-0.4423800510994942,-1.1496695242838701,16,
HINT1 PATHWAY%WIKIPATHWAYS_20250810%WP5523%HOMO SAPIENS,0.7253787878787878,0.9107806882383153,0.05797547575714859,0.2991444587394301,0.8194461568548581,20,
HIPPO MERLIN SIGNALING DYSREGULATION%WIKIPATHWAYS_20250810%WP4541%HOMO SAPIENS,0.48633879781420764,0.7533031392962748,0.07569463079327488,0.29038603047468026,0.9934005431789412,67,
HIPPO SIGNALING REGULATION%WIKIPATHWAYS_20250810%WP4540%HOMO SAPIENS,0.682648401826484,0.8893407881684552,0.06994587365016587,-0.25095225647141717,-0.8974985172181347,59,
HIPPO SIGNALING%GOBP%GO:0035329,0.4818355640535373,0.7490017079213874,0.07871138069864847,0.35223662954420815,0.9824524060324245,22,
HIPPO YAP SIGNALING%WIKIPATHWAYS_20250810%WP4537%HOMO SAPIENS,0.7379454926624738,0.918286614248672,0.06197627360019979,-0.3110683680440761,-0.7923556964742177,15,
HIPPOCAMPAL SYNAPTOGENESIS AND NEUROGENESIS%WIKIPATHWAYS_20250810%WP5231%HOMO SAPIENS,0.03901406559505704,0.19388385370853034,0.3217759180753611,-0.5407490245218214,-1.491194571399387,20,
HIPPOCAMPUS DEVELOPMENT%GOBP%GO:0021766,0.2616033755274262,0.5375690385003024,0.12154328203546907,-0.415020453109327,-1.144479635896908,20,
HISTAMINE H1 RECEPTOR MEDIATED SIGNALING PATHWAY%PANTHER PATHWAY%P04385,0.8983364140480592,1,0.04697587278218445,0.2340860581783398,0.7111259184428032,34,
HISTAMINE H2 RECEPTOR MEDIATED SIGNALING PATHWAY%PANTHER PATHWAY%P04386,0.34309623430962344,0.6155126502500058,0.10319746694530717,-0.3940938854276779,-1.068176961714937,19,
HISTONE MODIFICATIONS%WIKIPATHWAYS_20250810%WP2369%HOMO SAPIENS,0.07158351409978309,0.2692742074058191,0.24891111443470243,-0.4224766569938495,-1.344002980426121,34,
HISTONE MRNA METABOLIC PROCESS%GOBP%GO:0008334,0.37341772151898733,0.6459697296962118,0.09854998035316907,-0.3800410641693547,-1.0480188518126834,20,
HIV ELONGATION ARREST AND RECOVERY%REACTOME DATABASE ID RELEASE 93%167287,0.7315010570824524,0.9141295261246302,0.06280039778122341,-0.2759797979613024,-0.8547252418232356,31,
HIV INFECTION%REACTOME%R-HSA-162906.4,0.002113030535147913,0.021700550190909065,0.4317076958033464,-0.3516370092458817,-1.4778985548254668,200,
HIV LIFE CYCLE%REACTOME%R-HSA-162587.5,0.003428750964889085,0.031963322753227774,0.4317076958033464,-0.37887555707714,-1.513590476563272,140,
HIV TRANSCRIPTION ELONGATION%REACTOME%R-HSA-167169.4,0.8542600896860987,0.9842947030891671,0.0582216241124161,-0.23340423447554998,-0.7750201598014749,41,
HIV TRANSCRIPTION INITIATION%REACTOME%R-HSA-167161.4,0.3682983682983683,0.64124918172129175,0.10552093684319848,-0.3094703959665494,-1.0471899496854955,46,
HIV-1 NEF: NEGATIVE EFFECTOR OF FAS AND TNF-ALPHA%PATHWAY INTERACTION DATABASE NCI-NATURE CURATED DATA%HIV-1 NEF: NEGATIVE EFFECTOR OF FAS AND TNF-ALPHA,0.8983050847457628,1,0.053238649475589886,-0.2353654041235795,-0.7225267321028115,30,
HOMEOSTASIS OF NUMBER OF CELLS%GOBP%GO:0048872,0.05749128919860627,0.24149362837103622,0.24891111443470243,0.3721778952394532,1.3178600298499028,85,
HOMOCARNOSINOSIS%SMPDB%SMP0000385,0.6012658227848101,0.8358167854848086,0.07235708510369071,-0.32597423352472094,-0.8989216538633334,20,
HOMOLOGOUS CHROMOSOME PAIRING AT MEIOSIS%GOBP%GO:0007129,0.24109014675052412,0.5105734302023871,0.12687572992985735,-0.4626213618632491,-1.178392626958029,15,
HOMOLOGOUS CHROMOSOME SEGREGATION%GOBP%GO:0045143,0.023514270910647957,0.13454715672457265,0.35248785758361917,-0.5788610404061494,-1.596294032729074,20,
HOMOLOGOUS DNA PAIRING AND STRAND EXCHANGE%REACTOME%R-HSA-5693579.5,2.5185426186438824e-10,1.8411872091033435e-8,0.8140358378479079,-0.7586628325303252,-2.534504213655231,43,
HOMOLOGOUS RECOMBINATION%GOBP%GO:0035825,2.3098693694465872e-7,7.1297967870251325e-6,0.6901324587967956,-0.6614461720089622,-2.2685739444385407,49,
HOMOLOGY DIRECTED REPAIR%REACTOME%R-HSA-5693538.4,4.0095539407131086e-20,2.227708169460203e-17,1.1601795718302144,-0.7073225687314221,-2.7572430395782836,114,
HOMOPHILIC CELL ADHESION VIA PLASMA MEMBRANE ADHESION MOLECULES%GOBP%GO:0007156,0.32786885245901637,0.5962812910842209,0.09754492162471996,0.35211929675626247,1.0941583704694333,39,
HOMOTYPIC CELL-CELL ADHESION%GOBP%GO:0034109,0.6346153846153846,0.8589337580811393,0.07028128417173922,-0.2825553762917849,-0.904595384165154,35,
HORMONE BIOSYNTHETIC PROCESS%GOBP%GO:0042446,0.07756813417190776,0.28371860003892,0.2343926472946861,-0.5637972344897642,-1.43610857385884,15,
HORMONE METABOLIC PROCESS%GOBP%GO:0042445,0.1162280701754386,0.3569724477030054,0.19381330272531053,-0.33726860063279224,-1.224363178588027,64,
HORMONE SECRETION%GOBP%GO:0046879,0.16634799235181644,0.4335399295492041,0.14826150047510658,0.45700505869931307,1.274670723681163,22,
HORMONE TRANSPORT%GOBP%GO:0009914,0.05576923076923077,0.24056975633062594,0.26635065708852557,0.48319782360896446,1.4075392728676925,28,
HORMONE-MEDIATED SIGNALING PATHWAY%GOBP%GO:0009755,0.9976689976689976,1,0.052805004567128964,-0.15379381555629615,-0.5566730542301618,72,
HOST INTERACTIONS OF HIV FACTORS%REACTOME DATABASE ID RELEASE 93%162909,7.911682788767348e-4,0.009576755898560215,0.47727081536286214,-0.43569043075008024,-1.6803970751629433,106,
HOST PATHOGEN INTERACTION OF HUMAN CORONAVIRUSES APOPTOSIS%WIKIPATHWAYS_20250810%WP4864%HOMO SAPIENS,0.4766355140186916,0.7447094814082819,0.07808923069433449,0.3857171211934127,0.9967861271102593,16,
HOST PATHOGEN INTERACTION OF HUMAN CORONAVIRUSES INTERFERON INDUCTION%WIKIPATHWAYS_20250810%WP4880%HOMO SAPIENS,0.688034188034188,0.8915157441398857,0.06628421870126719,-0.2766288991040678,-0.8653732226058809,32,
HOST PATHOGEN INTERACTION OF HUMAN CORONAVIRUSES MAPK SIGNALING%WIKIPATHWAYS_20250810%WP4877%HOMO SAPIENS,0.21348314606741572,0.48952222845669074,0.1275053153001827,0.3930273366111427,1.176299769472274,32,
HOST-MEDIATED ACTIVATION OF VIRAL PROCESS%GOBP%GO:0044794,0.47761194029850745,0.7452673145791898,0.07788401119770678,0.3294577831724965,0.9927246940084886,33,
HOST-MEDIATED ACTIVATION OF VIRAL TRANSCRIPTION%GOBP%GO:0043923,0.8715203426124197,0.9935842695383114,0.05513517633852569,-0.2782018093731777,-0.7229985643386051,16,
HOST-MEDIATED PERTURBATION OF SYMBIONT PROCESS%GOBP%GO:0051851,0.45087719298245615,0.7179918842678493,0.07767985601172364,0.2894543278698428,1.0063312739999377,73,
HOST-MEDIATED PERTURBATION OF VIRAL PROCESS%GOBP%GO:0044788,0.7624113475177305,0.9309796586392332,0.05258989506236158,0.2510973089158275,0.843901328622794,59,
HOST-MEDIATED PERTURBATION OF VIRAL TRANSCRIPTION%GOBP%GO:0043921,0.8604206500956023,0.9891365884401336,0.05049830441007088,0.259391735735211,0.7234910100285317,22,
HS-GAG BIOSYNTHESIS%REACTOME DATABASE ID RELEASE 93%2022928,0.6074766355140186,0.8397960156546125,0.06583119583688658,0.31057386298367684,0.8958535172363787,25,
HS-GAG DEGRADATION%REACTOME DATABASE ID RELEASE 93%2024096,0.6199616122840691,0.8498659555515145,0.06613262047584399,0.344990236896651,0.8940223279955378,17,
HSF1-DEPENDENT TRANSACTIVATION%REACTOME DATABASE ID RELEASE 93%3371571,0.02966628741139473,0.15879180429451747,0.35248785758361917,0.5565365996506254,1.5685506843239654,23,
HSP90 CHAPERONE CYCLE FOR SHRS%REACTOME%R-HSA-3371497.7,0.38764044943820225,0.6580685121295264,0.08943668337186206,0.34404492254744934,1.0438468097390943,35,
HUMORAL IMMUNE RESPONSE%GOBP%GO:0006959,0.3795454545454545,0.6512806409291128,0.10208010766274725,-0.29627039022442825,-1.0359264363390703,52,
HUNTINGTON DISEASE%PANTHER PATHWAY%P00029,0.002191362847144049,0.02235546914527745,0.4317076958033464,0.45661258318983505,1.6151031213125069,84,
HYALURONAN METABOLISM%REACTOME DATABASE ID RELEASE 93%2142845,0.8758029978586723,0.993914230701908,0.05490737032909582,-0.2777856480646139,-0.7219170328083006,16,
HYDROCHLOROTHIAZIDE ACTION PATHWAY%SMPDB%SMP0000100,0.22537878787878787,0.4977792661003207,0.12443416863039332,0.441161905676685,1.208474426305242,20,
HYDROCODONE ACTION PATHWAY%SMPDB%SMP0000411,0.23106060606060605,0.4977792661003207,0.12267918956880833,0.436121700543469,1.1946677967471409,20,
HYDROFLUMETHIAZIDE ACTION PATHWAY%PATHWHIZ%PW000335,0.22537878787878787,0.4977792661003207,0.12443416863039332,0.441161905676685,1.208474426305242,20,
HYDROGEN PEROXIDE METABOLIC PROCESS%GOBP%GO:0042743,0.1787941787941788,0.45133142089071215,0.14920754243532175,-0.47390767623647884,-1.2548458052871976,17,
HYDROMORPHONE ACTION PATHWAY%PATHWHIZ%PW000416,0.23106060606060605,0.4977792661003207,0.12267918956880833,0.436121700543469,1.1946677967471409,20,
HYPER-IGD SYNDROME%SMPDB%SMP0000509,3.8789317577938914e-4,0.005082864350543128,0.49849310876659025,-0.7175340885269536,-1.9888949541423213,21,
HYPERCHOLESTEROLEMIA%PATHWHIZ%PW000221,3.8789317577938914e-4,0.005082864350543128,0.49849310876659025,-0.7175340885269536,-1.9888949541423213,21,
"HYPERGLYCINEMIA, NON-KETOTIC%SMPDB%SMP0000485",0.004008623686920783,0.036038694505715,0.40701791892395395,0.6395092214137088,1.8024019040430992,23,
HYPERINSULINISM-HYPERAMMONEMIA SYNDROME%PATHWHIZ%PW000072,0.6012658227848101,0.8358167854848086,0.07235708510369071,-0.32597423352472094,-0.8989216538633334,20,
HYPERORNITHINEMIA WITH GYRATE ATROPHY (HOGA)%PATHWHIZ%PW000481,0.5428571428571428,0.7945506548246274,0.07235708510369071,0.3718743743724891,0.9392421151130022,15,
HYPERORNITHINEMIA-HYPERAMMONEMIA-HOMOCITRULLINURIA [HHH-SYNDROME]%PATHWHIZ%PW000482,0.5428571428571428,0.7945506548246274,0.07235708510369071,0.3718743743724891,0.9392421151130022,15,
HYPERPROLINEMIA TYPE I%SMPDB%SMP0000361,0.5428571428571428,0.7945506548246274,0.07235708510369071,0.3718743743724891,0.9392421151130022,15,
HYPERPROLINEMIA TYPE II%SMPDB%SMP0000360,0.5428571428571428,0.7945506548246274,0.07235708510369071,0.3718743743724891,0.9392421151130022,15,
HYPOTHESIZED PATHWAYS IN PATHOGENESIS OF CARDIOVASCULAR DISEASE%WIKIPATHWAYS_20250810%WP3668%HOMO SAPIENS,0.7462121212121212,0.9224179436521509,0.056648418361399534,0.29400652597888033,0.8053718220918047,20,
HYPOXIC AND OXYGEN HOMEOSTASIS REGULATION OF HIF-1-ALPHA%PATHWAY INTERACTION DATABASE NCI-NATURE CURATED DATA%HYPOXIC AND OXYGEN HOMEOSTASIS REGULATION OF HIF-1-ALPHA,0.9577735124760077,1,0.04577044581080999,0.23308507442002696,0.6040265450075077,17,
IBANDRONATE ACTION PATHWAY%SMPDB%SMP0000079,3.8789317577938914e-4,0.005082864350543128,0.49849310876659025,-0.7175340885269536,-1.9888949541423213,21,
IBUPROFEN ACTION PATHWAY%SMPDB%SMP0000086,0.08971962616822429,0.30562982402860467,0.20429475651688608,0.46778011802660596,1.3630077197362114,26,
IBUTILIDE ACTION PATHWAY%SMPDB%SMP0000332,0.32532347504621073,0.5939852866765517,0.09889030075206362,0.3568782490434134,1.0841541550924358,34,
ICOSANOID BIOSYNTHETIC PROCESS%GOBP%GO:0046456,0.3731060606060606,0.6459697296962118,0.09225972605273541,0.3879340193017331,1.062667323237843,20,
ICOSANOID METABOLIC PROCESS%GOBP%GO:0006690,0.14111498257839722,0.39920307698858193,0.15419096658142434,0.38860989995619566,1.2584306809107488,48,
ID%IOB%ID,0.129979035639413,0.3808558336760762,0.17821987495197314,-0.5264718104224937,-1.3410329717686043,15,
ID%NETPATH%ID,0.4581589958158996,0.725636083453004,0.08628656262672446,-0.3663924857490443,-0.993093338146755,19,
IFN-ALPHA%IOB%IFN-ALPHA,0.07924528301886792,0.2866450471698113,0.21925034670375515,0.47042894256929346,1.3721949380388392,27,
IFN-GAMMA PATHWAY%PATHWAY INTERACTION DATABASE NCI-NATURE CURATED DATA%IFN-GAMMA PATHWAY,0.11272727272727273,0.35126905623820937,0.17821987495197314,0.4215411967313222,1.3030005797396735,38,
IFN-GAMMA%IOB%IFN-GAMMA,0.2746212121212121,0.5512266815554387,0.11101149245045029,0.41589393611207087,1.1392578991514355,20,
IGF1 PATHWAY%PATHWAY INTERACTION DATABASE NCI-NATURE CURATED DATA%IGF1 PATHWAY,0.07540280553419142,0.27781033657027027,0.2878051305355643,0.494245359171481,1.4519236420059674,29,
IGF1R SIGNALING CASCADE%REACTOME%R-HSA-2428924.4,0.023349931719393594,0.13393606869123922,0.35248785758361917,0.5507089029010049,1.5885255214254215,25,
IKK COMPLEX RECRUITMENT MEDIATED BY RIP1%REACTOME DATABASE ID RELEASE 93%937041,0.19274809160305342,0.4722913389580056,0.13649043778041264,0.46414915540951207,1.2437071193339488,19,
IL-7%NETPATH%IL-7,0.02558702535775143,0.14273244265830015,0.35248785758361917,0.6237631923508743,1.6119546231539645,16,
IL1 SIGNALING%WIKIPATHWAYS_20250810%WP195%HOMO SAPIENS,1,1,0.04157178992464793,0.14172937415123316,0.4412378322517767,40,
IL1%NETPATH%IL1,0.9957716701902748,1,0.048408761881695135,-0.1717737368652866,-0.5319931019068642,31,
IL1-MEDIATED SIGNALING EVENTS%PATHWAY INTERACTION DATABASE NCI-NATURE CURATED DATA%IL1-MEDIATED SIGNALING EVENTS,0.6242990654205608,0.8528658980763797,0.06450312496564929,0.30703400912658074,0.8946291399184381,26,
IL11 SIGNALING%WIKIPATHWAYS_20250810%WP2332%HOMO SAPIENS,0.4490909090909091,0.7159681752967262,0.07977059186284526,0.3242282196842252,1.0022023031020078,38,
IL12-MEDIATED SIGNALING EVENTS%PATHWAY INTERACTION DATABASE NCI-NATURE CURATED DATA%IL12-MEDIATED SIGNALING EVENTS,0.04138748946213728,0.20259814224813633,0.3217759180753611,0.4996262034710401,1.495341756715428,32,
IL17 SIGNALING%WIKIPATHWAYS_20250810%WP2112%HOMO SAPIENS,0.17624521072796934,0.4477800475668847,0.14375898903927542,0.44303242174502994,1.2486488916310563,23,
IL18 SIGNALING%WIKIPATHWAYS_20250810%WP4754%HOMO SAPIENS,0.12199630314232902,0.3674536133257923,0.1723243449009459,0.4255846588828462,1.2928761489616771,34,
IL19 SIGNALING%WIKIPATHWAYS_20250810%WP5422%HOMO SAPIENS,0.14258555133079848,0.4020842379504993,0.1608014010700223,0.49605586904838794,1.3171083880418009,18,
IL2 SIGNALING EVENTS MEDIATED BY PI3K%PATHWAY INTERACTION DATABASE NCI-NATURE CURATED DATA%IL2 SIGNALING EVENTS MEDIATED BY PI3K,0.7712665406427222,0.9378763186279195,0.05502111171631165,0.2742231014505292,0.8165910712797478,31,
IL2 SIGNALING EVENTS MEDIATED BY STAT5%PATHWAY INTERACTION DATABASE NCI-NATURE CURATED DATA%IL2 SIGNALING EVENTS MEDIATED BY STAT5,0.22753346080305928,0.4977792661003207,0.12443416863039332,0.4362956977740351,1.2169085270159246,22,
IL2 SIGNALING%WIKIPATHWAYS_20250810%WP49%HOMO SAPIENS,9.432564520922881e-4,0.011182408092302917,0.47727081536286214,0.6432352496095284,1.8737229997355216,28,
IL2%NETPATH%IL2,0.14821428571428572,0.41009889015367107,0.15214492236756472,0.3722951246890388,1.221664089136466,53,
IL2-MEDIATED SIGNALING EVENTS%PATHWAY INTERACTION DATABASE NCI-NATURE CURATED DATA%IL2-MEDIATED SIGNALING EVENTS,0.0012175020358919189,0.013748864454096548,0.45505986738722953,0.5608609123802031,1.7862194142052745,45,
IL23-MEDIATED SIGNALING EVENTS%PATHWAY INTERACTION DATABASE NCI-NATURE CURATED DATA%IL23-MEDIATED SIGNALING EVENTS,0.22429906542056074,0.4977792661003207,0.12384217120104962,0.4709508181557246,1.2170505696931706,16,
IL26 SIGNALING%WIKIPATHWAYS_20250810%WP5347%HOMO SAPIENS,0.34205607476635513,0.6144402041389813,0.09656295543094219,0.37338015958318815,1.0770189288158478,25,
IL3 SIGNALING%WIKIPATHWAYS_20250810%WP286%HOMO SAPIENS,0.022200729603098202,0.12956644293572858,0.35248785758361917,0.5312665576925174,1.5820239986582632,31,
IL3%NETPATH%IL3,0.14606741573033707,0.4067922615527583,0.15740289930528326,0.41935035766065387,1.2550824919651602,32,
IL3-MEDIATED SIGNALING EVENTS%PATHWAY INTERACTION DATABASE NCI-NATURE CURATED DATA%IL3-MEDIATED SIGNALING EVENTS,0.256120527306968,0.5297861689194021,0.11524000314778066,0.41553186450830987,1.1504255639535959,21,
IL4 SIGNALING%WIKIPATHWAYS_20250810%WP395%HOMO SAPIENS,2.9144377710396593e-4,0.0042837609142582925,0.49849310876659025,0.6168668286879204,1.9168219699729308,39,
IL4%NETPATH%IL4,0.005524010023404955,0.04692874570342191,0.40701791892395395,0.5954698784715687,1.749286621739065,29,
IL4-MEDIATED SIGNALING EVENTS%PATHWAY INTERACTION DATABASE NCI-NATURE CURATED DATA%IL4-MEDIATED SIGNALING EVENTS,0.011592503783428213,0.08152905192497108,0.3807304007227924,0.5135362838183914,1.5957376623656065,39,
IL5 SIGNALING%WIKIPATHWAYS_20250810%WP127%HOMO SAPIENS,0.811214953271028,0.9634694913154834,0.05216303054600547,0.2636908201036715,0.768336681219176,26,
IL5%NETPATH%IL5,0.031135347656707654,0.1650648774624692,0.35248785758361917,0.5094031168760866,1.534937339947474,33,
IL6 SIGNALING%WIKIPATHWAYS_20250810%WP364%HOMO SAPIENS,0.1348314606741573,0.3877451322492847,0.16440575583821013,0.4245612179749294,1.2706781852298734,32,
IL6%NETPATH%IL6,0.022882691644918022,0.13243357789496304,0.35248785758361917,0.4522721800287963,1.4677791404776537,51,
IL6-MEDIATED SIGNALING EVENTS%PATHWAY INTERACTION DATABASE NCI-NATURE CURATED DATA%IL6-MEDIATED SIGNALING EVENTS,1.233408506171269e-5,2.708623581141332e-4,0.5933254763964051,0.67906833752548,2.1141040309741155,40,
IL7 SIGNALING%WIKIPATHWAYS_20250810%WP205%HOMO SAPIENS,0.1961904761904762,0.474612275647854,0.13500203382863138,0.4965613771386347,1.254163745308124,15,
IL8- AND CXCR1-MEDIATED SIGNALING EVENTS%PATHWAY INTERACTION DATABASE NCI-NATURE CURATED DATA%IL8- AND CXCR1-MEDIATED SIGNALING EVENTS,0.7232824427480916,0.909690603013162,0.05846932103863807,0.30386951413950625,0.8142311015311758,19,
IL8- AND CXCR2-MEDIATED SIGNALING EVENTS%PATHWAY INTERACTION DATABASE NCI-NATURE CURATED DATA%IL8- AND CXCR2-MEDIATED SIGNALING EVENTS,0.6206896551724138,0.8504443216123134,0.06598161440087301,0.31436225894783637,0.8860030709710796,23,
IMATINIB INHIBITION OF BCR-ABL%SMPDB%SMP0031694,0.2737642585551331,0.5507002970790439,0.11146266692298015,0.42851518041362335,1.1377769596976066,18,
IMINOGLYCINURIA%PATHWHIZ%PW000219,0.22537878787878787,0.4977792661003207,0.12443416863039332,0.441161905676685,1.208474426305242,20,
IMIPRAMINE ACTION PATHWAY%SMPDB%SMP0000422,0.2824858757062147,0.5577439678122704,0.10882012676916121,0.4078517549670615,1.1291627075883668,21,
IMMUNE EFFECTOR PROCESS%GOBP%GO:0002252,0.18451400329489293,0.46051634147872395,0.12878871306171366,0.30149532979381055,1.1576733321974393,140,
IMMUNE RESPONSE TO TUBERCULOSIS%WIKIPATHWAYS_20250810%WP4197%HOMO SAPIENS,0.6240458015267175,0.8528658980763797,0.06553210292824141,0.32785336188980374,0.878496826995545,19,
IMMUNE RESPONSE-ACTIVATING CELL SURFACE RECEPTOR SIGNALING PATHWAY%GOBP%GO:0002429,0.9115646258503401,1,0.04250231800365528,0.2058074924393469,0.770211900881533,119,
IMMUNE RESPONSE-ACTIVATING SIGNALING PATHWAY%GOBP%GO:0002757,0.45439469320066334,0.7225577891880038,0.07436253844225256,0.2524706286667857,0.9938973405662215,168,
IMMUNE RESPONSE-REGULATING CELL SURFACE RECEPTOR SIGNALING PATHWAY INVOLVED IN PHAGOCYTOSIS%GOBP%GO:0002433,0.9542857142857143,1,0.04558782025712307,0.23927522999354223,0.6043368099576977,15,
IMMUNE RESPONSE-REGULATING CELL SURFACE RECEPTOR SIGNALING PATHWAY%GOBP%GO:0002768,0.9493243243243243,1,0.0403295396423143,0.20089179022461354,0.7611821187944837,131,
IMMUNE RESPONSE-REGULATING SIGNALING PATHWAY%GOBP%GO:0002764,0.4042904290429043,0.6751540798804858,0.08020234446981443,0.2575371240029762,1.022859600565462,184,
IMMUNE SYSTEM DEVELOPMENT%GOBP%GO:0002520,0.03883136016217977,0.19314864553363545,0.3217759180753611,-0.3999902657516326,-1.4516454720766123,63,
IMMUNOGLOBULIN MEDIATED IMMUNE RESPONSE%GOBP%GO:0016064,0.1383177570093458,0.39322491917193453,0.1619789488834018,0.4454366284632958,1.2848665579296694,25,
IMMUNOGLOBULIN PRODUCTION%GOBP%GO:0002377,0.028549780773745558,0.15385313480012638,0.35248785758361917,-0.4934695934033186,-1.50118697528597,29,
IMMUNOREGULATORY INTERACTIONS BETWEEN A LYMPHOID AND A NON-LYMPHOID CELL%REACTOME%R-HSA-198933.9,0.061930783242258654,0.2504275339839804,0.24504178543099617,0.44501385154388395,1.3828143902565673,39,
IMPAIRED BRCA2 BINDING TO PALB2%REACTOME%R-HSA-9709603.2,6.158275506761502e-6,1.4684711895093092e-4,0.610526878385931,-0.7542692455816055,-2.173733808262946,24,
IMPAIRED BRCA2 BINDING TO RAD51%REACTOME%R-HSA-9709570.2,2.262745579168212e-9,1.3233488881956406e-7,0.7749390301364363,-0.7760430582105386,-2.4844863247115407,35,
IMPORT ACROSS PLASMA MEMBRANE%GOBP%GO:0098739,0.08163265306122448,0.2907378335949764,0.20429475651688608,0.3505114192025066,1.2708274963672745,99,
IMPORT INTO NUCLEUS%GOBP%GO:0051170,0.26004728132387706,0.5359134625502451,0.13010563075112855,-0.30422587788341066,-1.1087448040039056,76,
IN UTERO EMBRYONIC DEVELOPMENT%GOBP%GO:0001701,0.06726457399103139,0.2616246901630445,0.2616635217115731,-0.4060196697634321,-1.3481907474800356,41,
INACTIVATION OF APC C VIA DIRECT INHIBITION OF THE APC C COMPLEX%REACTOME DATABASE ID RELEASE 93%141430,0.06369426751592357,0.2533180746732078,0.2616635217115731,-0.5168429027431481,-1.4326096248060052,21,
INACTIVATION OF CSF3 (G-CSF) SIGNALING%REACTOME%R-HSA-9705462.2,0.05084745762711865,0.22893717550751314,0.27650059925447157,0.5274506935993609,1.460279736572706,21,
"INACTIVATION, RECOVERY AND REGULATION OF THE PHOTOTRANSDUCTION CASCADE%REACTOME DATABASE ID RELEASE 93%2514859",0.39400428265524623,0.6645682436042951,0.09624060232812902,-0.39694192867718103,-1.031583673758336,16,
INDAPAMIDE ACTION PATHWAY%SMPDB%SMP0000110,0.22537878787878787,0.4977792661003207,0.12443416863039332,0.441161905676685,1.208474426305242,20,
INDOMETHACIN ACTION PATHWAY%PATHWHIZ%PW000260,0.20373831775700935,0.4784319921631209,0.13077713797197438,0.4780504855616798,1.235397823648238,16,
INFECTION WITH MYCOBACTERIUM TUBERCULOSIS%REACTOME DATABASE ID RELEASE 93%9635486,0.875,0.993914230701908,0.053676960063812645,-0.25221639365851023,-0.7215446691498307,23,
INFLAMMASOMES%REACTOME DATABASE ID RELEASE 93%622312,0.8495238095238096,0.9830405426266378,0.050908286551510536,0.28549123700235735,0.7210644555457668,15,
INFLAMMATION MEDIATED BY CHEMOKINE AND CYTOKINE SIGNALING PATHWAY%PANTHER PATHWAY%P00031,0.30952380952380953,0.5863216709021057,0.09688777032754396,0.28503122698790595,1.0666980125305656,119,
INFLAMMATORY BOWEL DISEASE SIGNALING%WIKIPATHWAYS_20250810%WP5198%HOMO SAPIENS,0.2706333973128599,0.5481732247430732,0.11284335567556247,0.44521043930203275,1.1537372099951833,17,
INFLAMMATORY RESPONSE%GOBP%GO:0006954,8.396518665142783e-4,0.010119535293608092,0.47727081536286214,0.40965100849150315,1.5926060122370962,158,
INFLUENCE OF LAMINOPATHIES ON WNT SIGNALING%WIKIPATHWAYS_20250810%WP4844%HOMO SAPIENS,0.01252529817952943,0.08652109196766139,0.3807304007227924,0.5588647602266675,1.6279545556840278,28,
INFLUENZA INFECTION%REACTOME DATABASE ID RELEASE 93%168255,0.1864406779661017,0.46326672932900764,0.13010563075112855,0.2999535274206358,1.1521176364484946,147,
INFLUENZA VIRAL RNA TRANSCRIPTION AND REPLICATION%REACTOME DATABASE ID RELEASE 93%168273,0.16298811544991512,0.43085078575088087,0.14040623852334236,0.3151980996154406,1.1893461627551127,129,
INHIBITION OF DNA RECOMBINATION AT TELOMERE%REACTOME DATABASE ID RELEASE 93%9670095,0.034695577708052004,0.17744667579861864,0.3217759180753611,-0.4768663157011471,-1.5252581713919364,36,
INHIBITION OF EXOSOME BIOGENESIS AND SECRETION BY MANUMYCIN A IN CRPC CELLS%WIKIPATHWAYS_20250810%WP4301%HOMO SAPIENS,0.9833679833679834,1,0.048214971002556443,-0.21103916514741938,-0.5588042237248041,17,
INHIBITION OF GNAQ REGULATED SIGNALING IN UVEAL MELANOMA%WIKIPATHWAYS_20250810%WP5490%HOMO SAPIENS,0.9700214132762313,1,0.05019342526494341,-0.20752233108097046,-0.6050043412856774,26,
INHIBITION OF THE PROTEOLYTIC ACTIVITY OF APC C REQUIRED FOR THE ONSET OF ANAPHASE BY MITOTIC SPINDLE CHECKPOINT COMPONENTS%REACTOME%R-HSA-141405.6,0.06369426751592357,0.2533180746732078,0.2616635217115731,-0.5168429027431481,-1.4326096248060052,21,
INHIBITION OF VOLTAGE GATED CA2+ CHANNELS VIA GBETA GAMMA SUBUNITS%REACTOME DATABASE ID RELEASE 93%997272,0.056485355648535567,0.24149362837103622,0.27650059925447157,-0.5025184328061731,-1.448211382162085,24,
INITIATION OF NUCLEAR ENVELOPE (NE) REFORMATION%REACTOME DATABASE ID RELEASE 93%2995383,0.010918388615602645,0.07765390293966953,0.3807304007227924,-0.6517602028920528,-1.6938124595440687,16,
INITIATION OF TRANSCRIPTION AND TRANSLATION ELONGATION AT THE HIV 1 LTR%WIKIPATHWAYS_20250810%WP3414%HOMO SAPIENS,0.9252336448598131,1,0.04613791602697367,0.22435653129187183,0.6537252703559051,26,
INNATE IMMUNE RESPONSE ACTIVATING CELL SURFACE RECEPTOR SIGNALING PATHWAY%GOBP%GO:0002220,0.13711151736745886,0.3922317008184588,0.1608014010700223,0.4195233455292832,1.2854940029712463,36,
INNATE IMMUNE RESPONSE-ACTIVATING SIGNALING PATHWAY%GOBP%GO:0002758,0.078125,0.2848653070356361,0.2114001893849227,0.3582808658888863,1.2755659571692828,88,
INNER EAR DEVELOPMENT%GOBP%GO:0048839,0.035946735613562646,0.18189441080961208,0.3217759180753611,0.4604530550439663,1.4818348839505102,46,
INNER EAR MORPHOGENESIS%GOBP%GO:0042472,0.1471698113207547,0.40863341913948686,0.15740289930528326,0.4387230286574144,1.2797119068329794,27,
INNER MITOCHONDRIAL MEMBRANE ORGANIZATION%GOBP%GO:0007007,0.9604395604395605,1,0.051845762486506596,-0.1938267553837181,-0.642912736162482,40,
INORGANIC ANION TRANSMEMBRANE TRANSPORT%GOBP%GO:0098661,0.20361990950226244,0.4784319921631209,0.1455161460903603,-0.32747244957022487,-1.151001613645435,53,
INORGANIC ANION TRANSPORT%GOBP%GO:0015698,0.524822695035461,0.784590705260232,0.08553569479878835,-0.26435813053310375,-0.9634476385243359,76,
INORGANIC CATION IMPORT ACROSS PLASMA MEMBRANE%GOBP%GO:0098659,0.43485915492957744,0.7046011854152033,0.07977059186284526,0.3010359634970017,1.0112992154253422,58,
INORGANIC ION IMPORT ACROSS PLASMA MEMBRANE%GOBP%GO:0099587,0.43485915492957744,0.7046011854152033,0.07977059186284526,0.3010359634970017,1.0112992154253422,58,
INOSITOL METABOLISM%PATHWHIZ%PW088261,0.047080979284369114,0.22018591010968785,0.2878571172551493,0.5391106079439523,1.4925609276948344,21,
INOSITOL METABOLISM%SMPDB%SMP0000011,0.08795411089866156,0.30220967232712653,0.2089550275493539,0.49902973966782493,1.3918852478596533,22,
INOSITOL PHOSPHATE METABOLIC PROCESS%GOBP%GO:0043647,0.13766730401529637,0.39299018746275827,0.16440575583821013,0.4706043646943743,1.3126016762697896,22,
INOSITOL PHOSPHATE METABOLISM%REACTOME DATABASE ID RELEASE 93%1483249,0.07796399960324413,0.2848653070356361,0.2878051305355643,0.4465276574243881,1.414767898219415,43,
INSERTION OF TAIL-ANCHORED PROTEINS INTO THE ENDOPLASMIC RETICULUM MEMBRANE%REACTOME DATABASE ID RELEASE 93%9609523,0.21673003802281368,0.4937153362953884,0.1275053153001827,0.4547065788198924,1.2073193493514556,18,
INSULIN IGF PATHWAY-MITOGEN ACTIVATED PROTEIN KINASE KINASE MAP KINASE CASCADE%PANTHER PATHWAY%P00032,0.1111111111111111,0.3477934272300469,0.1847064712077387,0.47537223890378655,1.3397958932247056,23,
INSULIN IGF PATHWAY-PROTEIN KINASE B SIGNALING CASCADE%PANTHER PATHWAY%P00033,0.05794392523364486,0.24223961519799161,0.25720646646883816,0.5736511888514657,1.4824531124733848,16,
INSULIN PATHWAY%PATHWAY INTERACTION DATABASE NCI-NATURE CURATED DATA%INSULIN PATHWAY,0.19856887298747763,0.4783695507265698,0.12944288774504625,0.37797339016027925,1.1893134237969527,42,
INSULIN PROCESSING%REACTOME%R-HSA-264876.7,0.9579349904397706,1,0.04558782025712307,0.22376790390543613,0.6241296252158706,22,
INSULIN RECEPTOR RECYCLING%REACTOME DATABASE ID RELEASE 93%77387,0.7271028037383177,0.9123268242028214,0.057246113520288446,0.2800135308765595,0.815897447342208,26,
INSULIN RECEPTOR SIGNALING PATHWAY%GOBP%GO:0008286,0.2111692844677138,0.4861268767082982,0.12325722638133735,0.36579176409151026,1.1771949178203165,46,
INSULIN RECEPTOR SIGNALLING CASCADE%REACTOME DATABASE ID RELEASE 93%74751,0.0140352982238199,0.09359390662404965,0.3807304007227924,0.5610305833832154,1.648115764340177,29,
INSULIN SIGNALING%WIKIPATHWAYS_20250810%WP481%HOMO SAPIENS,0.6938775510204082,0.8930876357806398,0.05502111171631165,0.24090273293396963,0.9023703541665107,120,
INSULIN SIGNALLING%PATHWHIZ%PW000454,0.5887850467289719,0.8282872089556285,0.06736238681662789,0.3535478277327114,0.9136529093226909,16,
INSULIN-MEDIATED GLUCOSE TRANSPORT%PATHWAY INTERACTION DATABASE NCI-NATURE CURATED DATA%INSULIN-MEDIATED GLUCOSE TRANSPORT,0.22291666666666668,0.4977792661003207,0.13214726060877433,-0.4127062955298899,-1.1806767321689475,23,
INTEGRATED BREAST CANCER PATHWAY%WIKIPATHWAYS_20250810%WP1984%HOMO SAPIENS,0.4023809523809524,0.6727741713597868,0.10135074379709887,-0.2602904164631806,-1.0316704654555258,124,
INTEGRATED CANCER PATHWAY%WIKIPATHWAYS_20250810%WP1971%HOMO SAPIENS,0.34615384615384615,0.6197972185725972,0.10395847155995677,-0.3332286901071348,-1.0668249845334077,35,
INTEGRATED STRESS RESPONSE SIGNALING%GOBP%GO:0140467,5.30307692382321e-4,0.006773309284772817,0.47727081536286214,0.6470340889198187,1.9267605720697052,31,
INTEGRATION OF ENERGY METABOLISM%REACTOME%R-HSA-163685.6,0.9389179755671903,1,0.04233183935185304,0.20713519086167304,0.7348904514920372,86,
INTEGRATIVE ANALYSIS OF TREG GLIAL INTERACTIONS %WIKIPATHWAYS_20250810%WP5561%HOMO SAPIENS,0.22580645161290322,0.4977792661003207,0.12043337164225933,0.35006599427339125,1.1656006254020435,57,
INTEGRIN CELL SURFACE INTERACTIONS%REACTOME DATABASE ID RELEASE 93%216083,5.813670571072607e-4,0.00727494452542329,0.47727081536286214,0.5808065718347808,1.8497419798904051,45,
INTEGRIN FAMILY CELL SURFACE INTERACTIONS%PATHWAY INTERACTION DATABASE NCI-NATURE CURATED DATA%INTEGRIN FAMILY CELL SURFACE INTERACTIONS,0.056818181818181816,0.24149362837103622,0.2616635217115731,0.5290315063751331,1.4491755474295807,20,
INTEGRIN MEDIATED CELL ADHESION%WIKIPATHWAYS_20250810%WP185%HOMO SAPIENS,0.8206521739130435,0.9686157206564937,0.05019342526494341,0.237613299434257,0.8141278792823183,68,
INTEGRIN SIGNALING%REACTOME%R-HSA-354192.4,0.4576271186440678,0.7254140573998404,0.08063884959506612,0.35713833752213575,0.9887594874090245,21,
INTEGRIN SIGNALLING PATHWAY%PANTHER PATHWAY%P00034,0.1318864774624374,0.3830430051130696,0.1563124030731863,0.312814197721033,1.2021732669610146,144,
INTEGRIN-LINKED KINASE SIGNALING%PATHWAY INTERACTION DATABASE NCI-NATURE CURATED DATA%INTEGRIN-LINKED KINASE SIGNALING,0.39545454545454545,0.6662054137493798,0.09957912004959042,-0.3099036667604113,-1.035311228588588,43,
INTEGRIN-MEDIATED SIGNALING PATHWAY%GOBP%GO:0007229,0.17032967032967034,0.43920497710613304,0.1429011493869481,0.34829651869037054,1.184741207112567,64,
INTEGRINS IN ANGIOGENESIS%PATHWAY INTERACTION DATABASE NCI-NATURE CURATED DATA%INTEGRINS IN ANGIOGENESIS,0.013539873300956523,0.09129555347101267,0.3807304007227924,0.47580830488869463,1.5687459801668793,55,
INTERACTION BETWEEN L1 AND ANKYRINS%REACTOME DATABASE ID RELEASE 93%445095,0.514018691588785,0.7762561525840854,0.07417589655880091,0.3284392293681292,0.9569992136081132,26,
INTERACTIONS BETWEEN LOXL4 AND OXIDATIVE STRESS PATHWAY%WIKIPATHWAYS_20250810%WP3670%HOMO SAPIENS,0.4,0.6706095353047677,0.0886261133285098,0.4193564620101131,1.0591674971670826,15,
INTERACTIONS OF REV WITH HOST CELLULAR PROTEINS%REACTOME%R-HSA-177243.4,6.520109674549787e-5,0.0011536856481464527,0.5384340963099162,-0.6497316763594513,-2.066957534927368,34,
INTERACTIONS OF VPR WITH HOST CELLULAR PROTEINS%REACTOME%R-HSA-176033.4,0.0020759758710912632,0.021359485073672333,0.4317076958033464,-0.5721960226707783,-1.8006692785321834,33,
INTERACTOME OF POLYCOMB REPRESSIVE COMPLEX 2 PRC2 %WIKIPATHWAYS_20250810%WP2916%HOMO SAPIENS,0.3249475890985325,0.5939852866765517,0.10672988436460558,-0.434521175190282,-1.1068156192336063,15,
INTERCONVERSION OF NUCLEOTIDE DI- AND TRIPHOSPHATES%REACTOME DATABASE ID RELEASE 93%499943,4.3009369299663717e-4,0.005557210600672828,0.49849310876659025,-0.6524056069190275,-1.902003617678729,26,
INTERFERON ALPHA BETA SIGNALING%REACTOME%R-HSA-909733.9,0.3855633802816901,0.6565093903907663,0.08628656262672446,0.3106567387149089,1.0436192157224164,58,
INTERFERON GAMMA SIGNALING%REACTOME DATABASE ID RELEASE 93%877300,0.06204379562043796,0.2505533923790332,0.24504178543099617,0.3908578934648992,1.3400144289906404,69,
INTERFERON TYPE I SIGNALING%WIKIPATHWAYS_20250810%WP585%HOMO SAPIENS,0.023867820290350564,0.13545414661204058,0.35248785758361917,0.4669088339458388,1.487002580227308,45,
INTERFERON-MEDIATED SIGNALING PATHWAY%GOBP%GO:0140888,0.3240343347639485,0.5939852866765517,0.10839425585339667,-0.34904354743966864,-1.0984207646373767,33,
INTERLEUKIN 1 IL 1 STRUCTURAL PATHWAY%WIKIPATHWAYS_20250810%WP2637%HOMO SAPIENS,1,1,0.04148804020022096,0.13709322087241138,0.42209078348116497,37,
INTERLEUKIN RECEPTOR SHC SIGNALING%REACTOME DATABASE ID RELEASE 93%912526,0.007727238048548228,0.06038327938738438,0.40701791892395395,0.6784627378264665,1.713591526646024,15,
INTERLEUKIN SIGNALING PATHWAY%PANTHER PATHWAY%P00036,2.6731290219805655e-5,5.361698500405785e-4,0.5756102610711286,0.5931395602207101,2.0032890270367383,61,
INTERLEUKIN-1 FAMILY SIGNALING%REACTOME DATABASE ID RELEASE 93%446652,0.993103448275862,1,0.039195633611814606,0.1778317375774285,0.6517856075396905,109,
INTERLEUKIN-1 SIGNALING%REACTOME%R-HSA-9020702.4,0.9764705882352941,1,0.05423159354958409,-0.18880198647562527,-0.7183147974915589,92,
INTERLEUKIN-1-MEDIATED SIGNALING PATHWAY%GOBP%GO:0070498,0.8464491362763915,0.9824435490476766,0.0514264916187015,0.2830932356900246,0.7336198145433436,17,
INTERLEUKIN-10 SIGNALING%REACTOME DATABASE ID RELEASE 93%6783783,0.26476190476190475,0.5408078648803963,0.11378726182188,0.4683000435821303,1.1827841705516846,15,
INTERLEUKIN-12 FAMILY SIGNALING%REACTOME%R-HSA-447115.7,0.3237410071942446,0.5939852866765517,0.09754492162471996,0.34826852458311863,1.0910240694007145,41,
INTERLEUKIN-12 SIGNALING%REACTOME%R-HSA-9020591.3,0.8798521256931608,0.993914230701908,0.04792589670581297,0.24133354540245106,0.7331429323938095,34,
INTERLEUKIN-17 SIGNALING%REACTOME%R-HSA-448424.8,0.9977973568281938,1,0.05019342526494341,-0.15539185225684923,-0.564138536781839,66,
INTERLEUKIN-2 FAMILY SIGNALING%REACTOME%R-HSA-451927.7,9.510823011357994e-4,0.01124300694704362,0.47727081536286214,0.6725479836908858,1.9399716090448382,25,
"INTERLEUKIN-3, INTERLEUKIN-5 AND GM-CSF SIGNALING%REACTOME DATABASE ID RELEASE 93%512988",0.007935225031482751,0.06131865128639522,0.3807304007227924,0.5901119066657708,1.7212983682098684,27,
INTERLEUKIN-4 AND INTERLEUKIN-13 SIGNALING%REACTOME%R-HSA-6785807.8,0.006884728702596337,0.05600520156899743,0.40701791892395395,0.4762373190896363,1.619935732954851,64,
INTERLEUKIN-6 FAMILY SIGNALING%REACTOME DATABASE ID RELEASE 93%6783589,0.00740138416235458,0.05891416963616339,0.40701791892395395,0.6513957432438048,1.784367795552925,20,
INTERLEUKIN-7 SIGNALING%REACTOME DATABASE ID RELEASE 93%1266695,0.02614629909351216,0.14549070574438566,0.35248785758361917,0.6202751587221619,1.6029407024826776,16,
INTERMEDIATE FILAMENT CYTOSKELETON ORGANIZATION%GOBP%GO:0045104,0.0012938066184456178,0.01449272091145938,0.45505986738722953,0.6626706858744842,1.9114804414217612,25,
INTERMEDIATE FILAMENT-BASED PROCESS%GOBP%GO:0045103,0.0016022597503545031,0.01721886880651764,0.45505986738722953,0.6552236798065564,1.9091767677041556,26,
INTERNALIZATION OF ERBB1%PATHWAY INTERACTION DATABASE NCI-NATURE CURATED DATA%INTERNALIZATION OF ERBB1,0.5109090909090909,0.7750019428851546,0.07307443991269867,0.31351684786183215,0.9690930274188506,38,
INTERSTRAND CROSS-LINK REPAIR%GOBP%GO:0036297,5.414900030603665e-10,3.808251211396704e-8,0.8012155746177786,-0.7643004218530797,-2.535142656084412,40,
INTRA-GOLGI AND RETROGRADE GOLGI-TO-ER TRAFFIC%REACTOME DATABASE ID RELEASE 93%6811442,0.6318407960199005,0.8572667796548394,0.07829552499447937,-0.22781566842563716,-0.9408938322602645,176,
INTRA-GOLGI TRAFFIC%REACTOME DATABASE ID RELEASE 93%6811438,0.9532374100719424,1,0.04301731969275082,0.20727324382331397,0.6493268325775083,41,
INTRA-GOLGI VESICLE-MEDIATED TRANSPORT%GOBP%GO:0006891,0.4120982986767486,0.6830603065179043,0.08653997374441245,0.35030770683113127,1.0431584504939722,31,
INTRACELLULAR CALCIUM ION HOMEOSTASIS%GOBP%GO:0006874,0.7302405498281787,0.9140354089655409,0.05312980547054692,0.24160167378321692,0.8682472776092717,95,
INTRACELLULAR CHOLESTEROL TRANSPORT%GOBP%GO:0032367,0.8771593090211133,0.993914230701908,0.0497903187820785,0.27365471642562467,0.709160435514257,17,
INTRACELLULAR GLUCOSE HOMEOSTASIS%GOBP%GO:0001678,8.419257244945567e-6,1.9171062808572773e-4,0.5933254763964051,0.635397121973369,2.0541083442061616,50,
INTRACELLULAR IRON ION HOMEOSTASIS%GOBP%GO:0006879,0.7401433691756273,0.9191409385649945,0.054455595394037055,0.25811757603443775,0.8510169025090173,55,
INTRACELLULAR LIPID TRANSPORT%GOBP%GO:0032365,0.9479392624728851,1,0.051845762486506596,-0.21752821885280568,-0.6920111907371312,34,
INTRACELLULAR PH REDUCTION%GOBP%GO:0051452,0.17625899280575538,0.4477800475668847,0.13880510939113969,0.39126331855218177,1.2257142632255007,41,
INTRACELLULAR PROTEIN TRANSMEMBRANE TRANSPORT%GOBP%GO:0065002,0.20934579439252338,0.4842862173003501,0.12878871306171366,0.4195098266053146,1.2100804300436152,25,
INTRACELLULAR RECEPTOR SIGNALING PATHWAY%GOBP%GO:0030522,0.27721088435374147,0.5534970927696085,0.1035763266125924,0.2908109166133919,1.0893157857691966,120,
INTRACELLULAR SIGNALLING THROUGH ADENOSINE RECEPTOR A2A AND ADENOSINE%SMPDB%SMP0000320,0.9981718464351006,1,0.041655677397946726,0.16184817786692862,0.49593154768841785,36,
INTRACELLULAR SIGNALLING THROUGH ADENOSINE RECEPTOR A2B AND ADENOSINE%SMPDB%SMP0000321,0.9956043956043956,1,0.05019342526494341,-0.16181293113793377,-0.5175590880058892,36,
INTRACELLULAR STEROL TRANSPORT%GOBP%GO:0032366,0.7871939736346516,0.9503696989219923,0.05389790253573186,0.28282031755015014,0.7830054710729888,21,
INTRACELLULAR TRAFFICKING PROTEINS INVOLVED IN CMT NEUROPATHY%WIKIPATHWAYS_20250810%WP4856%HOMO SAPIENS,0.20610687022900764,0.48094488491909554,0.13145761164276346,0.4568973230061854,1.2242755304080215,19,
INTRACELLULAR ZINC ION HOMEOSTASIS%GOBP%GO:0006882,0.6728971962616822,0.8811053463398107,0.060903934745241806,0.29793240271463567,0.8593890944538999,25,
INTRACILIARY ANTEROGRADE TRANSPORT%GOBP%GO:0035720,0.7037815126050421,0.8988809019790746,0.06435833679173605,-0.31615827965942556,-0.841074459848725,18,
INTRACILIARY TRANSPORT%GOBP%GO:0042073,0.9638989169675091,1,0.04267338611560842,0.20466858093138246,0.6478880500037225,44,
INTRAFLAGELLAR TRANSPORT PROTEINS BINDING TO DYNEIN%WIKIPATHWAYS_20250810%WP4532%HOMO SAPIENS,0.9620253164556962,1,0.049890735672630714,-0.22814694587314727,-0.629148591563771,20,
INTRAFLAGELLAR TRANSPORT%REACTOME%R-HSA-5620924.5,0.9653916211293261,1,0.04301731969275082,0.20414814588668706,0.6343600157544078,39,
INTRINSIC APOPTOTIC SIGNALING PATHWAY BY P53 CLASS MEDIATOR%GOBP%GO:0072332,0.31001890359168244,0.5868705377701491,0.10319746694530717,0.37181083330896436,1.1071912070105319,31,
INTRINSIC APOPTOTIC SIGNALING PATHWAY IN RESPONSE TO DNA DAMAGE BY P53 CLASS MEDIATOR%GOBP%GO:0042771,0.5324427480916031,0.7894723929390696,0.07343814108388569,0.35005375174429926,0.9379837022644758,19,
INTRINSIC APOPTOTIC SIGNALING PATHWAY IN RESPONSE TO DNA DAMAGE%GOBP%GO:0008630,0.17249417249417248,0.44137967921168375,0.1619789488834018,-0.34407072929777277,-1.164271007494145,46,
INTRINSIC APOPTOTIC SIGNALING PATHWAY IN RESPONSE TO ENDOPLASMIC RETICULUM STRESS%GOBP%GO:0070059,6.625284047877793e-5,0.0011685739101590165,0.5384340963099162,0.7110748257876098,2.074135301249845,27,
INTRINSIC APOPTOTIC SIGNALING PATHWAY%GOBP%GO:0097193,0.06643952299829642,0.25959071011148727,0.22798720285044224,0.34990708586227626,1.2927359660713522,113,
INTRINSIC PATHWAY FOR APOPTOSIS%REACTOME DATABASE ID RELEASE 93%109606,0.5174216027874564,0.7778286317353822,0.07028128417173922,0.30112633576298,0.9751337261276173,48,
INWARDLY RECTIFYING K+ CHANNELS%REACTOME DATABASE ID RELEASE 93%1296065,0.05510565626189842,0.24013100093420206,0.3217759180753611,-0.48659210379482365,-1.4447840172350008,27,
ION CHANNEL TRANSPORT%REACTOME DATABASE ID RELEASE 93%983712,0.10996563573883161,0.3455707421747446,0.17520404755855126,0.32864327054371834,1.2285647451758217,123,
ION HOMEOSTASIS%REACTOME DATABASE ID RELEASE 93%5578775,0.11151079136690648,0.34854200917193046,0.17821987495197314,0.41326711270707167,1.2946457552972,41,
ION TRANSPORT BY P-TYPE ATPASES%REACTOME DATABASE ID RELEASE 93%936837,0.18246869409660108,0.457489198736785,0.13574094381042484,0.38229419080009,1.2029090533736757,42,
IONOTROPIC GLUTAMATE RECEPTOR PATHWAY%PANTHER PATHWAY%P00037,0.5792452830188679,0.8206384109052531,0.06863256318367258,0.31516580057708204,0.9193076298257908,27,
IONOTROPIC GLUTAMATE RECEPTOR SIGNALING PATHWAY%GOBP%GO:0035235,0.16539923954372623,0.4330040867571134,0.14826150047510658,0.4850381231728037,1.287854494648939,18,
IRE1ALPHA ACTIVATES CHAPERONES%REACTOME%R-HSA-381070.3,0.16376306620209058,0.4322829697459376,0.14205664357582118,0.3772442539066369,1.2216254484687832,48,
IRINOTECAN ACTION PATHWAY%PATHWHIZ%PW000238,0.30134357005758156,0.5795309363931891,0.10592029273625286,0.43344053236874885,1.12323617410663,17,
IRINOTECAN METABOLISM PATHWAY%SMPDB%SMP0000600,0.30134357005758156,0.5795309363931891,0.10592029273625286,0.43344053236874885,1.12323617410663,17,
IRON ION TRANSPORT%GOBP%GO:0006826,0.7078651685393258,0.9010077609174099,0.05859375689456714,0.28289951549800324,0.8466959009351636,32,
IRON UPTAKE AND TRANSPORT%REACTOME DATABASE ID RELEASE 93%917937,0.2887323943661972,0.5660814640704952,0.10319746694530717,0.34539500095633713,1.1166059305315859,49,
IRON-SULFUR CLUSTER ASSEMBLY%GOBP%GO:0016226,0.3598326359832636,0.6336704042862163,0.10027910675413045,-0.3678193975149559,-1.060021291331656,24,
IRS-MEDIATED SIGNALLING%REACTOME DATABASE ID RELEASE 93%112399,0.04160349477532429,0.20329728845356354,0.3217759180753611,0.5290847445378383,1.5064685746782005,24,
IRS-RELATED EVENTS TRIGGERED BY IGF1R%REACTOME%R-HSA-2428928.3,0.023349931719393594,0.13393606869123922,0.35248785758361917,0.5507089029010049,1.5885255214254215,25,
ISG15 ANTIVIRAL MECHANISM%REACTOME DATABASE ID RELEASE 93%1169408,0.01763009193854102,0.11055619730308568,0.35248785758361917,-0.4030062875294134,-1.4637244871585402,69,
ISOBUTYRYL-COA DEHYDROGENASE DEFICIENCY%SMPDB%SMP0000523,0.9850467289719627,1,0.0432768714901103,0.1839286959036956,0.5359275068280955,26,
ISOPRENALINE ACTION PATHWAY%SMPDB%SMP0000663,0.32532347504621073,0.5939852866765517,0.09889030075206362,0.3568782490434134,1.0841541550924358,34,
ISOPRENOID BIOSYNTHETIC PROCESS%GOBP%GO:0008299,0.01695148868073846,0.1078837011571396,0.35248785758361917,-0.6036747504795521,-1.5984521171146036,17,
ISOPRENOID METABOLIC PROCESS%GOBP%GO:0006720,0.3907637655417407,0.6613108380596745,0.08603472424556043,0.3187561587696713,1.0304731684373736,50,
ISOVALERIC ACIDEMIA%PATHWHIZ%PW000500,0.9850467289719627,1,0.0432768714901103,0.1839286959036956,0.5359275068280955,26,
ISOVALERIC ACIDURIA%PATHWHIZ%PW000091,0.9850467289719627,1,0.0432768714901103,0.1839286959036956,0.5359275068280955,26,
ISRADIPINE ACTION PATHWAY%PATHWHIZ%PW000393,0.32532347504621073,0.5939852866765517,0.09889030075206362,0.3568782490434134,1.0841541550924358,34,
JAK STAT SIGNALING IN THE REGULATION OF BETA CELLS%WIKIPATHWAYS_20250810%WP5358%HOMO SAPIENS,0.2504672897196262,0.5237471816643745,0.11623414877971643,0.40124657438435873,1.1573998902804274,25,
JNK (C-JUN KINASES) PHOSPHORYLATION AND ACTIVATION MEDIATED BY ACTIVATED HUMAN TAK1%REACTOME DATABASE ID RELEASE 93%450321,0.9117647058823529,1,0.05216303054600547,-0.261100255461962,-0.6946038438898331,18,
JNK CASCADE%GOBP%GO:0007254,0.35683760683760685,0.6307953368086999,0.10208010766274725,-0.3398855276425086,-1.0632577988984695,32,
JOUBERT SYNDROME%SMPDB%SMP0000582,0.3465160075329567,0.6200460347353003,0.09624060232812902,0.3879462082713849,1.074052975365363,21,
JOUBERT SYNDROME%WIKIPATHWAYS_20250810%WP4656%HOMO SAPIENS,0.9028697571743929,1,0.05490737032909582,-0.21041811344543077,-0.7610584860408625,61,
KALLMANN SYNDROME%WIKIPATHWAYS_20250810%WP5074%HOMO SAPIENS,0.0023082700825065605,0.023317724688011725,0.4317076958033464,-0.7021824891669831,-1.824851293078555,16,
KEAP1-NFE2L2 PATHWAY%REACTOME%R-HSA-9755511.5,0.17294520547945205,0.44137967921168375,0.13649043778041264,0.31924937264711006,1.1681638352342432,108,
KERATAN SULFATE BIOSYNTHESIS%REACTOME DATABASE ID RELEASE 93%2022854,0.22727272727272727,0.4977792661003207,0.12384217120104962,0.439439333260114,1.203755785175764,20,
KERATAN SULFATE KERATIN METABOLISM%REACTOME%R-HSA-1638074.4,0.6288461538461538,0.8557282741738066,0.06553210292824141,0.30609673132018145,0.8916496506785849,28,
KERATINIZATION%REACTOME%R-HSA-6805567.5,0.03630045931442738,0.18301756075404585,0.3217759180753611,0.6062040073725473,1.609569471492438,18,
KERATINOCYTE DIFFERENTIATION%GOBP%GO:0030216,0.21264367816091953,0.48860557314394915,0.12944288774504625,0.4321470901258554,1.2179695178556962,23,
KETOBEMIDONE ACTION PATHWAY%SMPDB%SMP0000690,0.23106060606060605,0.4977792661003207,0.12267918956880833,0.436121700543469,1.1946677967471409,20,
KETONE BIOSYNTHETIC PROCESS%GOBP%GO:0042181,0.09129511677282377,0.3092900419450054,0.21654283673534816,-0.49239252648428655,-1.3648369144279333,21,
KETONE METABOLIC PROCESS%GOBP%GO:0042180,0.6448598130841121,0.8654205607476636,0.07399014391013414,-0.26883544303761864,-0.9128807628395156,48,
KETOPROFEN ACTION PATHWAY%SMPDB%SMP0000085,0.20373831775700935,0.4784319921631209,0.13077713797197438,0.4780504855616798,1.235397823648238,16,
KETOROLAC ACTION PATHWAY%SMPDB%SMP0000098,0.20373831775700935,0.4784319921631209,0.13077713797197438,0.4780504855616798,1.235397823648238,16,
KIDNEY DEVELOPMENT%GOBP%GO:0001822,0.20481927710843373,0.4797322338103323,0.15016980212840597,-0.29138613220367054,-1.1213673078484323,105,
KIDNEY DEVELOPMENT%REACTOME%R-HSA-9830369.1,0.1016949152542373,0.3284982262514782,0.20429475651688608,-0.4247395038964903,-1.3038689644641615,30,
KIDNEY EPITHELIUM DEVELOPMENT%GOBP%GO:0072073,0.9675090252707581,1,0.04250231800365528,0.20411354554047742,0.6461310592850685,44,
KIDNEY MORPHOGENESIS%GOBP%GO:0060993,0.70124481327800825,0.8979295189150988,0.06392719333599958,-0.28914235530179677,-0.8747071977939208,28,
KINESINS%REACTOME%R-HSA-983189.5,6.610141888121417e-4,0.008125209807611194,0.47727081536286214,-0.5949996510380661,-1.9314778214548902,38,
KISSPEPTIN KISSPEPTIN RECEPTOR SYSTEM IN THE OVARY%WIKIPATHWAYS_20250810%WP4871%HOMO SAPIENS,0.9916492693110647,1,0.04802204159682506,-0.187552841034815,-0.5308494021705982,22,
KIT RECEPTOR SIGNALING%WIKIPATHWAYS_20250810%WP304%HOMO SAPIENS,0.017086525040843622,0.10846743063264769,0.35248785758361917,0.49398590979803064,1.5475142870852068,41,
KITRECEPTOR%IOB%KITRECEPTOR,0.5790408525754884,0.8206384109052531,0.06568136019340105,0.2901953644203662,0.9381419885166016,50,
KITRECEPTOR%NETPATH%KITRECEPTOR,0.6374407582938388,0.8612891179670644,0.07530937641727728,-0.27374406993149825,-0.9230261212894622,47,
KLEEFSTRA SYNDROME%WIKIPATHWAYS_20250810%WP5351%HOMO SAPIENS,0.8875,0.9973604368932039,0.05302125120430776,-0.2474995987118414,-0.7080507871706531,23,
KRABBE DISEASE%PATHWHIZ%PW000502,0.6920152091254753,0.8930876357806398,0.06037863579204014,0.3194842069179099,0.8482821291595581,18,
KSRP (KHSRP) BINDS AND DESTABILIZES MRNA%REACTOME%R-HSA-450604.4,0.07276507276507277,0.2726114256795309,0.24133997681509095,-0.5383362793982559,-1.4254443553257212,17,
L-ALPHA-AMINO ACID TRANSMEMBRANE TRANSPORT%GOBP%GO:1902475,0.01010604418791053,0.07326820103047171,0.3807304007227924,0.5460568177129564,1.6567594222447493,35,
L-AMINO ACID BIOSYNTHETIC PROCESS%GOBP%GO:0170034,0.10634328358208955,0.33781777220245257,0.18643255843407516,0.4394188907104818,1.324060338236771,33,
L-AMINO ACID CATABOLIC PROCESS%GOBP%GO:0170035,0.7620689655172413,0.9307661403415681,0.05132233304211431,0.25624503203518045,0.8282206981451364,47,
L-AMINO ACID METABOLIC PROCESS%GOBP%GO:0170033,0.12286689419795221,0.3674536133257923,0.16440575583821013,0.3309510055974625,1.2164356007328188,111,
L-AMINO ACID TRANSPORT%GOBP%GO:0015807,0.0011398554164229653,0.013084786557119824,0.45505986738722953,0.564675535820574,1.7767816791450963,42,
L-ARGININE:GLYCINE AMIDINOTRANSFERASE DEFICIENCY%PATHWHIZ%PW000483,0.5428571428571428,0.7945506548246274,0.07235708510369071,0.3718743743724891,0.9392421151130022,15,
L13A-MEDIATED TRANSLATIONAL SILENCING OF CERULOPLASMIN EXPRESSION%REACTOME%R-HSA-156827.5,9.077315277587518e-8,3.1520977301422654e-6,0.7049757151672383,0.5735442459059493,2.09998180565832,107,
L1CAM INTERACTIONS%REACTOME%R-HSA-373760.4,0.12478336221837089,0.37094508319169,0.16440575583821013,0.3459324434867562,1.2360034585372845,92,
LABETALOL ACTION PATHWAY%PATHWHIZ%PW000389,0.32532347504621073,0.5939852866765517,0.09889030075206362,0.3568782490434134,1.0841541550924358,34,
LAGGING STRAND SYNTHESIS%REACTOME%R-HSA-69186.4,5.638140519645957e-9,3.071128306583621e-7,0.7614608014455848,-0.8617785438351222,-2.3764804521871956,20,
LAMELLIPODIUM ASSEMBLY%GOBP%GO:0030032,0.9548022598870056,1,0.04504427671527945,0.227428038718489,0.629648534923236,21,
LAMELLIPODIUM ORGANIZATION%GOBP%GO:0097581,0.9622641509433962,1,0.04477488932969301,0.20919671726377634,0.6102062405342181,27,
LAMININ INTERACTIONS%REACTOME DATABASE ID RELEASE 93%3000157,0.05172413793103448,0.231433027821447,0.27650059925447157,0.5242501325030358,1.477554045162144,23,
LATE ENDOSOMAL MICROAUTOPHAGY%REACTOME DATABASE ID RELEASE 93%9615710,0.8780487804878049,0.993914230701908,0.04870108645215302,0.24843439389137112,0.729815188518857,29,
LATE ENDOSOME TO LYSOSOME TRANSPORT%GOBP%GO:1902774,0.3685220729366603,0.64124918172129175,0.09374654224917187,0.41472469614954305,1.0747351625487576,17,
LATE ENDOSOME TO VACUOLE TRANSPORT VIA MULTIVESICULAR BODY SORTING PATHWAY%GOBP%GO:0032511,0.7925233644859813,0.9530208955606196,0.053238649475589886,0.27240706962702055,0.7857610073847315,25,
LATE ENDOSOME TO VACUOLE TRANSPORT%GOBP%GO:0045324,0.8151571164510166,0.9656744006400529,0.0514264916187015,0.25873818249784003,0.7860161732691493,34,
LATE PHASE OF HIV LIFE CYCLE%REACTOME%R-HSA-162599.4,0.021553725689438495,0.12751090909507032,0.35248785758361917,-0.34054299693194606,-1.3554090708893718,129,
LATE SARS-COV-2 INFECTION EVENTS%REACTOME DATABASE ID RELEASE 93%9772573,0.7613019891500904,0.9302383663333852,0.05356693847709506,0.25004939330281584,0.8482178229096877,62,
LDL CLEARANCE%REACTOME%R-HSA-8964038.5,0.9214953271028037,1,0.04632277857946331,0.24581170242190592,0.6352367613276059,16,
LDL INFLUENCE ON CD14 AND TLR4%WIKIPATHWAYS_20250810%WP5272%HOMO SAPIENS,0.31512605042016806,0.5928835447866243,0.10882012676916121,-0.41088591273731667,-1.0930779592021547,18,
LEARNING OR MEMORY%GOBP%GO:0007611,0.2094240837696335,0.4842862173003501,0.12384217120104962,0.322539224444502,1.1443299194592351,86,
LEARNING%GOBP%GO:0007612,0.4729241877256318,0.741622011573133,0.07667468724900914,0.31421571978926677,0.9946646869215143,44,
LEFT/RIGHT PATTERN FORMATION%GOBP%GO:0060972,0.8940092165898618,1,0.057366742676855584,-0.21559856964439275,-0.7669636073085239,58,
LEIGH SYNDROME%SMPDB%SMP0000196,0.8645038167938931,0.9895309448098208,0.05019342526494341,0.2683263753967526,0.7189917712800298,19,
LEISHMANIA INFECTION%REACTOME%R-HSA-9658195.3,0.3833049403747871,0.6539146453791833,0.0847985102819124,0.2778601289457971,1.0372423472825176,118,
LEISHMANIA PARASITE GROWTH AND SURVIVAL%REACTOME DATABASE ID RELEASE 93%9664433,0.69449378330373,0.8930876357806398,0.05700595265823873,0.26713457836744275,0.8635912053651972,50,
LEISHMANIA PHAGOCYTOSIS%REACTOME%R-HSA-9664417.2,0.18641114982578397,0.46326672932900764,0.13214726060877433,0.36796040062720714,1.1915616600649745,48,
LENS DEVELOPMENT IN CAMERA-TYPE EYE%GOBP%GO:0002088,0.6812977099236641,0.8881487743631811,0.06130260753962072,0.2974135015862209,0.8468286006167474,24,
LEPTIN SIGNALING%WIKIPATHWAYS_20250810%WP2034%HOMO SAPIENS,0.5135623869801085,0.7762561525840854,0.07253518643945886,0.2820149554201179,0.956651437361161,62,
LEPTIN%IOB%LEPTIN,0.05927342256214149,0.24521454635536716,0.25720646646883816,0.5213372601752689,1.454105004003457,22,
LEPTIN%NETPATH%LEPTIN,0.044557138788434515,0.21267995112417712,0.3217759180753611,0.47466066568686827,1.4671949678119156,38,
LESCH-NYHAN SYNDROME (LNS)%SMPDB%SMP0000364,0.05753197716714412,0.24149362837103622,0.3217759180753611,-0.46114145939614276,-1.4281815129539124,31,
LEUCINE ISOLEUCINE AND VALINE METABOLISM%WIKIPATHWAYS_20250810%WP4686%HOMO SAPIENS,0.9252336448598131,1,0.04613791602697367,0.24469059704243518,0.6323395544682693,16,
LEUKOCYTE ACTIVATION INVOLVED IN IMMUNE RESPONSE%GOBP%GO:0002366,0.47358834244080145,0.7420352032151982,0.07707367349441024,0.2885309395104149,0.9797985146485793,63,
LEUKOCYTE CELL-CELL ADHESION%GOBP%GO:0007159,0.11962616822429907,0.3633914656392595,0.17520404755855126,0.4506576119928787,1.3131165272595942,26,
LEUKOCYTE CHEMOTAXIS%GOBP%GO:0030595,0.058823529411764705,0.24399766536524,0.24891111443470243,0.4316320450297878,1.374653718251424,45,
LEUKOCYTE DIFFERENTIATION%GOBP%GO:0002521,0.025386560702865654,0.14204202544322414,0.35248785758361917,0.34021162443043096,1.326609229220691,159,
LEUKOCYTE HOMEOSTASIS%GOBP%GO:0001776,0.0616822429906542,0.24996830201026604,0.24891111443470243,0.49900869228965183,1.4540008726227693,26,
LEUKOCYTE INTRINSIC HIPPO PATHWAY FUNCTIONS%WIKIPATHWAYS_20250810%WP4542%HOMO SAPIENS,0.39662447257383965,0.6679738010367545,0.09497515259055948,-0.37387965619066305,-1.0310278676160376,20,
LEUKOCYTE MEDIATED CYTOTOXICITY%GOBP%GO:0001909,0.15140186915887852,0.4128583530251015,0.15419096658142434,0.44075615178782346,1.2713656745913793,25,
LEUKOCYTE MEDIATED IMMUNITY%GOBP%GO:0002443,0.12252252252252252,0.3674536133257923,0.16957064440562838,0.3645340303427879,1.256384342420337,70,
LEUKOCYTE MIGRATION%GOBP%GO:0050900,0.017853890283149515,0.11145642068896484,0.35248785758361917,0.40800773225563786,1.4447313746654955,85,
LEUKOCYTE PROLIFERATION%GOBP%GO:0070661,0.8314393939393939,0.974761821217575,0.05163559644842005,0.27933549006101216,0.7651834661027388,20,
LEUKOTRIENE C4 SYNTHESIS DEFICIENCY%PATHWHIZ%PW000118,0.20373831775700935,0.4784319921631209,0.13077713797197438,0.4780504855616798,1.235397823648238,16,
LEVALLORPHAN ACTION PATHWAY%SMPDB%SMP0000683,0.23106060606060605,0.4977792661003207,0.12267918956880833,0.436121700543469,1.1946677967471409,20,
LEVOBUNOLOL ACTION PATHWAY%SMPDB%SMP0000666,0.32532347504621073,0.5939852866765517,0.09889030075206362,0.3568782490434134,1.0841541550924358,34,
LEVOBUPIVACAINE ACTION PATHWAY%PATHWHIZ%PW000403,0.23106060606060605,0.4977792661003207,0.12267918956880833,0.436121700543469,1.1946677967471409,20,
LEVOMETHADYL ACETATE ACTION ACTION PATHWAY%SMPDB%SMP0000677,0.23106060606060605,0.4977792661003207,0.12267918956880833,0.436121700543469,1.1946677967471409,20,
LEVORPHANOL ACTION PATHWAY%SMPDB%SMP0000673,0.23106060606060605,0.4977792661003207,0.12267918956880833,0.436121700543469,1.1946677967471409,20,
LIDOCAINE (ANTIARRHYTHMIC) ACTION PATHWAY%PATHWHIZ%PW000381,0.32532347504621073,0.5939852866765517,0.09889030075206362,0.3568782490434134,1.0841541550924358,34,
LIDOCAINE (LOCAL ANAESTHETIC) ACTION PATHWAY%SMPDB%SMP0000398,0.23106060606060605,0.4977792661003207,0.12267918956880833,0.436121700543469,1.1946677967471409,20,
LIGAND-GATED ION CHANNEL SIGNALING PATHWAY%GOBP%GO:1990806,0.16539923954372623,0.4330040867571134,0.14826150047510658,0.4850381231728037,1.287854494648939,18,
LIMB DEVELOPMENT%GOBP%GO:0060173,0.4636363636363636,0.7311846824761954,0.09026354843400684,-0.28611260702727015,-1.0004091639563466,52,
LIMB MORPHOGENESIS%GOBP%GO:0035108,0.13716814159292035,0.3922317008184588,0.17821987495197314,-0.37831993693266924,-1.2280957918627664,38,
LIMBIC SYSTEM DEVELOPMENT%GOBP%GO:0021761,0.5032119914346895,0.767520749686053,0.0824344091527096,-0.3321253172135713,-0.9682681267043605,26,
LIPID CATABOLIC PROCESS%GOBP%GO:0016042,0.900990099009901,1,0.041655677397946726,0.20836661808258905,0.810069844402019,158,
LIPID DROPLET ORGANIZATION%GOBP%GO:0034389,0.8236397748592871,0.9703440604576333,0.05163559644842005,0.26296902180008275,0.7725129488454164,29,
LIPID HOMEOSTASIS%GOBP%GO:0055088,0.04421768707482993,0.21142295128034003,0.28201335001172506,0.380660006364191,1.3738215975068488,97,
LIPID LOCALIZATION%GOBP%GO:0010876,0.499184339314845,0.7650784907738915,0.06879430956047748,0.24964032038527273,0.9760662584987888,160,
LIPID METABOLISM PATHWAY%WIKIPATHWAYS_20250810%WP3965%HOMO SAPIENS,0.9642857142857143,1,0.04959019569563381,-0.2344698152892653,-0.6237590027934284,18,
LIPID MODIFICATION%GOBP%GO:0030258,0.8705281090289608,0.9933567824532565,0.04468543976441472,0.22051049145866033,0.8075861879781401,105,
LIPID OXIDATION%GOBP%GO:0034440,0.7139689578713969,0.9052079834956581,0.06628421870126719,-0.24730771039691202,-0.8898234839874664,60,
LIPID STORAGE%GOBP%GO:0019915,0.17938931297709923,0.45221734251395795,0.14205664357582118,0.43436069254672915,1.2367597821568077,24,
LIPID TRANSLOCATION%GOBP%GO:0034204,0.06437768240343347,0.25530507025944066,0.2616635217115731,-0.4378925317822623,-1.3780236108573454,33,
LIPID TRANSPORT%GOBP%GO:0006869,0.5163934426229508,0.7775289884046381,0.06736238681662789,0.24990532692685544,0.9744720324815755,159,
LIPOPROTEIN BIOSYNTHETIC PROCESS%GOBP%GO:0042158,0.9043151969981238,1,0.04735342452541926,0.2356940692558185,0.6923884768625278,29,
LIPOPROTEIN METABOLIC PROCESS%GOBP%GO:0042157,0.9981718464351006,1,0.041655677397946726,0.16605076926847182,0.5169562196583153,40,
LIPOPROTEIN METABOLISM%REACTOME DATABASE ID RELEASE 93%174824,0.5035211267605634,0.7677177223605077,0.0721797965581253,0.3017221469996214,0.9754186881097615,49,
LIPOSACCHARIDE METABOLIC PROCESS%GOBP%GO:1903509,0.9827288428324698,1,0.039759647508789964,0.18837961634961536,0.6597760687858325,76,
LISSENCEPHALY GENE (LIS1) IN NEURONAL MIGRATION AND DEVELOPMENT%PATHWAY INTERACTION DATABASE NCI-NATURE CURATED DATA%LISSENCEPHALY GENE (LIS1) IN NEURONAL MIGRATION AND DEVELOPMENT,0.6264150943396226,0.8542862700419596,0.06479433660007268,0.30782372426313,0.8978915156350363,27,
LISTERIA MONOCYTOGENES ENTRY INTO HOST CELLS%REACTOME DATABASE ID RELEASE 93%8876384,0.1311787072243346,0.3823126402393418,0.16823816568963962,0.5016333705009726,1.331917554520583,18,
LIVER DEVELOPMENT%GOBP%GO:0001889,0.059813084112149535,0.24689561317021014,0.2529611230696109,0.501981930226863,1.4626642298388213,26,
LKB1 SIGNALING EVENTS%PATHWAY INTERACTION DATABASE NCI-NATURE CURATED DATA%LKB1 SIGNALING EVENTS,0.9824175824175824,1,0.05080541390663644,-0.1768875309764473,-0.5867262561763263,40,
LNCRNA IN CANONICAL WNT SIGNALING AND COLORECTAL CANCER%WIKIPATHWAYS_20250810%WP4258%HOMO SAPIENS,0.7216035634743875,0.9095017816650469,0.06598161440087301,-0.24692077206095678,-0.892340105103712,62,
LOCOMOTION%GOBP%GO:0040011,0.0207924655252642,0.12462021408669677,0.35248785758361917,0.37088941373166884,1.4238782147457298,139,
LOCOMOTORY BEHAVIOR%GOBP%GO:0007626,0.8660377358490566,0.9904704941081431,0.04959019569563381,0.2533374460379403,0.7501315128237647,30,
LONG-CHAIN FATTY ACID METABOLIC PROCESS%GOBP%GO:0001676,0.5497287522603979,0.8006010347467288,0.06911984565510101,0.2771768549135504,0.9402396275803262,62,
LONG-CHAIN FATTY ACID TRANSPORT%GOBP%GO:0015909,0.8493408662900188,0.9830405426266378,0.05039643224429567,0.2663068804329806,0.7372870031744768,21,
LONG-CHAIN FATTY-ACYL-COA BIOSYNTHETIC PROCESS%GOBP%GO:0035338,0.46466809421841543,0.7323960089297917,0.08679497567717195,-0.38107159619394015,-0.9903394143237467,16,
LONG-CHAIN FATTY-ACYL-COA METABOLIC PROCESS%GOBP%GO:0035336,0.30148619957537154,0.5796046106715447,0.11237851911047504,-0.4024460382214705,-1.115518980257038,21,
LONG-TERM MEMORY%GOBP%GO:0007616,0.2366412213740458,0.5041551970451933,0.12154328203546907,0.44136017531433724,1.1826430918410578,19,
LONG-TERM POTENTIATION%REACTOME DATABASE ID RELEASE 93%9620244,0.5909090909090909,0.8292727731980069,0.06783382634794552,0.3269034155243355,0.8954862431447552,20,
LONG-TERM SYNAPTIC POTENTIATION%GOBP%GO:0060291,0.811214953271028,0.9634694913154834,0.05216303054600547,0.2641651805302189,0.7697188625013756,26,
LORNOXICAM ACTION PATHWAY%PATHWHIZ%PW000677,0.20373831775700935,0.4784319921631209,0.13077713797197438,0.4780504855616798,1.235397823648238,16,
LOSS OF NLP FROM MITOTIC CENTROSOMES%REACTOME DATABASE ID RELEASE 93%380259,5.621661245400381e-5,0.0010010881371616833,0.557332238758646,-0.5356009749920363,-1.9463348763555797,68,
LOSS OF PROTEINS REQUIRED FOR INTERPHASE MICROTUBULE ORGANIZATION FROM THE CENTROSOME%REACTOME%R-HSA-380284.3,5.621661245400381e-5,0.0010010881371616833,0.557332238758646,-0.5356009749920363,-1.9463348763555797,68,
LOVASTATIN ACTION PATHWAY%SMPDB%SMP0000099,3.8789317577938914e-4,0.005082864350543128,0.49849310876659025,-0.7175340885269536,-1.9888949541423213,21,
LPA RECEPTOR MEDIATED EVENTS%PATHWAY INTERACTION DATABASE NCI-NATURE CURATED DATA%LPA RECEPTOR MEDIATED EVENTS,0.987410071942446,1,0.041404427376027834,0.18383681025284423,0.6078867886726852,56,
LPS AND CITRATE SIGNALING AND INFLAMMATION%PATHWHIZ%PW101069,0.2734225621414914,0.5507002970790439,0.1119183163251045,0.40856762512284744,1.1395698591833046,22,
LUMIRACOXIB ACTION PATHWAY%SMPDB%SMP0000699,0.20373831775700935,0.4784319921631209,0.13077713797197438,0.4780504855616798,1.235397823648238,16,
LUNG DEVELOPMENT%GOBP%GO:0030324,0.30727272727272725,0.5842598469292515,0.10135074379709887,0.3576740116119708,1.105584574181628,38,
LUNG FIBROSIS%WIKIPATHWAYS_20250810%WP3624%HOMO SAPIENS,0.40804597701149425,0.67918018222764,0.08783126344801238,0.36431716799539404,1.026796698597866,23,
LXR-MEDIATED SIGNALING%REACTOME DATABASE ID RELEASE 93%9024446,0.40823970037453183,0.6792991240733449,0.08653997374441245,0.340851144284765,1.0341567517494799,35,
LXRS REGULATE GENE EXPRESSION LINKED TO CHOLESTEROL TRANSPORT AND EFFLUX%REACTOME DATABASE ID RELEASE 93%9029569,0.3490566037735849,0.6218736181928992,0.09592067779217453,0.3634040778029574,1.0760385206055654,30,
LYMPHOCYTE ACTIVATION INVOLVED IN IMMUNE RESPONSE%GOBP%GO:0002285,0.06993006993006994,0.2659352967361181,0.2616635217115731,-0.39021890401990994,-1.3204278011493797,46,
LYMPHOCYTE ACTIVATION%GOBP%GO:0046649,0.23865546218487396,0.5066754863963163,0.11237851911047504,0.27718546149868806,1.0975574851329237,179,
LYMPHOCYTE COSTIMULATION%GOBP%GO:0031294,0.2916666666666667,0.5689957865168539,0.11331290842208036,-0.39615488884697436,-1.1333262047676307,23,
LYMPHOCYTE DIFFERENTIATION%GOBP%GO:0030098,0.5187074829931972,0.7782713409425341,0.06895673516728111,0.27056355181541275,0.9764778142376034,97,
LYMPHOCYTE HOMEOSTASIS%GOBP%GO:0002260,0.06771993503624238,0.2622594048705957,0.2878051305355643,0.5558804418315558,1.5389892458465189,21,
LYMPHOCYTE MEDIATED IMMUNITY%GOBP%GO:0002449,0.3363309352517986,0.6071002846845331,0.09528798461948437,0.3270386361798795,1.0814072875059897,56,
LYMPHOCYTE MIGRATION%GOBP%GO:0072676,0.7594142259414226,0.9289532010855447,0.060509298865666666,-0.29776556433579315,-0.8070825952307525,19,
LYMPHOCYTE PROLIFERATION%GOBP%GO:0046651,0.6017130620985011,0.8358167854848086,0.07307443991269867,-0.3470331562028228,-0.9018793741056319,16,
LYSINURIC PROTEIN INTOLERANCE (LPI)%SMPDB%SMP0000585,0.22537878787878787,0.4977792661003207,0.12443416863039332,0.441161905676685,1.208474426305242,20,
LYSINURIC PROTEIN INTOLERANCE%SMPDB%SMP0000197,0.22537878787878787,0.4977792661003207,0.12443416863039332,0.441161905676685,1.208474426305242,20,
LYSOSOMAL ACID LIPASE DEFICIENCY (WOLMAN DISEASE)%PATHWHIZ%PW000099,3.8789317577938914e-4,0.005082864350543128,0.49849310876659025,-0.7175340885269536,-1.9888949541423213,21,
LYSOSOMAL LUMEN ACIDIFICATION%GOBP%GO:0007042,0.6302681992337165,0.8565973862383877,0.06523530560177027,0.3129594238916592,0.8820493006552699,23,
LYSOSOMAL TRANSPORT%GOBP%GO:0007041,0.0017245925829738175,0.018320910881457993,0.45505986738722953,0.43560993333667863,1.6181259447503142,114,
LYSOSOME LOCALIZATION%GOBP%GO:0032418,0.32786885245901637,0.5962812910842209,0.09754492162471996,0.3530104156502623,1.096927389963495,39,
LYSOSOME ORGANIZATION%GOBP%GO:0007040,0.08506944444444445,0.29652722718722985,0.20207170902115992,0.36299407328426836,1.283961244965564,84,
LYSOSOME VESICLE BIOGENESIS%REACTOME DATABASE ID RELEASE 93%432720,0.8801498127340824,0.993914230701908,0.04850598364694698,0.24184053686578855,0.7238096215320939,32,
LYTIC VACUOLE ORGANIZATION%GOBP%GO:0080171,0.08506944444444445,0.29652722718722985,0.20207170902115992,0.36299407328426836,1.283961244965564,84,
M-CSF%IOB%M-CSF,0.007643695559215158,0.05998357701553591,0.40701791892395395,0.6567371359270286,1.7018964606772147,17,
M-DECAY: DEGRADATION OF MATERNAL MRNAS BY MATERNALLY STORED FACTORS%REACTOME%R-HSA-9820841.1,0.9578544061302682,1,0.04567904149300621,0.21964947338807506,0.6190632062842745,23,
MACROAUTOPHAGY%GOBP%GO:0016236,0.0014739811686289225,0.016057724260592734,0.45505986738722953,0.38849639253601076,1.5460831987855468,191,
MACROAUTOPHAGY%REACTOME%R-HSA-1632852.12,0.2776831345826235,0.5538196000776029,0.1035763266125924,0.29136253842939525,1.087646379555421,118,
MACROMOLECULE DEACYLATION%GOBP%GO:0098732,0.933206106870229,1,0.04669480412820537,0.2445369090251081,0.6552468988683467,19,
MACROMOLECULE METHYLATION%GOBP%GO:0043414,0.1339712918660287,0.3862711456189183,0.1882041463084906,-0.3085136837753325,-1.1920191744105597,107,
MACROPHAGE ACTIVATION%GOBP%GO:0042116,0.08206106870229007,0.2918356226509892,0.21654283673534816,0.5277346423673608,1.4140870971796904,19,
MACROPHAGE DIFFERENTIATION%GOBP%GO:0030225,0.21946564885496184,0.4977792661003207,0.12687572992985735,0.4502968780139711,1.2065893613567251,19,
MACROPHAGE STIMULATING PROTEIN MSP SIGNALING%WIKIPATHWAYS_20250810%WP5353%HOMO SAPIENS,0.31788079470198677,0.5939852866765517,0.11146266692298015,-0.2928849419649301,-1.0629386168782702,63,
MAGNESIUM SALICYLATE ACTION PATHWAY%PATHWHIZ%PW000675,0.20373831775700935,0.4784319921631209,0.13077713797197438,0.4780504855616798,1.235397823648238,16,
MAINTENANCE OF BLOOD-BRAIN BARRIER%GOBP%GO:0035633,0.49423076923076925,0.7599753578849547,0.07767985601172364,0.33703875556715046,0.9817827435479736,28,
MAINTENANCE OF CELL NUMBER%GOBP%GO:0098727,0.22,0.4977792661003207,0.12325722638133735,0.3841289895104733,1.1873579614710312,38,
MAINTENANCE OF LOCATION IN CELL%GOBP%GO:0051651,0.8799283154121864,0.993914230701908,0.04650840487191565,0.2283317019185645,0.7602668608466479,57,
MAINTENANCE OF LOCATION%GOBP%GO:0051235,0.9198542805100182,1,0.045224744337288424,0.2175749638421031,0.7388449459144257,63,
MAINTENANCE OF PROTEIN LOCALIZATION IN ORGANELLE%GOBP%GO:0072595,0.9500924214417745,1,0.04441811530815725,0.21564316886987273,0.6550985894327571,34,
MAINTENANCE OF PROTEIN LOCATION IN CELL%GOBP%GO:0032507,0.6570397111913358,0.8739555681274207,0.06037863579204014,0.28129175499960524,0.8904423228982032,44,
MAINTENANCE OF PROTEIN LOCATION IN NUCLEUS%GOBP%GO:0051457,0.933206106870229,1,0.04669480412820537,0.24333091356669015,0.6520153834814546,19,
MAINTENANCE OF PROTEIN LOCATION%GOBP%GO:0045185,0.7229129662522202,0.909690603013162,0.05513517633852569,0.2628037869854398,0.849590646648217,50,
MAJOR PATHWAY OF RRNA PROCESSING IN THE NUCLEOLUS AND CYTOSOL%REACTOME%R-HSA-6791226.5,0.04983388704318937,0.22565368900730248,0.2616635217115731,0.32882470748252407,1.3036281520037867,177,
MALE GONAD DEVELOPMENT%GOBP%GO:0008584,0.1625,0.43085078575088087,0.15740289930528326,-0.4339755022057421,-1.241524016801785,23,
MALE INFERTILITY%WIKIPATHWAYS_20250810%WP4673%HOMO SAPIENS,0.18478260869565216,0.46058868277839543,0.13574094381042484,0.3426693434636957,1.1698398829094012,65,
MALE MEIOTIC NUCLEAR DIVISION%GOBP%GO:0007140,0.14204545454545456,0.4012224430373897,0.1608014010700223,0.48074404643393476,1.3169017502152238,20,
MALE SEX DIFFERENTIATION%GOBP%GO:0046661,0.27824267782426776,0.5538196000776029,0.11673920479122178,-0.3912535326785431,-1.1275562891734603,24,
MALONIC ACIDURIA%SMPDB%SMP0000198,0.9935760171306209,1,0.049093966819213915,-0.1886317991495744,-0.4902215419843322,16,
MALONYL-COA DECARBOXYLASE DEFICIENCY%PATHWHIZ%PW000478,0.9935760171306209,1,0.049093966819213915,-0.1886317991495744,-0.4902215419843322,16,
MAMMARY GLAND DEVELOPMENT PREGNANCY AND LACTATION STAGE 3 OF 4%WIKIPATHWAYS_20250810%WP2817%HOMO SAPIENS,0.09811320754716982,0.32185062176566,0.19578900214894943,0.44943877087822015,1.3307870209998178,30,
MAMMARY GLAND DEVELOPMENT%GOBP%GO:0030879,0.6878504672897197,0.8915157441398857,0.05986031177644726,0.2948184160127651,0.8504067676325192,25,
MAP KINASE ACTIVATION%REACTOME DATABASE ID RELEASE 93%450294,0.9955456570155902,1,0.05080541390663644,-0.1500316259002343,-0.5421951167058777,62,
MAP2K AND MAPK ACTIVATION%REACTOME DATABASE ID RELEASE 93%5674135,0.5790598290598291,0.8206384109052531,0.07492788183937392,-0.2941255788587737,-0.9201077720086056,32,
MAP3K8 (TPL2)-DEPENDENT MAPK1 3 ACTIVATION%REACTOME DATABASE ID RELEASE 93%5684264,0.9785867237687366,1,0.0497903187820785,-0.22152376162936888,-0.5757020847052864,16,
MAPK CASCADE%GOBP%GO:0000165,0.3397129186602871,0.6120119896486884,0.11237851911047504,-0.2732312303918477,-1.0518914629169558,101,
MAPK CASCADE%WIKIPATHWAYS_20250810%WP422%HOMO SAPIENS,0.997867803837953,1,0.04870108645215302,-0.16854356715948413,-0.5127274530596279,29,
MAPK PATHWAY IN CONGENITAL THYROID CANCER%WIKIPATHWAYS_20250810%WP4928%HOMO SAPIENS,0.24571428571428572,0.5159442824748948,0.11881503941226282,0.47830882591801305,1.2080633253918727,15,
MAPK SIGNALING AND ARTD FAMILY MEMBERS%WIKIPATHWAYS_20250810%WP5530%HOMO SAPIENS,0.8166311300639659,0.9665961991127812,0.05797547575714859,-0.2615827749894856,-0.7957626164261564,29,
MAPK SIGNALING%WIKIPATHWAYS_20250810%WP382%HOMO SAPIENS,0.502495840266223,0.7672071691451318,0.06944814420031753,0.25456017863219577,0.9798007035087534,145,
MAPK TARGETS  NUCLEAR EVENTS MEDIATED BY MAP KINASES%REACTOME DATABASE ID RELEASE 93%450282,0.9264150943396227,1,0.04650840487191565,0.226563071938407,0.6708526613854958,30,
MAPK6 MAPK4 SIGNALING%REACTOME%R-HSA-5687128.5,0.13053613053613053,0.3818931657501964,0.1882041463084906,-0.3322497886172239,-1.2026134076189374,72,
MAPLE SYRUP URINE DISEASE%PATHWHIZ%PW000064,0.9850467289719627,1,0.0432768714901103,0.1839286959036956,0.5359275068280955,26,
MARKERS OF KIDNEY CELL LINEAGE%WIKIPATHWAYS_20250810%WP5236%HOMO SAPIENS,0.17270788912579957,0.44137967921168375,0.15419096658142434,-0.3951974617777551,-1.2022327013003171,29,
MATERNAL TO ZYGOTIC TRANSITION (MZT)%REACTOME%R-HSA-9816359.2,0.20506912442396313,0.4797322338103323,0.14641623786055022,-0.32128865942896534,-1.1429422265156841,58,
"MATURATION OF 5.8S RRNA FROM TRICISTRONIC RRNA TRANSCRIPT (SSU-RRNA, 5.8S RRNA, LSU-RRNA)%GOBP%GO:0000466",0.05485232067510549,0.23940258732983985,0.28201335001172506,-0.5262844491326141,-1.4513063879356132,20,
MATURATION OF 5.8S RRNA%GOBP%GO:0000460,0.09725158562367865,0.3201632475967079,0.2089550275493539,-0.41881020452734885,-1.2970791919808233,31,
"MATURATION OF LSU-RRNA FROM TRICISTRONIC RRNA TRANSCRIPT (SSU-RRNA, 5.8S RRNA, LSU-RRNA)%GOBP%GO:0000463",0.6937901498929336,0.8930876357806398,0.06598161440087301,-0.3232196700239139,-0.8399922269370329,16,
MATURATION OF LSU-RRNA%GOBP%GO:0000470,0.9892933618843683,1,0.04929176623126693,-0.1922486874321241,-0.5604760215300699,26,
MATURATION OF NUCLEOPROTEIN%REACTOME%R-HSA-9694631.7,0.6857142857142857,0.8907272027702962,0.060903934745241806,0.3301708106217188,0.8339115354216226,15,
MATURATION OF SPIKE PROTEIN%REACTOME%R-HSA-9694548.5,0.6514598540145985,0.8700747473329589,0.06130260753962072,0.28513557910893483,0.8778924239912277,37,
"MATURATION OF SSU-RRNA FROM TRICISTRONIC RRNA TRANSCRIPT (SSU-RRNA, 5.8S RRNA, LSU-RRNA)%GOBP%GO:0000462",0.9326923076923077,1,0.04706995900826619,0.23159676541333646,0.6746337149320502,28,
MATURATION OF SSU-RRNA%GOBP%GO:0030490,0.8810344827586207,0.993914230701908,0.04468543976441472,0.22731485630322135,0.7347142205682557,47,
MATURATION OF TCA ENZYMES AND REGULATION OF TCA CYCLE%REACTOME DATABASE ID RELEASE 93%9854311,0.21218487394957983,0.4879549501919973,0.13649043778041264,-0.459952390131253,-1.2236092899496533,18,
MBDNF AND PROBDNF REGULATION OF GABA NEUROTRANSMISSION%WIKIPATHWAYS_20250810%WP4829%HOMO SAPIENS,0.7304015296367112,0.9140354089655409,0.05809835768732064,0.29224746678257296,0.8151316552993089,22,
MEASLES VIRUS INFECTION%WIKIPATHWAYS_20250810%WP4630%HOMO SAPIENS,0.3776223776223776,0.6499597057217875,0.10395847155995677,-0.2753802587957934,-1.03119834479991,86,
MECHANICAL LOAD ACTIVATES SIGNALING BY PIEZO1 AND INTEGRINS IN OSTEOCYTES%REACTOME DATABASE ID RELEASE 93%9856532,0.08253358925143954,0.29188836529662515,0.21654283673534816,0.5364860838445976,1.3902727854865058,17,
MECHANOREGULATION AND PATHOLOGY OF YAP TAZ VIA HIPPO AND NON HIPPO MECHANISMS%WIKIPATHWAYS_20250810%WP4534%HOMO SAPIENS,0.23062381852551986,0.4977792661003207,0.12267918956880833,0.39224391914284745,1.1680375593505872,31,
MECP2 AND ASSOCIATED RETT SYNDROME%WIKIPATHWAYS_20250810%WP3584%HOMO SAPIENS,0.8649289099526066,0.9898135991136319,0.06024840861580194,-0.23693556207294203,-0.7989130610590148,47,
MEFENAMIC ACID ACTION PATHWAY%PATHWHIZ%PW000261,0.20373831775700935,0.4784319921631209,0.13077713797197438,0.4780504855616798,1.235397823648238,16,
MEIOSIS I CELL CYCLE PROCESS%GOBP%GO:0061982,6.30495051203566e-5,0.0011191790749159785,0.5384340963099162,-0.5452271319774906,-1.9754967892335418,65,
MEIOSIS I%GOBP%GO:0007127,8.123497259437285e-5,0.0013930293448590604,0.5384340963099162,-0.5355170907060098,-1.9434996961294093,63,
MEIOSIS%REACTOME%R-HSA-1500620.4,1.7662361207297111e-6,4.607139852945669e-5,0.6435518361507222,-0.5962983669882042,-2.164701257759309,64,
MEIOTIC CELL CYCLE PROCESS%GOBP%GO:1903046,6.636256015306099e-9,3.4783998510415744e-7,0.7614608014455848,-0.5741031902583181,-2.2152254413620387,100,
MEIOTIC CELL CYCLE%GOBP%GO:0051321,9.188531437665647e-10,6.077557222341706e-8,0.8012155746177786,-0.5746633140346769,-2.239874008790366,115,
MEIOTIC CHROMOSOME SEGREGATION%GOBP%GO:0045132,1.8262845053990446e-4,0.002850235031459857,0.5188480777437918,-0.6502007425413947,-2.0137089417692327,31,
MEIOTIC NUCLEAR DIVISION%GOBP%GO:0140013,4.2048684849912706e-7,1.2288797964460311e-5,0.674962860011025,-0.553413155285659,-2.074078318246805,87,
MEIOTIC RECOMBINATION%REACTOME%R-HSA-912446.7,4.806787147272562e-8,1.9016348714895741e-6,0.7195128263389107,-0.7116319570831378,-2.362978179627605,41,
MEIOTIC SYNAPSIS%REACTOME%R-HSA-1221632.3,0.017338758291783236,0.10909868750752849,0.35248785758361917,-0.49600671798398155,-1.6289468845085349,39,
MELANOMA%WIKIPATHWAYS_20250810%WP4685%HOMO SAPIENS,0.3682983682983683,0.64124918172129175,0.10552093684319848,-0.3092386730543622,-1.0464058426823155,46,
MELANOSOME ASSEMBLY%GOBP%GO:1903232,0.8721374045801527,0.9937644421343987,0.0497903187820785,0.26644217322912905,0.7139429725849846,19,
MELANOSOME LOCALIZATION%GOBP%GO:0032400,0.9334600760456274,1,0.04650840487191565,0.23982493954421968,0.6367739185129918,18,
MELANOSOME ORGANIZATION%GOBP%GO:0032438,0.38391224862888484,0.6542995255773264,0.0886261133285098,0.3425412640641452,1.0496072397809213,36,
MELANOSOME TRANSPORT%GOBP%GO:0032402,0.7161904761904762,0.9055881396709798,0.05884381695958071,0.3193953640824906,0.8066960188486674,15,
MELATONIN METABOLISM AND EFFECTS%WIKIPATHWAYS_20250810%WP3298%HOMO SAPIENS,0.06679389312977099,0.2604258738449176,0.24133997681509095,0.5072561258684137,1.4443157184607214,24,
MELOXICAM ACTION PATHWAY%SMPDB%SMP0000106,0.20373831775700935,0.4784319921631209,0.13077713797197438,0.4780504855616798,1.235397823648238,16,
MEMBRANE ASSEMBLY%GOBP%GO:0071709,0.5836236933797909,0.8243227518153045,0.06435833679173605,0.2890595419357289,0.936057975421964,48,
MEMBRANE BIOGENESIS%GOBP%GO:0044091,0.6422182468694096,0.8644363627517758,0.06103637283091772,0.27751722874716717,0.9006390785573464,51,
MEMBRANE DEPOLARIZATION DURING ACTION POTENTIAL%GOBP%GO:0086010,0.28270042194092826,0.5579692874969084,0.11623414877971643,-0.40731845438042397,-1.1232402472477625,20,
MEMBRANE DEPOLARIZATION DURING CARDIAC MUSCLE CELL ACTION POTENTIAL%GOBP%GO:0086012,0.6095238095238096,0.8414235301847061,0.06658921041039328,0.34876586654967967,0.8808770185633257,15,
MEMBRANE DEPOLARIZATION%GOBP%GO:0051899,0.3023255813953488,0.5801674545765221,0.1119183163251045,-0.35726705967965666,-1.1064765473268043,31,
MEMBRANE DOCKING%GOBP%GO:0022406,0.007309549505383459,0.05851852601139841,0.40701791892395395,0.4644636706019562,1.6007967289600946,70,
MEMBRANE FISSION%GOBP%GO:0090148,0.8944543828264758,1,0.04567904149300621,0.23698308551134872,0.7456799133186364,42,
MEMBRANE FUSION%GOBP%GO:0061025,0.1839863713798978,0.45963501770985254,0.13145761164276346,0.31158717981575923,1.1511626091308023,113,
MEMBRANE INVAGINATION%GOBP%GO:0010324,0.43991416309012876,0.7106443160514401,0.08998607949971373,-0.3220808317947784,-1.013570587768029,33,
MEMBRANE LIPID BIOSYNTHETIC PROCESS%GOBP%GO:0046467,0.7551724137931034,0.927195948397208,0.051740545987316304,0.23744902217866776,0.8702937804509888,109,
MEMBRANE LIPID CATABOLIC PROCESS%GOBP%GO:0046466,0.5010845986984815,0.7661051266837544,0.0833634065110386,-0.3049899191392064,-0.9702485416347691,34,
MEMBRANE LIPID METABOLIC PROCESS%GOBP%GO:0006643,0.6850921273031826,0.8907272027702962,0.05490737032909582,0.23426097587174877,0.8998476346479284,146,
MEMBRANE PROTEIN ECTODOMAIN PROTEOLYSIS%GOBP%GO:0006509,0.6692015209125475,0.8794144834310461,0.06197627360019979,0.32570050866151834,0.8647874135034611,18,
MEMBRANE PROTEIN PROTEOLYSIS%GOBP%GO:0033619,0.9338374291115312,1,0.046230252407761636,0.22295016744021884,0.6639087484204957,31,
MEMBRANE RAFT ORGANIZATION%GOBP%GO:0031579,0.11596958174904944,0.35637555099431345,0.1797823162983236,0.508638596513588,1.3505175601188324,18,
MEMBRANE REPOLARIZATION%GOBP%GO:0086009,0.656964656964657,0.8739555681274207,0.06720650937104644,-0.3294606027121508,-0.8723687672753323,17,
MEMORY%GOBP%GO:0007613,0.11343804537521815,0.3526926581447745,0.1737478389995708,0.3992118306484054,1.2847477289168274,46,
MEPIVACAINE ACTION PATHWAY%PATHWHIZ%PW000405,0.23106060606060605,0.4977792661003207,0.12267918956880833,0.436121700543469,1.1946677967471409,20,
MERCAPTOPURINE ACTION PATHWAY%PATHWHIZ%PW000267,0.023003845500412623,0.13272000581546473,0.35248785758361917,-0.48835584614978883,-1.585292502559481,38,
MESENCHYMAL CELL DIFFERENTIATION%GOBP%GO:0048762,0.6492890995260664,0.868010162889034,0.07436253844225256,-0.23787111507393988,-0.9178457023376799,100,
MESENCHYMAL CELL MIGRATION%GOBP%GO:0090497,0.6635514018691588,0.8756260790522034,0.061570675542167844,0.29535858596247205,0.8606095411997041,26,
MESENCHYME DEVELOPMENT%GOBP%GO:0060485,0.9394673123486683,1,0.057366742676855584,-0.20543446639129892,-0.8176580981805631,129,
MESENCHYME MORPHOGENESIS%GOBP%GO:0072132,0.6673076923076923,0.8783609425400469,0.06266182309324915,0.3006095138506951,0.8756655677425699,28,
MESODERM DEVELOPMENT%GOBP%GO:0007498,0.0050441022529043025,0.04372079893469002,0.40701791892395395,0.5558205657684921,1.70313288077459,36,
MESODERM FORMATION%GOBP%GO:0001707,0.056818181818181816,0.24149362837103622,0.2616635217115731,0.5297646113520319,1.4511837412581488,20,
MESODERM MORPHOGENESIS%GOBP%GO:0048332,0.056818181818181816,0.24149362837103622,0.2616635217115731,0.5297646113520319,1.4511837412581488,20,
MESODERMAL COMMITMENT PATHWAY%WIKIPATHWAYS_20250810%WP2857%HOMO SAPIENS,0.9757785467128027,1,0.040166098004942086,0.19703614773768466,0.717788734764172,102,
MESONEPHRIC EPITHELIUM DEVELOPMENT%GOBP%GO:0072163,0.3235908141962422,0.5939852866765517,0.10672988436460558,-0.38777746056802337,-1.0975649954540339,22,
MESONEPHRIC TUBULE DEVELOPMENT%GOBP%GO:0072164,0.3235908141962422,0.5939852866765517,0.10672988436460558,-0.38777746056802337,-1.0975649954540339,22,
MESONEPHRIC TUBULE MORPHOGENESIS%GOBP%GO:0072171,0.5733333333333334,0.8163608405945669,0.06961334388509648,0.3627823780235836,0.9162784841939435,15,
MESONEPHROS DEVELOPMENT%GOBP%GO:0001823,0.37447698744769875,0.6471521437820884,0.09787732774245612,-0.36285168931377343,-1.045704818361624,24,
MET ACTIVATES PTK2 SIGNALING%REACTOME DATABASE ID RELEASE 93%8874081,0.021967322706562275,0.12888114567862724,0.35248785758361917,0.6126023950981282,1.5875238219142411,17,
MET IN TYPE 1 PAPILLARY RENAL CELL CARCINOMA%WIKIPATHWAYS_20250810%WP4205%HOMO SAPIENS,0.22021660649819494,0.4977792661003207,0.12267918956880833,0.37124605805476835,1.1751969136157336,44,
MET PROMOTES CELL MOTILITY%REACTOME DATABASE ID RELEASE 93%8875878,0.05536100495067,0.24030136211400197,0.3217759180753611,0.5199694194837539,1.515075791961733,26,
METABOLIC COMPOUND SALVAGE%GOBP%GO:0043094,0.5668789808917197,0.8113291133009776,0.07569463079327488,-0.33176820757204606,-0.9196108234237542,21,
METABOLIC DISORDERS OF BIOLOGICAL OXIDATION ENZYMES%REACTOME%R-HSA-5579029.5,0.17857142857142858,0.4511791073864744,0.15016980212840597,-0.46941462791213384,-1.2487816388727548,18,
METABOLIC EPILEPTIC DISORDERS%WIKIPATHWAYS_20250810%WP5355%HOMO SAPIENS,0.35535714285714287,0.6297332991661904,0.0916795246008379,0.3213700439549465,1.0614186855145995,54,
METABOLIC PATHWAYS OF FIBROBLASTS%WIKIPATHWAYS_20250810%WP5312%HOMO SAPIENS,0.11742424242424243,0.3600491671683725,0.17821987495197314,0.49284353755537336,1.3500458757696225,20,
METABOLIC REPROGRAMMING IN COLON CANCER%WIKIPATHWAYS_20250810%WP4290%HOMO SAPIENS,0.8116760828625236,0.9636607915471148,0.052482762263545854,0.2778613428331871,0.7692762440926599,21,
METABOLIC REPROGRAMMING IN PANCREATIC CANCER%WIKIPATHWAYS_20250810%WP5220%HOMO SAPIENS,0.8261682242990654,0.971934095399379,0.05132233304211431,0.26074363066325756,0.7597492235568971,26,
METABOLISM OF COFACTORS%REACTOME%R-HSA-8978934.6,0.019168537935294917,0.11716215266061447,0.35248785758361917,-0.551485239480392,-1.5776977415697342,23,
METABOLISM OF FAT-SOLUBLE VITAMINS%REACTOME%R-HSA-6806667.8,0.07653666110218103,0.2810559742787295,0.2878051305355643,0.4915445034813207,1.443989452726449,29,
METABOLISM OF NITRIC OXIDE: NOS3 ACTIVATION AND REGULATION%REACTOME DATABASE ID RELEASE 93%202131,0.5182012847965739,0.7778286317353822,0.08085891502800323,-0.37199994845494166,-0.9667637650270753,16,
METABOLISM OF POLYAMINES%REACTOME%R-HSA-351202.5,0.6961451247165533,0.8942849278439701,0.06863256318367258,-0.26426467488225647,-0.8927776278914429,45,
METABOLISM OF SPHINGOLIPIDS IN ER AND GOLGI APPARATUS%WIKIPATHWAYS_20250810%WP4142%HOMO SAPIENS,0.9981308411214953,1,0.04267338611560842,0.17456789800161066,0.45112557728426794,16,
METABOLISM OF STEROID HORMONES%REACTOME%R-HSA-196071.5,0.33472803347280333,0.604828441504754,0.10473282158065095,-0.39621976623212707,-1.0739390833378093,19,
METABOLISM OF STEROIDS%REACTOME%R-HSA-8957322.4,0.07177033492822966,0.269794303695023,0.2616635217115731,-0.32379135495180067,-1.2622949571291724,112,
METABOLISM OF VITAMINS AND COFACTORS%REACTOME%R-HSA-196854.8,0.09688013136288999,0.3196353977744755,0.18302393838448722,0.3172444328214641,1.2323964725152856,153,
METABOLISM OF WATER-SOLUBLE VITAMINS AND COFACTORS%REACTOME DATABASE ID RELEASE 93%196849,0.0847750865051903,0.2964193710653476,0.20207170902115992,0.34513433949830474,1.2572999610303255,102,
METABOTROPIC GLUTAMATE RECEPTOR GROUP I PATHWAY%PANTHER PATHWAY%P00041,0.1958174904942966,0.474612275647854,0.13500203382863138,0.4665740991146594,1.23882953096765,18,
METABOTROPIC GLUTAMATE RECEPTOR GROUP II PATHWAY%PANTHER PATHWAY%P00040,0.579295154185022,0.8206384109052531,0.0764767053228531,-0.2926270833413619,-0.9382025297813146,37,
METABOTROPIC GLUTAMATE RECEPTOR GROUP III PATHWAY%PANTHER PATHWAY%P00039,0.5607142857142857,0.8075464019418321,0.0675188953767744,0.28629283784514015,0.9455659397440107,54,
METACHROMATIC LEUKODYSTROPHY (MLD)%SMPDB%SMP0000347,0.6920152091254753,0.8930876357806398,0.06037863579204014,0.3194842069179099,0.8482821291595581,18,
METAL ION SLC TRANSPORTERS%REACTOME%R-HSA-425410.4,0.05534351145038168,0.24030136211400197,0.26635065708852557,0.549331232625421,1.4719560661183277,19,
METALLO-SULFUR CLUSTER ASSEMBLY%GOBP%GO:0031163,0.3598326359832636,0.6336704042862163,0.10027910675413045,-0.3678193975149559,-1.060021291331656,24,
METALLOPROTEASE DUBS%REACTOME DATABASE ID RELEASE 93%5689901,0.9604166666666667,1,0.04939101059815013,-0.21327094492726403,-0.6101289101975159,23,
METANEPHROS DEVELOPMENT%GOBP%GO:0001656,0.06431535269709543,0.2552400711321873,0.25720646646883816,-0.4593553841722263,-1.3896319702502653,28,
METAPATHWAY BIOTRANSFORMATION PHASE I AND II%WIKIPATHWAYS_20250810%WP702%HOMO SAPIENS,0.6757741347905283,0.8834355512696882,0.05947602869573201,0.26106605889376977,0.8817330796802838,61,
METAPHASE CHROMOSOME ALIGNMENT%GOBP%GO:0051310,9.350430462574729e-11,7.63985171324488e-9,0.8390889356212738,-0.6536599307266404,-2.382724233543905,77,
METENCEPHALON DEVELOPMENT%GOBP%GO:0022037,0.24197002141327623,0.511173170711849,0.1281429168984153,-0.3968130934153038,-1.1498471666402763,25,
METHADONE ACTION PATHWAY%PATHWHIZ%PW000414,0.2824858757062147,0.5577439678122704,0.10882012676916121,0.4078517549670615,1.1291627075883668,21,
METHADYL ACETATE ACTION PATHWAY%PATHWHIZ%PW000655,0.23106060606060605,0.4977792661003207,0.12267918956880833,0.436121700543469,1.1946677967471409,20,
METHYCLOTHIAZIDE ACTION PATHWAY%PATHWHIZ%PW000327,0.22537878787878787,0.4977792661003207,0.12443416863039332,0.441161905676685,1.208474426305242,20,
METHYLATION%GOBP%GO:0032259,0.7228915662650602,0.909690603013162,0.06977925170762346,-0.23008132058467953,-0.8968907575463303,113,
METHYLMALONATE SEMIALDEHYDE DEHYDROGENASE DEFICIENCY%SMPDB%SMP0000384,0.9850467289719627,1,0.0432768714901103,0.1839286959036956,0.5359275068280955,26,
METHYLMALONIC ACIDURIA DUE TO COBALAMIN-RELATED DISORDERS%PATHWHIZ%PW000208,0.9935760171306209,1,0.049093966819213915,-0.1886317991495744,-0.4902215419843322,16,
METHYLMALONIC ACIDURIA%SMPDB%SMP0000200,0.9850467289719627,1,0.0432768714901103,0.1839286959036956,0.5359275068280955,26,
METIPRANOLOL ACTION PATHWAY%PATHWHIZ%PW000644,0.32532347504621073,0.5939852866765517,0.09889030075206362,0.3568782490434134,1.0841541550924358,34,
METOLAZONE ACTION PATHWAY%SMPDB%SMP0000105,0.22537878787878787,0.4977792661003207,0.12443416863039332,0.441161905676685,1.208474426305242,20,
METOPROLOL ACTION PATHWAY%PATHWHIZ%PW000370,0.32532347504621073,0.5939852866765517,0.09889030075206362,0.3568782490434134,1.0841541550924358,34,
MEVALONIC ACIDURIA%SMPDB%SMP0000510,3.8789317577938914e-4,0.005082864350543128,0.49849310876659025,-0.7175340885269536,-1.9888949541423213,21,
MEXILETINE ACTION PATHWAY%PATHWHIZ%PW000382,0.32532347504621073,0.5939852866765517,0.09889030075206362,0.3568782490434134,1.0841541550924358,34,
MHC CLASS II ANTIGEN PRESENTATION%REACTOME DATABASE ID RELEASE 93%2132295,0.1282051282051282,0.37668307366879544,0.19002330527910832,-0.32077586409280445,-1.2011882825251878,86,
MICROAUTOPHAGY%GOBP%GO:0016237,0.9808917197452229,1,0.04929176623126693,-0.2093558855577486,-0.580302554350576,21,
MICROGLIA PATHOGEN PHAGOCYTOSIS PATHWAY%WIKIPATHWAYS_20250810%WP3937%HOMO SAPIENS,0.10748560460652591,0.33950541170770776,0.1882041463084906,0.5221446665371983,1.3531078285785871,17,
MICRORNA (MIRNA) BIOGENESIS%REACTOME DATABASE ID RELEASE 93%203927,0.6757322175732218,0.8834355512696882,0.06613262047584399,-0.30255565823848596,-0.8719372651699765,24,
MICRORNAS IN CARDIOMYOCYTE HYPERTROPHY%WIKIPATHWAYS_20250810%WP1544%HOMO SAPIENS,0.8681318681318682,0.9914369289497759,0.048118399265797474,0.22897229925030793,0.7788562436086435,64,
MICROTUBULE ANCHORING%GOBP%GO:0034453,0.9867424242424242,1,0.04380020312998911,0.1865307333086031,0.5109634762721612,20,
MICROTUBULE BUNDLE FORMATION%GOBP%GO:0001578,0.04712041884816754,0.22018591010968785,0.27650059925447157,0.38222321065112075,1.356817192899308,87,
MICROTUBULE CYTOSKELETON ORGANIZATION INVOLVED IN MITOSIS%GOBP%GO:1902850,3.1577253394763367e-9,1.808692988260879e-7,0.7749390301364363,-0.5696812748299552,-2.2211317352056508,117,
MICROTUBULE CYTOSKELETON REGULATION%WIKIPATHWAYS_20250810%WP2038%HOMO SAPIENS,0.3752665245202559,0.6482198664540431,0.09889030075206362,-0.34773846937129593,-1.0578573999379433,29,
MICROTUBULE NUCLEATION%GOBP%GO:0007020,0.19829424307036247,0.4780650759219089,0.1429011493869481,-0.3852134436832846,-1.171860256625314,29,
MICROTUBULE ORGANIZING CENTER LOCALIZATION%GOBP%GO:0061842,0.3723849372384937,0.6455446837120347,0.09821233512174378,-0.38419182610028846,-1.0413377946074,19,
MICROTUBULE ORGANIZING CENTER ORGANIZATION%GOBP%GO:0031023,3.365626483519757e-9,1.8888303780238154e-7,0.7749390301364363,-0.5964409181753366,-2.282252258070492,97,
MICROTUBULE POLYMERIZATION OR DEPOLYMERIZATION%GOBP%GO:0031109,0.0039697787354504915,0.036038694505715,0.40701791892395395,-0.49130961551052454,-1.685053507852475,49,
MICROTUBULE POLYMERIZATION%GOBP%GO:0046785,0.07472527472527472,0.2767500793863281,0.24504178543099617,-0.4185456216890278,-1.3387192774202736,36,
MICROTUBULE-BASED TRANSPORT%GOBP%GO:0099111,0.17986798679867988,0.45280767315517234,0.13077713797197438,0.29495717181722175,1.146709163290882,158,
MIDBODY ABSCISSION%GOBP%GO:0061952,0.10855949895615867,0.34211944197414496,0.19578900214894943,-0.4694752877466359,-1.3288024561990448,22,
MIDBRAIN DEVELOPMENT%GOBP%GO:0030901,0.1340909090909091,0.38641550358355337,0.18302393838448722,-0.35079862223014274,-1.2265875314919141,52,
MIR TARGETED GENES IN LEUKOCYTES%WIKIPATHWAYS_20250810%WP2003%HOMO SAPIENS,0.3945578231292517,0.6650980780661779,0.083129129135339,0.28609673731201946,1.0372831824546715,99,
MIR TARGETED GENES IN SQUAMOUS CELL%WIKIPATHWAYS_20250810%WP2006%HOMO SAPIENS,0.04325259515570934,0.20860366205305653,0.2878571172551493,0.3740234135108005,1.3625408121230098,102,
MIRNA METABOLIC PROCESS%GOBP%GO:0010586,0.9700934579439252,1,0.04397592780263451,0.21611767664068393,0.5585002325855108,16,
MIRNA PROCESSING%GOBP%GO:0035196,0.9619450317124736,1,0.04999139140245922,-0.20649560592531332,-0.6395287191807323,31,
MIRNA REGULATION OF DNA DAMAGE RESPONSE%WIKIPATHWAYS_20250810%WP1530%HOMO SAPIENS,3.2313033259313785e-4,0.004603364430480702,0.49849310876659025,-0.5272647037218644,-1.8636503128092192,56,
MIRNA REGULATION OF P53 PATHWAY IN PROSTATE CANCER%WIKIPATHWAYS_20250810%WP3982%HOMO SAPIENS,0.2366412213740458,0.5041551970451933,0.12154328203546907,0.44153592977800454,1.183114033294188,19,
MIRNA REGULATION OF PROSTATE CANCER SIGNALING%WIKIPATHWAYS_20250810%WP3981%HOMO SAPIENS,0.9700214132762313,1,0.05019342526494341,-0.21114535505377696,-0.611836888163724,25,
MIRNA ROLE IN IMMUNE RESPONSE IN SEPSIS%WIKIPATHWAYS_20250810%WP4329%HOMO SAPIENS,0.16477272727272727,0.4324408468244085,0.14826150047510658,0.46673692907649394,1.2785320657639807,20,
MIRNA-MEDIATED GENE SILENCING BY INHIBITION OF TRANSLATION%GOBP%GO:0035278,0.2813688212927757,0.5569238229792168,0.10968406197054928,0.4251640022186487,1.1288790407617995,18,
MIRNA-MEDIATED POST-TRANSCRIPTIONAL GENE SILENCING%GOBP%GO:0035195,0.9711538461538461,1,0.045224744337288424,0.20485697058901417,0.5967415773339377,28,
MISCELLANEOUS TRANSPORT AND BINDING EVENTS%REACTOME DATABASE ID RELEASE 93%5223345,0.8776371308016878,0.993914230701908,0.054120056962023176,-0.2627276525093437,-0.7245099508499031,20,
MISMATCH REPAIR%GOBP%GO:0006298,1.503968237558555e-5,3.238778111579586e-4,0.5933254763964051,-0.7312540320076881,-2.1189582469707138,25,
MITF-M-DEPENDENT GENE EXPRESSION%REACTOME%R-HSA-9856651.3,0.8454332552693209,0.9824435490476766,0.060771945185353275,-0.22148124060913496,-0.8358381778160255,89,
MITF-M-REGULATED MELANOCYTE DEVELOPMENT%REACTOME%R-HSA-9730414.5,0.7453310696095077,0.9218743149488924,0.05163559644842005,0.23084004505742223,0.8710354603477221,129,
MITOCHONDRIAL ATP SYNTHESIS COUPLED ELECTRON TRANSPORT%GOBP%GO:0042775,0.06338028169014084,0.2530765867066467,0.27650059925447157,-0.36128126611345845,-1.3178141412134383,75,
MITOCHONDRIAL BIOGENESIS%REACTOME%R-HSA-1592230.4,0.9878260869565217,1,0.03984069460738987,0.18559483896814039,0.6621706471090946,89,
MITOCHONDRIAL CALCIUM ION HOMEOSTASIS%GOBP%GO:0051560,0.6985446985446986,0.895917438853727,0.06421408818446053,-0.32038257647596446,-0.8483313361173673,17,
MITOCHONDRIAL CALCIUM ION TRANSMEMBRANE TRANSPORT%GOBP%GO:0006851,0.6920152091254753,0.8930876357806398,0.06037863579204014,0.3217040581416684,0.8541761924081718,18,
MITOCHONDRIAL CALCIUM ION TRANSPORT%REACTOME%R-HSA-8949215.3,0.860125260960334,0.9890016452598542,0.05456806466709405,-0.25636757621300243,-0.7256225702458703,22,
MITOCHONDRIAL COMPLEX I ASSEMBLY MODEL OXPHOS SYSTEM%WIKIPATHWAYS_20250810%WP4324%HOMO SAPIENS,0.4818181818181818,0.7490017079213874,0.08809450103985174,-0.2971755629392209,-0.9927897930003237,43,
MITOCHONDRIAL COMPLEX II DEFICIENCY%PATHWHIZ%PW000524,0.09978768577494693,0.324792256687525,0.20658792269689108,-0.4857188230258824,-1.3463384272534613,21,
MITOCHONDRIAL COMPLEX IV ASSEMBLY%WIKIPATHWAYS_20250810%WP4922%HOMO SAPIENS,0.16916488222698073,0.4376304948930647,0.1563124030731863,-0.4137872065874491,-1.206342734537817,26,
MITOCHONDRIAL CYTOCHROME C OXIDASE ASSEMBLY%GOBP%GO:0033617,0.39828693790149894,0.669150960683619,0.09560314922043013,-0.3566397659912698,-1.0334367268650648,25,
MITOCHONDRIAL DNA DEPLETION SYNDROME-3%SMPDB%SMP0000536,0.05753197716714412,0.24149362837103622,0.3217759180753611,-0.46114145939614276,-1.4281815129539124,31,
MITOCHONDRIAL DNA METABOLIC PROCESS%GOBP%GO:0032042,9.132520916779152e-4,0.010888473436400207,0.47727081536286214,-0.7294369524268027,-1.8580273144078585,15,
MITOCHONDRIAL ELECTRON TRANSPORT CHAIN%SMPDB%SMP0000355,0.09071729957805907,0.30770776340396594,0.21654283673534816,-0.5034909749878506,-1.3884500472550911,20,
"MITOCHONDRIAL ELECTRON TRANSPORT, CYTOCHROME C TO OXYGEN%GOBP%GO:0006123",0.3710691823899371,0.6442688679245283,0.09854998035316907,-0.42024489329946735,-1.0704509661774786,15,
"MITOCHONDRIAL ELECTRON TRANSPORT, NADH TO UBIQUINONE%GOBP%GO:0006120",0.15349887133182843,0.4168327121796866,0.16957064440562838,-0.365907775291066,-1.2193021939021085,42,
MITOCHONDRIAL FATTY ACID BETA-OXIDATION%REACTOME DATABASE ID RELEASE 93%77289,0.806941431670282,0.9620958356995895,0.05934876803356285,-0.25346279343408273,-0.8063279808794188,34,
MITOCHONDRIAL FUSION%GOBP%GO:0008053,0.9923224568138196,1,0.044152305844146505,0.1923681398126611,0.49851095420710995,17,
MITOCHONDRIAL GENE EXPRESSION%GOBP%GO:0140053,0.6177215189873417,0.8478410967128632,0.08041999687615399,-0.23632353100537495,-0.9411198636526596,143,
MITOCHONDRIAL GENE EXPRESSION%WIKIPATHWAYS_20250810%WP391%HOMO SAPIENS,0.8472803347280334,0.9824435490476766,0.05536428377253621,-0.27148970555010155,-0.735862847749282,19,
MITOCHONDRIAL IMMUNE RESPONSE TO SARS COV 2%WIKIPATHWAYS_20250810%WP5038%HOMO SAPIENS,0.7222222222222222,0.909690603013162,0.058718587955594134,0.29257529693686984,0.8245983867273209,23,
MITOCHONDRIAL MEMBRANE ORGANIZATION%GOBP%GO:0007006,0.9813519813519813,1,0.05356693847709506,-0.18913223927090772,-0.708231058164144,86,
MITOCHONDRIAL PROTEIN DEGRADATION%REACTOME%R-HSA-9837999.2,0.9571428571428572,1,0.055710422676667086,-0.19927375576339545,-0.7653511532940791,95,
MITOCHONDRIAL PROTEIN IMPORT%REACTOME DATABASE ID RELEASE 93%1268020,0.6600441501103753,0.8752279947525645,0.06994587365016587,-0.2533337141894274,-0.9162793536503921,61,
MITOCHONDRIAL RESPIRATORY CHAIN COMPLEX ASSEMBLY%GOBP%GO:0033108,0.22535211267605634,0.4977792661003207,0.14040623852334236,-0.2993845589294989,-1.1264418762264055,88,
MITOCHONDRIAL RESPIRATORY CHAIN COMPLEX I ASSEMBLY%GOBP%GO:0032981,0.05887444116263091,0.24399766536524,0.3217759180753611,-0.45023513045761276,-1.4615456788950165,38,
MITOCHONDRIAL RIBOSOME ASSEMBLY%GOBP%GO:0061668,0.06423982869379015,0.255122579144173,0.2616635217115731,-0.4867038143395587,-1.4103239313367208,25,
MITOCHONDRIAL RIBOSOME-ASSOCIATED QUALITY CONTROL%REACTOME%R-HSA-9937383.1,0.01909523666378267,0.11684265958587722,0.35248785758361917,-0.3760392710930808,-1.4191178371282045,89,
MITOCHONDRIAL RNA METABOLIC PROCESS%GOBP%GO:0000959,0.994661921708185,1,0.040575644789065675,0.15650201612903225,0.511991155476558,52,
MITOCHONDRIAL RNA PROCESSING%GOBP%GO:0000963,0.9647302904564315,1,0.048995408986248136,-0.19978469205369342,-0.6043843281486946,28,
MITOCHONDRIAL TRANSLATION ELONGATION%REACTOME%R-HSA-5389840.3,0.04380735266760862,0.21055002833816672,0.3217759180753611,-0.3614503802180597,-1.3546414456761076,87,
MITOCHONDRIAL TRANSLATION INITIATION%REACTOME DATABASE ID RELEASE 93%5368286,0.07818627854040071,0.2848653070356361,0.2878051305355643,-0.3461962113526979,-1.2974719682172797,87,
MITOCHONDRIAL TRANSLATION TERMINATION%REACTOME%R-HSA-5419276.5,0.008727171069358428,0.06570211715630817,0.3807304007227924,-0.39557096216318516,-1.5228775915570283,101,
MITOCHONDRIAL TRANSLATION%GOBP%GO:0032543,0.22009569377990432,0.4977792661003207,0.14375898903927542,-0.28715180735228396,-1.1094822639369029,107,
MITOCHONDRIAL TRANSLATION%REACTOME%R-HSA-5368287.5,0.015225561189239446,0.09928781451574455,0.3807304007227924,-0.35714304629124616,-1.3923159448599216,112,
MITOCHONDRIAL TRANSMEMBRANE TRANSPORT%GOBP%GO:1990542,0.05307855626326964,0.23535870598461783,0.2878571172551493,-0.5232443524666721,-1.4503534661898343,21,
MITOCHONDRIAL TRANSPORT%GOBP%GO:0006839,0.2741228070175439,0.5507522329495587,0.12098514214525231,-0.3015338016023439,-1.0946375769606156,64,
MITOCHONDRIAL TRNA AMINOACYLATION%REACTOME DATABASE ID RELEASE 93%379726,0.9511677282377919,1,0.050702793702934776,-0.23440649416960857,-0.6497390171792697,21,
MITOCHONDRIAL TRNA PROCESSING%GOBP%GO:0090646,0.8918918918918919,1,0.05269730857084192,-0.26578923368330154,-0.7037752745991852,17,
MITOCHONDRIAL UNFOLDED PROTEIN RESPONSE (UPRMT)%REACTOME%R-HSA-9841251.1,0.008010798603211158,0.06181666255477943,0.3807304007227924,0.6764136772053403,1.7084162197025734,15,
MITOCHONDRION LOCALIZATION%GOBP%GO:0051646,0.9872727272727273,1,0.041908174859140085,0.1882099025085909,0.5817642830239165,38,
MITOCHONDRION TRANSPORT ALONG MICROTUBULE%GOBP%GO:0047497,0.9757009345794393,1,0.043712583357955095,0.2074536735444363,0.5361103576822149,16,
MITOPHAGY%GOBP%GO:0000423,0.07241379310344828,0.27166173834082286,0.21925034670375515,0.4202399803389294,1.3582758937430706,47,
MITOPHAGY%REACTOME%R-HSA-5205647.6,0.5246800731261426,0.784590705260232,0.07200331366198796,0.3150205006436991,0.9652787352741214,36,
MITOTIC CELL CYCLE CHECKPOINT SIGNALING%GOBP%GO:0007093,7.12252289938784e-12,7.195043132545244e-10,0.8870749883998732,-0.6280018090826002,-2.4211719987549363,102,
MITOTIC CELL CYCLE PHASE TRANSITION%GOBP%GO:0044772,1.0256866537911867e-7,3.4537666960386867e-6,0.7049757151672383,-0.5516156543875171,-2.122831847382576,105,
MITOTIC CHROMOSOME CONDENSATION%GOBP%GO:0007076,3.085998465450524e-4,0.004488431275927515,0.49849310876659025,-0.7568587045401751,-1.966945355325504,16,
MITOTIC CYTOKINESIS%GOBP%GO:0000281,8.588419458632296e-6,1.9476432045780013e-4,0.5933254763964051,-0.5387886844662991,-1.9933765130365297,81,
MITOTIC CYTOKINETIC PROCESS%GOBP%GO:1902410,0.04904687435621229,0.22318135456438618,0.3217759180753611,-0.4696298680039097,-1.428663995668993,29,
MITOTIC DNA DAMAGE CHECKPOINT SIGNALING%GOBP%GO:0044773,2.4587204497174384e-4,0.0036920677888189427,0.49849310876659025,-0.5287473575025334,-1.8809493093292406,58,
MITOTIC DNA INTEGRITY CHECKPOINT SIGNALING%GOBP%GO:0044774,8.696368462623068e-5,0.0014775848066768734,0.5384340963099162,-0.5532111380233908,-1.9992343330534776,62,
MITOTIC G1 PHASE AND G1 S TRANSITION%REACTOME DATABASE ID RELEASE 93%453279,1.2454801394994092e-19,5.766573045882264e-17,1.142191202168377,-0.6787012993193691,-2.707817548497401,133,
MITOTIC G2 DNA DAMAGE CHECKPOINT SIGNALING%GOBP%GO:0007095,0.0034087223296655764,0.03185703154814415,0.4317076958033464,-0.5826394723844497,-1.8044678183270129,31,
MITOTIC G2-G2 M PHASES%REACTOME DATABASE ID RELEASE 93%453274,2.2886578375721713e-11,2.0509327331533846e-9,0.8634153916066928,-0.5316403213879651,-2.197642498251942,174,
MITOTIC G2/M TRANSITION CHECKPOINT%GOBP%GO:0044818,2.942994578219899e-4,0.004309382534203642,0.49849310876659025,-0.5595535900123766,-1.9000683181071847,48,
MITOTIC METAPHASE CHROMOSOME ALIGNMENT%GOBP%GO:0007080,1.86432712133202e-7,5.918972277783259e-6,0.6901324587967956,-0.6528693165718342,-2.2947079605016603,53,
MITOTIC NUCLEAR DIVISION%GOBP%GO:0140014,1.249461816919853e-17,2.8925041061694595e-15,1.0864405425824981,-0.6382557296678737,-2.5417491974884903,143,
MITOTIC PROMETAPHASE%REACTOME%R-HSA-68877.8,4.200520444295067e-22,4.6676183177006785e-19,1.221053756771862,-0.6417477073081196,-2.6650978789553195,184,
MITOTIC PROPHASE%REACTOME DATABASE ID RELEASE 93%68875,9.47936636365623e-8,3.2555862387804334e-06,0.7049757151672383,-0.5729713786072318,-2.162311136232872,89,
MITOTIC RECOMBINATION%GOBP%GO:0006312,3.2183640253561003e-4,0.00459671735858059,0.49849310876659025,-0.7304234199684723,-1.9431421630729575,18,
MITOTIC SISTER CHROMATID COHESION%GOBP%GO:0007064,0.0026016398717247295,0.025628920438479783,0.4317076958033464,-0.6672579866331843,-1.8495372748775727,21,
MITOTIC SISTER CHROMATID SEGREGATION%GOBP%GO:0000070,2.147653863100019e-18,7.019038154931592e-16,1.1053365773140096,-0.6673275102725248,-2.645568178163176,126,
MITOTIC SPINDLE ASSEMBLY CHECKPOINT SIGNALING%GOBP%GO:0007094,4.26878690990072e-7,1.2288797964460311e-5,0.674962860011025,-0.7729379698825726,-2.2949990690175457,27,
MITOTIC SPINDLE ASSEMBLY%GOBP%GO:0090307,2.0341479923733333e-5,4.2170620319500893e-4,0.5756102610711286,-0.6155452179349272,-2.07952500565093,45,
MITOTIC SPINDLE CHECKPOINT SIGNALING%GOBP%GO:0071174,4.26878690990072e-7,1.2288797964460311e-5,0.674962860011025,-0.7729379698825726,-2.2949990690175457,27,
MITOTIC SPINDLE CHECKPOINT%REACTOME%R-HSA-69618.4,4.109934299446121e-14,6.268793862837575e-12,0.9653277542260832,-0.6513548255201763,-2.5227118439076768,108,
MITOTIC SPINDLE ORGANIZATION%GOBP%GO:0007052,2.353247197980795e-7,7.223558802199612e-6,0.6901324587967956,-0.5755993204595594,-2.1657068113716407,88,
MLL4 AND MLL3 COMPLEXES REGULATE EXPRESSION OF PPARG TARGET GENES IN ADIPOGENESIS AND HEPATIC STEATOSIS%REACTOME DATABASE ID RELEASE 93%9841922,0.9694835680751174,1,0.054455595394037055,-0.19897109397024862,-0.7368607592304269,83,
MMR%REACTOME%R-HSA-5358508.3,2.2370747907282353e-4,0.003433477220244772,0.5188480777437918,-0.7603731685842515,-1.936828277854708,15,
MNGIE (MITOCHONDRIAL NEUROGASTROINTESTINAL ENCEPHALOPATHY)%PATHWHIZ%PW000190,3.729045284081586e-5,7.023245965544845e-4,0.557332238758646,-0.7711379822810549,-2.051454931417729,18,
MODIFIED AMINO ACID BIOSYNTHETIC PROCESS%GOBP%GO:0042398,0.034284225991577814,0.17588472724765128,0.3217759180753611,-0.5172869964112397,-1.4907730087905984,24,
MODIFIED AMINO ACID CATABOLIC PROCESS%GOBP%GO:0042219,0.04798464491362764,0.22120219214986755,0.2878571172551493,0.565437315176358,1.4652982339350993,17,
MODIFIED AMINO ACID METABOLIC PROCESS%GOBP%GO:0006575,0.5518867924528302,0.8021147306786858,0.08266464491237528,-0.24749115967068108,-0.9541671012212414,102,
MODIFIED AMINO ACID TRANSPORT%GOBP%GO:0072337,0.12617702448210924,0.3730918297086742,0.17093233537005617,0.4836479783311337,1.3390092210737885,21,
MODULATION BY SYMBIONT OF ENTRY INTO HOST%GOBP%GO:0052372,0.688212927756654,0.8915157441398857,0.06064040094941603,0.3232282388519675,0.8582231381731268,18,
MODULATION OF EXCITATORY POSTSYNAPTIC POTENTIAL%GOBP%GO:0098815,0.44325481798715205,0.7128666418865899,0.08943668337186206,-0.3453952656604279,-1.0069549339369415,26,
MODULATION OF HOST RESPONSES BY IFN-STIMULATED GENES%REACTOME DATABASE ID RELEASE 93%9909505,0.5882352941176471,0.8282400643987956,0.07325586558284547,-0.34323550884457316,-0.9131078917602059,18,
MODULATION OF PROCESS OF ANOTHER ORGANISM%GOBP%GO:0035821,0.32229965156794427,0.5939852866765517,0.09592067779217453,0.30733301508984007,1.0719195208659982,74,
MODULATORS OF TCR SIGNALING AND T CELL ACTIVATION%WIKIPATHWAYS_20250810%WP5072%HOMO SAPIENS,0.19636363636363635,0.4747590790410633,0.13145761164276346,0.3909210830133361,1.2083525922224287,38,
MOLECULAR PATHWAY FOR OXIDATIVE STRESS%WIKIPATHWAYS_20250810%WP5477%HOMO SAPIENS,0.3717948717948718,0.6453271814096556,0.09957912004959042,-0.3283049976685712,-1.0510618816987476,35,
MOLECULES ASSOCIATED WITH ELASTIC FIBRES%REACTOME DATABASE ID RELEASE 93%2129379,0.6927480916030534,0.8930876357806398,0.060509298865666666,0.29510317845739387,0.8402503931993888,24,
MOLYBDENUM COFACTOR DEFICIENCY%SMPDB%SMP0000203,0.05753197716714412,0.24149362837103622,0.3217759180753611,-0.46114145939614276,-1.4281815129539124,31,
MONOAMINE TRANSPORT%WIKIPATHWAYS_20250810%WP727%HOMO SAPIENS,0.017085774874737236,0.10846743063264769,0.35248785758361917,0.622515501764393,1.6132130668597353,17,
MONOATOMIC ANION TRANSMEMBRANE TRANSPORT%GOBP%GO:0098656,0.4731934731934732,0.7418349145211448,0.09054289484694737,-0.2938620219191378,-0.9943741306397602,46,
MONOATOMIC ANION TRANSPORT%GOBP%GO:0006820,0.8940397350993378,1,0.05536428377253621,-0.21708072009913462,-0.7881861688347306,67,
MONOCARBOXYLIC ACID BIOSYNTHETIC PROCESS%GOBP%GO:0072330,0.44761904761904764,0.715057915057915,0.09497515259055948,-0.2619166811620704,-0.9999048106704368,93,
MONOCARBOXYLIC ACID CATABOLIC PROCESS%GOBP%GO:0072329,0.8231132075471698,0.9699293703355409,0.06238614928936257,-0.22729271521876165,-0.8392929909776516,80,
MONOCARBOXYLIC ACID TRANSPORT%GOBP%GO:0015718,0.06896551724137931,0.26498432999106475,0.23112670967383428,0.4043193794994319,1.3594827516202295,60,
MONONUCLEAR CELL DIFFERENTIATION%GOBP%GO:1903131,0.18718381112984822,0.46428270296314134,0.12944288774504625,0.3085881503017447,1.1651813711492274,128,
MONONUCLEAR CELL MIGRATION%GOBP%GO:0071674,0.20411985018726592,0.4789230944427574,0.13077713797197438,0.3942758456983667,1.1962495497449528,35,
MONONUCLEAR CELL PROLIFERATION%GOBP%GO:0032943,0.6017130620985011,0.8358167854848086,0.07307443991269867,-0.3470331562028228,-0.9018793741056319,16,
MONOSACCHARIDE BIOSYNTHETIC PROCESS%GOBP%GO:0046364,0.16885553470919323,0.43750184556326593,0.1455161460903603,0.41998514159247374,1.2337725485000817,29,
MONOSACCHARIDE CATABOLIC PROCESS%GOBP%GO:0046365,0.6175213675213675,0.8477758136764808,0.07165273668294567,-0.28509377612157666,-0.9127220204349378,35,
MONOSACCHARIDE METABOLIC PROCESS%GOBP%GO:0005996,0.20854700854700856,0.48399631557526296,0.12267918956880833,0.31813008476700594,1.1504545714822019,98,
MONOSACCHARIDE TRANSMEMBRANE TRANSPORT%GOBP%GO:0015749,0.7588785046728972,0.9289114280596203,0.05524956631252492,0.2796923789758097,0.8067755574874581,25,
MORPHINE ACTION PATHWAY%PATHWHIZ%PW000412,0.09245283018867924,0.3106044292789584,0.20207170902115992,0.4512733168930644,1.3362191069349298,30,
MORPHOGENESIS OF A BRANCHING EPITHELIUM%GOBP%GO:0061138,0.24344569288389514,0.5130297638304755,0.11828752612408502,0.38307822555657134,1.162275497824244,35,
MORPHOGENESIS OF A BRANCHING STRUCTURE%GOBP%GO:0001763,0.22404371584699453,0.4977792661003207,0.12210792028708148,0.3845439213432777,1.1949130712996163,39,
MORPHOGENESIS OF A POLARIZED EPITHELIUM%GOBP%GO:0001738,0.9790076335877863,1,0.044507053776927666,0.2067573909821745,0.5887025005213022,24,
MORPHOGENESIS OF AN EPITHELIAL SHEET%GOBP%GO:0002011,0.11531190926275993,0.3559560927689745,0.1797823162983236,0.4336574687237907,1.2913602649830311,31,
MORPHOGENESIS OF AN EPITHELIUM%GOBP%GO:0002009,0.5157545605306799,0.7771988983749546,0.06799225915440577,0.24726179672641813,0.9680384170570809,163,
MORPHOGENESIS OF EMBRYONIC EPITHELIUM%GOBP%GO:0016331,0.10792951541850221,0.34071385662795356,0.20207170902115992,-0.4004379855938683,-1.283859056430673,37,
MOTILE CILIUM ASSEMBLY%GOBP%GO:0044458,0.5435540069686411,0.7951516752811401,0.06783382634794552,0.29547210075548985,0.9568236861329922,48,
MRNA 3'-END PROCESSING%GOBP%GO:0031124,0.26556016597510373,0.5416491491034054,0.11934844059101546,-0.37448539912304174,-1.1328851276035043,28,
MRNA 3'-END PROCESSING%REACTOME%R-HSA-72187.7,0.005964008949768194,0.049804997170752326,0.40701791892395395,-0.47569827147818955,-1.6819532870258247,55,
MRNA CAPPING%REACTOME DATABASE ID RELEASE 93%72086,0.7057569296375267,0.8996249187372409,0.06494076846128988,-0.2818343593356688,-0.8573700894210486,29,
MRNA CATABOLIC PROCESS%GOBP%GO:0006402,1,1,0.038241681626077384,0.15270702027304373,0.5670814218548099,115,
"MRNA CIS SPLICING, VIA SPLICEOSOME%GOBP%GO:0045292",0.7217573221757322,0.9095017816650469,0.06293946920189672,-0.3063816409933983,-0.8304361536754258,19,
MRNA DECAY BY 3' TO 5' EXORIBONUCLEASE%REACTOME%R-HSA-429958.5,0.10920770877944326,0.3435775934193583,0.19782202131510335,-0.5152924692681038,-1.3391563352328546,16,
MRNA DECAY BY 5' TO 3' EXORIBONUCLEASE%REACTOME%R-HSA-430039.4,0.15723270440251572,0.42324850080444637,0.1608014010700223,-0.507353746505894,-1.292335294968083,15,
MRNA DESTABILIZATION%GOBP%GO:0061157,0.947463768115942,1,0.043625124000060564,0.20457838507606957,0.7009412654322575,68,
MRNA EXPORT FROM NUCLEUS%GOBP%GO:0006406,0.053598765196794566,0.23678774015599244,0.3217759180753611,-0.39911267098236086,-1.410688879555197,56,
MRNA MODIFICATION%GOBP%GO:0016556,0.6519916142557652,0.8703665086028428,0.06799225915440577,-0.33575077564163497,-0.8552269115244511,15,
MRNA PROCESSING%WIKIPATHWAYS_20250810%WP411%HOMO SAPIENS,9.100686474851486e-6,2.0554233355396282e-4,0.5933254763964051,-0.5198260133316558,-1.9920551680126406,94,
MRNA SPLICE SITE RECOGNITION%GOBP%GO:0006376,0.14712153518123666,0.40863341913948686,0.16823816568963962,-0.4064161164481255,-1.2363610417219457,29,
MRNA STABILIZATION%GOBP%GO:0048255,0.11191335740072202,0.34951692732906775,0.17821987495197314,0.40945225812578534,1.2961404426587289,44,
MRNA TRANSCRIPTION BY RNA POLYMERASE II%GOBP%GO:0042789,0.22445255474452555,0.4977792661003207,0.12210792028708148,0.38149920514179697,1.1745825021180742,37,
MRNA TRANSCRIPTION%GOBP%GO:0009299,0.15539305301645337,0.42074259383987084,0.15016980212840597,0.39843483906664734,1.240424052784991,40,
MRNA TRANSPORT%GOBP%GO:0051028,0.08393848238564168,0.2945345848980905,0.2878051305355643,-0.3757557758066298,-1.3614588950290927,65,
MTOR SIGNALING PATHWAY%PATHWAY INTERACTION DATABASE NCI-NATURE CURATED DATA%MTOR SIGNALING PATHWAY,0.8076923076923077,0.9625779625779626,0.0514264916187015,0.24191363408010264,0.8228765878416241,64,
MTOR SIGNALLING%REACTOME%R-HSA-165159.8,0.2961608775137112,0.5746473170273696,0.10395847155995677,0.3573759860695538,1.1125979094771798,40,
MTORC1-MEDIATED SIGNALLING%REACTOME DATABASE ID RELEASE 93%166208,0.04961832061068702,0.22522825924262835,0.28201335001172506,0.522259710193668,1.487035582389653,24,
MULTI-MULTICELLULAR ORGANISM PROCESS%GOBP%GO:0044706,0.5863309352517986,0.8264288472834783,0.06568136019340105,0.2967852380494598,0.9297418954020419,41,
MULTI-ORGANISM REPRODUCTIVE PROCESS%GOBP%GO:0044703,0.44808743169398907,0.7152470078819553,0.07998588014999461,0.32131174380786176,0.9984284793708893,39,
MULTICELLULAR ORGANISMAL MOVEMENT%GOBP%GO:0050879,0.8482328482328483,0.9824435490476766,0.05502111171631165,-0.2757142717668799,-0.7300554828148447,17,
MULTICELLULAR ORGANISMAL-LEVEL CHEMICAL HOMEOSTASIS%GOBP%GO:0140962,0.6565295169946332,0.8739555681274207,0.059989249649032995,0.28432057192012394,0.8946298381027292,42,
MULTICELLULAR ORGANISMAL-LEVEL WATER HOMEOSTASIS%GOBP%GO:0050891,0.4166666666666667,0.6888356396670873,0.09139243259437684,-0.36038205964956244,-1.0309867262214902,23,
MULTIVESICULAR BODY ASSEMBLY%GOBP%GO:0036258,0.7905660377358491,0.9520402036502413,0.053787280776029955,0.2712506947904007,0.8031725953657397,30,
MULTIVESICULAR BODY ORGANIZATION%GOBP%GO:0036257,0.9489603024574669,1,0.04549678100850074,0.21094659004183325,0.6281640789339048,31,
MULTIVESICULAR BODY SORTING PATHWAY%GOBP%GO:0071985,0.7379679144385026,0.918286614248672,0.05434343902691621,0.2667048576371007,0.8493966758220084,45,
MUSCARINIC ACETYLCHOLINE RECEPTOR 1 AND 3 SIGNALING PATHWAY%PANTHER PATHWAY%P00042,0.9829059829059829,1,0.04949048661354951,-0.1978409968024647,-0.63338399309497,35,
MUSCARINIC ACETYLCHOLINE RECEPTOR 2 AND 4 SIGNALING PATHWAY%PANTHER PATHWAY%P00043,0.37344398340248963,0.6459697296962118,0.09754492162471996,-0.35031233258440403,-1.0597572896842622,28,
MUSCLE CELL DEVELOPMENT%GOBP%GO:0055001,0.2065972222222222,0.481886719843269,0.12443416863039332,0.3332166649688393,1.1624478886787035,75,
MUSCLE CELL DIFFERENTIATION%GOBP%GO:0042692,0.01844652009157442,0.11413013989842703,0.35248785758361917,0.378826072405578,1.419001822689271,120,
MUSCLE CONTRACTION%GOBP%GO:0006936,0.1895093062605753,0.4671311914746035,0.12878871306171366,0.30928625765816575,1.1534659460774794,117,
MUSCLE CONTRACTION%REACTOME%R-HSA-397014.5,0.10049423393739704,0.3265181074597532,0.1797823162983236,0.3234735036415004,1.2430754959256483,142,
MUSCLE ORGAN DEVELOPMENT%GOBP%GO:0007517,3.4781380919296365e-4,0.0048554108640103165,0.49849310876659025,0.47101177370913233,1.7245681777831463,107,
MUSCLE ORGAN MORPHOGENESIS%GOBP%GO:0048644,0.0025901565465012337,0.025561118600996188,0.4317076958033464,0.6120555027923945,1.8122947374033676,30,
MUSCLE SYSTEM PROCESS%GOBP%GO:0003012,0.18333333333333332,0.45862224223322823,0.13010563075112855,0.3043344339466861,1.1589328576684874,136,
MUSCLE TISSUE DEVELOPMENT%GOBP%GO:0060537,2.5281484119852975e-4,0.0037860896433936156,0.49849310876659025,0.46739351157987247,1.7507565955885678,120,
MUSCLE TISSUE MORPHOGENESIS%GOBP%GO:0060415,0.0025901565465012337,0.025561118600996188,0.4317076958033464,0.6120555027923945,1.8122947374033676,30,
MUSCULOSKELETAL MOVEMENT%GOBP%GO:0050881,0.8482328482328483,0.9824435490476766,0.05502111171631165,-0.2757142717668799,-0.7300554828148447,17,
MYD88 CASCADE INITIATED ON PLASMA MEMBRANE%REACTOME DATABASE ID RELEASE 93%975871,0.984070796460177,1,0.040822900367777595,0.19234191108745347,0.6850236442598693,91,
MYD88 DEPENDENT CASCADE INITIATED ON ENDOSOME%REACTOME DATABASE ID RELEASE 93%975155,0.5811965811965812,0.8222888222888224,0.06364240816510186,0.26001070149167427,0.9372986196754484,96,
MYD88-INDEPENDENT TLR4 CASCADE%REACTOME%R-HSA-166166.4,0.6470588235294118,0.866010470062166,0.05909547987173424,0.25182119089929067,0.9173667678635712,102,
MYD88:MAL(TIRAP) CASCADE INITIATED ON PLASMA MEMBRANE%REACTOME%R-HSA-166058.5,0.6020408163265306,0.8358167854848086,0.06170540536375225,0.2572534679510319,0.9327079310335656,99,
MYELINATION%GOBP%GO:0042552,0.5139372822299652,0.7762561525840854,0.07061962471225905,0.302297344223481,0.978925788487497,48,
MYELOID CELL ACTIVATION INVOLVED IN IMMUNE RESPONSE%GOBP%GO:0002275,0.0741083761140392,0.2755998244240976,0.2878051305355643,0.574335543097987,1.5249535557679543,18,
MYELOID CELL DEVELOPMENT%GOBP%GO:0061515,0.30019120458891013,0.5787567454166133,0.10592029273625286,0.3978481250168142,1.1096712121168006,22,
MYELOID CELL DIFFERENTIATION%GOBP%GO:0030099,0.0010506679241723163,0.01216148122229456,0.45505986738722953,0.4247446927019256,1.6027015106752507,129,
MYELOID CELL HOMEOSTASIS%GOBP%GO:0002262,0.13345195729537365,0.3857659773690308,0.1608014010700223,0.37920006848082966,1.2405404481065612,52,
MYELOID LEUKOCYTE ACTIVATION%GOBP%GO:0002274,0.026978749179003572,0.147968362464406,0.35248785758361917,0.4652941076137778,1.5067562116512423,48,
MYELOID LEUKOCYTE DIFFERENTIATION%GOBP%GO:0002573,0.008111672998775275,0.062249247487838985,0.3807304007227924,0.47158343609165804,1.6041054083179087,64,
MYELOID LEUKOCYTE MEDIATED IMMUNITY%GOBP%GO:0002444,0.009948023442862218,0.07282110441178193,0.3807304007227924,0.6666701376384907,1.7228365246030035,16,
MYELOID LEUKOCYTE MIGRATION%GOBP%GO:0097529,0.16292134831460675,0.43085078575088087,0.14826150047510658,0.4091353839671357,1.2413340157536361,35,
MYOADENYLATE DEAMINASE DEFICIENCY%PATHWHIZ%PW000513,0.05753197716714412,0.24149362837103622,0.3217759180753611,-0.46114145939614276,-1.4281815129539124,31,
MYOBLAST DIFFERENTIATION%GOBP%GO:0045445,0.9665271966527197,1,0.04929176623126693,-0.22495693598174465,-0.6097374896667335,19,
MYOFIBRIL ASSEMBLY%GOBP%GO:0030239,0.5704845814977973,0.814600959856531,0.077274697304471,-0.29394727476825444,-0.9424352444103338,37,
MYOGENESIS%REACTOME%R-HSA-525793.4,0.5313807531380753,0.7885693342531908,0.07829552499447937,-0.32878797628985845,-0.9475363658245523,24,
MYOMETRIAL RELAXATION AND CONTRACTION PATHWAYS%WIKIPATHWAYS_20250810%WP289%HOMO SAPIENS,0.3556701030927835,0.6297332991661904,0.08943668337186206,0.29323911289596993,1.0538174569474779,95,
MYOTUBE DIFFERENTIATION%GOBP%GO:0014902,0.5679245283018868,0.8124069719993003,0.06961334388509648,0.318551496062019,0.9291833704228676,27,
N GLYCAN BIOSYNTHESIS%WIKIPATHWAYS_20250810%WP5153%HOMO SAPIENS,0.6621315192743764,0.8755972256032206,0.07113273993278939,-0.26711581507968296,-0.9024097672735926,45,
N-CADHERIN SIGNALING EVENTS%PATHWAY INTERACTION DATABASE NCI-NATURE CURATED DATA%N-CADHERIN SIGNALING EVENTS,0.6455223880597015,0.8655693871211112,0.06280039778122341,0.29595712070029556,0.8917802434584017,33,
N-GLYCAN ANTENNAE ELONGATION IN THE MEDIAL TRANS-GOLGI%REACTOME DATABASE ID RELEASE 93%975576,0.04896421845574388,0.22317020107443014,0.28201335001172506,0.5311898910989621,1.4706319351876127,21,
N-GLYCAN PROCESSING%GOBP%GO:0006491,0.3560606060606061,0.6299490007388585,0.09497515259055948,0.39079281628675866,1.0704984233440562,20,
N-GLYCAN TRIMMING IN THE ER AND CALNEXIN CALRETICULIN CYCLE%REACTOME DATABASE ID RELEASE 93%532668,0.3651685393258427,0.6394189739975992,0.09284812141598782,0.3502145491403545,1.0625657171090972,35,
NABUMETONE ACTION PATHWAY%SMPDB%SMP0000114,0.20373831775700935,0.4784319921631209,0.13077713797197438,0.4780504855616798,1.235397823648238,16,
NAD BIOSYNTHETIC PATHWAYS%WIKIPATHWAYS_20250810%WP3645%HOMO SAPIENS,0.946257197696737,1,0.04632277857946331,0.24227115637088142,0.6278317472785533,17,
NAD+ METABOLIC PROCESS%GOBP%GO:0019674,0.4083969465648855,0.6793573159025461,0.08756971155485113,0.3641502777715277,1.0368489274857773,24,
NADH DEHYDROGENASE COMPLEX ASSEMBLY%GOBP%GO:0010257,0.05887444116263091,0.24399766536524,0.3217759180753611,-0.45023513045761276,-1.4615456788950165,38,
NADOLOL ACTION PATHWAY%PATHWHIZ%PW000371,0.32532347504621073,0.5939852866765517,0.09889030075206362,0.3568782490434134,1.0841541550924358,34,
NADP+ METABOLIC PROCESS%GOBP%GO:0006739,0.6030534351145038,0.836386641411928,0.06720650937104644,0.3152164162013491,0.8975190272114456,24,
NALBUPHINE ACTION PATHWAY%SMPDB%SMP0000691,0.23106060606060605,0.4977792661003207,0.12267918956880833,0.436121700543469,1.1946677967471409,20,
NALOXONE ACTION PATHWAY%SMPDB%SMP0000688,0.23106060606060605,0.4977792661003207,0.12267918956880833,0.436121700543469,1.1946677967471409,20,
NALTREXONE ACTION PATHWAY%PATHWHIZ%PW000664,0.23106060606060605,0.4977792661003207,0.12267918956880833,0.436121700543469,1.1946677967471409,20,
NANOPARTICLE MEDIATED ACTIVATION OF RECEPTOR SIGNALING%WIKIPATHWAYS_20250810%WP2643%HOMO SAPIENS,0.10706638115631692,0.3387590055264788,0.19991523130966152,-0.4480837429808928,-1.2984143689656757,25,
NANOPARTICLE TRIGGERED AUTOPHAGIC CELL DEATH%WIKIPATHWAYS_20250810%WP2509%HOMO SAPIENS,0.6715481171548117,0.8806045170904258,0.06643641376628104,-0.31928864912783034,-0.8654201238502123,19,
NAPROXEN ACTION PATHWAY%SMPDB%SMP0000120,0.20373831775700935,0.4784319921631209,0.13077713797197438,0.4780504855616798,1.235397823648238,16,
NATURAL KILLER CELL ACTIVATION%GOBP%GO:0030101,0.4318181818181818,0.7029539461417574,0.08407455779107234,0.3700066861766224,1.0135589951279618,20,
NATURAL KILLER CELL MEDIATED CYTOTOXICITY%GOBP%GO:0042267,0.48674242424242425,0.7535288410378391,0.07767985601172364,0.35162998103049536,0.963219702629933,20,
NATURAL KILLER CELL MEDIATED IMMUNITY%GOBP%GO:0002228,0.5404896421845574,0.7945506548246274,0.07200331366198796,0.33674176689632435,0.9322903251880147,21,
NCAM SIGNALING FOR NEURITE OUT-GROWTH%REACTOME%R-HSA-375165.5,0.16591928251121077,0.4333046784299476,0.1619789488834018,-0.3636029138469264,-1.2073456551768191,41,
NCAM1 INTERACTIONS%REACTOME DATABASE ID RELEASE 93%419037,0.3554603854389722,0.6297332991661904,0.10244940562982624,-0.3653778201812244,-1.0652114703399687,26,
NCRNAS IN WNT SIGNALING IN HEPATOCELLULAR CARCINOMA%WIKIPATHWAYS_20250810%WP4336%HOMO SAPIENS,0.5650224215246636,0.8105511422646607,0.07871138069864847,-0.2684058746295587,-0.948697473360697,56,
NEBIVOLOL ACTION PATHWAY%SMPDB%SMP0000366,0.32532347504621073,0.5939852866765517,0.09889030075206362,0.3568782490434134,1.0841541550924358,34,
NECTIN ADHESION PATHWAY%PATHWAY INTERACTION DATABASE NCI-NATURE CURATED DATA%NECTIN ADHESION PATHWAY,0.010234985657560166,0.07385140300442115,0.3807304007227924,0.5683520247821899,1.6555906434342702,28,
NEF-MEDIATES DOWN MODULATION OF CELL SURFACE RECEPTORS BY RECRUITING THEM TO CLATHRIN ADAPTERS%REACTOME%R-HSA-164938.5,0.9833679833679834,1,0.048214971002556443,-0.2105302083793615,-0.5574565724891418,17,
NEGATIVE CHEMOTAXIS%GOBP%GO:0050919,0.56875,0.8125417845204422,0.0745500777420554,-0.3242900274953013,-0.9277340667811561,23,
NEGATIVE EPIGENETIC REGULATION OF RRNA EXPRESSION%REACTOME%R-HSA-5250941.4,0.023438540771074295,0.13425209538565855,0.35248785758361917,-0.4100922271890603,-1.4858686051872172,65,
NEGATIVE REGULATION OF ACTIN FILAMENT BUNDLE ASSEMBLY%GOBP%GO:0032232,0.9847036328871893,1,0.0443293451680314,0.18274049521032867,0.5096966758717278,22,
NEGATIVE REGULATION OF ACTIN FILAMENT DEPOLYMERIZATION%GOBP%GO:0030835,0.2840690978886756,0.5598181647764552,0.10968406197054928,0.4395268623093899,1.1390085475842913,17,
NEGATIVE REGULATION OF ACTIN FILAMENT POLYMERIZATION%GOBP%GO:0030837,0.36822429906542054,0.64124918172129175,0.09225972605273541,0.3690312795324952,1.0644745393684423,25,
NEGATIVE REGULATION OF ADAPTIVE IMMUNE RESPONSE BASED ON SOMATIC RECOMBINATION OF IMMUNE RECEPTORS BUILT FROM IMMUNOGLOBULIN SUPERFAMILY DOMAINS%GOBP%GO:0002823,0.1252336448598131,0.3714885909456068,0.17093233537005617,0.45293733251413154,1.306502416276331,25,
NEGATIVE REGULATION OF ADAPTIVE IMMUNE RESPONSE%GOBP%GO:0002820,0.07924528301886792,0.2866450471698113,0.21925034670375515,0.47247345808995145,1.3781585886443193,27,
NEGATIVE REGULATION OF ALPHA-BETA T CELL ACTIVATION%GOBP%GO:0046636,0.019336100042505328,0.11805645256720834,0.35248785758361917,0.5554361948514238,1.6201527287331223,27,
NEGATIVE REGULATION OF ALPHA-BETA T CELL DIFFERENTIATION%GOBP%GO:0046639,0.03160709534847595,0.1664540490579454,0.3217759180753611,0.5920891595535291,1.621909322192002,20,
NEGATIVE REGULATION OF AMIDE METABOLIC PROCESS%GOBP%GO:0034249,0.07265774378585087,0.27239299897043684,0.23112670967383428,0.506227152202027,1.4119601482769797,22,
NEGATIVE REGULATION OF AMYLOID PRECURSOR PROTEIN CATABOLIC PROCESS%GOBP%GO:1902992,0.07663551401869159,0.2811191223651982,0.22205604614524838,0.5466627379883807,1.4127084422619982,16,
NEGATIVE REGULATION OF AMYLOID-BETA FORMATION%GOBP%GO:1902430,0.08,0.28806221646143876,0.21925034670375515,0.556014788206904,1.4043250670089589,15,
NEGATIVE REGULATION OF ANGIOGENESIS%GOBP%GO:0016525,0.11904761904761904,0.3620298694190319,0.1737478389995708,0.3684190391539943,1.253188572805057,64,
NEGATIVE REGULATION OF ANTIGEN RECEPTOR-MEDIATED SIGNALING PATHWAY%GOBP%GO:0050858,0.2902542372881356,0.5673697706874837,0.1147507192270233,-0.37610235062604147,-1.116719035905571,27,
NEGATIVE REGULATION OF APOPTOTIC SIGNALING PATHWAY%GOBP%GO:2001234,3.594366989290147e-4,0.004992575748124014,0.49849310876659025,0.43197870097962876,1.657060846478624,141,
NEGATIVE REGULATION OF AUTOPHAGY%GOBP%GO:0010507,0.058394160583941604,0.24385974424314713,0.2529611230696109,0.39369045957667975,1.3497255785524613,69,
NEGATIVE REGULATION OF AXONOGENESIS%GOBP%GO:0050771,0.3037974683544304,0.5815877471109032,0.11146266692298015,-0.4002502184585357,-1.1037485522874058,20,
NEGATIVE REGULATION OF BINDING%GOBP%GO:0051100,0.7639484978540773,0.932242006166759,0.06143641072012707,-0.2615884210088764,-0.8232043122771638,33,
NEGATIVE REGULATION OF BIOMINERAL TISSUE DEVELOPMENT%GOBP%GO:0070168,0.5062761506276151,0.7702273529263499,0.08085891502800323,-0.3556390745113816,-0.9639466130422729,19,
NEGATIVE REGULATION OF BLOOD COAGULATION%GOBP%GO:0030195,0.6730401529636711,0.8811053463398107,0.06197627360019979,0.30596707165859194,0.8533981434771585,22,
NEGATIVE REGULATION OF BLOOD VESSEL ENDOTHELIAL CELL MIGRATION%GOBP%GO:0043537,0.1252336448598131,0.3714885909456068,0.17093233537005617,0.45331896008777167,1.3076032249562226,25,
NEGATIVE REGULATION OF BLOOD VESSEL MORPHOGENESIS%GOBP%GO:2000181,0.11904761904761904,0.3620298694190319,0.1737478389995708,0.3684190391539943,1.253188572805057,64,
NEGATIVE REGULATION OF BMP SIGNALING PATHWAY%GOBP%GO:0030514,0.09057301293900184,0.3074060231454455,0.20207170902115992,0.44508663792639047,1.3521208680479673,34,
NEGATIVE REGULATION OF CALCIUM ION TRANSMEMBRANE TRANSPORT%GOBP%GO:1903170,0.6440677966101694,0.8650808839986894,0.06335970106437581,0.31289692756748017,0.8662744186468212,21,
NEGATIVE REGULATION OF CALCIUM ION TRANSPORT%GOBP%GO:0051926,0.9143468950749465,1,0.05291298484305835,-0.24632126871390936,-0.7137662985769901,25,
NEGATIVE REGULATION OF CAMP/PKA SIGNAL TRANSDUCTION%GOBP%GO:0141162,0.11041666666666666,0.346791972866026,0.19381330272531053,-0.4626715707185052,-1.3236181858627256,23,
NEGATIVE REGULATION OF CANONICAL NF-KAPPAB SIGNAL TRANSDUCTION%GOBP%GO:0043124,0.2854609929078014,0.561622265083479,0.10434395258194858,0.3258376538272594,1.0950926960046987,59,
NEGATIVE REGULATION OF CANONICAL WNT SIGNALING PATHWAY%GOBP%GO:0090090,0.3810344827586207,0.6523967908187662,0.0857844408075645,0.2866215489175199,1.039915077387233,100,
NEGATIVE REGULATION OF CARBOHYDRATE METABOLIC PROCESS%GOBP%GO:0045912,0.6543438077634011,0.8722490873160884,0.06170540536375225,0.2913167174184247,0.8849859314307885,34,
NEGATIVE REGULATION OF CATALYTIC ACTIVITY%GOBP%GO:0043086,0.7270531400966184,0.9123268242028214,0.06961334388509648,-0.225882682008218,-0.8954943806753133,126,
NEGATIVE REGULATION OF CATION TRANSMEMBRANE TRANSPORT%GOBP%GO:1904063,0.38202247191011235,0.6534657636687276,0.09026354843400684,0.34593851589044594,1.0495920518295587,35,
"NEGATIVE REGULATION OF CD4-POSITIVE, ALPHA-BETA T CELL ACTIVATION%GOBP%GO:2000515",0.10037878787878787,0.32633384754508216,0.19381330272531053,0.5013435395802205,1.3733299239578145,20,
"NEGATIVE REGULATION OF CD4-POSITIVE, ALPHA-BETA T CELL DIFFERENTIATION%GOBP%GO:0043371",0.03681386261396281,0.18510210016577136,0.3217759180753611,0.6024907693221032,1.556981548327796,16,
NEGATIVE REGULATION OF CDH1 GENE TRANSCRIPTION%REACTOME DATABASE ID RELEASE 93%9764725,0.006801488052731145,0.05545160231126058,0.40701791892395395,-0.4927298364048788,-1.661415021169943,47,
NEGATIVE REGULATION OF CELL ACTIVATION%GOBP%GO:0050866,0.007098341242172095,0.05732323247312233,0.40701791892395395,0.43344925518913524,1.5576925850994499,95,
NEGATIVE REGULATION OF CELL ADHESION%GOBP%GO:0007162,0.045075125208681135,0.2145534944429774,0.27650059925447157,0.33474138513076657,1.3149773571656136,167,
NEGATIVE REGULATION OF CELL CYCLE G1/S PHASE TRANSITION%GOBP%GO:1902807,0.5044563279857398,0.7687217109952743,0.072714107793444685,0.3065987084476189,0.9764498707446925,45,
NEGATIVE REGULATION OF CELL CYCLE G2/M PHASE TRANSITION%GOBP%GO:1902750,8.696368462623068e-5,0.0014775848066768734,0.5384340963099162,-0.5532778320539622,-1.999475356754129,62,
NEGATIVE REGULATION OF CELL CYCLE PHASE TRANSITION%GOBP%GO:1901988,1.2718730776513588e-11,1.261879789184098e-9,0.8753251320246591,-0.5400864065356682,-2.2305927081696453,176,
NEGATIVE REGULATION OF CELL DEVELOPMENT%GOBP%GO:0010721,0.09375,0.3124625074985003,0.22798720285044224,-0.31620368961480266,-1.230616756033497,111,
NEGATIVE REGULATION OF CELL GROWTH%GOBP%GO:0030308,0.7897435897435897,0.9516930464472222,0.04929176623126693,0.2331449500199934,0.8431226294266808,98,
NEGATIVE REGULATION OF CELL JUNCTION ASSEMBLY%GOBP%GO:1901889,0.7145593869731801,0.9052079834956581,0.05922191938038196,0.2934984785061491,0.827200294819542,23,
NEGATIVE REGULATION OF CELL KILLING%GOBP%GO:0031342,0.07476635514018691,0.2767500793863281,0.22496609354031374,0.551609865455563,1.4254930135381607,16,
NEGATIVE REGULATION OF CELL MIGRATION%GOBP%GO:0030336,0.6915422885572139,0.8930876357806398,0.0540088272801684,0.22834025866566512,0.9097737754922945,188,
NEGATIVE REGULATION OF CELL MOTILITY%GOBP%GO:2000146,0.679465776293823,0.8865927320545985,0.05513517633852569,0.22831284094209547,0.9117876003050768,194,
NEGATIVE REGULATION OF CELL PROJECTION ORGANIZATION%GOBP%GO:0031345,0.8904109589041096,0.9996207895880447,0.04388798428636468,0.21640917644428495,0.7915891816828814,104,
NEGATIVE REGULATION OF CELL-CELL ADHESION%GOBP%GO:0022408,0.009177938089020789,0.06823771123181444,0.3807304007227924,0.42369292840749395,1.5361571519173032,99,
NEGATIVE REGULATION OF CELL-MATRIX ADHESION%GOBP%GO:0001953,0.5320754716981132,0.7891647946488833,0.0728938564822936,0.3293830142244568,0.9607778431451398,27,
NEGATIVE REGULATION OF CELL-SUBSTRATE ADHESION%GOBP%GO:0010812,0.53125,0.7885693342531908,0.08175155825321447,-0.2852594063657239,-0.9627248580434729,44,
NEGATIVE REGULATION OF CELL-SUBSTRATE JUNCTION ORGANIZATION%GOBP%GO:0150118,0.6577946768060836,0.8740188203176191,0.06280039778122341,0.3292826220651386,0.8742985026875808,18,
NEGATIVE REGULATION OF CELLULAR RESPONSE TO GROWTH FACTOR STIMULUS%GOBP%GO:0090288,0.03598721942284344,0.18193356789200923,0.3217759180753611,0.4310861143837065,1.4488173778126718,59,
NEGATIVE REGULATION OF CELLULAR RESPONSE TO INSULIN STIMULUS%GOBP%GO:1900077,0.014428564341605698,0.0952079613800015,0.3807304007227924,0.54734543766533,1.638161654858221,32,
NEGATIVE REGULATION OF CELLULAR SENESCENCE%GOBP%GO:2000773,0.25267665952890794,0.5269787989274071,0.12503336755527242,-0.44404799931674344,-1.1540042342887382,16,
NEGATIVE REGULATION OF CHEMOTAXIS%GOBP%GO:0050922,0.5611814345991561,0.8077866572992594,0.07588869006061172,-0.3321638827438628,-0.9159905174135041,20,
NEGATIVE REGULATION OF CHROMOSOME ORGANIZATION%GOBP%GO:2001251,6.8352766772494e-8,2.450115949599849e-6,0.7049757151672383,-0.6248136600162324,-2.2605702796335034,70,
NEGATIVE REGULATION OF CHROMOSOME SEGREGATION%GOBP%GO:0051985,3.850781270845037e-8,1.5848104252455577e-6,0.7195128263389107,-0.7744090796001807,-2.355834765464131,29,
NEGATIVE REGULATION OF CHROMOSOME SEPARATION%GOBP%GO:1905819,3.850781270845037e-8,1.5848104252455577e-6,0.7195128263389107,-0.7744090796001807,-2.355834765464131,29,
NEGATIVE REGULATION OF CILIUM ASSEMBLY%GOBP%GO:1902018,0.15845824411134904,0.4249005812174977,0.1619789488834018,-0.4249348542930225,-1.2313357253666835,25,
NEGATIVE REGULATION OF COAGULATION%GOBP%GO:0050819,0.7241379310344828,0.9100558219985848,0.05859375689456714,0.292407909387051,0.8241266192712714,23,
NEGATIVE REGULATION OF COLD-INDUCED THERMOGENESIS%GOBP%GO:0120163,0.12386156648451731,0.36939069425012244,0.16957064440562838,0.41260847882837925,1.2821195117552213,39,
NEGATIVE REGULATION OF CYTOKINE PRODUCTION INVOLVED IN INFLAMMATORY RESPONSE%GOBP%GO:1900016,0.32196969696969696,0.5939852866765517,0.10099058745592349,0.4021817935735674,1.101696238966347,20,
NEGATIVE REGULATION OF CYTOKINE PRODUCTION%GOBP%GO:0001818,0.058823529411764705,0.24399766536524,0.2377938344236881,0.32850441402003305,1.2808481287957083,156,
NEGATIVE REGULATION OF CYTOKINE-MEDIATED SIGNALING PATHWAY%GOBP%GO:0001960,0.26303854875283444,0.5386812299560443,0.12625398784911535,-0.32960062231476694,-1.1135050943635543,45,
NEGATIVE REGULATION OF CYTOPLASMIC PATTERN RECOGNITION RECEPTOR SIGNALING PATHWAY%GOBP%GO:0039532,0.9773519163763066,1,0.040411448203437554,0.18803236634028,0.6089029096621844,48,
NEGATIVE REGULATION OF CYTOSKELETON ORGANIZATION%GOBP%GO:0051494,0.8465227817745803,0.9824435490476766,0.061840603575328466,-0.21712576468517142,-0.8307839756566247,96,
NEGATIVE REGULATION OF DEFENSE RESPONSE%GOBP%GO:0031348,0.8320802005012531,0.9749130312072886,0.06479433660007268,-0.21326966989406276,-0.8578813585030008,150,
NEGATIVE REGULATION OF DEVELOPMENTAL GROWTH%GOBP%GO:0048640,0.8809073724007561,0.993914230701908,0.04889707722601022,0.24656996145343751,0.7342445910050082,31,
NEGATIVE REGULATION OF DNA BIOSYNTHETIC PROCESS%GOBP%GO:2000279,0.8977035490605428,1,0.05258989506236158,-0.24658284822861334,-0.6979278844588889,22,
NEGATIVE REGULATION OF DNA METABOLIC PROCESS%GOBP%GO:0051053,9.439433756821576e-4,0.011182408092302917,0.47727081536286214,-0.4330025983770817,-1.6700304815006974,106,
NEGATIVE REGULATION OF DNA RECOMBINATION%GOBP%GO:0045910,0.002652628740910128,0.026084965105303844,0.4317076958033464,-0.5402766226902854,-1.7920679789061496,40,
NEGATIVE REGULATION OF DNA REPAIR%GOBP%GO:0045738,0.0633908835754299,0.2530765867066467,0.2878051305355643,-0.42960657454359696,-1.4108806711561033,39,
NEGATIVE REGULATION OF DNA REPLICATION%GOBP%GO:0008156,0.038218445372765274,0.19078318283116252,0.3217759180753611,-0.5792497602980856,-1.5409755511860472,18,
NEGATIVE REGULATION OF DNA-BINDING TRANSCRIPTION FACTOR ACTIVITY%GOBP%GO:0043433,0.9454225352112676,1,0.04241700544387469,0.21061303232175918,0.6808777205418962,49,
"NEGATIVE REGULATION OF DNA-TEMPLATED TRANSCRIPTION, ELONGATION%GOBP%GO:0032785",0.609704641350211,0.8414235301847061,0.07165273668294567,-0.32375908518118013,-0.8928130581286423,20,
NEGATIVE REGULATION OF DOUBLE-STRAND BREAK REPAIR VIA HOMOLOGOUS RECOMBINATION%GOBP%GO:2000042,0.01012144065287687,0.07326820103047171,0.3807304007227924,-0.5640046291446312,-1.6343188658727428,25,
NEGATIVE REGULATION OF DOUBLE-STRAND BREAK REPAIR%GOBP%GO:2000780,0.06457587773489876,0.2553914590747331,0.2878051305355643,-0.4495403278286883,-1.4412878944482255,37,
NEGATIVE REGULATION OF ENDOCYTOSIS%GOBP%GO:0045806,0.47950089126559714,0.747295077663859,0.07530937641727728,0.3137267567417352,0.9991511465285757,45,
NEGATIVE REGULATION OF ENDOPLASMIC RETICULUM STRESS-INDUCED INTRINSIC APOPTOTIC SIGNALING PATHWAY%GOBP%GO:1902236,0.045533427195753096,0.2162254029911147,0.3217759180753611,0.6040155537381731,1.5255604724350764,15,
NEGATIVE REGULATION OF ENDOPLASMIC RETICULUM UNFOLDED PROTEIN RESPONSE%GOBP%GO:1900102,0.16698656429942418,0.4342958790143775,0.14826150047510658,0.48558599763626603,1.258368143846521,17,
NEGATIVE REGULATION OF ENDOTHELIAL CELL APOPTOTIC PROCESS%GOBP%GO:2000352,0.3570057581573896,0.6308918550643946,0.09560314922043013,0.4182035754880942,1.0837504779763614,17,
NEGATIVE REGULATION OF ENDOTHELIAL CELL MIGRATION%GOBP%GO:0010596,0.15671641791044777,0.42247278889395823,0.15114876138548375,0.4138528911916587,1.2470246743500375,33,
NEGATIVE REGULATION OF ENDOTHELIAL CELL PROLIFERATION%GOBP%GO:0001937,0.09578544061302682,0.31715369966983137,0.19991523130966152,0.48235579593211286,1.3594784498843633,23,
NEGATIVE REGULATION OF EPIDERMAL GROWTH FACTOR RECEPTOR SIGNALING PATHWAY%GOBP%GO:0042059,0.06704980842911877,0.2612403475681514,0.24133997681509095,0.5050952147372751,1.423567551931484,23,
NEGATIVE REGULATION OF EPITHELIAL CELL DIFFERENTIATION%GOBP%GO:0030857,0.03172727441824202,0.1667708010101728,0.3217759180753611,0.6170812956978462,1.6384504274216234,18,
NEGATIVE REGULATION OF EPITHELIAL CELL PROLIFERATION%GOBP%GO:0050680,0.17625899280575538,0.4477800475668847,0.13880510939113969,0.36285711287470956,1.199846999026337,56,
NEGATIVE REGULATION OF EPITHELIAL TO MESENCHYMAL TRANSITION%GOBP%GO:0010719,0.46716697936210133,0.7352917102934377,0.07934349601349727,0.3434457519840035,1.0089260279307568,29,
NEGATIVE REGULATION OF ERBB SIGNALING PATHWAY%GOBP%GO:1901185,0.04056517588210152,0.1990990434637421,0.3217759180753611,0.5255662533704004,1.5330250484592003,27,
NEGATIVE REGULATION OF ERK1 AND ERK2 CASCADE%GOBP%GO:0070373,0.776386404293381,0.9418346860816649,0.05216303054600547,0.26085776540297057,0.8208028664765833,42,
NEGATIVE REGULATION OF ESTABLISHMENT OF PROTEIN LOCALIZATION%GOBP%GO:1904950,0.9499136442141624,1,0.041320950607482164,0.20651160702714322,0.723281100594998,76,
NEGATIVE REGULATION OF EXOCYTOSIS%GOBP%GO:0045920,0.02422618301043404,0.13702408571980365,0.35248785758361917,0.6030528559054492,1.6519421661175189,20,
NEGATIVE REGULATION OF EXTRINSIC APOPTOTIC SIGNALING PATHWAY IN ABSENCE OF LIGAND%GOBP%GO:2001240,0.12092130518234165,0.3658249553239811,0.17669426893849804,0.5123445052622556,1.3277112751092186,17,
NEGATIVE REGULATION OF EXTRINSIC APOPTOTIC SIGNALING PATHWAY VIA DEATH DOMAIN RECEPTORS%GOBP%GO:1902042,0.003542225669948339,0.03285576931925371,0.4317076958033464,0.6725596329266497,1.8423420202395127,20,
NEGATIVE REGULATION OF EXTRINSIC APOPTOTIC SIGNALING PATHWAY%GOBP%GO:2001237,7.321622065160111e-5,0.0012832470723668638,0.5384340963099162,0.5760210438907579,1.9359224770387753,59,
NEGATIVE REGULATION OF FAT CELL DIFFERENTIATION%GOBP%GO:0045599,0.6902985074626866,0.8930876357806398,0.059603704257597284,0.28823756198767836,0.8685196105267124,33,
NEGATIVE REGULATION OF FATTY ACID METABOLIC PROCESS%GOBP%GO:0045922,0.47036328871892924,0.739066298677141,0.07998588014999461,0.35474840778333544,0.9894582151035698,22,
NEGATIVE REGULATION OF FERROPTOSIS%GOBP%GO:0110076,0.005437990932747987,0.046553894641522056,0.40701791892395395,0.6694717743827321,1.7348975427390243,17,
NEGATIVE REGULATION OF FGFR1 SIGNALING%REACTOME DATABASE ID RELEASE 93%5654726,0.21755725190839695,0.4947802257892155,0.1275053153001827,0.45099335544101343,1.2084556018192414,19,
NEGATIVE REGULATION OF FGFR2 SIGNALING%REACTOME%R-HSA-5654727.3,0.21292775665399238,0.48885397354114946,0.12878871306171366,0.456626587792338,1.2124172830329476,18,
NEGATIVE REGULATION OF FGFR3 SIGNALING%REACTOME DATABASE ID RELEASE 93%5654732,0.2763915547024952,0.5528169014084507,0.11146266692298015,0.44264902563867675,1.1470994540201958,17,
NEGATIVE REGULATION OF FGFR4 SIGNALING%REACTOME%R-HSA-5654733.3,0.5095419847328244,0.7741359768049145,0.07569463079327488,0.35513406171022127,0.9515966057878394,19,
NEGATIVE REGULATION OF FIBROBLAST PROLIFERATION%GOBP%GO:0048147,0.21121495327102804,0.4861268767082982,0.1281429168984153,0.47540714766488834,1.2285668006004813,16,
NEGATIVE REGULATION OF FOCAL ADHESION ASSEMBLY%GOBP%GO:0051895,0.6026871401151631,0.8361602791031758,0.0675188953767744,0.349367704588473,0.9053662833832967,17,
NEGATIVE REGULATION OF G PROTEIN-COUPLED RECEPTOR SIGNALING PATHWAY%GOBP%GO:0045744,0.2725274725274725,0.5502044467160746,0.12154328203546907,-0.3484557480461534,-1.1145366312871798,36,
NEGATIVE REGULATION OF G1/S TRANSITION OF MITOTIC CELL CYCLE%GOBP%GO:2000134,0.48300536672629696,0.7500217488908065,0.07511816352763015,0.3106872871790013,0.9775941134066529,42,
NEGATIVE REGULATION OF G2/M TRANSITION OF MITOTIC CELL CYCLE%GOBP%GO:0010972,5.381887764973798e-6,1.294448849445646e-4,0.610526878385931,-0.5913058638604776,-2.1275432255553257,60,
"NEGATIVE REGULATION OF GENE EXPRESSION, EPIGENETIC%GOBP%GO:0045814",0.03952622569717227,0.19572879676781563,0.3217759180753611,-0.33142563134188724,-1.3114893266137404,127,
NEGATIVE REGULATION OF GROWTH%GOBP%GO:0045926,0.8401360544217688,0.979806028204733,0.046230252407761636,0.2198873179855579,0.8229040991562071,119,
NEGATIVE REGULATION OF HEMOPOIESIS%GOBP%GO:1903707,0.5294117647058824,0.7879686151682699,0.08266464491237528,-0.2743036519066351,-0.9666799486995457,54,
NEGATIVE REGULATION OF HEMOSTASIS%GOBP%GO:1900047,0.6730401529636711,0.8811053463398107,0.06197627360019979,0.30596707165859194,0.8533981434771585,22,
NEGATIVE REGULATION OF HIPPO SIGNALING%GOBP%GO:0035331,0.9748953974895398,1,0.04889707722601022,-0.2030188679245283,-0.5850814937874477,24,
NEGATIVE REGULATION OF HORMONE SECRETION%GOBP%GO:0046888,0.02211711103585489,0.12935017780548397,0.35248785758361917,0.6087627671224201,1.6853972210036283,21,
NEGATIVE REGULATION OF HYDROLASE ACTIVITY%GOBP%GO:0051346,0.885593220338983,0.9970326103755601,0.05389790253573186,-0.24677681308782184,-0.732727047136409,27,
NEGATIVE REGULATION OF IMMUNE EFFECTOR PROCESS%GOBP%GO:0002698,0.02378303229642392,0.1353878354907083,0.35248785758361917,0.4596511062133153,1.4859575847054847,50,
NEGATIVE REGULATION OF IMMUNE RESPONSE%GOBP%GO:0050777,0.2611683848797251,0.5370286996268515,0.10797236031734525,0.29876938693436167,1.097080208709649,110,
NEGATIVE REGULATION OF INFLAMMATORY RESPONSE TO ANTIGENIC STIMULUS%GOBP%GO:0002862,0.7923809523809524,0.9530208955606196,0.054120056962023176,0.3012191393523069,0.7607883765456597,15,
NEGATIVE REGULATION OF INFLAMMATORY RESPONSE%GOBP%GO:0050728,0.8691099476439791,0.9921460589911543,0.04586203431179851,0.22363175786940132,0.7938487394279574,87,
NEGATIVE REGULATION OF INNATE IMMUNE RESPONSE%GOBP%GO:0045824,0.7593818984547461,0.9289532010855447,0.0630790410571939,-0.23873655423840262,-0.8634830792664177,61,
NEGATIVE REGULATION OF INSULIN RECEPTOR SIGNALING PATHWAY%GOBP%GO:0046627,0.014847745758370145,0.09751072746277131,0.3807304007227924,0.5493748241033365,1.6359474230131492,31,
NEGATIVE REGULATION OF INSULIN SECRETION%GOBP%GO:0046676,0.13142857142857142,0.3823126402393418,0.16823816568963962,0.5286707375279889,1.3352622711689417,15,
NEGATIVE REGULATION OF INTERLEUKIN-6 PRODUCTION%GOBP%GO:0032715,0.583969465648855,0.8243227518153045,0.06879430956047748,0.33874742358245,0.9076879219866655,19,
NEGATIVE REGULATION OF INTRACELLULAR PROTEIN TRANSPORT%GOBP%GO:0090317,0.29336188436830835,0.5715002207399443,0.1147507192270233,-0.3771155478714435,-1.0994312874190322,26,
NEGATIVE REGULATION OF INTRACELLULAR STEROID HORMONE RECEPTOR SIGNALING PATHWAY%GOBP%GO:0033144,0.9794392523364486,1,0.04353782409140024,0.19168430954054916,0.5585256482431643,26,
NEGATIVE REGULATION OF INTRACELLULAR TRANSPORT%GOBP%GO:0032387,0.6216814159292036,0.8513697684429392,0.07307443991269867,-0.28471598348282295,-0.9242402185469638,38,
NEGATIVE REGULATION OF INTRINSIC APOPTOTIC SIGNALING PATHWAY BY P53 CLASS MEDIATOR%GOBP%GO:1902254,0.9559748427672956,1,0.049890735672630714,-0.24263363880344863,-0.6180382372885294,15,
NEGATIVE REGULATION OF INTRINSIC APOPTOTIC SIGNALING PATHWAY IN RESPONSE TO DNA DAMAGE%GOBP%GO:1902230,0.27824267782426776,0.5538196000776029,0.11673920479122178,-0.390231964016739,-1.1246122233101978,24,
NEGATIVE REGULATION OF INTRINSIC APOPTOTIC SIGNALING PATHWAY%GOBP%GO:2001243,0.21453900709219859,0.4903985257646735,0.12325722638133735,0.33300029117295776,1.1530549631272295,71,
NEGATIVE REGULATION OF JNK CASCADE%GOBP%GO:0046329,0.8185255198487713,0.9680135777521868,0.052269331749930564,0.26492891291268594,0.7889145139997532,31,
NEGATIVE REGULATION OF KINASE ACTIVITY%GOBP%GO:0033673,0.8097826086956522,0.9634694913154834,0.05080541390663644,0.24080898387636118,0.8220985007119551,65,
NEGATIVE REGULATION OF LEUKOCYTE ACTIVATION%GOBP%GO:0002695,0.0022794186260663156,0.02306821472937058,0.4317076958033464,0.4574961272454987,1.6100654576100772,80,
NEGATIVE REGULATION OF LEUKOCYTE APOPTOTIC PROCESS%GOBP%GO:2000107,0.75,0.9243566992014197,0.056411838821759604,0.2929838435124885,0.8025703888969562,20,
NEGATIVE REGULATION OF LEUKOCYTE CELL-CELL ADHESION%GOBP%GO:1903038,0.009983690998238714,0.0729860357713346,0.3807304007227924,0.4670425635287645,1.5944085269294561,66,
NEGATIVE REGULATION OF LEUKOCYTE DIFFERENTIATION%GOBP%GO:1902106,0.42727272727272725,0.6992116105449026,0.09497515259055948,-0.28934905388824195,-1.0117255862979364,52,
NEGATIVE REGULATION OF LEUKOCYTE MEDIATED IMMUNITY%GOBP%GO:0002704,0.22830188679245284,0.4977792661003207,0.12325722638133735,0.39843137672130235,1.179754260772194,30,
NEGATIVE REGULATION OF LEUKOCYTE MIGRATION%GOBP%GO:0002686,0.05439330543933055,0.2382721410077033,0.28201335001172506,-0.5050823529660026,-1.4556003615825712,24,
NEGATIVE REGULATION OF LEUKOCYTE PROLIFERATION%GOBP%GO:0070664,0.11829944547134935,0.3615355990312525,0.17520404755855126,0.42954589358774953,1.3049099141914962,34,
NEGATIVE REGULATION OF LIPID BIOSYNTHETIC PROCESS%GOBP%GO:0051055,0.2900355871886121,0.5673697706874837,0.1035763266125924,0.35305808354866514,1.1186210630101914,43,
NEGATIVE REGULATION OF LIPID LOCALIZATION%GOBP%GO:1905953,0.04961832061068702,0.22522825924262835,0.28201335001172506,0.5538202550957172,1.4839845900100315,19,
NEGATIVE REGULATION OF LIPID METABOLIC PROCESS%GOBP%GO:0045833,0.6312056737588653,0.8572024229158645,0.06143641072012707,0.2679689069399183,0.9006043018645056,59,
NEGATIVE REGULATION OF LOCOMOTION%GOBP%GO:0040013,0.687603305785124,0.8915157441398857,0.054120056962023176,0.22711113056865853,0.9091247392816404,198,
NEGATIVE REGULATION OF LYMPHOCYTE ACTIVATION%GOBP%GO:0051250,0.027164059694138813,0.14854676738251502,0.35248785758361917,0.4363847339287533,1.4897476057447052,66,
NEGATIVE REGULATION OF LYMPHOCYTE DIFFERENTIATION%GOBP%GO:0045620,0.13018867924528302,0.38110026442929007,0.16823816568963962,0.4308908996888669,1.2758668230877956,30,
NEGATIVE REGULATION OF LYMPHOCYTE MEDIATED IMMUNITY%GOBP%GO:0002707,0.6415094339622641,0.8638454714237371,0.06364240816510186,0.30464901337876094,0.8886311963581748,27,
NEGATIVE REGULATION OF LYMPHOCYTE PROLIFERATION%GOBP%GO:0050672,0.06191369606003752,0.2504275339839804,0.24891111443470243,0.4720617862565732,1.3867559001513738,29,
NEGATIVE REGULATION OF MACROAUTOPHAGY%GOBP%GO:0016242,0.0675422138836773,0.262239371305179,0.2377938344236881,0.46997023239681013,1.38061163103247,29,
NEGATIVE REGULATION OF MAPK CASCADE%GOBP%GO:0043409,0.2071917808219178,0.4825391462874372,0.12325722638133735,0.3124573805784071,1.1440352142699546,107,
NEGATIVE REGULATION OF MAPK PATHWAY%REACTOME DATABASE ID RELEASE 93%5675221,0.9758241758241758,1,0.05111479544164116,-0.18389599166760917,-0.6099729365962813,40,
NEGATIVE REGULATION OF MET ACTIVITY%REACTOME%R-HSA-6807004.4,0.21102661596958175,0.4861268767082982,0.12944288774504625,0.45864871326270334,1.2177863524964345,18,
NEGATIVE REGULATION OF METAPHASE/ANAPHASE TRANSITION OF CELL CYCLE%GOBP%GO:1902100,3.850781270845037e-8,1.5848104252455577e-6,0.7195128263389107,-0.7744090796001807,-2.355834765464131,29,
NEGATIVE REGULATION OF MICROTUBULE DEPOLYMERIZATION%GOBP%GO:0007026,0.7318087318087318,0.9143083683223104,0.06197627360019979,-0.30922065512334046,-0.8187760220960417,17,
NEGATIVE REGULATION OF MICROTUBULE POLYMERIZATION OR DEPOLYMERIZATION%GOBP%GO:0031111,0.7344398340248963,0.9151261982153677,0.06170540536375225,-0.2834543812807361,-0.8575000618421729,28,
NEGATIVE REGULATION OF MIRNA METABOLIC PROCESS%GOBP%GO:2000629,0.48565965583174,0.7526708641007385,0.07829552499447937,0.352037146991028,0.9818960126936995,22,
NEGATIVE REGULATION OF MIRNA TRANSCRIPTION%GOBP%GO:1902894,0.4576271186440678,0.7254140573998404,0.08063884959506612,0.35726386094820406,0.9891070067464282,21,
NEGATIVE REGULATION OF MITOTIC CELL CYCLE PHASE TRANSITION%GOBP%GO:1901991,1.119348763728823e-9,7.148392794571655e-8,0.7881868108002371,-0.5608463549158452,-2.219333505873572,127,
NEGATIVE REGULATION OF MITOTIC CELL CYCLE%GOBP%GO:0045930,2.575527891099795e-11,2.2713703115794382e-9,0.8634153916066928,-0.5416003858132805,-2.208713050642417,163,
NEGATIVE REGULATION OF MITOTIC METAPHASE/ANAPHASE TRANSITION%GOBP%GO:0045841,6.230583886079077e-8,2.291559322112109e-6,0.7049757151672383,-0.7814012092006087,-2.363878032809254,28,
NEGATIVE REGULATION OF MITOTIC NUCLEAR DIVISION%GOBP%GO:0045839,7.744482880013563e-9,4.0213408300332106e-7,0.7477396631498854,-0.7660671567132613,-2.4370495382048447,34,
NEGATIVE REGULATION OF MITOTIC SISTER CHROMATID SEGREGATION%GOBP%GO:0033048,6.230583886079077e-8,2.291559322112109e-6,0.7049757151672383,-0.7814012092006087,-2.363878032809254,28,
NEGATIVE REGULATION OF MITOTIC SISTER CHROMATID SEPARATION%GOBP%GO:2000816,6.230583886079077e-8,2.291559322112109e-6,0.7049757151672383,-0.7814012092006087,-2.363878032809254,28,
NEGATIVE REGULATION OF MONOATOMIC ION TRANSMEMBRANE TRANSPORT%GOBP%GO:0034766,0.38939670932358317,0.6596293051777399,0.08783126344801238,0.34106610975557805,1.0450871051154051,36,
NEGATIVE REGULATION OF MONOATOMIC ION TRANSPORT%GOBP%GO:0043271,0.4891696750902527,0.7553715160648816,0.07492788183937392,0.30997648376456155,0.9812451852615471,44,
NEGATIVE REGULATION OF MONONUCLEAR CELL MIGRATION%GOBP%GO:0071676,0.19334719334719336,0.4730237808177042,0.1429011493869481,-0.46612663523774994,-1.234242622119617,17,
NEGATIVE REGULATION OF MONONUCLEAR CELL PROLIFERATION%GOBP%GO:0032945,0.06191369606003752,0.2504275339839804,0.24891111443470243,0.4720617862565732,1.3867559001513738,29,
NEGATIVE REGULATION OF MRNA CATABOLIC PROCESS%GOBP%GO:1902373,0.25448028673835127,0.5286221841644696,0.11237851911047504,0.34323321254944844,1.1316442292293938,55,
NEGATIVE REGULATION OF MRNA METABOLIC PROCESS%GOBP%GO:1903312,0.44680851063829785,0.715057915057915,0.07871138069864847,0.2907747642829519,1.0068438196483933,71,
NEGATIVE REGULATION OF MRNA PROCESSING%GOBP%GO:0050686,0.2762312633832976,0.5528169014084507,0.11881503941226282,-0.43566233659589576,-1.1322113418490345,16,
"NEGATIVE REGULATION OF MRNA SPLICING, VIA SPLICEOSOME%GOBP%GO:0048025",0.47379454926624737,0.7421490035870512,0.08455574424412811,-0.3858908029351165,-0.9829439677367806,15,
NEGATIVE REGULATION OF MUSCLE CELL APOPTOTIC PROCESS%GOBP%GO:0010656,0.4708097928436911,0.7393496916448693,0.07913166517683488,0.35355630078253864,0.978842398039405,21,
NEGATIVE REGULATION OF MUSCLE CELL DIFFERENTIATION%GOBP%GO:0051148,0.00821611074638408,0.06261825968026057,0.3807304007227924,0.5884333861218427,1.7164022889397603,27,
NEGATIVE REGULATION OF MYELOID CELL DIFFERENTIATION%GOBP%GO:0045638,0.08968609865470852,0.30562982402860467,0.22496609354031374,-0.3921234439841564,-1.3020482464740402,41,
NEGATIVE REGULATION OF MYELOID LEUKOCYTE DIFFERENTIATION%GOBP%GO:0002762,0.15031315240083507,0.41261975330313194,0.16440575583821013,-0.4411447713911299,-1.2486157867381806,22,
NEGATIVE REGULATION OF NERVOUS SYSTEM DEVELOPMENT%GOBP%GO:0051961,0.12272727272727273,0.3674536133257923,0.19189224038483796,-0.35663245380442565,-1.246985858669906,52,
NEGATIVE REGULATION OF NEUROGENESIS%GOBP%GO:0050768,0.08177570093457943,0.2910607267088554,0.24133997681509095,-0.37809672712240416,-1.2838977806744254,48,
NEGATIVE REGULATION OF NEURON APOPTOTIC PROCESS%GOBP%GO:0043524,0.2354014598540146,0.5038099040635228,0.11881503941226282,0.3295692007885336,1.12509647938801,66,
NEGATIVE REGULATION OF NEURON DIFFERENTIATION%GOBP%GO:0045665,0.08227848101265822,0.29188836529662515,0.22798720285044224,-0.5100564703003013,-1.406555361411011,20,
NEGATIVE REGULATION OF NEURON PROJECTION DEVELOPMENT%GOBP%GO:0010977,0.7747252747252747,0.9406410896795513,0.05334778506754903,0.24694938382939016,0.8400058438534863,64,
NEGATIVE REGULATION OF NF-KAPPAB TRANSCRIPTION FACTOR ACTIVITY%GOBP%GO:0032088,0.7921348314606742,0.9530208955606196,0.05334778506754903,0.26712562764281084,0.7994859007155037,32,
NEGATIVE REGULATION OF NMDA RECEPTOR-MEDIATED NEURONAL TRANSMISSION%REACTOME DATABASE ID RELEASE 93%9617324,0.3549618320610687,0.6294822658574202,0.09560314922043013,0.3967626094797017,1.0631420446301378,19,
NEGATIVE REGULATION OF NON-CANONICAL NF-KAPPAB SIGNAL TRANSDUCTION%GOBP%GO:1901223,0.8087121212121212,0.9634694913154834,0.05291298484305835,0.2842235541983434,0.7785733359625215,20,
NEGATIVE REGULATION OF NOTCH SIGNALING PATHWAY%GOBP%GO:0045746,0.32409381663113007,0.5939852866765517,0.10797236031734525,-0.35678613958652955,-1.0853813747995322,29,
NEGATIVE REGULATION OF NOTCH4 SIGNALING%REACTOME DATABASE ID RELEASE 93%9604323,0.003580620249409481,0.03310137455194522,0.4317076958033464,-0.523924858347343,-1.7503029068805511,43,
NEGATIVE REGULATION OF NUCLEAR DIVISION%GOBP%GO:0051784,8.72628093572366e-10,5.8413514311904405e-8,0.8012155746177786,-0.774028080838535,-2.4816400972611,37,
NEGATIVE REGULATION OF NUCLEOCYTOPLASMIC TRANSPORT%GOBP%GO:0046823,0.30962343096234307,0.5863216709021057,0.10968406197054928,-0.4042154217829394,-1.0956110132230377,19,
NEGATIVE REGULATION OF ORGANELLE ASSEMBLY%GOBP%GO:1902116,0.40792540792540793,0.67918018222764,0.09923333437711905,-0.30216585158062964,-1.0224727374168507,46,
NEGATIVE REGULATION OF OSSIFICATION%GOBP%GO:0030279,0.583969465648855,0.8243227518153045,0.06879430956047748,0.3210552052570751,0.9141438728858556,24,
NEGATIVE REGULATION OF OSTEOBLAST DIFFERENTIATION%GOBP%GO:0045668,0.7029914529914529,0.8988809019790746,0.06523530560177027,-0.27393041149534497,-0.8569315922278342,32,
NEGATIVE REGULATION OF OSTEOCLAST DIFFERENTIATION%GOBP%GO:0045671,0.13836477987421383,0.39322491917193453,0.1723243449009459,-0.5188618650297384,-1.3216488613888788,15,
NEGATIVE REGULATION OF OXIDATIVE STRESS-INDUCED INTRINSIC APOPTOTIC SIGNALING PATHWAY%GOBP%GO:1902176,0.16443594646271512,0.4322829697459376,0.14920754243532175,0.4579596799095671,1.277333336896822,22,
NEGATIVE REGULATION OF PEPTIDE HORMONE SECRETION%GOBP%GO:0090278,0.13142857142857142,0.3823126402393418,0.16823816568963962,0.5286707375279889,1.3352622711689417,15,
NEGATIVE REGULATION OF PEPTIDE SECRETION%GOBP%GO:0002792,0.13142857142857142,0.3823126402393418,0.16823816568963962,0.5286707375279889,1.3352622711689417,15,
NEGATIVE REGULATION OF PEPTIDYL-TYROSINE PHOSPHORYLATION%GOBP%GO:0050732,0.02167211314334044,0.12751090909507032,0.35248785758361917,0.6313622248658155,1.631592357063513,16,
NEGATIVE REGULATION OF PHOSPHATE METABOLIC PROCESS%GOBP%GO:0045936,0.27491408934707906,0.5514161301127695,0.10473282158065095,0.29409417944035987,1.0994101294819416,123,
NEGATIVE REGULATION OF PHOSPHATIDYLINOSITOL 3-KINASE/PROTEIN KINASE B SIGNAL TRANSDUCTION%GOBP%GO:0051898,0.3126142595978062,0.589573939689549,0.10063338942303625,0.35075867570328584,1.0919966212909096,40,
NEGATIVE REGULATION OF PHOSPHORUS METABOLIC PROCESS%GOBP%GO:0010563,0.27491408934707906,0.5514161301127695,0.10473282158065095,0.29409417944035987,1.0994101294819416,123,
NEGATIVE REGULATION OF PHOSPHORYLATION%GOBP%GO:0042326,0.8945578231292517,1,0.04336369878832656,0.21365412334727302,0.7746324935139749,99,
NEGATIVE REGULATION OF PLASMA MEMBRANE BOUNDED CELL PROJECTION ASSEMBLY%GOBP%GO:0120033,0.6394849785407726,0.8625827969828921,0.07011321576425601,-0.28289971251480633,-0.8902697695333239,33,
NEGATIVE REGULATION OF POST-TRANSLATIONAL PROTEIN MODIFICATION%GOBP%GO:1901874,0.4594594594594595,0.7272811272811273,0.07808923069433449,0.289791610178277,0.998780940288058,70,
NEGATIVE REGULATION OF PROTEASOMAL PROTEIN CATABOLIC PROCESS%GOBP%GO:1901799,0.02276054204538999,0.13227779456504893,0.35248785758361917,0.45988715938008307,1.5045055900475495,52,
NEGATIVE REGULATION OF PROTEASOMAL UBIQUITIN-DEPENDENT PROTEIN CATABOLIC PROCESS%GOBP%GO:0032435,0.14545454545454545,0.4056955093099671,0.1552419662288392,0.4064822499314056,1.2564527771459768,38,
NEGATIVE REGULATION OF PROTEIN BINDING%GOBP%GO:0032091,0.7510548523206751,0.9248097568390063,0.06143641072012707,-0.29431782956917263,-0.8116244871781354,20,
NEGATIVE REGULATION OF PROTEIN CATABOLIC PROCESS%GOBP%GO:0042177,0.02424310227907973,0.13702408571980365,0.35248785758361917,0.3924500420541188,1.4022090683164392,92,
NEGATIVE REGULATION OF PROTEIN DEPOLYMERIZATION%GOBP%GO:1901880,0.5046210720887245,0.768761907465027,0.0745500777420554,0.3211739840351371,0.9756887964806383,34,
NEGATIVE REGULATION OF PROTEIN KINASE ACTIVITY%GOBP%GO:0006469,0.5354609929078015,0.7918268742039454,0.06944814420031753,0.28547286970772046,0.959432560517265,59,
NEGATIVE REGULATION OF PROTEIN LOCALIZATION TO CELL PERIPHERY%GOBP%GO:1904376,0.9539748953974896,1,0.049890735672630714,-0.21784401659689145,-0.6278061933167137,24,
NEGATIVE REGULATION OF PROTEIN LOCALIZATION TO MEMBRANE%GOBP%GO:1905476,0.8869731800766284,0.9973604368932039,0.04919275210451909,0.2509810082011481,0.7073684505446115,23,
NEGATIVE REGULATION OF PROTEIN LOCALIZATION TO NUCLEUS%GOBP%GO:1900181,0.9217557251908397,1,0.04725873366732593,0.2348502738051944,0.6686916621478852,24,
NEGATIVE REGULATION OF PROTEIN LOCALIZATION TO PLASMA MEMBRANE%GOBP%GO:1903077,0.9445506692160612,1,0.046230252407761636,0.23046363206264409,0.6428052361161344,22,
NEGATIVE REGULATION OF PROTEIN LOCALIZATION%GOBP%GO:1903828,0.9689737470167065,1,0.05524956631252492,-0.19146440599210265,-0.7594800388512939,125,
NEGATIVE REGULATION OF PROTEIN MODIFICATION BY SMALL PROTEIN CONJUGATION OR REMOVAL%GOBP%GO:1903321,0.42934782608695654,0.7001633465627034,0.08197787965012722,0.29637372420680475,1.0154570983104751,68,
NEGATIVE REGULATION OF PROTEIN MODIFICATION PROCESS%GOBP%GO:0031400,0.3524590163934426,0.6266997701149425,0.08730982576379309,0.26813997740863543,1.0485863600622727,161,
NEGATIVE REGULATION OF PROTEIN PHOSPHORYLATION%GOBP%GO:0001933,0.7930434782608695,0.9530931354569308,0.049890735672630714,0.23556066508794826,0.840440170114383,89,
NEGATIVE REGULATION OF PROTEIN POLYMERIZATION%GOBP%GO:0032272,0.49812734082397003,0.7650784907738915,0.07588869006061172,0.3228030241488932,0.9793979938346051,35,
NEGATIVE REGULATION OF PROTEIN SECRETION%GOBP%GO:0050709,0.12172284644194757,0.36715099610828483,0.1737478389995708,0.4336544077588639,1.297893383894776,32,
NEGATIVE REGULATION OF PROTEIN SERINE/THREONINE KINASE ACTIVITY%GOBP%GO:0071901,0.7233644859813084,0.909690603013162,0.0574877409561325,0.2881322612825743,0.8311204852187835,25,
NEGATIVE REGULATION OF PROTEIN TRANSPORT%GOBP%GO:0051224,0.657608695652174,0.8740188203176191,0.060509298865666666,0.2620038948014306,0.894455869667796,65,
NEGATIVE REGULATION OF PROTEIN UBIQUITINATION%GOBP%GO:0031397,0.3970856102003643,0.6683452439482654,0.08653997374441245,0.3034251303508057,1.0303764737647474,63,
NEGATIVE REGULATION OF PROTEIN-CONTAINING COMPLEX ASSEMBLY%GOBP%GO:0031333,0.19618055555555555,0.474612275647854,0.1281429168984153,0.32651132857079923,1.1549166302746146,84,
NEGATIVE REGULATION OF PROTEIN-CONTAINING COMPLEX DISASSEMBLY%GOBP%GO:0043242,0.6118067978533095,0.8430552006133402,0.06335970106437581,0.292862425157624,0.9215072347235718,42,
NEGATIVE REGULATION OF PROTEOLYSIS INVOLVED IN PROTEIN CATABOLIC PROCESS%GOBP%GO:1903051,0.005970145449193854,0.049804997170752326,0.40701791892395395,0.4708611688262423,1.5989587619423846,63,
NEGATIVE REGULATION OF PROTEOLYSIS%GOBP%GO:0045861,0.0027386585646902322,0.026717555680079948,0.4317076958033464,0.4523936125593,1.6257731842738636,95,
NEGATIVE REGULATION OF REACTIVE OXYGEN SPECIES METABOLIC PROCESS%GOBP%GO:2000378,0.9012605042016807,1,0.05269730857084192,-0.26448221534673255,-0.7036008566720938,18,
NEGATIVE REGULATION OF RECEPTOR SIGNALING PATHWAY VIA JAK-STAT%GOBP%GO:0046426,0.002860509401093542,0.027449033216711088,0.4317076958033464,0.7102659771575415,1.7939168833667416,15,
NEGATIVE REGULATION OF RECEPTOR SIGNALING PATHWAY VIA STAT%GOBP%GO:1904893,0.002860509401093542,0.027449033216711088,0.4317076958033464,0.7102659771575415,1.7939168833667416,15,
NEGATIVE REGULATION OF RECEPTOR-MEDIATED ENDOCYTOSIS%GOBP%GO:0048261,0.3352272727272727,0.6055015368246838,0.09854998035316907,0.39546713199775574,1.0833027723246245,20,
NEGATIVE REGULATION OF RELEASE OF CYTOCHROME C FROM MITOCHONDRIA%GOBP%GO:0090201,0.9904761904761905,1,0.04388798428636468,0.20595693214296995,0.5201848739767827,15,
NEGATIVE REGULATION OF REPRODUCTIVE PROCESS%GOBP%GO:2000242,9.660013068600794e-5,0.0016313383771776903,0.5384340963099162,-0.737419097751712,-2.033541080145235,20,
NEGATIVE REGULATION OF RESPONSE TO BIOTIC STIMULUS%GOBP%GO:0002832,0.8301886792452831,0.9741401925375152,0.06197627360019979,-0.22319359033371355,-0.826079454286545,82,
NEGATIVE REGULATION OF RESPONSE TO CYTOKINE STIMULUS%GOBP%GO:0060761,0.5483870967741935,0.7999051482482066,0.08175155825321447,-0.27699762911144615,-0.9500237973483396,49,
NEGATIVE REGULATION OF RESPONSE TO ENDOPLASMIC RETICULUM STRESS%GOBP%GO:1903573,0.06654676258992806,0.2596445315657586,0.2343926472946861,0.4330407567722829,1.3565908352918155,41,
NEGATIVE REGULATION OF RESPONSE TO WOUNDING%GOBP%GO:1903035,0.4706896551724138,0.7393496916448693,0.0745500777420554,0.3089082480572379,0.9984357660976276,47,
NEGATIVE REGULATION OF RHO PROTEIN SIGNAL TRANSDUCTION%GOBP%GO:0035024,0.2,0.4784319921631209,0.13355495455759195,0.4942783817760799,1.2483975900124347,15,
NEGATIVE REGULATION OF RNA CATABOLIC PROCESS%GOBP%GO:1902369,0.354014598540146,0.6286050206101154,0.09314545753378035,0.310327399441053,1.0594080506715635,66,
NEGATIVE REGULATION OF RNA SPLICING%GOBP%GO:0033119,0.3630573248407643,0.6379337434583449,0.10063338942303625,-0.38334792312931343,-1.0625819207531484,21,
NEGATIVE REGULATION OF SECRETION BY CELL%GOBP%GO:1903531,2.2943564289218887e-4,0.0035020451426071466,0.5188480777437918,0.5428830570930763,1.8435319757050723,63,
NEGATIVE REGULATION OF SECRETION%GOBP%GO:0051048,2.3399572933022542e-4,0.003561863759338993,0.5188480777437918,0.5497767624274543,1.8768498341972133,66,
NEGATIVE REGULATION OF SEQUESTERING OF CALCIUM ION%GOBP%GO:0051283,0.551594746716698,0.8021147306786858,0.07078990945026231,0.32204758489551644,0.9460655394813569,29,
NEGATIVE REGULATION OF SIGNAL TRANSDUCTION BY P53 CLASS MEDIATOR%GOBP%GO:1901797,0.7716701902748414,0.9381618330781223,0.06024840861580194,-0.26407077625348685,-0.8178423194706433,31,
NEGATIVE REGULATION OF SIGNAL TRANSDUCTION IN ABSENCE OF LIGAND%GOBP%GO:1901099,0.12092130518234165,0.3658249553239811,0.17669426893849804,0.5123445052622556,1.3277112751092186,17,
NEGATIVE REGULATION OF SISTER CHROMATID SEGREGATION%GOBP%GO:0033046,6.230583886079077e-8,2.291559322112109e-6,0.7049757151672383,-0.7814012092006087,-2.363878032809254,28,
NEGATIVE REGULATION OF SMAD PROTEIN SIGNAL TRANSDUCTION%GOBP%GO:0060392,0.1689059500959693,0.43750184556326593,0.1473312136993771,0.4830988444193355,1.2519228295411544,17,
NEGATIVE REGULATION OF SMALL GTPASE MEDIATED SIGNAL TRANSDUCTION%GOBP%GO:0051058,0.04570383912248629,0.2168492998843158,0.2878571172551493,0.459001936959355,1.4289840823483966,40,
NEGATIVE REGULATION OF SMALL MOLECULE METABOLIC PROCESS%GOBP%GO:0062014,0.322463768115942,0.5939852866765517,0.09821233512174378,0.3134033881707342,1.0738053651829715,68,
NEGATIVE REGULATION OF SMOOTH MUSCLE CELL PROLIFERATION%GOBP%GO:0048662,0.47547169811320755,0.7439371317141596,0.07871138069864847,0.34046553467802887,0.9931044648535043,27,
NEGATIVE REGULATION OF SMOOTHENED SIGNALING PATHWAY%GOBP%GO:0045879,0.9916666666666667,1,0.04792589670581297,-0.18451101002022757,-0.5278520311403797,23,
NEGATIVE REGULATION OF STEM CELL POPULATION MAINTENANCE%GOBP%GO:1902455,0.7430997876857749,0.9206120859485958,0.06224904294985801,-0.2972253157142818,-0.8238632005359944,21,
NEGATIVE REGULATION OF STEROID BIOSYNTHETIC PROCESS%GOBP%GO:0010894,0.54510556621881,0.7965824634170722,0.07253518643945886,0.3625432007769199,0.9395098228667644,17,
NEGATIVE REGULATION OF STEROID METABOLIC PROCESS%GOBP%GO:0045939,0.5152091254752852,0.7771988983749546,0.07492788183937392,0.3618554324337753,0.9607845709623651,18,
NEGATIVE REGULATION OF STRESS FIBER ASSEMBLY%GOBP%GO:0051497,0.9873949579831933,1,0.04850598364694698,-0.20587308132033194,-0.5476832390896665,18,
NEGATIVE REGULATION OF SUPRAMOLECULAR FIBER ORGANIZATION%GOBP%GO:1902904,0.3024054982817869,0.5801674545765221,0.09889030075206362,0.30182151597633133,1.0846601576340442,95,
NEGATIVE REGULATION OF T CELL ACTIVATION%GOBP%GO:0050868,0.007535394304260777,0.05955426849853894,0.40701791892395395,0.46623664089395006,1.566273822108616,58,
NEGATIVE REGULATION OF T CELL DIFFERENTIATION%GOBP%GO:0045581,0.11153846153846154,0.34854200917193046,0.1847064712077387,0.44819346093182033,1.3055727225595997,28,
NEGATIVE REGULATION OF T CELL PROLIFERATION%GOBP%GO:0042130,0.052830188679245285,0.23481962264150943,0.27128855468895297,0.49857810559119375,1.4543032768619593,27,
NEGATIVE REGULATION OF T CELL RECEPTOR SIGNALING PATHWAY%GOBP%GO:0050860,0.11875,0.3620298694190319,0.18643255843407516,-0.45490395215318213,-1.301396459168042,23,
NEGATIVE REGULATION OF TELOMERE MAINTENANCE VIA TELOMERASE%GOBP%GO:0032211,0.959915611814346,1,0.04999139140245922,-0.22898507397736523,-0.6314598524675743,20,
NEGATIVE REGULATION OF TELOMERE MAINTENANCE VIA TELOMERE LENGTHENING%GOBP%GO:1904357,0.4411134903640257,0.7110027712394913,0.08971046527429813,-0.34676622351201924,-1.0109517830837873,26,
NEGATIVE REGULATION OF TELOMERE MAINTENANCE%GOBP%GO:0032205,0.49023861171366595,0.7554281889302598,0.08455574424412811,-0.307571540009449,-0.9784613176225009,34,
NEGATIVE REGULATION OF THE PI3K AKT NETWORK%REACTOME DATABASE ID RELEASE 93%199418,0.08941605839416059,0.3049696871933433,0.20207170902115992,0.38325225666322005,1.3139393177384033,69,
NEGATIVE REGULATION OF TOR SIGNALING%GOBP%GO:0032007,0.27717391304347827,0.5534970927696085,0.10755437526516934,0.32305059658007634,1.1068593286689896,68,
NEGATIVE REGULATION OF TORC1 SIGNALING%GOBP%GO:1904262,0.8327526132404182,0.9752895276483481,0.0477342401407188,0.24021091492004887,0.777872064656884,48,
NEGATIVE REGULATION OF TRANSCRIPTION ELONGATION BY RNA POLYMERASE II%GOBP%GO:0034244,0.6715176715176715,0.8806045170904258,0.06613262047584399,-0.32617011403172863,-0.8636559818003987,17,
NEGATIVE REGULATION OF TRANSFERASE ACTIVITY%GOBP%GO:0051348,0.9763593380614657,1,0.054455595394037055,-0.19198003837469768,-0.6996672061605166,76,
NEGATIVE REGULATION OF TRANSFORMING GROWTH FACTOR BETA RECEPTOR SIGNALING PATHWAY%GOBP%GO:0030512,0.31951640759930916,0.5939852866765517,0.09592067779217453,0.3074889847251116,1.0769417491559472,76,
NEGATIVE REGULATION OF TRANSLATION%GOBP%GO:0017148,0.053204352513084766,0.2357283752493612,0.3217759180753611,0.37801056088454166,1.3626699782246008,96,
NEGATIVE REGULATION OF TRANSLATIONAL INITIATION%GOBP%GO:0045947,0.05691057634729691,0.24149362837103622,0.3217759180753611,0.5649537740826392,1.5641093251074494,21,
NEGATIVE REGULATION OF TRANSMEMBRANE RECEPTOR PROTEIN SERINE/THREONINE KINASE SIGNALING PATHWAY%GOBP%GO:0090101,0.01908521303364235,0.11684265958587722,0.35248785758361917,0.38028978467430963,1.391516511628664,108,
NEGATIVE REGULATION OF TRANSMEMBRANE TRANSPORT%GOBP%GO:0034763,0.27598566308243727,0.5528169014084507,0.10714023727672473,0.338218490691633,1.1151106280390086,55,
NEGATIVE REGULATION OF TUMOR NECROSIS FACTOR PRODUCTION%GOBP%GO:0032720,0.0916030534351145,0.3097666250063884,0.20429475651688608,0.47845375573667265,1.3623064261353122,24,
NEGATIVE REGULATION OF TUMOR NECROSIS FACTOR SUPERFAMILY CYTOKINE PRODUCTION%GOBP%GO:1903556,0.18317757009345795,0.4586104429036367,0.13880510939113969,0.4298122024607083,1.2397977396629074,25,
NEGATIVE REGULATION OF TUMOR NECROSIS FACTOR-MEDIATED SIGNALING PATHWAY%GOBP%GO:0010804,0.6595289079229122,0.8752279947525645,0.06847149044920875,-0.33400251200840764,-0.8680149752140636,16,
NEGATIVE REGULATION OF TYPE I INTERFERON PRODUCTION%GOBP%GO:0032480,0.9829059829059829,1,0.04949048661354951,-0.1981352955561961,-0.6343261846670606,35,
NEGATIVE REGULATION OF TYPE I INTERFERON-MEDIATED SIGNALING PATHWAY%GOBP%GO:0060339,0.14435146443514643,0.40444580409270503,0.16823816568963962,-0.47870458109062636,-1.2975111360418345,19,
NEGATIVE REGULATION OF TYPE II INTERFERON PRODUCTION%GOBP%GO:0032689,0.43683083511777304,0.7069711971786621,0.09026354843400684,-0.3887355073521535,-1.0102565988204666,16,
NEGATIVE REGULATION OF UBIQUITIN-DEPENDENT PROTEIN CATABOLIC PROCESS%GOBP%GO:2000059,0.07665505226480836,0.2811191223651982,0.21392785549235627,0.4167259043209627,1.3494783935944237,48,
NEGATIVE REGULATION OF VASCULATURE DEVELOPMENT%GOBP%GO:1901343,0.11904761904761904,0.3620298694190319,0.1737478389995708,0.3684190391539943,1.253188572805057,64,
NEGATIVE REGULATION OF VIRAL GENOME REPLICATION%GOBP%GO:0045071,0.5904936014625228,0.8291085291194786,0.06613262047584399,0.3033734916548534,0.9295902321973165,36,
NEGATIVE REGULATION OF VIRAL PROCESS%GOBP%GO:0048525,0.6267857142857143,0.8544386221539184,0.06211241889494712,0.27588277930193883,0.9111836727502526,54,
NEGATIVE REGULATION OF WNT SIGNALING PATHWAY%GOBP%GO:0030178,0.003786262912949696,0.03471365799397444,0.4317076958033464,0.4013501634987228,1.5014220436082535,124,
NEGATIVE REGULATION OF WOUND HEALING%GOBP%GO:0061045,0.5354477611940298,0.7918268742039454,0.07200331366198796,0.3171723093458267,0.9557060109836456,33,
NEGATIVE REGULATORS OF RIG-I MDA5 SIGNALING%REACTOME%R-HSA-936440.6,0.6931608133086876,0.8930876357806398,0.05896944666909967,0.2842487794217251,0.8635143669193704,34,
NEOVASCULARIZATION PROCESSES%WIKIPATHWAYS_20250810%WP4331%HOMO SAPIENS,0.11281070745697896,0.35133200147476185,0.18302393838448722,0.48009940850068766,1.339085090686305,22,
NEP NS2 INTERACTS WITH THE CELLULAR EXPORT MACHINERY%REACTOME DATABASE ID RELEASE 93%168333,3.2663993093166394e-4,0.00462962106187838,0.49849310876659025,-0.6385847422456046,-1.9426426886082644,29,
NEPAFENAC ACTION PATHWAY%PATHWHIZ%PW000679,0.20373831775700935,0.4784319921631209,0.13077713797197438,0.4780504855616798,1.235397823648238,16,
NEPHRIN FAMILY INTERACTIONS%REACTOME DATABASE ID RELEASE 93%373753,0.4621212121212121,0.729830999018037,0.08041999687615399,0.35945218180931793,0.9846470504516639,20,
NEPHRIN NEPH1 SIGNALING IN THE KIDNEY PODOCYTE%PATHWAY INTERACTION DATABASE NCI-NATURE CURATED DATA%NEPHRIN NEPH1 SIGNALING IN THE KIDNEY PODOCYTE,0.9811715481171548,1,0.04860342472590687,-0.19666502132351615,-0.5667702988792066,24,
NEPHRON DEVELOPMENT%GOBP%GO:0072006,0.7885304659498208,0.9514213792583179,0.051530912208538955,0.24865467424198046,0.8279354423076111,57,
NEPHRON EPITHELIUM DEVELOPMENT%GOBP%GO:0072009,0.8190127970749543,0.9681776809677545,0.050702793702934776,0.255325606660272,0.7948903879370443,40,
NEPHRON EPITHELIUM MORPHOGENESIS%GOBP%GO:0072088,0.7873563218390804,0.9503696989219923,0.054680848878544186,0.27872574680889844,0.7855646172601448,23,
NEPHRON MORPHOGENESIS%GOBP%GO:0072028,0.7873563218390804,0.9503696989219923,0.054680848878544186,0.27872574680889844,0.7855646172601448,23,
NEPHRON TUBULE DEVELOPMENT%GOBP%GO:0072080,0.6278625954198473,0.8552107330602284,0.06523530560177027,0.30774759114661465,0.8762529628410677,24,
NEPHRON TUBULE MORPHOGENESIS%GOBP%GO:0072078,0.44696969696969696,0.715057915057915,0.08220549204158693,0.36557784936750126,1.0014270862907908,20,
NEPHROTIC SYNDROME%WIKIPATHWAYS_20250810%WP4758%HOMO SAPIENS,0.2607879924953096,0.5369561710633937,0.11378726182188,0.38616051520528616,1.1344073772905787,29,
NERVE DEVELOPMENT%GOBP%GO:0021675,0.010908750901129994,0.07765390293966953,0.3807304007227924,0.6036156159918604,1.701238854959466,23,
NETRIN UNC5B SIGNALING%WIKIPATHWAYS_20250810%WP4747%HOMO SAPIENS,0.44017094017094016,0.7106443160514401,0.08971046527429813,-0.3255387544004861,-1.018377045533022,32,
NETRIN-1 SIGNALING%REACTOME DATABASE ID RELEASE 93%373752,0.7294332723948812,0.9138063723621104,0.05605958750323349,0.27277301063580256,0.8358249262680437,36,
NETRIN-MEDIATED SIGNALING EVENTS%PATHWAY INTERACTION DATABASE NCI-NATURE CURATED DATA%NETRIN-MEDIATED SIGNALING EVENTS,0.3913857677902622,0.661960220956681,0.08889452886204495,0.3488516598127234,1.0440854586756825,32,
NETWORK MAP OF SARS COV 2 SIGNALING%WIKIPATHWAYS_20250810%WP5115%HOMO SAPIENS,0.40540540540540543,0.6765151774995712,0.10282184284081514,-0.2590991631600138,-1.0252851767773452,127,
NEURAL CREST CELL DEVELOPMENT%GOBP%GO:0014032,0.8269581056466302,0.972173216585672,0.05009228744021063,0.24843763396170457,0.7719830161054236,39,
NEURAL CREST CELL DIFFERENTIATION%GOBP%GO:0014033,0.8841354723707665,0.9955931666988201,0.04604576830180555,0.23252723497158537,0.7405484181007762,45,
NEURAL CREST CELL MIGRATION DURING DEVELOPMENT%WIKIPATHWAYS_20250810%WP4564%HOMO SAPIENS,0.01171942545436757,0.08231748144685995,0.3807304007227924,0.5911073657122367,1.6830662382529056,24,
NEURAL CREST CELL MIGRATION IN CANCER%WIKIPATHWAYS_20250810%WP4565%HOMO SAPIENS,0.012148527944219997,0.08467296629461339,0.3807304007227924,0.5721518502295377,1.668910650749094,27,
NEURAL CREST CELL MIGRATION%GOBP%GO:0001755,0.6635514018691588,0.8756260790522034,0.061570675542167844,0.29535858596247205,0.8606095411997041,26,
NEURAL CREST DIFFERENTIATION%WIKIPATHWAYS_20250810%WP2064%HOMO SAPIENS,0.2026431718061674,0.4784319921631209,0.14375898903927542,-0.3161508168261085,-1.1482641996988072,69,
NEURAL NUCLEUS DEVELOPMENT%GOBP%GO:0048857,0.025811397714371315,0.14383964463495189,0.35248785758361917,-0.466957758160175,-1.5488733192521638,40,
NEURAL PRECURSOR CELL PROLIFERATION%GOBP%GO:0061351,0.1320754716981132,0.3833914946471875,0.16693384871319314,0.42870708270855473,1.269400546740609,30,
NEURAL RETINA DEVELOPMENT%GOBP%GO:0003407,0.005845601551564944,0.048912894910383774,0.40701791892395395,-0.5770118325139059,-1.7132572988136492,27,
NEURAL TUBE CLOSURE%GOBP%GO:0001843,0.9700214132762313,1,0.05019342526494341,-0.20694100170410584,-0.6033095511641132,26,
NEURAL TUBE DEVELOPMENT%GOBP%GO:0021915,0.5954545454545455,0.8318696139163829,0.07667468724900914,-0.28132265338367246,-0.939829157070361,43,
NEURAL TUBE FORMATION%GOBP%GO:0001841,0.7309322033898306,0.9140354089655409,0.06293946920189672,-0.2880940580681565,-0.8554057645225452,27,
NEUREXINS AND NEUROLIGINS%REACTOME%R-HSA-6794361.6,0.5654205607476636,0.8107036478745855,0.08085891502800323,-0.28017613923888157,-0.9513902066924655,48,
NEUROBLAST PROLIFERATION%GOBP%GO:0007405,0.07428571428571429,0.27584899528787304,0.22798720285044224,0.5632352523736108,1.4225617740890828,15,
NEURODEGENERATION WITH BRAIN IRON ACCUMULATION NBIA SUBTYPES PATHWAY%WIKIPATHWAYS_20250810%WP4577%HOMO SAPIENS,0.16417910447761194,0.4322829697459376,0.1473312136993771,0.41095316036055707,1.23828718339052,33,
NEURODEGENERATIVE DISEASES%REACTOME DATABASE ID RELEASE 93%8863678,0.06092436974789916,0.24858216005227854,0.26635065708852557,-0.547290129682228,-1.4559534885465568,18,
NEUROGENESIS REGULATION IN THE OLFACTORY EPITHELIUM%WIKIPATHWAYS_20250810%WP5265%HOMO SAPIENS,0.6098654708520179,0.8414235301847061,0.07473852274390924,-0.28046771648005187,-0.931294733936349,41,
NEUROINFLAMMATION AND GLUTAMATERGIC SIGNALING%WIKIPATHWAYS_20250810%WP5083%HOMO SAPIENS,0.03001722120855327,0.16020718639262438,0.35248785758361917,0.40113899014650145,1.4192249231802305,83,
NEUROINFLAMMATORY RESPONSE%GOBP%GO:0150076,0.34205607476635513,0.6144402041389813,0.09656295543094219,0.42490830523794737,1.0980656047744835,16,
NEUROMUSCULAR JUNCTION DEVELOPMENT%GOBP%GO:0007528,0.7280334728033473,0.9130821613759362,0.06252374147247618,-0.30548410948087623,-0.8280034275674102,19,
NEUROMUSCULAR PROCESS%GOBP%GO:0050905,0.11883408071748879,0.3620298694190319,0.19381330272531053,-0.38395274342971003,-1.2749173863008056,41,
NEURON APOPTOTIC PROCESS%GOBP%GO:0051402,0.5602294455066922,0.8075464019418321,0.0709609456938284,0.3303428253264718,0.9213865803153455,22,
NEURON CELLULAR HOMEOSTASIS%GOBP%GO:0070050,0.7121495327102804,0.9050097904250497,0.0582216241124161,0.3169074979420171,0.8189654546535604,16,
NEURON FATE COMMITMENT%GOBP%GO:0048663,0.20754716981132076,0.48288612875699255,0.13802224249664274,-0.4824343757008567,-1.228860485446059,15,
NEURON FUNCTION%SMPDB%SMP0000224,0.23106060606060605,0.4977792661003207,0.12267918956880833,0.436121700543469,1.1946677967471409,20,
NEURON MATURATION%GOBP%GO:0042551,0.2638623326959847,0.5395727348026835,0.11426650248443287,0.4172252229728402,1.1637174836061046,22,
NEURON MIGRATION%GOBP%GO:0001764,0.8439716312056738,0.9818061940910224,0.04792589670581297,0.23500220614808798,0.7898080423639239,59,
NEURON PROJECTION EXTENSION%GOBP%GO:1990138,0.960352422907489,1,0.051951247619708235,-0.20834961766773563,-0.6679974257434346,37,
NEURON PROJECTION GUIDANCE%GOBP%GO:0097485,0.19430485762144054,0.4732826781870775,0.12625398784911535,0.30205375976137416,1.1481597391581317,134,
NEURON PROJECTION ORGANIZATION%GOBP%GO:0106027,0.5767790262172284,0.8193772103459273,0.06847149044920875,0.30685778725942436,0.931019472406751,35,
NEURON RECOGNITION%GOBP%GO:0008038,0.464818763326226,0.7324257087466001,0.08653997374441245,-0.3294152171836584,-1.0021161184148888,29,
NEUROPEPTIDE SIGNALING PATHWAY%GOBP%GO:0007218,0.14937759336099585,0.41261975330313194,0.16440575583821013,-0.40766735370783724,-1.2332664587367341,28,
NEUROTRANSMITTER RECEPTORS AND POSTSYNAPTIC SIGNAL TRANSMISSION%REACTOME DATABASE ID RELEASE 93%112314,0.11951219512195121,0.36324384906868756,0.20207170902115992,-0.29623534367343085,-1.1794920966575546,131,
NEUROTRANSMITTER RELEASE CYCLE%REACTOME DATABASE ID RELEASE 93%112310,0.20363636363636364,0.4784319921631209,0.12878871306171366,0.38929344672444133,1.2033215038152214,38,
NEUROTRANSMITTER SECRETION%GOBP%GO:0007269,0.06227758007117438,0.2505533923790332,0.24133997681509095,0.4246041910513991,1.3890785292974062,52,
NEUROTRANSMITTER TRANSPORT%GOBP%GO:0006836,0.05789473684210526,0.24223961519799161,0.24891111443470243,0.39562735100663493,1.3754576727101249,73,
NEUROTRANSMITTER UPTAKE%GOBP%GO:0001504,0.44299065420560746,0.7128666418865899,0.08197787965012722,0.3943319434361065,1.0190489068190505,16,
NEUROTROPHIC FACTOR-MEDIATED TRK RECEPTOR SIGNALING%PATHWAY INTERACTION DATABASE NCI-NATURE CURATED DATA%NEUROTROPHIC FACTOR-MEDIATED TRK RECEPTOR SIGNALING,0.08243727598566308,0.29188836529662515,0.2089550275493539,0.3952113373681504,1.303016762092236,55,
NEUTRAL AMINO ACID TRANSPORT%GOBP%GO:0015804,0.026160045903283167,0.14549070574438566,0.35248785758361917,0.524176900954024,1.5609121727017021,31,
NEUTRAL LIPID BIOSYNTHETIC PROCESS%GOBP%GO:0046460,0.26103646833013433,0.5369561710633937,0.11524000314778066,0.44975546917163167,1.16551539311532,17,
NEUTRAL LIPID CATABOLIC PROCESS%GOBP%GO:0046461,0.6467289719626168,0.866010470062166,0.06280039778122341,0.3365166224827234,0.8696401647791507,16,
NEUTRAL LIPID METABOLIC PROCESS%GOBP%GO:0006638,0.04401408450704225,0.21099417905187812,0.2878571172551493,0.4322240328844744,1.3973100858460135,49,
NEUTROPHIL CHEMOTAXIS%GOBP%GO:0030593,0.10093457943925234,0.32705039566847144,0.19189224038483796,0.5318691526483493,1.3744782475754347,16,
NEUTROPHIL MIGRATION%GOBP%GO:1990266,0.16603053435114504,0.4333046784299476,0.14826150047510658,0.47638664701134686,1.2764979910841368,19,
NF KB SIGNALING AND ARTD FAMILY MEMBERS%WIKIPATHWAYS_20250810%WP5527%HOMO SAPIENS,0.14953271028037382,0.41261975330313194,0.1552419662288392,0.4426479570187304,1.2768226063297825,25,
NF-KB SIGNALING PATHWAY%PATHWHIZ%PW064818,0.3793103448275862,0.6512510123183155,0.09196861400004266,0.3749783178561853,1.0568442353103165,23,
NF1 COPY NUMBER VARIATION SYNDROME %WIKIPATHWAYS_20250810%WP5366%HOMO SAPIENS,0.006240513823704188,0.05167257049851039,0.40701791892395395,-0.45406855342614755,-1.6484620371540906,66,
NFE2L2 REGULATING ANTI-OXIDANT DETOXIFICATION ENZYMES%REACTOME%R-HSA-9818027.3,1.4196223968934566e-4,0.0022796017448381634,0.5188480777437918,0.7693802345433483,1.993804562667247,17,
NGF-STIMULATED TRANSCRIPTION%REACTOME DATABASE ID RELEASE 93%9031628,0.5355805243445693,0.7918268742039454,0.0721797965581253,0.3153651380935809,0.9568311337497281,35,
NICOTINAMIDE NUCLEOTIDE METABOLIC PROCESS%GOBP%GO:0046496,0.12056737588652482,0.3652520940161024,0.16957064440562838,0.36023649137482416,1.2473636969390491,71,
NICOTINATE METABOLISM%REACTOME%R-HSA-196807.7,0.013992258157517817,0.09359390662404965,0.3807304007227924,0.5844721152685262,1.6641736196662538,24,
NICOTINE ACTION PATHWAY%SMPDB%SMP0000431,0.3239171374764595,0.5939852866765517,0.10027910675413045,0.39564130991839697,1.0953573382989235,21,
NICOTINE PHARMACODYNAMICS PATHWAY%PANTHER PATHWAY%P06587,0.3004201680672269,0.5787567454166133,0.1119183163251045,-0.414267857817389,-1.102074932599543,18,
NICOTINIC ACETYLCHOLINE RECEPTOR SIGNALING PATHWAY%PANTHER PATHWAY%P00044,0.001829487301795123,0.019214804250989988,0.45505986738722953,0.5558286293129624,1.7489444161459278,42,
NIFEDIPINE ACTION PATHWAY%PATHWHIZ%PW000394,0.32532347504621073,0.5939852866765517,0.09889030075206362,0.3568782490434134,1.0841541550924358,34,
NIK-->NONCANONICAL NF-KB SIGNALING%REACTOME DATABASE ID RELEASE 93%5676590,0.08624708624708624,0.2987461416389097,0.2343926472946861,-0.3797620117697252,-1.2850436331899953,46,
NILOTINIB INHIBITION OF BCR-ABL%PATHWHIZ%PW032595,0.2737642585551331,0.5507002970790439,0.11146266692298015,0.42851518041362335,1.1377769596976066,18,
NIMODIPINE ACTION PATHWAY%PATHWHIZ%PW000395,0.32532347504621073,0.5939852866765517,0.09889030075206362,0.3568782490434134,1.0841541550924358,34,
NISOLDIPINE ACTION PATHWAY%PATHWHIZ%PW000396,0.32532347504621073,0.5939852866765517,0.09889030075206362,0.3568782490434134,1.0841541550924358,34,
NITRENDIPINE ACTION PATHWAY%SMPDB%SMP0000382,0.32532347504621073,0.5939852866765517,0.09889030075206362,0.3568782490434134,1.0841541550924358,34,
NITRIC OXIDE METABOLIC PROCESS%GOBP%GO:0046209,0.5,0.7650784907738915,0.0762797180809272,0.3462571679737589,0.9485019604748716,20,
NO CGMP PKG MEDIATED NEUROPROTECTION%WIKIPATHWAYS_20250810%WP4008%HOMO SAPIENS,0.7947269303201506,0.95418098200267365,0.05345721410899102,0.2814955450423153,0.7793377567781067,21,
NOD1 2 SIGNALING PATHWAY%REACTOME%R-HSA-168638.5,0.7309322033898306,0.9140354089655409,0.06293946920189672,-0.2789085820250853,-0.856195952316788,30,
NON GENOMIC ACTIONS OF 1 25 DIHYDROXYVITAMIN D3%WIKIPATHWAYS_20250810%WP4341%HOMO SAPIENS,0.20501138952164008,0.4797322338103323,0.1455161460903603,-0.33359377592015227,-1.1535570757576008,50,
NON SMALL CELL LUNG CANCER%WIKIPATHWAYS_20250810%WP4255%HOMO SAPIENS,0.952914798206278,1,0.05312980547054692,-0.20479705941166684,-0.7238681086384547,56,
NON-CANONICAL NF-KAPPAB SIGNAL TRANSDUCTION%GOBP%GO:0038061,0.04780114722753346,0.22113503246975513,0.2878571172551493,0.5326914238982122,1.4857738440174162,22,
NON-CANONICAL WNT SIGNALING PATHWAY%GOBP%GO:0035567,0.2841409691629956,0.5598181647764552,0.11881503941226282,-0.34344123900392903,-1.1011196762291309,37,
NON-CODING RNA METABOLISM%REACTOME%R-HSA-194441.4,3.4379186057922624e-4,0.004822338925899851,0.49849310876659025,-0.5617745139420894,-1.9425990900180836,50,
NON-INTEGRIN MEMBRANE-ECM INTERACTIONS%REACTOME%R-HSA-3000171.6,0.014292967393031469,0.09476339717861913,0.3807304007227924,0.48582091233254177,1.5941921421719218,53,
NON-KETOTIC HYPERGLYCINEMIA%PATHWHIZ%PW000209,0.004008623686920783,0.036038694505715,0.40701791892395395,0.6395092214137088,1.8024019040430992,23,
NON-MOTILE CILIUM ASSEMBLY%GOBP%GO:1905515,0.7203389830508474,0.908559225841205,0.06364240816510186,-0.2807429125996986,-0.8618269960150188,30,
NON-PROTEINOGENIC AMINO ACID METABOLIC PROCESS%GOBP%GO:0170041,0.3799621928166352,0.6516296296296297,0.0911073131586733,0.35579515688019175,1.059499169749402,31,
NONALCOHOLIC FATTY LIVER DISEASE%WIKIPATHWAYS_20250810%WP4396%HOMO SAPIENS,0.030120900947718212,0.16048415561101875,0.35248785758361917,0.36845013077074357,1.3562884031499045,112,
NONCANONICAL WNT SIGNALING PATHWAY%PATHWAY INTERACTION DATABASE NCI-NATURE CURATED DATA%NONCANONICAL WNT SIGNALING PATHWAY,0.6191369606003753,0.8493641859495519,0.06508775669173134,0.30733522606568847,0.902845666561334,29,
NONGENOTROPIC ANDROGEN SIGNALING%PATHWAY INTERACTION DATABASE NCI-NATURE CURATED DATA%NONGENOTROPIC ANDROGEN SIGNALING,1,1,0.04301731969275082,0.15508997105826094,0.45922099726348464,30,
NONHOMOLOGOUS END-JOINING (NHEJ)%REACTOME%R-HSA-5693571.3,0.0011767069754939235,0.013424607712205829,0.45505986738722953,-0.5570099789041707,-1.8798586160619235,44,
NONSENSE MEDIATED DECAY (NMD) ENHANCED BY THE EXON JUNCTION COMPLEX (EJC)%REACTOME%R-HSA-975957.3,1.1080025237646765e-4,0.0018431323419271085,0.5384340963099162,0.48137128889092967,1.7693167963652772,111,
NONSENSE MEDIATED DECAY (NMD) INDEPENDENT OF THE EXON JUNCTION COMPLEX (EJC)%REACTOME DATABASE ID RELEASE 93%975956,1.8645779648724478e-6,4.840932323752953e-5,0.6435518361507222,0.5646554223572678,2.0110142037551095,91,
NONSENSE-MEDIATED DECAY (NMD)%REACTOME%R-HSA-927802.4,1.1080025237646765e-4,0.0018431323419271085,0.5384340963099162,0.48137128889092967,1.7693167963652772,111,
NORC NEGATIVELY REGULATES RRNA EXPRESSION%REACTOME DATABASE ID RELEASE 93%427413,0.0659646718231814,0.2585834470375337,0.2878051305355643,-0.39707305922843594,-1.4349712762046758,62,
NOTCH SIGNALING PATHWAY%GOBP%GO:0007219,0.7042889390519187,0.8988809019790746,0.06783382634794552,-0.2637835945492922,-0.8789972153324427,42,
NOTCH SIGNALING PATHWAY%PATHWAY INTERACTION DATABASE NCI-NATURE CURATED DATA%NOTCH SIGNALING PATHWAY,0.7607142857142857,0.929724718748036,0.05302125120430776,0.25657999871572945,0.8419518538780264,53,
NOTCH SIGNALING%WIKIPATHWAYS_20250810%WP268%HOMO SAPIENS,0.5032537960954447,0.767520749686053,0.083129129135339,-0.30461542441769424,-0.9690571810861234,34,
NOTCH SIGNALING%WIKIPATHWAYS_20250810%WP61%HOMO SAPIENS,0.6133093525179856,0.8436939836593216,0.06350079680659454,0.29264776955905003,0.9167804091039979,41,
NOTCH%IOB%NOTCH,0.3597285067873303,0.6336704042862163,0.10512513159700079,-0.29729288837349216,-1.0449263585143882,53,
NOTCH%NETPATH%NOTCH,0.21445221445221446,0.4903985257646735,0.14375898903927542,-0.3325851765984362,-1.1254060449320122,46,
NOTCH-HLH TRANSCRIPTION PATHWAY%REACTOME DATABASE ID RELEASE 93%350054,0.9923076923076923,1,0.04424074234773751,0.17042023150478103,0.49642849577133963,28,
NOTCH-MEDIATED HES HEY NETWORK%PATHWAY INTERACTION DATABASE NCI-NATURE CURATED DATA%NOTCH-MEDIATED HES HEY NETWORK,0.2967032967032967,0.5747456185375117,0.11573444770168878,-0.33326546530423395,-1.1054233031091958,40,
NOTCH1 INTRACELLULAR DOMAIN REGULATES TRANSCRIPTION%REACTOME DATABASE ID RELEASE 93%2122947,0.9982547993019197,1,0.03951722284739186,0.15407794131466468,0.4958552577429392,46,
NOTCH2 ACTIVATION AND TRANSMISSION OF SIGNAL TO THE NUCLEUS%REACTOME DATABASE ID RELEASE 93%2979096,0.7337164750957854,0.9151261982153677,0.05797547575714859,0.2917233941582002,0.8221973717944331,23,
NOTCH3 ACTIVATION AND TRANSMISSION OF SIGNAL TO THE NUCLEUS%REACTOME DATABASE ID RELEASE 93%9013507,0.8822269807280514,0.9942681655324069,0.05456806466709405,-0.2549931189161355,-0.7388947596837983,25,
NOTCH3 INTRACELLULAR DOMAIN REGULATES TRANSCRIPTION%REACTOME%R-HSA-9013508.2,0.39791666666666664,0.6689334341906202,0.09405034657278127,-0.3649655012890319,-1.044099108939151,23,
NOTCH4 INTRACELLULAR DOMAIN REGULATES TRANSCRIPTION%REACTOME DATABASE ID RELEASE 93%9013695,0.9656488549618321,1,0.04513442222090974,0.21772639259579304,0.5834069961828843,19,
NOVEL INTRACELLULAR COMPONENTS OF RIG I LIKE RECEPTOR PATHWAY%WIKIPATHWAYS_20250810%WP3865%HOMO SAPIENS,0.9719626168224299,1,0.054120056962023176,-0.19754154275118868,-0.6707890604066137,48,
NPAS4 REGULATES EXPRESSION OF TARGET GENES%REACTOME%R-HSA-9768919.3,0.058935361216730035,0.24399766536524,0.25720646646883816,0.5452479590528194,1.4477213258434174,18,
NRAGE SIGNALS DEATH THROUGH JNK%REACTOME DATABASE ID RELEASE 93%193648,0.8117229129662522,0.9636607915471148,0.0497903187820785,0.25113396283008144,0.8118645028808473,50,
NRF2 ARE REGULATION%WIKIPATHWAYS_20250810%WP4357%HOMO SAPIENS,0.0010618383418995042,0.012265226252793441,0.45505986738722953,0.7043694281960334,1.9500901516251556,21,
NRF2 PATHWAY%WIKIPATHWAYS_20250810%WP2884%HOMO SAPIENS,0.0019134177778346018,0.019982987168513246,0.45505986738722953,0.4845951659388976,1.6834215964892763,72,
NRIF SIGNALS CELL DEATH FROM THE NUCLEUS%REACTOME DATABASE ID RELEASE 93%205043,0.15047619047619049,0.41261975330313194,0.1563124030731863,0.5184937450087521,1.309558268317477,15,
NRP1 TRIGGERED SIGNALING IN PANCREATIC CANCER %WIKIPATHWAYS_20250810%WP5144%HOMO SAPIENS,0.5072992700729927,0.7713614517037622,0.07362127410143941,0.3175524779199934,0.9776995051154185,37,
NS1 MEDIATED EFFECTS ON HOST PATHWAYS%REACTOME DATABASE ID RELEASE 93%168276,2.724464258347797e-4,0.004036566245168096,0.49849310876659025,-0.6125769565349417,-1.9640056680481075,37,
NUCLEAR CHROMOSOME SEGREGATION%GOBP%GO:0098813,8.387660095731495e-19,3.106789299458946e-16,1.1239149637448316,-0.6303978382300331,-2.5866210450738034,165,
NUCLEAR DNA REPLICATION%GOBP%GO:0033260,3.3427385346812225e-9,1.8888303780238154e-7,0.7749390301364363,-0.8655859267741522,-2.3869798678355933,20,
NUCLEAR ENVELOPE (NE) REASSEMBLY%REACTOME DATABASE ID RELEASE 93%2995410,0.017338758291783236,0.10909868750752849,0.35248785758361917,-0.42825481075363114,-1.5542232153008282,63,
NUCLEAR ENVELOPE BREAKDOWN%REACTOME DATABASE ID RELEASE 93%2980766,1.671421439896766e-4,0.002653262148590409,0.5188480777437918,-0.5748906776873582,-1.9453225500353104,46,
NUCLEAR ENVELOPE ORGANIZATION%GOBP%GO:0006998,0.1313364055299539,0.3823126402393418,0.18643255843407516,-0.3530770025540557,-1.2109546056360547,49,
NUCLEAR EVENTS (KINASE AND TRANSCRIPTION FACTOR ACTIVATION)%REACTOME DATABASE ID RELEASE 93%198725,0.6129032258064516,0.8436939836593216,0.06335970106437581,0.2747230934315321,0.9147344065247809,57,
NUCLEAR EVENTS MEDIATED BY NFE2L2%REACTOME DATABASE ID RELEASE 93%9759194,0.14878892733564014,0.4114839623080222,0.14920754243532175,0.34415717353632813,1.2148874137905417,82,
NUCLEAR EVENTS STIMULATED BY ALK SIGNALING IN CANCER%REACTOME DATABASE ID RELEASE 93%9725371,0.4339622641509434,0.7040903453390754,0.08359906036841593,0.3511860695649792,1.02437521028128,27,
NUCLEAR EXPORT%GOBP%GO:0051168,0.15311004784688995,0.4161836721317615,0.17520404755855126,-0.3013605294472712,-1.167176087650509,108,
NUCLEAR IMPORT OF REV PROTEIN%REACTOME%R-HSA-180746.3,2.065011303370543e-4,0.003213782297346425,0.5188480777437918,-0.6468293244041738,-2.0032674666905845,31,
NUCLEAR MEMBRANE ORGANIZATION%GOBP%GO:0071763,0.7020316027088036,0.8985228253052552,0.06799225915440577,-0.2644936606189916,-0.8813633446553609,42,
NUCLEAR MEMBRANE REASSEMBLY%GOBP%GO:0031468,1,1,0.04754341942013011,-0.14703477768693793,-0.4206394298194772,23,
NUCLEAR MIGRATION%GOBP%GO:0007097,0.7763713080168776,0.9418346860816649,0.05986031177644726,-0.28812896778217006,-0.7945577950873262,20,
NUCLEAR PORE COMPLEX (NPC) DISASSEMBLY%REACTOME DATABASE ID RELEASE 93%3301854,4.6023780698418787e-4,0.00591916957315775,0.49849310876659025,-0.6144577572045348,-1.9336646228151038,33,
NUCLEAR PORE ORGANIZATION%GOBP%GO:0006999,0.1111111111111111,0.3477934272300469,0.19381330272531053,-0.5396099531681643,-1.3744985481982477,15,
NUCLEAR RECEPTOR TRANSCRIPTION PATHWAY%REACTOME DATABASE ID RELEASE 93%383280,0.7518656716417911,0.9248097568390063,0.05559470977588687,0.27353858194836245,0.8242285322548517,33,
NUCLEAR RECEPTOR-MEDIATED SIGNALING PATHWAY%GOBP%GO:0141193,0.9390681003584229,1,0.04353782409140024,0.21061764244662096,0.701285071307898,57,
NUCLEAR RECEPTOR-MEDIATED STEROID HORMONE SIGNALING PATHWAY%GOBP%GO:0030518,0.9824175824175824,1,0.05080541390663644,-0.17682393149334752,-0.5865153001727692,40,
NUCLEAR RECEPTORS META PATHWAY%WIKIPATHWAYS_20250810%WP2882%HOMO SAPIENS,0.008964497668345887,0.0670232047792576,0.3807304007227924,0.368816737831796,1.44774322499275,164,
NUCLEAR RECEPTORS%WIKIPATHWAYS_20250810%WP170%HOMO SAPIENS,0.2661596958174905,0.5423960740593076,0.11331290842208036,0.43347412985809286,1.150943770770149,18,
NUCLEAR RNA DECAY%REACTOME%R-HSA-9930044.1,0.4807692307692308,0.7485363217719756,0.0847985102819124,-0.30934542640058516,-0.9903631936049153,35,
NUCLEAR RNA SURVEILLANCE%GOBP%GO:0071027,0.24511930585683298,0.5152791764436488,0.1281429168984153,-0.3599536023087218,-1.1451016436278127,34,
NUCLEAR SIGNALING BY ERBB4%REACTOME DATABASE ID RELEASE 93%1251985,0.028103758022330037,0.1524848433320954,0.35248785758361917,0.5417104266778354,1.5625693237697353,25,
NUCLEAR TRANSPORT%GOBP%GO:0051169,0.1,0.3252927400468384,0.22496609354031374,-0.28641006548052245,-1.1824379198198083,177,
NUCLEAR-TRANSCRIBED MRNA CATABOLIC PROCESS%GOBP%GO:0000956,1,1,0.05312980547054692,-0.15403048373510259,-0.5860233665814276,92,
"NUCLEAR-TRANSCRIBED MRNA CATABOLIC PROCESS, DEADENYLATION-DEPENDENT DECAY%GOBP%GO:0000288",0.9358490566037736,1,0.04604576830180555,0.22155516403096148,0.6560242592150105,30,
"NUCLEAR-TRANSCRIBED MRNA CATABOLIC PROCESS, NONSENSE-MEDIATED DECAY%GOBP%GO:0000184",0.983402489626556,1,0.048118399265797474,-0.1848157589613076,-0.5591006356037577,28,
NUCLEAR-TRANSCRIBED MRNA POLY(A) TAIL SHORTENING%GOBP%GO:0000289,0.5513307984790875,0.8020931962162373,0.07147862874255066,0.35108901520213387,0.9321979956797138,18,
NUCLEIC ACID CATABOLIC PROCESS%GOBP%GO:0141188,1,1,0.05629407497009682,-0.1473474796684418,-0.6133773889246577,187,
NUCLEIC ACID TRANSPORT%GOBP%GO:0050657,0.15,0.41261975330313194,0.17669426893849804,-0.30946638958256195,-1.1885682450527466,95,
NUCLEOBASE METABOLIC PROCESS%GOBP%GO:0009112,0.0357356452762212,0.18115624557909216,0.3217759180753611,-0.5957083673404409,-1.5481433974927914,16,
NUCLEOBASE-CONTAINING COMPOUND TRANSPORT%GOBP%GO:0015931,0.4177215189873418,0.689911046222851,0.10282184284081514,-0.2534928363731503,-1.012692256981078,140,
NUCLEOCYTOPLASMIC TRANSPORT%GOBP%GO:0006913,0.06467661691542288,0.2553967900370217,0.28201335001172506,-0.2974614168649562,-1.2285353961726915,176,
NUCLEOPHAGY%GOBP%GO:0044804,0.7049808429118773,0.8993969146310885,0.05986031177644726,0.29483877163090294,0.8309777960644685,23,
NUCLEOSIDE DIPHOSPHATE CATABOLIC PROCESS%GOBP%GO:0009134,0.6414048059149723,0.8638454714237371,0.06266182309324915,0.2930813306042516,0.8903466187875358,34,
NUCLEOSIDE DIPHOSPHATE METABOLIC PROCESS%GOBP%GO:0009132,0.13981042654028436,0.39672458113269654,0.18302393838448722,-0.3572657873820401,-1.204649489134836,47,
NUCLEOSIDE METABOLIC PROCESS%GOBP%GO:0009116,0.12240663900414937,0.3674536133257923,0.18302393838448722,-0.42079315377003346,-1.2729743451140973,28,
NUCLEOSIDE MONOPHOSPHATE BIOSYNTHETIC PROCESS%GOBP%GO:0009124,0.008175587526617612,0.06247937409592711,0.3807304007227924,-0.5819430900776454,-1.6771058568235442,24,
NUCLEOSIDE MONOPHOSPHATE METABOLIC PROCESS%GOBP%GO:0009123,0.032290465753553294,0.169250780874285,0.3217759180753611,-0.47869835695236385,-1.5228581456949715,34,
NUCLEOSIDE PHOSPHATE CATABOLIC PROCESS%GOBP%GO:1901292,0.09813084112149532,0.32185062176566,0.21925034670375515,-0.3301360475515324,-1.2306992540393324,85,
NUCLEOSIDE TRIPHOSPHATE BIOSYNTHETIC PROCESS%GOBP%GO:0009142,0.018657486573654132,0.1148228998407472,0.35248785758361917,-0.38375997370349246,-1.4382531988393512,87,
NUCLEOSIDE TRIPHOSPHATE METABOLIC PROCESS%GOBP%GO:0009141,0.6120906801007556,0.8432372473691541,0.08063884959506612,-0.23595059232714122,-0.9503782795381494,152,
NUCLEOSOME ASSEMBLY%GOBP%GO:0006334,4.454100235449635e-6,1.0901753704034438e-4,0.610526878385931,-0.6346333717621949,-2.1474806550356558,46,
NUCLEOSOME ASSEMBLY%REACTOME DATABASE ID RELEASE 93%774815,1.6522866571462698e-10,1.240554684743875e-8,0.826657301178302,-0.7614168143032835,-2.543704583185148,43,
NUCLEOSOME DISASSEMBLY%GOBP%GO:0006337,0.28361344537815125,0.5595725506111535,0.11573444770168878,-0.4224396528416328,-1.1238143224185104,18,
NUCLEOSOME ORGANIZATION%GOBP%GO:0034728,3.9069884202646275e-4,0.005107582979527122,0.49849310876659025,-0.5150780792652069,-1.8698527914159102,64,
NUCLEOTIDE BINDING OLIGOMERIZATION DOMAIN NOD PATHWAY%WIKIPATHWAYS_20250810%WP1433%HOMO SAPIENS,0.36174242424242425,0.6360256041426928,0.09405034657278127,0.3894392604992035,1.0667906291469829,20,
NUCLEOTIDE BIOSYNTHETIC PROCESS%GOBP%GO:0009165,0.021451186390867003,0.12716568991766417,0.35248785758361917,-0.334062192148559,-1.3481465131540316,148,
NUCLEOTIDE CATABOLIC PROCESS%GOBP%GO:0009166,0.8377777777777777,0.9786584999699754,0.058718587955594134,-0.22958544624431043,-0.8342967656763595,68,
NUCLEOTIDE CATABOLISM%REACTOME DATABASE ID RELEASE 93%8956319,0.4822546972860125,0.7490654453791126,0.0833634065110386,-0.3461731731558939,-0.9798082556541663,22,
NUCLEOTIDE EXCISION REPAIR IN XERODERMA PIGMENTOSUM %WIKIPATHWAYS_20250810%WP5114%HOMO SAPIENS,2.3864619885518632e-5,4.856843519558297e-4,0.5756102610711286,-0.6312282861204541,-2.108777024985881,43,
NUCLEOTIDE EXCISION REPAIR%REACTOME%R-HSA-5696398.4,4.915195586442518e-5,8.924453162834846e-4,0.557332238758646,-0.4716403080523248,-1.826673488198499,108,
NUCLEOTIDE EXCISION REPAIR%WIKIPATHWAYS_20250810%WP4753%HOMO SAPIENS,1.5601885522418588e-5,3.3212289640826697e-4,0.5756102610711286,-0.6839841387475706,-2.139695311214103,32,
NUCLEOTIDE METABOLISM%REACTOME%R-HSA-15869.7,3.997178466383152e-4,0.005213221492775772,0.49849310876659025,-0.4802890808359199,-1.7681375728785003,79,
NUCLEOTIDE SALVAGE%REACTOME DATABASE ID RELEASE 93%8956321,0.16455696202531644,0.4322829697459376,0.15740289930528326,-0.457637799083167,-1.2620032042839928,20,
NUCLEOTIDE TRANSMEMBRANE TRANSPORT%GOBP%GO:1901679,0.24197002141327623,0.511173170711849,0.1281429168984153,-0.4514618943545312,-1.1732716699698897,16,
NUCLEOTIDE TRANSPORT%GOBP%GO:0006862,0.7889125799573561,0.9514213792583179,0.059603704257597284,-0.26775176755683494,-0.8145293477841548,29,
"NUCLEOTIDE-BINDING DOMAIN, LEUCINE RICH REPEAT CONTAINING RECEPTOR (NLR) SIGNALING PATHWAYS%REACTOME%R-HSA-168643.3",0.7414965986394558,0.9199989062172436,0.06553210292824141,-0.2568423718170503,-0.8677025166341452,45,
NUCLEOTIDE-EXCISION REPAIR%GOBP%GO:0006289,0.007550443278694709,0.059588441557425854,0.40701791892395395,-0.4855535264353937,-1.6790292460752336,50,
NUCLEOTIDE-SUGAR BIOSYNTHETIC PROCESS%GOBP%GO:0009226,0.9757009345794393,1,0.043712583357955095,0.20204972855463438,0.5828145299910127,25,
NUCLEOTIDE-SUGAR METABOLIC PROCESS%GOBP%GO:0009225,1,1,0.04939101059815013,-0.13273774484552575,-0.4222716728465918,34,
NUCLEUS LOCALIZATION%GOBP%GO:0051647,0.81875,0.9680729942540967,0.05676723874874463,-0.2701421600883049,-0.7728269867669628,23,
NUCLEUS ORGANIZATION%GOBP%GO:0006997,0.4688995215311005,0.7376007195998852,0.09255288646847727,-0.2578053430850529,-0.9925045504374932,101,
NUTRIENT STORAGE%GOBP%GO:0170062,0.20934579439252338,0.4842862173003501,0.12878871306171366,0.41929592158267454,1.2094634187953224,25,
O-GLYCOSYLATION OF TSR DOMAIN-CONTAINING PROTEINS%REACTOME%R-HSA-5173214.3,0.20224719101123595,0.4784319921631209,0.13145761164276346,0.39672782996309197,1.1873750537371401,32,
O-LINKED GLYCOSYLATION OF MUCINS%REACTOME%R-HSA-913709.5,0.08872458410351201,0.30391018555500854,0.20429475651688608,0.4479829678062389,1.3609195776419893,34,
O-LINKED GLYCOSYLATION%REACTOME DATABASE ID RELEASE 93%5173105,0.078534031413612565,0.2851863258392362,0.2114001893849227,0.3588892889624089,1.2739863620058167,87,
ODONTOGENESIS OF DENTIN-CONTAINING TOOTH%GOBP%GO:0042475,0.31669865642994244,0.5939852866765517,0.10282184284081514,0.4290760584269395,1.1119258912736083,17,
ODONTOGENESIS%GOBP%GO:0042476,0.5965665236051502,0.8327948756658831,0.07362127410143941,-0.2899143868392171,-0.9123445621820356,33,
OLEFINIC COMPOUND METABOLIC PROCESS%GOBP%GO:0120254,0.018902049008930884,0.11604396054543646,0.35248785758361917,0.4638170910156292,1.5292107968432227,55,
OLIGODENDROCYTE DEVELOPMENT%GOBP%GO:0014003,0.7343096234309623,0.9151261982153677,0.06211241889494712,-0.30341362771292024,-0.8223914629925696,19,
OLIGODENDROCYTE DIFFERENTIATION%GOBP%GO:0048709,0.8436830835117773,0.9816760653385204,0.056648418361399534,-0.26399919929896437,-0.7696552984916927,26,
OLIGODENDROCYTE SPECIFICATION AND DIFFERENTIATION LEADING TO MYELIN COMPONENTS FOR CNS%WIKIPATHWAYS_20250810%WP4304%HOMO SAPIENS,0.12368972746331237,0.3690763296381115,0.18302393838448722,-0.5285743741640696,-1.3463886380110868,15,
OLIGOSACCHARIDE BIOSYNTHETIC PROCESS%GOBP%GO:0009312,0.048598130841121495,0.22241450984618702,0.28201335001172506,0.5818271162163446,1.503581681898453,16,
OLIGOSACCHARIDE METABOLIC PROCESS%GOBP%GO:0009311,0.4515539305301645,0.7188635065975914,0.07977059186284526,0.3263803745512112,1.0000874054905375,36,
OMEGA 6 FATTY ACIDS IN SENESCENCE%WIKIPATHWAYS_20250810%WP5424%HOMO SAPIENS,0.8354430379746836,0.9767291987067442,0.056411838821759604,-0.27187834609803774,-0.7497443275851479,20,
ONCOGENE INDUCED SENESCENCE%REACTOME DATABASE ID RELEASE 93%2559585,0.026410599302062524,0.14673728972225938,0.35248785758361917,-0.5050066722339133,-1.5640345896187784,31,
ONCOGENIC MAPK SIGNALING%REACTOME DATABASE ID RELEASE 93%6802957,0.10590277777777778,0.33738293195718655,0.1797823162983236,0.3614326951811052,1.260881335127759,75,
ONCOSTATIN M SIGNALING%WIKIPATHWAYS_20250810%WP2374%HOMO SAPIENS,0.017927134769287076,0.11165914892914156,0.35248785758361917,0.4782125910699322,1.5456516869500017,47,
ONE CARBON METABOLISM%WIKIPATHWAYS_20250810%WP241%HOMO SAPIENS,0.062370062370062374,0.2506096013484063,0.2616635217115731,-0.5516449784762044,-1.4606840571689552,17,
OOCYTE DEVELOPMENT%GOBP%GO:0048599,0.236084452975048,0.5041551970451933,0.12210792028708148,0.45849472440857236,1.188162669693809,17,
OOCYTE DIFFERENTIATION%GOBP%GO:0009994,0.5248091603053435,0.784590705260232,0.07417589655880091,0.3519671207600813,0.9431106547518536,19,
OOGENESIS%GOBP%GO:0048477,0.7734082397003745,0.9394525972398954,0.054455595394037055,0.27233135248113444,0.8150662239063933,32,
OPIOID PROENKEPHALIN PATHWAY%PANTHER PATHWAY%P05915,0.1869747899159664,0.464178700971005,0.14641623786055022,-0.4664668037296994,-1.2409395553611642,18,
OPIOID PROOPIOMELANOCORTIN PATHWAY%PANTHER PATHWAY%P05917,0.20920502092050208,0.4842862173003501,0.1372507796101328,-0.45346844925080776,-1.2291095301533261,19,
OPIOID SIGNALLING%REACTOME%R-HSA-111885.4,0.28738317757009346,0.5646860476326061,0.12210792028708148,-0.30298445269745905,-1.1004431222591722,74,
ORC1 REMOVAL FROM CHROMATIN%REACTOME%R-HSA-68949.5,3.3025294552549884e-7,9.812221205024982e-6,0.674962860011025,-0.6437138933308014,-2.2832667675546383,57,
OREXIN RECEPTOR PATHWAY%WIKIPATHWAYS_20250810%WP5094%HOMO SAPIENS,0.8028419182948491,0.9593791741260167,0.050294806366235845,0.2521383178663385,0.8151113763544221,50,
ORGAN GROWTH%GOBP%GO:0035265,0.15631691648822268,0.4222152591193803,0.16318012718068908,-0.4197418032247439,-1.2237025858723842,26,
ORGANELLE DISASSEMBLY%GOBP%GO:1903008,0.9801762114537445,1,0.05101141320391501,-0.19060869445179007,-0.6922934509155583,69,
ORGANELLE FUSION%GOBP%GO:0048284,0.13184931506849315,0.3830430051130696,0.15851410542482433,0.33061154647741786,1.2097391105375466,108,
ORGANELLE LOCALIZATION BY MEMBRANE TETHERING%GOBP%GO:0140056,0.014579347431871809,0.09607806537294643,0.3807304007227924,0.4541944492449034,1.5340112468214697,61,
ORGANELLE MEMBRANE FUSION%GOBP%GO:0090174,0.046875,0.2194081718618366,0.27650059925447157,0.38470468129805213,1.3696410881725392,88,
ORGANELLE TRANSPORT ALONG MICROTUBULE%GOBP%GO:0072384,0.24113475177304963,0.5105734302023871,0.11524000314778066,0.3241895812569767,1.1225467832048894,71,
ORGANIC ACID BIOSYNTHETIC PROCESS%GOBP%GO:0016053,0.45544554455445546,0.7231938969832965,0.07399014391013414,0.25805017434635874,0.9993793764323781,151,
ORGANIC ACID CATABOLIC PROCESS%GOBP%GO:0016054,0.8874388254486134,0.9973604368932039,0.0418238690062304,0.21050398448810187,0.8203832693834642,157,
ORGANIC ACID TRANSMEMBRANE TRANSPORT%GOBP%GO:1903825,0.07876712328767123,0.2854730182559043,0.2089550275493539,0.3724154735919869,1.308110216407345,77,
ORGANIC ACID TRANSPORT%GOBP%GO:0015849,0.004268574974479277,0.037764653755106466,0.40701791892395395,0.39252732235661614,1.5057262211659728,141,
ORGANIC ANION TRANSPORT%GOBP%GO:0015711,0.04145936981757877,0.20277135449512998,0.2878571172551493,0.3255869884940027,1.302235736477218,197,
ORGANIC CATION TRANSPORT%GOBP%GO:0015695,0.004133709722560779,0.036972506269214875,0.40701791892395395,0.491169227099195,1.6515065223801206,60,
ORGANIC HYDROXY COMPOUND TRANSPORT%GOBP%GO:0015850,0.2696245733788396,0.5465283216683082,0.10552093684319848,0.31443499354435045,1.1070374730484076,78,
ORGANOPHOSPHATE CATABOLIC PROCESS%GOBP%GO:0046434,0.1493975903614458,0.41261975330313194,0.17821987495197314,-0.29999692898688696,-1.172547737629803,118,
ORGANOPHOSPHATE ESTER TRANSPORT%GOBP%GO:0015748,0.4669811320754717,0.7352074723183114,0.09196861400004266,-0.25568687121395567,-0.985764505896614,102,
ORNITHINE AMINOTRANSFERASE DEFICIENCY (OAT DEFICIENCY)%SMPDB%SMP0000363,0.5428571428571428,0.7945506548246274,0.07235708510369071,0.3718743743724891,0.9392421151130022,15,
OSSIFICATION%GOBP%GO:0001503,0.7188264058679706,0.9074754626226869,0.07078990945026231,-0.2326403556647737,-0.9068648870233879,114,
OSTEOARTHRITIC CHONDROCYTE HYPERTROPHY%WIKIPATHWAYS_20250810%WP5373%HOMO SAPIENS,5.338842285098296e-4,0.0067877820906192534,0.47727081536286214,0.6399920509895404,1.9154456494916008,32,
OSTEOBLAST DIFFERENTIATION AND RELATED DISEASES%WIKIPATHWAYS_20250810%WP4787%HOMO SAPIENS,0.2146118721461187,0.4903985257646735,0.14205664357582118,-0.3121068246775343,-1.1309215438139693,71,
OSTEOBLAST DIFFERENTIATION%GOBP%GO:0001649,0.7926829268292683,0.9530208955606196,0.04999139140245922,0.23718737325339262,0.8272647682154154,74,
OSTEOCLAST DIFFERENTIATION%GOBP%GO:0030316,0.05490644409114674,0.2394507090819555,0.3217759180753611,0.5441804298766431,1.5178187837530595,22,
OSTEOPONTIN-MEDIATED EVENTS%PATHWAY INTERACTION DATABASE NCI-NATURE CURATED DATA%OSTEOPONTIN-MEDIATED EVENTS,0.019507951531306765,0.11884449419730306,0.35248785758361917,0.54762024650183,1.608720786109147,29,
OTHER INTERLEUKIN SIGNALING%REACTOME%R-HSA-449836.12,0.12022900763358779,0.3645305586488243,0.17669426893849804,0.5019888759439947,1.3451002367701343,19,
OTHER SEMAPHORIN INTERACTIONS%REACTOME DATABASE ID RELEASE 93%416700,0.7831775700934579,0.9471777491160758,0.053787280776029955,0.29719672632656846,0.7680280639561277,16,
OUTFLOW TRACT MORPHOGENESIS%GOBP%GO:0003151,0.6654478976234004,0.876769772230591,0.06037863579204014,0.28303440345798925,0.881154576335165,40,
OUTFLOW TRACT SEPTUM MORPHOGENESIS%GOBP%GO:0003148,0.2691588785046729,0.546182150829789,0.11146266692298015,0.45387957215218544,1.1729343501793326,16,
OVARIAN FOLLICLE DEVELOPMENT%GOBP%GO:0001541,0.18095238095238095,0.4547886668676857,0.14122511964253093,0.5032687031219056,1.2711044206475053,15,
OVARIAN INFERTILITY%WIKIPATHWAYS_20250810%WP34%HOMO SAPIENS,0.17118997912317327,0.4406209108143064,0.15315880868307333,-0.43281175016076007,-1.2250300105163447,22,
OVARIAN TUMOR DOMAIN PROTEASES%REACTOME DATABASE ID RELEASE 93%5689896,0.5959780621572212,0.8323916825906286,0.06568136019340105,0.301486873504707,0.923809299279626,36,
OVERLAP BETWEEN SIGNAL TRANSDUCTION PATHWAYS CONTRIBUTING TO LMNA LAMINOPATHIES%WIKIPATHWAYS_20250810%WP4879%HOMO SAPIENS,0.020846949235189337,0.12481212279171547,0.35248785758361917,0.4909728178162599,1.5256250459300358,39,
OVERVIEW OF PROINFLAMMATORY AND PROFIBROTIC MEDIATORS%WIKIPATHWAYS_20250810%WP5095%HOMO SAPIENS,0.09560229445506692,0.3167360453144614,0.19991523130966152,0.4963749443369537,1.384480537952813,22,
OXAPROZIN ACTION PATHWAY%PATHWHIZ%PW000262,0.20373831775700935,0.4784319921631209,0.13077713797197438,0.4780504855616798,1.235397823648238,16,
OXIDATION BY CYTOCHROME P450%WIKIPATHWAYS_20250810%WP43%HOMO SAPIENS,0.6701680672268907,0.8800410733898852,0.06674261342419166,-0.3237268070937684,-0.8612089795916444,18,
OXIDATIVE DAMAGE RESPONSE%WIKIPATHWAYS_20250810%WP3941%HOMO SAPIENS,0.6680761099365751,0.8787478377858928,0.06720650937104644,-0.28495930488695237,-0.882535289099072,31,
OXIDATIVE PHOSPHORYLATION%GOBP%GO:0006119,0.013493762963009139,0.09110781088450162,0.3807304007227924,-0.38714874472009936,-1.483614974876663,94,
OXIDATIVE PHOSPHORYLATION%WIKIPATHWAYS_20250810%WP623%HOMO SAPIENS,0.7040358744394619,0.8988809019790746,0.0675188953767744,-0.2652292828709228,-0.8806954237849793,41,
OXIDATIVE STRESS INDUCED SENESCENCE%REACTOME DATABASE ID RELEASE 93%2559580,6.955484636663516e-4,0.008474708912566336,0.47727081536286214,-0.4634725208001952,-1.6891158398850652,76,
OXIDATIVE STRESS RESPONSE%PANTHER PATHWAY%P00046,0.4474187380497132,0.715057915057915,0.08266464491237528,0.36069500889658224,1.006044373615773,22,
OXIDATIVE STRESS RESPONSE%WIKIPATHWAYS_20250810%WP408%HOMO SAPIENS,0.45794392523364486,0.7255644772879211,0.08020234446981443,0.3897293847211283,1.0071547843541049,16,
OXPRENOLOL ACTION PATHWAY%PATHWHIZ%PW000372,0.32532347504621073,0.5939852866765517,0.09889030075206362,0.3568782490434134,1.0841541550924358,34,
OXYBUPROCAINE ACTION PATHWAY%SMPDB%SMP0000400,0.23106060606060605,0.4977792661003207,0.12267918956880833,0.436121700543469,1.1946677967471409,20,
OXYCODONE ACTION PATHWAY%SMPDB%SMP0000409,0.23106060606060605,0.4977792661003207,0.12267918956880833,0.436121700543469,1.1946677967471409,20,
OXYGEN-DEPENDENT PROLINE HYDROXYLATION OF HYPOXIA-INDUCIBLE FACTOR ALPHA%REACTOME DATABASE ID RELEASE 93%1234176,0.04134540908508243,0.2025706286390811,0.3217759180753611,-0.4159083474531952,-1.4542474254497257,52,
OXYMORPHONE ACTION PATHWAY%PATHWHIZ%PW000418,0.23106060606060605,0.4977792661003207,0.12267918956880833,0.436121700543469,1.1946677967471409,20,
OXYSTEROLS DERIVED FROM CHOLESTEROL%WIKIPATHWAYS_20250810%WP4545%HOMO SAPIENS,0.9766454352441614,1,0.04949048661354951,-0.21840625850190604,-0.6053888065155346,21,
OXYTOCIN RECEPTOR MEDIATED SIGNALING PATHWAY%PANTHER PATHWAY%P04391,0.7970401691331924,0.9558288753947803,0.058718587955594134,-0.2584641652052181,-0.8004783239193738,31,
P38 MAPK PATHWAY%PANTHER PATHWAY%P05918,0.9703389830508474,1,0.049690139272460555,-0.19920580176784392,-0.5914797143030138,27,
P38 MAPK SIGNALING PATHWAY%PATHWAY INTERACTION DATABASE NCI-NATURE CURATED DATA%P38 MAPK SIGNALING PATHWAY,0.9754716981132076,1,0.044152305844146505,0.2008675156212273,0.5859107788872615,27,
P38 MAPK SIGNALING%WIKIPATHWAYS_20250810%WP400%HOMO SAPIENS,0.48785046728971965,0.7541728425881142,0.07687367341265418,0.3345463155899362,0.9747939110410301,26,
P38 SIGNALING MEDIATED BY MAPKAP KINASES%PATHWAY INTERACTION DATABASE NCI-NATURE CURATED DATA%P38 SIGNALING MEDIATED BY MAPKAP KINASES,0.6113445378151261,0.8428362908438811,0.07130529873400379,-0.3389806868942655,-0.9017888079220016,18,
P53 PATHWAY BY GLUCOSE DEPRIVATION%PANTHER PATHWAY%P04397,0.602510460251046,0.8361602791031758,0.07182762936038092,-0.33394046077661954,-0.9051333196884037,19,
P53 PATHWAY FEEDBACK LOOPS 2%PANTHER PATHWAY%P04398,0.03694427225668095,0.18553300408710355,0.3217759180753611,-0.4823426819584001,-1.5442104461492614,35,
P53 PATHWAY%PANTHER PATHWAY%P00059,0.007235341835777981,0.05826023078200357,0.40701791892395395,-0.5228074306325025,-1.716963711274229,39,
P53 PATHWAY%PATHWAY INTERACTION DATABASE NCI-NATURE CURATED DATA%P53 PATHWAY,0.13288288288288289,0.3845788424175705,0.18302393838448722,-0.3407760262901233,-1.2087397585618236,57,
P53 TRANSCRIPTIONAL GENE NETWORK%WIKIPATHWAYS_20250810%WP4963%HOMO SAPIENS,0.32819383259911894,0.5966770071730055,0.10925003948071095,-0.29147928780211974,-1.058656860345772,69,
P53-DEPENDENT G1 DNA DAMAGE RESPONSE%REACTOME%R-HSA-69563.6,0.001189988092598821,0.01349300784179398,0.45505986738722953,-0.513485370031162,-1.7874899796233443,51,
P53-DEPENDENT G1 S DNA DAMAGE CHECKPOINT%REACTOME DATABASE ID RELEASE 93%69580,0.001189988092598821,0.01349300784179398,0.45505986738722953,-0.513485370031162,-1.7874899796233443,51,
P53-INDEPENDENT G1 S DNA DAMAGE CHECKPOINT%REACTOME DATABASE ID RELEASE 93%69613,0.0019543411030481695,0.02033393102722028,0.4317076958033464,-0.5401626607447254,-1.82300043147091,44,
P73 TRANSCRIPTION FACTOR NETWORK%PATHWAY INTERACTION DATABASE NCI-NATURE CURATED DATA%P73 TRANSCRIPTION FACTOR NETWORK,0.1288888888888889,0.37829195280859307,0.1847064712077387,-0.3325834513520001,-1.208584003557372,68,
P75 NTR RECEPTOR-MEDIATED SIGNALLING%REACTOME DATABASE ID RELEASE 93%193704,0.8534031413612565,0.9842121348970663,0.04669480412820537,0.22554014196209957,0.800188978350826,86,
P75(NTR)-MEDIATED SIGNALING%PATHWAY INTERACTION DATABASE NCI-NATURE CURATED DATA%P75(NTR)-MEDIATED SIGNALING,0.2852112676056338,0.5615286331739552,0.10395847155995677,0.32813183326488043,1.1023249902836207,58,
P75NTR SIGNALS VIA NF-KB%REACTOME DATABASE ID RELEASE 93%193639,0.15047619047619049,0.41261975330313194,0.1563124030731863,0.5184600564764328,1.309473181281286,15,
PACKAGING OF TELOMERE ENDS%REACTOME DATABASE ID RELEASE 93%171306,0.026840380126031068,0.147648665326959,0.35248785758361917,-0.5873698680128794,-1.6280996058379935,21,
PALLIUM DEVELOPMENT%GOBP%GO:0021543,0.05855855855855856,0.24399766536524,0.28201335001172506,-0.38131978659610744,-1.3525493321898732,57,
PAMIDRONATE ACTION PATHWAY%PATHWHIZ%PW000273,3.8789317577938914e-4,0.005082864350543128,0.49849310876659025,-0.7175340885269536,-1.9888949541423213,21,
PANCREAS DEVELOPMENT%GOBP%GO:0031016,0.5124282982791587,0.77597482290515285,0.0755015292281669,0.34578908520539914,0.9644690252101052,22,
PANCREAS FUNCTION - BETA CELL%PATHWHIZ%PW122285,0.17570093457943925,0.44738514781089117,0.14205664357582118,0.48623396574351474,1.2565459113750581,16,
PANCREATIC ADENOCARCINOMA PATHWAY%WIKIPATHWAYS_20250810%WP4263%HOMO SAPIENS,0.5342163355408388,0.790862232950946,0.08085891502800323,-0.26377579374792337,-0.9577286836462111,67,
PAR1-MEDIATED THROMBIN SIGNALING EVENTS%PATHWAY INTERACTION DATABASE NCI-NATURE CURATED DATA%PAR1-MEDIATED THROMBIN SIGNALING EVENTS,0.9945155393053017,1,0.0418238690062304,0.17132426988922456,0.524967975806373,36,
PARADOXICAL ACTIVATION OF RAF SIGNALING BY KINASE INACTIVE BRAF%REACTOME DATABASE ID RELEASE 93%6802955,0.9911504424778761,1,0.050702793702934776,-0.1700841184149154,-0.5521241935637692,38,
PARASITE INFECTION%REACTOME DATABASE ID RELEASE 93%9664407,0.18641114982578397,0.46326672932900764,0.13214726060877433,0.36796040062720714,1.1915616600649745,48,
PARASITIC INFECTION PATHWAYS%REACTOME%R-HSA-9824443.2,0.3833049403747871,0.6539146453791833,0.0847985102819124,0.2778601289457971,1.0372423472825176,118,
PARKIN UBIQUITIN PROTEASOMAL SYSTEM PATHWAY%WIKIPATHWAYS_20250810%WP2359%HOMO SAPIENS,0.9508928571428571,1,0.05302125120430776,-0.2011542916086087,-0.6788776549070266,44,
PARKINSON 39 S DISEASE PATHWAY%WIKIPATHWAYS_20250810%WP2371%HOMO SAPIENS,0.018542550948037577,0.1145966774942122,0.35248785758361917,-0.5285093907481188,-1.5692443727641368,27,
PARKINSON DISEASE%PANTHER PATHWAY%P00049,0.11428571428571428,0.3543367346938775,0.19578900214894943,-0.3832982454448828,-1.2713792956880332,40,
PATHOGENIC ESCHERICHIA COLI INFECTION%WIKIPATHWAYS_20250810%WP2272%HOMO SAPIENS,0.01308392098680084,0.08908610907189395,0.3807304007227924,0.51064551152008,1.5867550171755929,39,
PATHWAYS AFFECTED IN ADENOID CYSTIC CARCINOMA%WIKIPATHWAYS_20250810%WP3651%HOMO SAPIENS,0.01432123073862423,0.0948376138066701,0.3807304007227924,-0.46024021103944085,-1.578494207284979,49,
PATHWAYS INTO METHIONINE AND FOLATE CYCLES%WIKIPATHWAYS_20250810%WP5488%HOMO SAPIENS,0.04416428175273067,0.21142295128034003,0.3217759180753611,-0.5219786958142654,-1.4932849523037182,23,
PATTERN RECOGNITION RECEPTOR SIGNALING PATHWAY%GOBP%GO:0002221,0.08304498269896193,0.29351012969175094,0.20429475651688608,0.36493412247683077,1.284312128368889,80,
PATTERN SPECIFICATION PROCESS%GOBP%GO:0007389,0.33080808080808083,0.6000186156629325,0.11776578836269024,-0.25331301705923,-1.03923416344949,169,
PAUSING AND RECOVERY OF HIV ELONGATION%REACTOME%R-HSA-167290.4,0.7315010570824524,0.9141295261246302,0.06280039778122341,-0.2759797979613024,-0.8547252418232356,31,
PAUSING AND RECOVERY OF TAT-MEDIATED HIV ELONGATION%REACTOME%R-HSA-167238.4,0.6993603411513859,0.8963116795633415,0.06538341954687732,-0.28283675501751016,-0.8604194836730533,29,
PCNA-DEPENDENT LONG PATCH BASE EXCISION REPAIR%REACTOME%R-HSA-5651801.3,2.309438497833445e-6,5.885890043102119e-5,0.6272567397185284,-0.800462572237579,-2.218760051068014,21,
PCP CE PATHWAY%REACTOME%R-HSA-4086400.4,0.7453271028037384,0.9218743149488924,0.06674261342419166,-0.23904351613611047,-0.8682088830323612,74,
PDGF PATHWAY%WIKIPATHWAYS_20250810%WP2526%HOMO SAPIENS,0.6924528301886792,0.8930876357806398,0.059989249649032995,0.29078442736061016,0.8610119262390431,30,
PDGF SIGNALING PATHWAY%PANTHER PATHWAY%P00047,0.06335616438356165,0.2530765867066467,0.2343926472946861,0.35307891131090835,1.2915045982167066,104,
PDGFR BETA PATHWAY%WIKIPATHWAYS_20250810%WP3972%HOMO SAPIENS,0.1694915254237288,0.4379976350019708,0.1455161460903603,0.4611494990682879,1.2767207953120618,21,
PDGFR-ALPHA SIGNALING PATHWAY%PATHWAY INTERACTION DATABASE NCI-NATURE CURATED DATA%PDGFR-ALPHA SIGNALING PATHWAY,0.609704641350211,0.8414235301847061,0.07165273668294567,-0.32347597994707294,-0.8920323540143654,20,
PDGFR-BETA SIGNALING PATHWAY%PATHWAY INTERACTION DATABASE NCI-NATURE CURATED DATA%PDGFR-BETA SIGNALING PATHWAY,0.4423728813559322,0.7128259074285265,0.07687367341265418,0.2693370703530529,1.0025612782099178,116,
PENBUTOLOL ACTION PATHWAY%SMPDB%SMP0000305,0.32532347504621073,0.5939852866765517,0.09889030075206362,0.3568782490434134,1.0841541550924358,34,
PENTAZOCINE ACTION PATHWAY%SMPDB%SMP0000686,0.23106060606060605,0.4977792661003207,0.12267918956880833,0.436121700543469,1.1946677967471409,20,
PEPTIDE CHAIN ELONGATION%REACTOME%R-HSA-156902.4,1.6550483661339875e-7,5.284740644965767e-6,0.6901324587967956,0.5957133640656138,2.109385973190043,85,
PEPTIDE GPCRS%WIKIPATHWAYS_20250810%WP24%HOMO SAPIENS,0.00910991358908695,0.06793916765230483,0.3807304007227924,-0.6155193655066148,-1.6683425702229515,19,
PEPTIDE HORMONE METABOLISM%REACTOME%R-HSA-2980736.5,0.2764084507042254,0.5528169014084507,0.10592029273625286,0.34700128258703633,1.1217987781118246,49,
PEPTIDE HORMONE PROCESSING%GOBP%GO:0016486,0.09282700421940929,0.31100330525642395,0.21392785549235627,-0.49510832956070305,-1.3653336757258367,20,
PEPTIDE HORMONE SECRETION%GOBP%GO:0030072,0.13358778625954199,0.3857659773690308,0.16693384871319314,0.49492972440861815,1.3261849443071783,19,
PEPTIDE LIGAND-BINDING RECEPTORS%REACTOME DATABASE ID RELEASE 93%375276,0.06519742689245603,0.2570879374126939,0.2878051305355643,-0.40867629050262977,-1.3779984033261548,47,
PEPTIDE METABOLIC PROCESS%GOBP%GO:0006518,0.7599243856332704,0.9293726362708453,0.055710422676667086,0.27682636819671,0.8243431693701206,31,
PEPTIDE SECRETION%GOBP%GO:0002790,0.13358778625954199,0.3857659773690308,0.16693384871319314,0.49492972440861815,1.3261849443071783,19,
PEPTIDE TRANSPORT%GOBP%GO:0015833,0.6104868913857678,0.8420717896075784,0.06568136019340105,0.30453705510984763,0.9114553476363021,32,
PEPTIDYL-CYSTEINE MODIFICATION%GOBP%GO:0018198,0.9521829521829522,1,0.049690139272460555,-0.23371612942548342,-0.6188498717019784,17,
PEPTIDYL-LYSINE METHYLATION%GOBP%GO:0018022,0.3147751605995717,0.5928443363699053,0.11012226383553594,-0.42614296490469883,-1.107472135149955,16,
PEPTIDYL-LYSINE MODIFICATION%GOBP%GO:0018205,0.3340961098398169,0.6042441361556063,0.11056471633661853,-0.27918506113211394,-1.0657409544601693,91,
PEPTIDYL-SERINE MODIFICATION%GOBP%GO:0018209,0.6453382084095064,0.8655693871211112,0.061840603575328466,0.2901557508858825,0.8890887281155739,36,
PEPTIDYL-SERINE PHOSPHORYLATION%GOBP%GO:0018105,0.5973782771535581,0.833509218449314,0.06674261342419166,0.30339470530707935,0.9205123356611947,35,
PEPTIDYL-THREONINE MODIFICATION%GOBP%GO:0018210,0.4873417721518987,0.7538059259676919,0.0833634065110386,-0.35443754157333707,-0.9774133912893934,20,
PEPTIDYL-THREONINE PHOSPHORYLATION%GOBP%GO:0018107,0.4873417721518987,0.7538059259676919,0.0833634065110386,-0.35443754157333707,-0.9774133912893934,20,
PEPTIDYL-TYROSINE DEPHOSPHORYLATION%GOBP%GO:0035335,0.20722433460076045,0.4825391462874372,0.13077713797197438,0.4604316438404401,1.2225203209176494,18,
PEPTIDYL-TYROSINE MODIFICATION%GOBP%GO:0018212,0.051094890510948905,0.22986494872779928,0.27128855468895297,0.46016433540282353,1.4167813960767073,37,
PEPTIDYL-TYROSINE PHOSPHORYLATION%GOBP%GO:0018108,0.08043875685557587,0.2885567545732587,0.21392785549235627,0.44673408767845646,1.3688725472690093,36,
PERIPHERAL NERVOUS SYSTEM DEVELOPMENT%GOBP%GO:0007422,0.17169811320754716,0.4408069001272564,0.1446305280344838,0.4150626614744543,1.2289994512767841,30,
PERK REGULATES GENE EXPRESSION%REACTOME%R-HSA-381042.3,0.05849056603773585,0.24397416284208734,0.25720646646883816,0.4752302265769097,1.4071554536328983,30,
PEROXISOMAL LIPID METABOLISM%REACTOME DATABASE ID RELEASE 93%390918,0.7404580152671756,0.9192793924641323,0.057366742676855584,0.2999159695821121,0.803637413154652,19,
PEROXISOMAL MEMBRANE TRANSPORT%GOBP%GO:0015919,0.9943502824858758,1,0.04319019983341822,0.16914845977624504,0.46829793055756697,21,
PEROXISOMAL PROTEIN IMPORT%REACTOME%R-HSA-9033241.5,0.9803571428571428,1,0.041404427376027834,0.19823977306252427,0.6505119077004632,53,
PEROXISOMAL TRANSPORT%GOBP%GO:0043574,0.9943502824858758,1,0.04319019983341822,0.16914845977624504,0.46829793055756697,21,
PEROXISOME ORGANIZATION%GOBP%GO:0007031,0.702247191011236,0.8985917533989929,0.05896944666909967,0.28451425826073046,0.8515286984599635,32,
PERTURBATIONS TO HOST CELL AUTOPHAGY INDUCED BY SARS COV 2 PROTEINS%WIKIPATHWAYS_20250810%WP4936%HOMO SAPIENS,0.010682336824282112,0.07639881121331094,0.3807304007227924,0.528696363319725,1.6200195094810863,36,
PEXOPHAGY%GOBP%GO:0000425,0.04805454390296799,0.22120219214986755,0.3217759180753611,0.5886490197227718,1.5212111269037778,16,
PHAGOCYTOSIS%GOBP%GO:0006909,0.21243523316062177,0.4883285707242096,0.12210792028708148,0.3246587958618333,1.1460980334710027,81,
"PHAGOCYTOSIS, ENGULFMENT%GOBP%GO:0006911",0.6985446985446986,0.895917438853727,0.06421408818446053,-0.3205113174548676,-0.8486722254623724,17,
PHAGOSOME MATURATION%GOBP%GO:0090382,0.2695984703632887,0.5465283216683082,0.11284335567556247,0.4149577857281219,1.157393186273702,22,
PHASE 0 - RAPID DEPOLARISATION%REACTOME%R-HSA-5576892.4,0.573076923076923,0.8163608405945669,0.07011321576425601,0.31857460034654717,0.9279972703038801,28,
PHASE I - FUNCTIONALIZATION OF COMPOUNDS%REACTOME%R-HSA-211945.8,0.6945701357466063,0.8930876357806398,0.06863256318367258,-0.2547929127015684,-0.8979216939597812,54,
PHASE II - CONJUGATION OF COMPOUNDS%REACTOME%R-HSA-156580.4,0.1619718309859155,0.4306125192771561,0.14375898903927542,0.3785731150172987,1.2238653836844886,49,
PHENOL-CONTAINING COMPOUND METABOLIC PROCESS%GOBP%GO:0018958,0.6638115631691649,0.8756260790522034,0.06815134386794833,-0.30591971989610406,-0.8864650108048978,25,
PHENYLBUTAZONE ACTION PATHWAY%PATHWHIZ%PW000678,0.20373831775700935,0.4784319921631209,0.13077713797197438,0.4780504855616798,1.235397823648238,16,
PHENYTOIN (ANTIARRHYTHMIC) ACTION PATHWAY%PATHWHIZ%PW000380,0.04655172413793104,0.2189575919656162,0.27650059925447157,0.4390115060003382,1.4189481571819453,47,
PHOSPHATIDIC ACID BIOSYNTHETIC PROCESS%GOBP%GO:0006654,0.3038461538461538,0.5815877471109032,0.10552093684319848,0.3815825470832108,1.1115373344379036,28,
PHOSPHATIDIC ACID METABOLIC PROCESS%GOBP%GO:0046473,0.47547169811320755,0.7439371317141596,0.07871138069864847,0.33904357223278914,1.0039071275474487,30,
PHOSPHATIDYL INOSITOL PHOSPHATE PATHWAY%WIKIPATHWAYS_20250810%WP5411%HOMO SAPIENS,0.5859519408502772,0.8262814678589189,0.06705125798294667,0.30382425624273796,0.9229823636109677,34,
PHOSPHATIDYLCHOLINE BIOSYNTHETIC PROCESS%GOBP%GO:0006656,0.25363825363825365,0.5277955570090401,0.12267918956880833,-0.4327556013678213,-1.1458804706509391,17,
PHOSPHATIDYLCHOLINE METABOLIC PROCESS%GOBP%GO:0046470,0.8036117381489842,0.9597736064393286,0.06143641072012707,-0.2418120426370298,-0.8057821506108878,42,
PHOSPHATIDYLETHANOLAMINE METABOLIC PROCESS%GOBP%GO:0046337,0.997907949790795,1,0.047829963311422925,-0.17055572809476607,-0.4622850193213149,19,
PHOSPHATIDYLGLYCEROL METABOLIC PROCESS%GOBP%GO:0046471,0.9578059071729957,1,0.05009228744021063,-0.2314723844756822,-0.6383189751738148,20,
PHOSPHATIDYLINOSITOL 3-KINASE/PROTEIN KINASE B SIGNAL TRANSDUCTION%GOBP%GO:0043491,0.13432835820895522,0.38679327109629996,0.16440575583821013,0.4254618778653297,1.2820049611485274,33,
PHOSPHATIDYLINOSITOL BIOSYNTHETIC PROCESS%GOBP%GO:0006661,0.2921739130434783,0.5695853546910755,0.10171390228231093,0.3072423146943629,1.0961880377254807,89,
PHOSPHATIDYLINOSITOL DEPHOSPHORYLATION%GOBP%GO:0046856,0.467680608365019,0.735891662440115,0.07998588014999461,0.3729218889001378,0.9901677988348765,18,
PHOSPHATIDYLINOSITOL METABOLIC PROCESS%GOBP%GO:0046488,0.3150684931506849,0.5928835447866243,0.09624060232812902,0.29173236859548246,1.0681524059306495,107,
PHOSPHATIDYLINOSITOL PHOSPHATE BIOSYNTHETIC PROCESS%GOBP%GO:0046854,0.603290676416819,0.836506862533528,0.06508775669173134,0.2995974060287553,0.9180196355218659,36,
PHOSPHATIDYLINOSITOL PHOSPHATE METABOLISM%SMPDB%SMP0000463,0.3465160075329567,0.6200460347353003,0.09624060232812902,0.3879462082713849,1.074052975365363,21,
PHOSPHATIDYLINOSITOL-MEDIATED SIGNALING%GOBP%GO:0048015,0.9980916030534351,1,0.043625124000060564,0.1645286515651853,0.44086141900979553,19,
PHOSPHATIDYLSERINE METABOLIC PROCESS%GOBP%GO:0006658,0.13097713097713098,0.3823126402393418,0.17669426893849804,-0.4950884412119219,-1.3109297123749277,17,
PHOSPHODIESTERASES IN NEURONAL FUNCTION%WIKIPATHWAYS_20250810%WP4222%HOMO SAPIENS,0.3678646934460888,0.64124918172129175,0.09957912004959042,-0.3418855572451658,-1.0588391532673727,31,
PHOSPHOENOLPYRUVATE CARBOXYKINASE DEFICIENCY 1 (PEPCK1)%SMPDB%SMP0000560,0.3492723492723493,0.6218736181928992,0.10171390228231093,-0.4067109350892221,-1.076917586383378,17,
PHOSPHOINOSITIDES METABOLISM%WIKIPATHWAYS_20250810%WP4971%HOMO SAPIENS,0.18795620437956204,0.4651602100369027,0.13500203382863138,0.3961038737123359,1.2195482266097224,37,
PHOSPHOLIPASE C-ACTIVATING G PROTEIN-COUPLED RECEPTOR SIGNALING PATHWAY%GOBP%GO:0007200,0.046511627906976744,0.2189575919656162,0.28201335001172506,0.438401729300433,1.4227647461657627,51,
PHOSPHOLIPID BIOSYNTHESIS%SMPDB%SMP0000025,0.9979123173277662,1,0.0477342401407188,-0.16878270985214566,-0.47772243879319926,22,
PHOSPHOLIPID BIOSYNTHETIC PROCESS%GOBP%GO:0008654,0.986644407345576,1,0.03800562415813769,0.18594991761175345,0.7368117250554949,182,
PHOSPHOLIPID CATABOLIC PROCESS%GOBP%GO:0009395,0.7480769230769231,0.9237792944507244,0.057246113520288446,0.28220705137492025,0.822059803422967,28,
PHOSPHOLIPID DEPHOSPHORYLATION%GOBP%GO:0046839,0.26454033771106944,0.5405612785298646,0.11284335567556247,0.38495998310031826,1.1308806250129,29,
PHOSPHOLIPID METABOLISM%REACTOME DATABASE ID RELEASE 93%1483257,0.9060402684563759,1,0.04216194300924518,0.207863224161757,0.8217057036484567,175,
PHOSPHOLIPID TRANSLOCATION%GOBP%GO:0045332,0.06553911205073996,0.2578861944432799,0.25720646646883816,-0.4438550965803461,-1.3746446571872168,31,
PHOSPHOLIPID TRANSPORT%GOBP%GO:0015914,0.3995433789954338,0.6702214494330911,0.09923333437711905,-0.2857778648272776,-1.0220478330923441,59,
PHOSPHORYLATED BMAL1:CLOCK (ARNTL:CLOCK) ACTIVATES EXPRESSION OF CORE CLOCK GENES%REACTOME DATABASE ID RELEASE 93%9931510,0.021270542770318954,0.12672419265541338,0.35248785758361917,0.6075938841322077,1.6280732832364575,19,
PHOSPHORYLATION OF THE APC C%REACTOME DATABASE ID RELEASE 93%176412,0.09282700421940929,0.31100330525642395,0.21392785549235627,-0.4951392146537726,-1.3654188458898757,20,
PHOTODYNAMIC THERAPY INDUCED AP 1 SURVIVAL SIGNALING%WIKIPATHWAYS_20250810%WP3611%HOMO SAPIENS,0.19017094017094016,0.46855421001762465,0.14641623786055022,-0.3715735900902197,-1.1895854146699536,35,
PHOTODYNAMIC THERAPY INDUCED HIF 1 SURVIVAL SIGNALING%WIKIPATHWAYS_20250810%WP3614%HOMO SAPIENS,0.39731285988483683,0.6684899125479945,0.08943668337186206,0.4054154297405613,1.0506107348497158,17,
PHOTODYNAMIC THERAPY INDUCED NF KB SURVIVAL SIGNALING%WIKIPATHWAYS_20250810%WP3617%HOMO SAPIENS,0.11588785046728972,0.35637555099431345,0.17821987495197314,0.5246255917987679,1.3557591382359213,16,
PHOTODYNAMIC THERAPY INDUCED NFE2L2 NRF2 SURVIVAL SIGNALING%WIKIPATHWAYS_20250810%WP3612%HOMO SAPIENS,0.00740138416235458,0.05891416963616339,0.40701791892395395,0.6502410954065689,1.781204869731966,20,
PHOTODYNAMIC THERAPY INDUCED UNFOLDED PROTEIN RESPONSE%WIKIPATHWAYS_20250810%WP3613%HOMO SAPIENS,8.353725780085428e-6,1.9100123635454582e-4,0.5933254763964051,0.8181423844656803,2.1723000662394227,18,
PHOTOPERIODISM%GOBP%GO:0009648,0.9472693032015066,1,0.045405922659017876,0.23492449670317886,0.6504029406410647,21,
PHOTORECEPTOR CELL DEVELOPMENT%GOBP%GO:0042461,0.2916666666666667,0.5689957865168539,0.11331290842208036,-0.39417172704563425,-1.1276527439546276,23,
PHOTORECEPTOR CELL DIFFERENTIATION%GOBP%GO:0046530,0.5644820295983086,0.8101447269563841,0.07569463079327488,-0.3030396079644147,-0.9385310233313591,31,
PHOTORECEPTOR CELL MAINTENANCE%GOBP%GO:0045494,0.5020746887966805,0.7667880703683342,0.08085891502800323,-0.32698908053013315,-0.9892002921577713,28,
PHYSICO CHEMICAL FEATURES AND TOXICITY ASSOCIATED PATHWAYS%WIKIPATHWAYS_20250810%WP3680%HOMO SAPIENS,0.8775862068965518,0.993914230701908,0.044864511316856426,0.22854350898040884,0.7386854022532081,47,
PHYSIOLOGICAL AND PATHOLOGICAL HYPERTROPHY OF THE HEART%WIKIPATHWAYS_20250810%WP1528%HOMO SAPIENS,0.04752851711026616,0.22066007387108305,0.2878571172551493,0.5612418313697242,1.4901876380075618,18,
PI METABOLISM%REACTOME DATABASE ID RELEASE 93%1483255,0.9982456140350877,1,0.039759647508789964,0.15335481017552627,0.5331609398749453,73,
PI3 KINASE PATHWAY%PANTHER PATHWAY%P00048,0.9978308026030369,1,0.04949048661354951,-0.1557661669832024,-0.49553079255222526,34,
PI3K AKT MTOR SIGNALING AND THERAPEUTIC OPPORTUNITIES IN PROSTATE CANCER%WIKIPATHWAYS_20250810%WP3844%HOMO SAPIENS,0.4355140186915888,0.705250914558574,0.08289621345715653,0.3504438352173998,1.0108588641595186,25,
PI3K AKT SIGNALING IN CANCER%REACTOME%R-HSA-2219528.4,0.163003663003663,0.43085078575088087,0.14641623786055022,0.35107012139779387,1.1941757011235867,64,
PI3K CASCADE%REACTOME DATABASE ID RELEASE 93%109704,0.08592995453512667,0.2982053887552553,0.2878051305355643,0.5419124791372439,1.5003180806907472,21,
"PI5P, PP2A AND IER3 REGULATE PI3K AKT SIGNALING%REACTOME DATABASE ID RELEASE 93%6811558",0.17486338797814208,0.4456610016543841,0.14040623852334236,0.34948579582302147,1.1867901037552777,63,
PID_A6B1_A6B4_INTEGRIN_PATHWAY%MSIGDB_C2%PID_A6B1_A6B4_INTEGRIN_PATHWAY,0.03842813340778246,0.19161496083131693,0.3217759180753611,0.49706964018650546,1.4977740143315945,33,
PID_AJDISS_2PATHWAY%MSIGDB_C2%PID_AJDISS_2PATHWAY,0.47504621072088726,0.7436902639518878,0.07767985601172364,0.3272985303825264,0.994294448095373,34,
PID_ALK1_PATHWAY%MSIGDB_C2%PID_ALK1_PATHWAY,0.8004158004158004,0.9580159817126642,0.05773085492998127,-0.28656767715105486,-0.75879388673261,17,
PID_ALPHA_SYNUCLEIN_PATHWAY%MSIGDB_C2%PID_ALPHA_SYNUCLEIN_PATHWAY,0.9420560747663551,1,0.0453152441270267,0.2317320279948051,0.5988514847297185,16,
PID_AMB2_NEUTROPHILS_PATHWAY%MSIGDB_C2%PID_AMB2_NEUTROPHILS_PATHWAY,0.024461140362209144,0.13797573182988224,0.35248785758361917,-0.5773597778904352,-1.5921540816387176,20,
PID_ANGIOPOIETIN_RECEPTOR_PATHWAY%MSIGDB_C2%PID_ANGIOPOIETIN_RECEPTOR_PATHWAY,1,1,0.04831175810550189,-0.15926389196786783,-0.48890965872409836,30,
PID_AP1_PATHWAY%MSIGDB_C2%PID_AP1_PATHWAY,0.6139954853273137,0.8441868142733371,0.07473852274390924,-0.2784688826107026,-0.9279325076670173,42,
PID_ARF6_PATHWAY%MSIGDB_C2%PID_ARF6_PATHWAY,0.7767175572519084,0.9420307243160015,0.05513517633852569,0.27943080361031725,0.795626274962297,24,
PID_ARF6_TRAFFICKING_PATHWAY%MSIGDB_C2%PID_ARF6_TRAFFICKING_PATHWAY,0.47780126849894294,0.7452733991521974,0.08455574424412811,-0.31992845870610687,-0.9908367614359049,31,
PID_ARF_3PATHWAY%MSIGDB_C2%PID_ARF_3PATHWAY,0.9885714285714285,1,0.04397592780263451,0.20673832421899552,0.522158433858281,15,
PID_AR_NONGENOMIC_PATHWAY%MSIGDB_C2%PID_AR_NONGENOMIC_PATHWAY,0.9887850467289719,1,0.04310368287904025,0.17213230697070098,0.5015554406348761,26,
PID_AR_PATHWAY%MSIGDB_C2%PID_AR_PATHWAY,0.903107861060329,1,0.046230252407761636,0.22716638906003547,0.7072239306042378,40,
PID_AR_TF_PATHWAY%MSIGDB_C2%PID_AR_TF_PATHWAY,0.9945454545454545,1,0.04157178992464793,0.17853518730544943,0.5518593541195551,38,
PID_ATF2_PATHWAY%MSIGDB_C2%PID_ATF2_PATHWAY,0.4657039711191336,0.7334045531570029,0.07747675478485777,0.3159979409005331,1.0003063919414017,44,
PID_ATM_PATHWAY%MSIGDB_C2%PID_ATM_PATHWAY,0.010199963596295537,0.07369440538493889,0.3807304007227924,-0.5745392671733516,-1.6557687278716071,24,
PID_ATR_PATHWAY%MSIGDB_C2%PID_ATR_PATHWAY,6.275247654764332e-10,4.30435505800872e-8,0.8012155746177786,-0.80315771590676,-2.512503874779694,32,
PID_AURORA_A_PATHWAY%MSIGDB_C2%PID_AURORA_A_PATHWAY,0.0037585555422267047,0.0345165861034902,0.4317076958033464,-0.6087793301512309,-1.754445404573012,24,
PID_AURORA_B_PATHWAY%MSIGDB_C2%PID_AURORA_B_PATHWAY,4.28925209839869e-5,7.943694886234373e-4,0.557332238758646,-0.7390879994101103,-2.091914046588558,22,
PID_AVB3_INTEGRIN_PATHWAY%MSIGDB_C2%PID_AVB3_INTEGRIN_PATHWAY,0.06980802792321117,0.2658476340734801,0.22496609354031374,0.4244008724111672,1.3658113691043872,46,
PID_AVB3_OPN_PATHWAY%MSIGDB_C2%PID_AVB3_OPN_PATHWAY,0.006961750967541646,0.056548959613540034,0.40701791892395395,0.6124633495342163,1.743873356283215,24,
PID_BARD1_PATHWAY%MSIGDB_C2%PID_BARD1_PATHWAY,3.3195789611171978e-6,8.30791923782304e-5,0.6272567397185284,-0.7384218032734609,-2.1527726406761074,26,
PID_BCR_5PATHWAY%MSIGDB_C2%PID_BCR_5PATHWAY,0.19607843137254902,0.474612275647854,0.13010563075112855,0.3711268207234866,1.1819578039326588,45,
PID_BETA_CATENIN_DEG_PATHWAY%MSIGDB_C2%PID_BETA_CATENIN_DEG_PATHWAY,0.44952380952380955,0.7162472858371912,0.08220549204158693,0.4040684679711517,1.0205546514144839,15,
PID_BETA_CATENIN_NUC_PATHWAY%MSIGDB_C2%PID_BETA_CATENIN_NUC_PATHWAY,0.27972027972027974,0.555441699115752,0.12384217120104962,-0.321579761533362,-1.0881657783395695,46,
PID_BMP_PATHWAY%MSIGDB_C2%PID_BMP_PATHWAY,0.032671601558836236,0.17060471641061478,0.3217759180753611,0.5101357749167788,1.4860086337459206,28,
PID_CASPASE_PATHWAY%MSIGDB_C2%PID_CASPASE_PATHWAY,0.8412408759124088,0.9806828171568073,0.04939101059815013,0.24603286031907362,0.7575006416315674,37,
PID_CD40_PATHWAY%MSIGDB_C2%PID_CD40_PATHWAY,0.9529190207156308,1,0.04513442222090974,0.22790927022631458,0.6309808539968589,21,
PID_CD8_TCR_DOWNSTREAM_PATHWAY%MSIGDB_C2%PID_CD8_TCR_DOWNSTREAM_PATHWAY,0.09380863039399624,0.31247047390230404,0.19991523130966152,0.45283574666522,1.3302763785800984,29,
PID_CD8_TCR_PATHWAY%MSIGDB_C2%PID_CD8_TCR_PATHWAY,0.05361392676678159,0.23678774015599244,0.3217759180753611,0.4884130868575658,1.4461898683249603,30,
PID_CDC42_PATHWAY%MSIGDB_C2%PID_CDC42_PATHWAY,0.9887387387387387,1,0.05163559644842005,-0.1739390978294252,-0.6150063073120117,55,
PID_CDC42_REG_PATHWAY%MSIGDB_C2%PID_CDC42_REG_PATHWAY,0.6685499058380414,0.8789548691046281,0.061570675542167844,0.3077404072113542,0.8519982743955161,21,
PID_CERAMIDE_PATHWAY%MSIGDB_C2%PID_CERAMIDE_PATHWAY,0.9685767097966729,1,0.04353782409140024,0.19830356507149896,0.6024229120664499,34,
PID_CMYB_PATHWAY%MSIGDB_C2%PID_CMYB_PATHWAY,0.8540925266903915,0.9842947030891671,0.04754341942013011,0.23635489523115313,0.7732272011893295,52,
PID_CXCR3_PATHWAY%MSIGDB_C2%PID_CXCR3_PATHWAY,0.9660377358490566,1,0.04459616158889607,0.20865033653663087,0.6178130988735496,30,
PID_CXCR4_PATHWAY%MSIGDB_C2%PID_CXCR4_PATHWAY,0.9817850637522769,1,0.042246818836005263,0.18883736591386546,0.6377855203065571,61,
PID_DELTA_NP63_PATHWAY%MSIGDB_C2%PID_DELTA_NP63_PATHWAY,0.6153846153846154,0.8452600551488066,0.06658921041039328,0.30826765969032666,0.8979734931924843,28,
PID_E2F_PATHWAY%MSIGDB_C2%PID_E2F_PATHWAY,1.1993556837355454e-7,3.942970520020527e-6,0.6901324587967956,-0.6644025075490131,-2.3414364972870922,54,
PID_ECADHERIN_KERATINOCYTE_PATHWAY%MSIGDB_C2%PID_ECADHERIN_KERATINOCYTE_PATHWAY,0.9644859813084112,1,0.04424074234773751,0.22202190380443615,0.5737581804565485,16,
PID_ECADHERIN_NASCENT_AJ_PATHWAY%MSIGDB_C2%PID_ECADHERIN_NASCENT_AJ_PATHWAY,0.7769230769230769,0.9420743377094316,0.05547933087042326,0.2760316114552763,0.8040709512604871,28,
PID_ECADHERIN_STABILIZATION_PATHWAY%MSIGDB_C2%PID_ECADHERIN_STABILIZATION_PATHWAY,0.012569859559736577,0.086647816022204,0.3807304007227924,0.553717146022527,1.6395550161192134,30,
PID_ENDOTHELIN_PATHWAY%MSIGDB_C2%PID_ENDOTHELIN_PATHWAY,0.7846441947565543,0.948332204930915,0.053787280776029955,0.26833131442251884,0.8141285284464973,35,
PID_EPHA2_FWD_PATHWAY%MSIGDB_C2%PID_EPHA2_FWD_PATHWAY,0.820952380952381,0.9686157206564937,0.052482762263545854,0.29520507572634264,0.7455986720923573,15,
PID_EPHA_FWDPATHWAY%MSIGDB_C2%PID_EPHA_FWDPATHWAY,0.8958333333333334,1,0.048214971002556443,0.25748664882354466,0.7053329542155373,20,
PID_EPHB_FWD_PATHWAY%MSIGDB_C2%PID_EPHB_FWD_PATHWAY,0.39325842696629215,0.6635909568540851,0.0886261133285098,0.34846812128672944,1.042937558166775,32,
PID_EPHRINB_REV_PATHWAY%MSIGDB_C2%PID_EPHRINB_REV_PATHWAY,0.2689393939393939,0.546182150829789,0.11237851911047504,0.4185894411857847,1.1466416938663546,20,
PID_EPO_PATHWAY%MSIGDB_C2%PID_EPO_PATHWAY,0.12710280373831775,0.37523016874075105,0.16957064440562838,0.4489333970955044,1.2949530231847657,25,
PID_ERA_GENOMIC_PATHWAY%MSIGDB_C2%PID_ERA_GENOMIC_PATHWAY,0.9282511210762332,1,0.05434343902691621,-0.2100442148277829,-0.6974530745210468,41,
PID_ERBB1_DOWNSTREAM_PATHWAY%MSIGDB_C2%PID_ERBB1_DOWNSTREAM_PATHWAY,0.8031088082901554,0.9593791741260167,0.048995408986248136,0.23459246408191992,0.8281493222374542,81,
PID_ERBB1_INTERNALIZATION_PATHWAY%MSIGDB_C2%PID_ERBB1_INTERNALIZATION_PATHWAY,0.789279112754159,0.9516568468884782,0.05291298484305835,0.2664416026566578,0.8094182578623998,34,
PID_ERBB1_RECEPTOR_PROXIMAL_PATHWAY%MSIGDB_C2%PID_ERBB1_RECEPTOR_PROXIMAL_PATHWAY,0.2320754716981132,0.4990937343794145,0.12210792028708148,0.39743294550595376,1.1767979085639708,30,
PID_ERBB2_ERBB3_PATHWAY%MSIGDB_C2%PID_ERBB2_ERBB3_PATHWAY,0.1809872029250457,0.4547886668676857,0.13802224249664274,0.39862274187410407,1.2214508431720823,36,
PID_ERBB4_PATHWAY%MSIGDB_C2%PID_ERBB4_PATHWAY,0.03413129455428944,0.17558654865151124,0.3217759180753611,0.5229820400406067,1.5363421713303629,29,
PID_ER_NONGENOMIC_PATHWAY%MSIGDB_C2%PID_ER_NONGENOMIC_PATHWAY,0.6826923076923077,0.8893407881684552,0.061570675542167844,0.2956858100756597,0.8613229815538171,28,
PID_FAK_PATHWAY%MSIGDB_C2%PID_FAK_PATHWAY,0.20344827586206896,0.4784319921631209,0.12503336755527242,0.3652371898915419,1.1804989856701305,47,
PID_FANCONI_PATHWAY%MSIGDB_C2%PID_FANCONI_PATHWAY,3.0702346981351805e-12,3.4812702005794005e-10,0.8986712320616942,-0.7959345564830888,-2.6429054663173157,41,
PID_FAS_PATHWAY%MSIGDB_C2%PID_FAS_PATHWAY,0.7182203389830508,0.906916409861325,0.06378453903129748,-0.28103148380437526,-0.8627128543690551,30,
PID_FCER1_PATHWAY%MSIGDB_C2%PID_FCER1_PATHWAY,0.09352517985611511,0.3120876271955409,0.19578900214894943,0.4216745504117102,1.320983814152009,41,
PID_FGF_PATHWAY%MSIGDB_C2%PID_FGF_PATHWAY,0.10603290676416818,0.3376039140296381,0.1847064712077387,0.4343573243448465,1.3309479473364902,36,
PID_FOXM1_PATHWAY%MSIGDB_C2%PID_FOXM1_PATHWAY,1.708773641502791e-5,3.596191800071783e-4,0.5756102610711286,-0.6745716758945473,-2.159627724346016,35,
PID_FOXO_PATHWAY%MSIGDB_C2%PID_FOXO_PATHWAY,0.1054945054945055,0.33646812429820466,0.20429475651688608,-0.40166626094330266,-1.2847305974535714,36,
PID_FRA_PATHWAY%MSIGDB_C2%PID_FRA_PATHWAY,0.21682242990654205,0.4937153362953884,0.12625398784911535,0.4156151720114167,1.1988462586202857,25,
PID_GLYPICAN_1PATHWAY%MSIGDB_C2%PID_GLYPICAN_1PATHWAY,0.010365416361397515,0.0746955295770747,0.3807304007227924,0.6627802068479013,1.7127840046747156,16,
PID_GMCSF_PATHWAY%MSIGDB_C2%PID_GMCSF_PATHWAY,0.3252336448598131,0.5939852866765517,0.09957912004959042,0.3797819957930355,1.0954850915195147,25,
PID_HDAC_CLASSIII_PATHWAY%MSIGDB_C2%PID_HDAC_CLASSIII_PATHWAY,0.37213740458015265,0.6455446837120347,0.09284812141598782,0.39463458271542223,1.0574399077070782,19,
PID_HDAC_CLASSII_PATHWAY%MSIGDB_C2%PID_HDAC_CLASSII_PATHWAY,0.4602510460251046,0.7282263949536767,0.08603472424556043,-0.34172721626242386,-0.9848260518966722,24,
PID_HDAC_CLASSI_PATHWAY%MSIGDB_C2%PID_HDAC_CLASSI_PATHWAY,0.9928571428571429,1,0.040822900367777595,0.16814985006011424,0.5517736327697091,53,
PID_HEDGEHOG_GLI_PATHWAY%MSIGDB_C2%PID_HEDGEHOG_GLI_PATHWAY,0.24358974358974358,0.5130297638304755,0.1275053153001827,-0.36167242431686947,-1.1578870305373596,35,
PID_HES_HEY_PATHWAY%MSIGDB_C2%PID_HES_HEY_PATHWAY,0.38611713665943603,0.6572508612989665,0.09821233512174378,-0.32699674330184275,-1.0402577049214579,34,
PID_HIF1_TFPATHWAY%MSIGDB_C2%PID_HIF1_TFPATHWAY,0.3467153284671533,0.620202950728752,0.0943563635421779,0.3506827256309496,1.0797028873705996,37,
PID_HIF2PATHWAY%MSIGDB_C2%PID_HIF2PATHWAY,0.09560229445506692,0.3167360453144614,0.19991523130966152,0.4959938185185284,1.3834175083133413,22,
PID_HIV_NEF_PATHWAY%MSIGDB_C2%PID_HIV_NEF_PATHWAY,0.8616822429906542,0.9891806300664099,0.04939101059815013,0.25098511491087155,0.7313150687241066,26,
PID_HNF3A_PATHWAY%MSIGDB_C2%PID_HNF3A_PATHWAY,0.48484848484848486,0.7516233766233766,0.07788401119770678,0.35295980864579085,0.9668624982652769,20,
PID_HNF3B_PATHWAY%MSIGDB_C2%PID_HNF3B_PATHWAY,0.15648854961832062,0.42226827667770245,0.15315880868307333,0.48395362717845425,1.2967740316543,19,
PID_IFNG_PATHWAY%MSIGDB_C2%PID_IFNG_PATHWAY,0.0660377358490566,0.2585834470375337,0.24133997681509095,0.48057903725341816,1.401801765522927,27,
PID_IGF1_PATHWAY%MSIGDB_C2%PID_IGF1_PATHWAY,0.21414913957934992,0.4903985257646735,0.12878871306171366,0.4397890899906073,1.2266522370690993,22,
PID_IL12_2PATHWAY%MSIGDB_C2%PID_IL12_2PATHWAY,0.05384615384615385,0.23738044995815455,0.27128855468895297,0.4854344135885518,1.4140543854773868,28,
PID_IL1_PATHWAY%MSIGDB_C2%PID_IL1_PATHWAY,0.9204545454545454,1,0.04697587278218445,0.2522647554542167,0.6910286262295428,20,
PID_IL2_1PATHWAY%MSIGDB_C2%PID_IL2_1PATHWAY,0.006094809546042653,0.050692757242235,0.40701791892395395,0.5274083386282937,1.6522170429696152,41,
PID_IL2_PI3K_PATHWAY%MSIGDB_C2%PID_IL2_PI3K_PATHWAY,0.4205607476635514,0.6925416461229079,0.0847985102819124,0.35057549944046246,1.0214994046851522,26,
PID_IL2_STAT5_PATHWAY%MSIGDB_C2%PID_IL2_STAT5_PATHWAY,0.4312617702448211,0.7026816216706473,0.08383610571599288,0.36582296347169,1.0128034093295832,21,
PID_IL3_PATHWAY%MSIGDB_C2%PID_IL3_PATHWAY,0.5297504798464492,0.7879686151682699,0.07399014391013414,0.36973700579869345,0.9581521542282708,17,
PID_IL4_2PATHWAY%MSIGDB_C2%PID_IL4_2PATHWAY,0.10634328358208955,0.33781777220245257,0.18643255843407516,0.4401608710586901,1.326296079056255,33,
PID_IL6_7_PATHWAY%MSIGDB_C2%PID_IL6_7_PATHWAY,4.078794678402133e-6,1.0071903659201e-4,0.610526878385931,0.7273806922437098,2.191749025268134,33,
PID_IL8_CXCR2_PATHWAY%MSIGDB_C2%PID_IL8_CXCR2_PATHWAY,0.48098859315589354,0.7485637601048024,0.07850290473486872,0.37074332697308793,0.9843833653324761,18,
PID_ILK_PATHWAY%MSIGDB_C2%PID_ILK_PATHWAY,0.2811158798283262,0.5566535321884372,0.11776578836269024,-0.3562219258229401,-1.1210107249172536,33,
PID_INSULIN_GLUCOSE_PATHWAY%MSIGDB_C2%PID_INSULIN_GLUCOSE_PATHWAY,0.3584905660377358,0.632710795713361,0.10063338942303625,-0.42386775182788083,-1.0796791387832572,15,
PID_INSULIN_PATHWAY%MSIGDB_C2%PID_INSULIN_PATHWAY,0.3179297597042514,0.5939852866765517,0.10027910675413045,0.3592485710045771,1.0913549144830421,34,
PID_INTEGRIN1_PATHWAY%MSIGDB_C2%PID_INTEGRIN1_PATHWAY,0.03792281796298877,0.18953784949790295,0.3217759180753611,0.46013531846056177,1.4478403116583767,42,
PID_INTEGRIN3_PATHWAY%MSIGDB_C2%PID_INTEGRIN3_PATHWAY,0.047373214291970035,0.22044018308725755,0.3217759180753611,0.5162849659646851,1.5059524463207163,27,
PID_INTEGRIN_A4B1_PATHWAY%MSIGDB_C2%PID_INTEGRIN_A4B1_PATHWAY,0.06066708897764535,0.24839082266750004,0.3217759180753611,0.5364992408845441,1.496394542281517,22,
PID_KIT_PATHWAY%MSIGDB_C2%PID_KIT_PATHWAY,0.18761384335154827,0.46452829810075147,0.13500203382863138,0.3928366098703634,1.220681368150122,39,
PID_LIS1_PATHWAY%MSIGDB_C2%PID_LIS1_PATHWAY,0.4734848484848485,0.7420352032151982,0.07913166517683488,0.35618824793803316,0.9757061592236488,20,
PID_LKB1_PATHWAY%MSIGDB_C2%PID_LKB1_PATHWAY,0.7809110629067245,0.945465649490033,0.060903934745241806,-0.2576578368276827,-0.8196734538911912,34,
PID_LYMPH_ANGIOGENESIS_PATHWAY%MSIGDB_C2%PID_LYMPH_ANGIOGENESIS_PATHWAY,0.200836820083682,0.4784319921631209,0.14040623852334236,-0.4557729663464134,-1.2353558388640862,19,
PID_LYSOPHOSPHOLIPID_PATHWAY%MSIGDB_C2%PID_LYSOPHOSPHOLIPID_PATHWAY,0.9613636363636363,1,0.05334778506754903,-0.1951966135509516,-0.6521034355750431,43,
PID_MAPK_TRK_PATHWAY%MSIGDB_C2%PID_MAPK_TRK_PATHWAY,0.8479657387580299,0.9824435490476766,0.056411838821759604,-0.26120061409065587,-0.7614963876329673,26,
PID_MET_PATHWAY%MSIGDB_C2%PID_MET_PATHWAY,0.13743218806509946,0.39278458687741385,0.1596467019199062,0.36535549177017834,1.239359295073759,62,
PID_MTOR_4PATHWAY%MSIGDB_C2%PID_MTOR_4PATHWAY,0.7992831541218638,0.9574204102639512,0.050908286551510536,0.24848780097177847,0.8192674127160808,55,
PID_MYC_ACTIV_PATHWAY%MSIGDB_C2%PID_MYC_ACTIV_PATHWAY,0.07538802660753881,0.27781033657027027,0.24504178543099617,-0.3648459755684177,-1.3127310773208676,60,
PID_MYC_PATHWAY%MSIGDB_C2%PID_MYC_PATHWAY,0.8839662447257384,0.9955931666988201,0.053787280776029955,-0.2617497326423405,-0.7218131937022998,20,
PID_MYC_REPRESS_PATHWAY%MSIGDB_C2%PID_MYC_REPRESS_PATHWAY,0.14442413162705667,0.40444580409270503,0.1563124030731863,0.4013761545937519,1.2495810796534177,40,
PID_NCADHERIN_PATHWAY%MSIGDB_C2%PID_NCADHERIN_PATHWAY,0.5,0.7650784907738915,0.07707367349441024,0.3360792542482076,0.9789877479523946,28,
PID_NECTIN_PATHWAY%MSIGDB_C2%PID_NECTIN_PATHWAY,0.06118546845124283,0.24886271062599205,0.2529611230696109,0.5140075871422654,1.4336612048562092,22,
PID_NEPHRIN_NEPH1_PATHWAY%MSIGDB_C2%PID_NEPHRIN_NEPH1_PATHWAY,0.9807280513918629,1,0.049690139272460555,-0.20541064472891024,-0.5952193910902355,25,
PID_NETRIN_PATHWAY%MSIGDB_C2%PID_NETRIN_PATHWAY,0.19813084112149532,0.4779917296009674,0.13284630060618333,0.42301943385669244,1.220203928428379,25,
PID_NFAT_3PATHWAY%MSIGDB_C2%PID_NFAT_3PATHWAY,0.7898230088495575,0.9516930464472222,0.06130260753962072,-0.24904508282472715,-0.8084459430843974,38,
PID_NFAT_TFPATHWAY%MSIGDB_C2%PID_NFAT_TFPATHWAY,0.02851705883599247,0.15385313480012638,0.35248785758361917,0.5606475388279268,1.5801370138911823,23,
PID_NFKAPPAB_CANONICAL_PATHWAY%MSIGDB_C2%PID_NFKAPPAB_CANONICAL_PATHWAY,0.9465648854961832,1,0.04604576830180555,0.22939769106559782,0.6146807297006381,19,
PID_NOTCH_PATHWAY%MSIGDB_C2%PID_NOTCH_PATHWAY,0.7313769751693002,0.9141295261246302,0.06598161440087301,-0.2597427628282213,-0.8655320874630725,42,
PID_P38_ALPHA_BETA_DOWNSTREAM_PATHWAY%MSIGDB_C2%PID_P38_ALPHA_BETA_DOWNSTREAM_PATHWAY,0.1450381679389313,0.40487999569491284,0.1596467019199062,0.453888640205679,1.2923619135353372,24,
PID_P38_ALPHA_BETA_PATHWAY%MSIGDB_C2%PID_P38_ALPHA_BETA_PATHWAY,0.9791666666666666,1,0.044152305844146505,0.2052624481788044,0.5622752466000139,20,
PID_P38_MKK3_6PATHWAY%MSIGDB_C2%PID_P38_MKK3_6PATHWAY,0.7462121212121212,0.9224179436521509,0.056648418361399534,0.2940813979298722,0.8055769187623398,20,
PID_P53_DOWNSTREAM_PATHWAY%MSIGDB_C2%PID_P53_DOWNSTREAM_PATHWAY,0.23793103448275862,0.5053305915849414,0.11426650248443287,0.30929225977234254,1.1221685371220442,100,
PID_P53_REGULATION_PATHWAY%MSIGDB_C2%PID_P53_REGULATION_PATHWAY,0.1655011655011655,0.4330040867571134,0.16565669520548273,-0.34495898612424103,-1.1672767024928925,46,
PID_P73PATHWAY%MSIGDB_C2%PID_P73PATHWAY,0.08371165089403733,0.2945345848980905,0.2878051305355643,-0.38498240145284957,-1.3612040539029042,55,
PID_P75_NTR_PATHWAY%MSIGDB_C2%PID_P75_NTR_PATHWAY,0.15532286212914484,0.42074259383987084,0.14641623786055022,0.3850239916056793,1.2390882754913766,46,
PID_PDGFRA_PATHWAY%MSIGDB_C2%PID_PDGFRA_PATHWAY,0.26195426195426197,0.5376302822085077,0.12043337164225933,-0.4296960381885123,-1.1377791458273858,17,
PID_PDGFRB_PATHWAY%MSIGDB_C2%PID_PDGFRB_PATHWAY,0.8424778761061947,0.9814109804905938,0.04792589670581297,0.22794219562923698,0.8118136741375106,91,
PID_PI3KCI_AKT_PATHWAY%MSIGDB_C2%PID_PI3KCI_AKT_PATHWAY,0.6937901498929336,0.8930876357806398,0.06598161440087301,-0.3024578541209966,-0.8817765001288232,26,
PID_PI3KCI_PATHWAY%MSIGDB_C2%PID_PI3KCI_PATHWAY,0.9868667917448405,1,0.04336369878832656,0.18976042238156282,0.5574511494345404,29,
PID_PI3K_PLC_TRK_PATHWAY%MSIGDB_C2%PID_PI3K_PLC_TRK_PATHWAY,0.9748953974895398,1,0.04889707722601022,-0.20351840194976845,-0.5865211043845957,24,
PID_PLK1_PATHWAY%MSIGDB_C2%PID_PLK1_PATHWAY,1.3735538078703266e-5,2.969441617325889e-4,0.5933254763964051,-0.6778184105633975,-2.133057099257876,33,
PID_PRL_SIGNALING_EVENTS_PATHWAY%MSIGDB_C2%PID_PRL_SIGNALING_EVENTS_PATHWAY,0.17857142857142858,0.4511791073864744,0.15016980212840597,-0.4718593531402461,-1.2552853304823122,18,
PID_PS1_PATHWAY%MSIGDB_C2%PID_PS1_PATHWAY,0.5298507462686567,0.7879686151682699,0.07253518643945886,0.3186928254204115,0.9602876415656947,33,
PID_PTP1B_PATHWAY%MSIGDB_C2%PID_PTP1B_PATHWAY,5.318921231795691e-4,0.006777964762352492,0.47727081536286214,0.6402325821261889,1.9291536780987601,33,
PID_RAC1_PATHWAY%MSIGDB_C2%PID_RAC1_PATHWAY,0.22181818181818183,0.4977792661003207,0.12267918956880833,0.38138037763395277,1.1788618930052288,38,
PID_RAC1_REG_PATHWAY%MSIGDB_C2%PID_RAC1_REG_PATHWAY,0.7992351816443595,0.9574204102639512,0.05389790253573186,0.27715237374655277,0.7730286789799196,22,
PID_RAS_PATHWAY%MSIGDB_C2%PID_RAS_PATHWAY,0.950381679389313,1,0.04586203431179851,0.22590800805341565,0.6053299777798672,19,
PID_RB_1PATHWAY%MSIGDB_C2%PID_RB_1PATHWAY,0.19134396355353075,0.46984071186780735,0.15114876138548375,-0.3350336907851775,-1.1585362573279308,50,
PID_REELIN_PATHWAY%MSIGDB_C2%PID_REELIN_PATHWAY,0.030759414643879757,0.16369665494386584,0.35248785758361917,0.5723130191890837,1.5962857225654539,22,
PID_REG_GR_PATHWAY%MSIGDB_C2%PID_REG_GR_PATHWAY,0.5296167247386759,0.7879686151682699,0.06911984565510101,0.29912967985327354,0.9686679797421558,48,
PID_RETINOIC_ACID_PATHWAY%MSIGDB_C2%PID_RETINOIC_ACID_PATHWAY,0.6571969696969697,0.8739555681274207,0.06266182309324915,0.31153235915604405,0.8533803217418542,20,
PID_RET_PATHWAY%MSIGDB_C2%PID_RET_PATHWAY,0.2673076923076923,0.5436169613695235,0.11378726182188,0.3905876753319998,1.1377689750788147,28,
PID_RHOA_PATHWAY%MSIGDB_C2%PID_RHOA_PATHWAY,0.8782051282051282,0.993914230701908,0.054680848878544186,-0.24233578249590665,-0.7580946811067173,32,
PID_RHOA_REG_PATHWAY%MSIGDB_C2%PID_RHOA_REG_PATHWAY,0.8431001890359168,0.9816031956798936,0.050908286551510536,0.255918735404782,0.7620836946242845,31,
PID_RXR_VDR_PATHWAY%MSIGDB_C2%PID_RXR_VDR_PATHWAY,0.9504761904761905,1,0.04577044581080999,0.24138278494686433,0.6096598558799003,15,
PID_S1P_S1P2_PATHWAY%MSIGDB_C2%PID_S1P_S1P2_PATHWAY,0.2691588785046729,0.546182150829789,0.11146266692298015,0.45337644284484996,1.1716341426278947,16,
PID_S1P_S1P3_PATHWAY%MSIGDB_C2%PID_S1P_S1P3_PATHWAY,0.11588785046728972,0.35637555099431345,0.17821987495197314,0.5250891867127518,1.3569571793740185,16,
PID_SHP2_PATHWAY%MSIGDB_C2%PID_SHP2_PATHWAY,0.003818433511993884,0.03495093343103463,0.4317076958033464,0.5776114442183493,1.7783845582321822,37,
PID_SMAD2_3NUCLEAR_PATHWAY%MSIGDB_C2%PID_SMAD2_3NUCLEAR_PATHWAY,0.6654676258992805,0.876769772230591,0.059603704257597284,0.26991102483565266,0.8925054013341149,56,
PID_SYNDECAN_1_PATHWAY%MSIGDB_C2%PID_SYNDECAN_1_PATHWAY,0.7494646680942184,0.923901862864761,0.06224904294985801,-0.2842695813247451,-0.8237293024657779,25,
PID_SYNDECAN_2_PATHWAY%MSIGDB_C2%PID_SYNDECAN_2_PATHWAY,0.2335216572504708,0.5005579967915185,0.12154328203546907,0.4365989107628844,1.2087509792546183,21,
PID_SYNDECAN_4_PATHWAY%MSIGDB_C2%PID_SYNDECAN_4_PATHWAY,0.3821292775665399,0.6534657636687276,0.0911073131586733,0.39449626177174,1.0474512405779213,18,
PID_TAP63_PATHWAY%MSIGDB_C2%PID_TAP63_PATHWAY,0.012615095199325436,0.0867443922369457,0.3807304007227924,0.5398201474192033,1.637837101457902,35,
PID_TCPTP_PATHWAY%MSIGDB_C2%PID_TCPTP_PATHWAY,0.016261775893164417,0.10518093930433237,0.35248785758361917,0.5439497076531687,1.6197923229124414,31,
PID_TCR_CALCIUM_PATHWAY%MSIGDB_C2%PID_TCR_CALCIUM_PATHWAY,0.5495327102803739,0.8006010347467288,0.07078990945026231,0.36487752219386826,0.9429315740299707,16,
PID_TCR_PATHWAY%MSIGDB_C2%PID_TCR_PATHWAY,0.05075548016402119,0.22870839236926338,0.3217759180753611,0.48016353594019523,1.4783561272712744,37,
PID_TELOMERASE_PATHWAY%MSIGDB_C2%PID_TELOMERASE_PATHWAY,0.9705882352941176,1,0.05269730857084192,-0.19078138735315714,-0.6723371725366266,54,
PID_TGFBR_PATHWAY%MSIGDB_C2%PID_TGFBR_PATHWAY,0.10299625468164794,0.3319299251805313,0.19002330527910832,0.4346823865489113,1.3188446993757872,35,
PID_THROMBIN_PAR1_PATHWAY%MSIGDB_C2%PID_THROMBIN_PAR1_PATHWAY,0.9895833333333334,1,0.04802204159682506,-0.1856487013395384,-0.5311067565556444,23,
PID_TNF_PATHWAY%MSIGDB_C2%PID_TNF_PATHWAY,0.449438202247191,0.7162472858371912,0.08130273453844984,0.33240797816503376,1.0085398295379244,35,
PID_TOLL_ENDOGENOUS_PATHWAY%MSIGDB_C2%PID_TOLL_ENDOGENOUS_PATHWAY,0.2766355140186916,0.5530719380668767,0.10968406197054928,0.4510553731262894,1.1656359383263626,16,
PID_TRAIL_PATHWAY%MSIGDB_C2%PID_TRAIL_PATHWAY,0.8355640535372849,0.9767291987067442,0.051845762486506596,0.2687006216990401,0.7494551961623803,22,
PID_TRKR_PATHWAY%MSIGDB_C2%PID_TRKR_PATHWAY,0.05860777791923793,0.24399766536524,0.3217759180753611,0.4585068818068616,1.4527225955827259,43,
PID_TXA2PATHWAY%MSIGDB_C2%PID_TXA2PATHWAY,0.9121495327102803,1,0.046788296531802984,0.23599216190887895,0.6876289224005558,26,
PID_UPA_UPAR_PATHWAY%MSIGDB_C2%PID_UPA_UPAR_PATHWAY,0.16698656429942418,0.4342958790143775,0.14826150047510658,0.48829090877123893,1.265377765253964,17,
PID_VEGFR1_2_PATHWAY%MSIGDB_C2%PID_VEGFR1_2_PATHWAY,0.2904929577464789,0.5675031199857372,0.10282184284081514,0.34503981650313864,1.1154576768921993,49,
PID_VEGFR1_PATHWAY%MSIGDB_C2%PID_VEGFR1_PATHWAY,0.0023519623408490356,0.023630203916378375,0.4317076958033464,0.7028772305870004,1.8214658583880252,17,
PID_WNT_NONCANONICAL_PATHWAY%MSIGDB_C2%PID_WNT_NONCANONICAL_PATHWAY,0.2624521072796935,0.5376784321703455,0.1147507192270233,0.41318678578877227,1.1645315258860895,23,
PIECEMEAL MICROAUTOPHAGY OF THE NUCLEUS%GOBP%GO:0034727,0.9726890756302521,1,0.04919275210451909,-0.2274353499717588,-0.6050452461155397,18,
PIGMENT BIOSYNTHETIC PROCESS%GOBP%GO:0046148,0.08037383177570094,0.2885567545732587,0.21654283673534816,0.4771478005358198,1.3763377614750616,25,
PIGMENT CELL DIFFERENTIATION%GOBP%GO:0050931,0.8616352201257862,0.9891806300664099,0.054680848878544186,-0.2790730868757541,-0.7108570746329186,15,
PIGMENT GRANULE LOCALIZATION%GOBP%GO:0051875,0.9334600760456274,1,0.04650840487191565,0.23982493954421968,0.6367739185129918,18,
PIGMENT GRANULE ORGANIZATION%GOBP%GO:0048753,0.38391224862888484,0.6542995255773264,0.0886261133285098,0.3425412640641452,1.0496072397809213,36,
PIGMENT GRANULE TRANSPORT%GOBP%GO:0051904,0.7161904761904762,0.9055881396709798,0.05884381695958071,0.3193953640824906,0.8066960188486674,15,
PIGMENT METABOLIC PROCESS%GOBP%GO:0042440,0.027487222197342905,0.14972451620435018,0.35248785758361917,0.49789999992142475,1.5256539851694604,36,
PIGMENTATION%GOBP%GO:0043473,0.6612318840579711,0.8755195384748928,0.06024840861580194,0.2612659456111204,0.8919365827492186,65,
PINDOLOL ACTION PATHWAY%PATHWHIZ%PW000374,0.32532347504621073,0.5939852866765517,0.09889030075206362,0.3568782490434134,1.0841541550924358,34,
PINK1-PRKN MEDIATED MITOPHAGY%REACTOME%R-HSA-5205685.9,0.42344045368620037,0.6954286611529793,0.08504274637643215,0.34819443607108896,1.0368654794615573,31,
PIROXICAM ACTION PATHWAY%SMPDB%SMP0000077,0.20373831775700935,0.4784319921631209,0.13077713797197438,0.4780504855616798,1.235397823648238,16,
PIWI-INTERACTING RNA (PIRNA) BIOGENESIS%REACTOME%R-HSA-5601884.3,0.07386363636363637,0.2752423632705323,0.22798720285044224,0.5161731005128399,1.4139525273825533,20,
PKA ACTIVATION%REACTOME%R-HSA-163615.6,0.84,0.979806028204733,0.0514264916187015,0.29016434712590594,0.7328673173159659,15,
PKA-MEDIATED PHOSPHORYLATION OF CREB%REACTOME%R-HSA-111931.3,0.84,0.979806028204733,0.0514264916187015,0.29016434712590594,0.7328673173159659,15,
PKMTS METHYLATE HISTONE LYSINES%REACTOME DATABASE ID RELEASE 93%3214841,0.4108352144469526,0.6813732690947071,0.09688777032754396,-0.3086166630692137,-1.0283929442486153,42,
PKR-MEDIATED SIGNALING%REACTOME DATABASE ID RELEASE 93%9833482,0.09684684684684684,0.3196353977744755,0.21654283673534816,-0.3601460680921328,-1.2733888251363183,55,
PLACENTA DEVELOPMENT%GOBP%GO:0001890,0.28846153846153844,0.5660814640704952,0.11573444770168878,-0.34833844763500343,-1.1151985709607635,35,
PLASMA LIPOPROTEIN CLEARANCE%REACTOME%R-HSA-8964043.3,0.3076923076923077,0.5846574765863413,0.10473282158065095,0.3804167581760452,1.1081414299231576,28,
PLASMA LIPOPROTEIN PARTICLE ORGANIZATION%GOBP%GO:0071827,0.5524625267665952,0.8026887548941432,0.07747675478485777,-0.3250050376030298,-0.9475098784083508,26,
PLASMA LIPOPROTEIN PARTICLE REMODELING%GOBP%GO:0034369,0.8380952380952381,0.9786584999699754,0.051530912208538955,0.29119217629878524,0.7354633027154412,15,
PLASMA LIPOPROTEIN REMODELING%REACTOME DATABASE ID RELEASE 93%8963899,0.6598130841121496,0.8752279947525645,0.061840603575328466,0.3300225002599602,0.8528577857149793,16,
PLASMA MEMBRANE ESTROGEN RECEPTOR SIGNALING%PATHWAY INTERACTION DATABASE NCI-NATURE CURATED DATA%PLASMA MEMBRANE ESTROGEN RECEPTOR SIGNALING,0.9725776965265083,1,0.042845050912155014,0.20384140261085626,0.6246062427894434,36,
PLASMA MEMBRANE INVAGINATION%GOBP%GO:0099024,0.4282655246252677,0.6995062992673506,0.09139243259437684,-0.34864368778516003,-1.0164252857663287,26,
PLASMA MEMBRANE ORGANIZATION%GOBP%GO:0007009,0.5566037735849056,0.8055458624740129,0.08220549204158693,-0.2577792905740633,-0.9540873255607522,82,
PLASMA MEMBRANE REPAIR%GOBP%GO:0001778,0.32015065913371,0.5939852866765517,0.10099058745592349,0.39733269952553685,1.1000400546171092,21,
PLATELET ACTIVATION%GOBP%GO:0030168,0.8665480427046264,0.9906462809191161,0.04688198568783333,0.23072934174281776,0.7548233895201346,52,
"PLATELET ACTIVATION, SIGNALING AND AGGREGATION%REACTOME%R-HSA-76002.5",0.01298257439037654,0.08861324731318435,0.3807304007227924,0.351092043780352,1.3976936583717716,187,
PLATELET AGGREGATION (PLUG FORMATION)%REACTOME%R-HSA-76009.4,0.4091778202676864,0.6800454589911055,0.08756971155485113,0.36900717726736526,1.0292285320202794,22,
PLATELET AGGREGATION%GOBP%GO:0070527,0.6471698113207547,0.866010470062166,0.06321911708594577,0.30356060430141074,0.8854564141725837,27,
PLATELET CALCIUM HOMEOSTASIS%REACTOME DATABASE ID RELEASE 93%418360,0.9830148619957537,1,0.04919275210451909,-0.20530443661304087,-0.5690725563728677,21,
PLATELET DEGRANULATION%REACTOME%R-HSA-114608.5,3.153250831222425e-4,0.004550509511239427,0.49849310876659025,0.4894281488794901,1.743093079679086,91,
PLATELET DENSE GRANULE ORGANIZATION%GOBP%GO:0060155,0.5162523900573613,0.7775273188285985,0.07511816352763015,0.3423266510751989,0.954811662924003,22,
PLATELET HOMEOSTASIS%REACTOME DATABASE ID RELEASE 93%418346,0.44713656387665196,0.715057915057915,0.09054289484694737,-0.27786319945053467,-1.0087616338110525,66,
PLATELET SENSITIZATION BY LDL%REACTOME%R-HSA-432142.4,0.259047619047619,0.5342496553186975,0.11524000314778066,0.47268927700094976,1.1938700456861926,15,
PLATELET-DERIVED GROWTH FACTOR RECEPTOR SIGNALING PATHWAY%GOBP%GO:0048008,0.7044145873320538,0.8988809019790746,0.059989249649032995,0.32592811942281374,0.844623948511571,17,
PLC BETA MEDIATED EVENTS%REACTOME DATABASE ID RELEASE 93%112043,0.9118705035971223,1,0.04504427671527945,0.21931295026594555,0.687043733733458,41,
PLK1 SIGNALING EVENTS%PATHWAY INTERACTION DATABASE NCI-NATURE CURATED DATA%PLK1 SIGNALING EVENTS,3.482965464203671e-8,1.5132668282911144e-6,0.7195128263389107,-0.6921519542294743,-2.342112782259876,46,
PLURIPOTENT STEM CELL DIFFERENTIATION PATHWAY%WIKIPATHWAYS_20250810%WP2848%HOMO SAPIENS,0.0011809988689646836,0.013445962532720864,0.45505986738722953,0.7232858577744578,1.9380747764885837,19,
PNAT%PANTHER PATHWAY%P05912,0.5996343692870201,0.8356619798659367,0.06538341954687732,0.30050443797536264,0.920798942419307,36,
POLO-LIKE KINASE MEDIATED EVENTS%REACTOME%R-HSA-156711.4,5.128055144048112e-4,0.006564855848002607,0.47727081536286214,-0.7452226798672653,-1.9367053322570795,16,
POLY(A)+ MRNA EXPORT FROM NUCLEUS%GOBP%GO:0016973,0.5945945945945946,0.8317138891157019,0.0721797965581253,-0.34605756569268414,-0.91631536367154,17,
POLYAMINE METABOLIC PROCESS%GOBP%GO:0006595,0.11401869158878504,0.35390382707669815,0.1797823162983236,0.52655747123632,1.360751580927196,16,
POLYCYSTIC KIDNEY DISEASE PATHWAY%WIKIPATHWAYS_20250810%WP2571%HOMO SAPIENS,0.08647450110864745,0.2993472449592805,0.22798720285044224,-0.35736184079104244,-1.2858028474183398,60,
POLYMERASE SWITCHING ON THE C-STRAND OF THE TELOMERE%REACTOME DATABASE ID RELEASE 93%174411,2.3947791188616125e-8,1.177468387999568e-6,0.7337619883564803,-0.8133269268558116,-2.356781260286233,25,
POLYOL BIOSYNTHETIC PROCESS%GOBP%GO:0046173,0.5318352059925093,0.7890190666206627,0.07253518643945886,0.31601012154015073,0.958788040737488,35,
POLYOL METABOLIC PROCESS%GOBP%GO:0019751,0.15145985401459855,0.4128583530251015,0.15214492236756472,0.35627927511632246,1.21628039620574,66,
POLYSACCHARIDE CATABOLIC PROCESS%GOBP%GO:0000272,0.1431297709923664,0.40244382977408283,0.1608014010700223,0.4906972290775681,1.314843795638858,19,
POLYSACCHARIDE METABOLIC PROCESS%GOBP%GO:0005976,0.056466302367941715,0.24149362837103622,0.25720646646883816,0.44807719034141946,1.3923332601900926,39,
POLYTHIAZIDE ACTION PATHWAY%PATHWHIZ%PW000326,0.22537878787878787,0.4977792661003207,0.12443416863039332,0.441161905676685,1.208474426305242,20,
PONATINIB INHIBITION OF BCR-ABL%PATHWHIZ%PW032598,0.2737642585551331,0.5507002970790439,0.11146266692298015,0.42851518041362335,1.1377769596976066,18,
PORE COMPLEX ASSEMBLY%GOBP%GO:0046931,0.3912133891213389,0.6618701552856757,0.09528798461948437,-0.380212756546955,-1.0305526731348364,19,
PORPHYRIN METABOLISM%REACTOME DATABASE ID RELEASE 93%189445,0.20934579439252338,0.4842862173003501,0.12878871306171366,0.4760070706326438,1.230117146329868,16,
PORPHYRIN-CONTAINING COMPOUND BIOSYNTHETIC PROCESS%GOBP%GO:0006779,0.9582463465553236,1,0.04959019569563381,-0.2217356654240951,-0.6276004393259537,22,
PORPHYRIN-CONTAINING COMPOUND METABOLIC PROCESS%GOBP%GO:0006778,0.3667296786389414,0.64124918172129175,0.09314545753378035,0.35824108692962464,1.0667827451621834,31,
POSITIVE EPIGENETIC REGULATION OF RRNA EXPRESSION%REACTOME DATABASE ID RELEASE 93%5250913,0.01372056101669518,0.09228987531326684,0.3807304007227924,-0.43019909245213195,-1.5559813964527407,61,
POSITIVE REGULATION OF ACTIN FILAMENT BUNDLE ASSEMBLY%GOBP%GO:0032233,0.9613636363636363,1,0.05334778506754903,-0.19505659764789113,-0.6516356771966579,43,
POSITIVE REGULATION OF ACTIN FILAMENT POLYMERIZATION%GOBP%GO:0030838,0.00136047305755691,0.015027412142716088,0.45505986738722953,0.6249730495454644,1.861066443161683,31,
POSITIVE REGULATION OF ADAPTIVE IMMUNE RESPONSE BASED ON SOMATIC RECOMBINATION OF IMMUNE RECEPTORS BUILT FROM IMMUNOGLOBULIN SUPERFAMILY DOMAINS%GOBP%GO:0002824,0.4003623188405797,0.6710144927536232,0.0857844408075645,0.30443168348405386,1.0393002226609411,65,
POSITIVE REGULATION OF ADAPTIVE IMMUNE RESPONSE%GOBP%GO:0002821,0.4324817518248175,0.7034158703567582,0.08197787965012722,0.29548972854248273,1.013054888965709,69,
POSITIVE REGULATION OF ALPHA-BETA T CELL ACTIVATION%GOBP%GO:0046635,0.0401110880923765,0.19739345034654016,0.3217759180753611,0.4952296921824623,1.4922298690340803,33,
POSITIVE REGULATION OF ALPHA-BETA T CELL DIFFERENTIATION%GOBP%GO:0046638,0.03400370092978742,0.17541742095255236,0.3217759180753611,0.5355952516632632,1.5449300382461866,25,
POSITIVE REGULATION OF AMIDE METABOLIC PROCESS%GOBP%GO:0034250,0.35456475583864117,0.6291797455891058,0.10208010766274725,-0.38576895946566103,-1.0692926638804083,21,
POSITIVE REGULATION OF AMYLOID PRECURSOR PROTEIN CATABOLIC PROCESS%GOBP%GO:1902993,0.5962343096234309,0.8325402926031118,0.07235708510369071,-0.33508887151432654,-0.9082460446962364,19,
POSITIVE REGULATION OF AMYLOID-BETA FORMATION%GOBP%GO:1902004,0.3039832285115304,0.5815877471109032,0.11101149245045029,-0.4425845988004985,-1.1273548327538137,15,
POSITIVE REGULATION OF ANGIOGENESIS%GOBP%GO:0045766,0.1408695652173913,0.3988236928634279,0.15419096658142434,0.34096954909168115,1.2165210424051318,89,
POSITIVE REGULATION OF APOPTOTIC SIGNALING PATHWAY%GOBP%GO:2001235,0.006048621531655069,0.0503840198348959,0.40701791892395395,0.4572732055409113,1.5677122137246844,69,
POSITIVE REGULATION OF ATP METABOLIC PROCESS%GOBP%GO:1903580,0.5,0.7650784907738915,0.07687367341265418,0.3389819838382319,0.9553916544873126,23,
POSITIVE REGULATION OF ATP-DEPENDENT ACTIVITY%GOBP%GO:0032781,0.24411134903640258,0.5135489039175513,0.1275053153001827,-0.4503672219491863,-1.170426805016392,16,
POSITIVE REGULATION OF AUTOPHAGOSOME ASSEMBLY%GOBP%GO:2000786,0.029553057306771085,0.15833827039191914,0.35248785758361917,0.5906407381001093,1.582646617757284,19,
POSITIVE REGULATION OF AUTOPHAGY OF MITOCHONDRION%GOBP%GO:1903599,0.9717514124293786,1,0.04424074234773751,0.21168930526149948,0.5860748818302363,21,
POSITIVE REGULATION OF AUTOPHAGY%GOBP%GO:0010508,0.0436241610738255,0.2102132167616431,0.28201335001172506,0.35175314664157814,1.3372066110159853,133,
POSITIVE REGULATION OF AXON EXTENSION%GOBP%GO:0045773,0.09732824427480916,0.3201632475967079,0.19782202131510335,0.5150237009876293,1.3800275969023266,19,
POSITIVE REGULATION OF AXONOGENESIS%GOBP%GO:0050772,0.5561797752808989,0.805351793448182,0.07028128417173922,0.31023943401899495,0.9412795313418032,35,
POSITIVE REGULATION OF B CELL ACTIVATION%GOBP%GO:0050871,0.2376599634369287,0.5051410699524008,0.11828752612408502,0.37488164637926047,1.167097265404264,40,
POSITIVE REGULATION OF B CELL MEDIATED IMMUNITY%GOBP%GO:0002714,0.8631178707224335,0.98937134098078,0.05009228744021063,0.26810097631278973,0.7118513594470274,18,
POSITIVE REGULATION OF B CELL PROLIFERATION%GOBP%GO:0030890,0.10456273764258556,0.33474114195169263,0.19002330527910832,0.5192612813281209,1.3787225026378789,18,
POSITIVE REGULATION OF BINDING%GOBP%GO:0051099,0.7061310782241015,0.8996249187372409,0.06450312496564929,-0.2799026635520325,-0.8668745812511419,31,
POSITIVE REGULATION OF BIOMINERAL TISSUE DEVELOPMENT%GOBP%GO:0070169,0.7052238805970149,0.8995004317256691,0.05859375689456714,0.2833783436016597,0.8538777767872584,33,
POSITIVE REGULATION OF BLOOD CIRCULATION%GOBP%GO:1903524,0.0013909506734410492,0.01525294426847053,0.45505986738722953,0.7157762527291284,1.9179524749624246,19,
POSITIVE REGULATION OF BLOOD VESSEL ENDOTHELIAL CELL MIGRATION%GOBP%GO:0043536,0.011090573577077259,0.07869633051627235,0.3807304007227924,0.5308685496995139,1.6527222354775355,40,
POSITIVE REGULATION OF BMP SIGNALING PATHWAY%GOBP%GO:0030513,0.033304826702876926,0.1726164450148835,0.3217759180753611,-0.5593221661640441,-1.5424127275767483,20,
POSITIVE REGULATION OF BONE MINERALIZATION%GOBP%GO:0030501,0.851782363977486,0.9838883189727468,0.05009228744021063,0.2571176926478591,0.7553237472158577,29,
POSITIVE REGULATION OF CALCIUM ION TRANSMEMBRANE TRANSPORT%GOBP%GO:1904427,0.22884615384615384,0.4977792661003207,0.12443416863039332,0.4039492121799416,1.1766906898309215,28,
POSITIVE REGULATION OF CALCIUM ION TRANSPORT%GOBP%GO:0051928,0.5757575757575758,0.8191828657897801,0.06613262047584399,0.29130657506520563,0.9277477684420694,45,
POSITIVE REGULATION OF CALCIUM-MEDIATED SIGNALING%GOBP%GO:0050850,0.10706638115631692,0.3387590055264788,0.19991523130966152,-0.4468638104289419,-1.2948793646736554,25,
POSITIVE REGULATION OF CANONICAL NF-KAPPAB SIGNAL TRANSDUCTION%GOBP%GO:0043123,0.007604390477965077,0.05975953818327294,0.40701791892395395,0.37232658361455273,1.4615206784853103,164,
POSITIVE REGULATION OF CANONICAL WNT SIGNALING PATHWAY%GOBP%GO:0090263,0.955607476635514,1,0.05490737032909582,-0.19982166735478707,-0.7257546635190093,74,
POSITIVE REGULATION OF CARBOHYDRATE METABOLIC PROCESS%GOBP%GO:0045913,0.05054151624548736,0.22824165363432378,0.27128855468895297,0.4391885123300931,1.3902719584154293,44,
POSITIVE REGULATION OF CARDIAC MUSCLE HYPERTROPHY%GOBP%GO:0010613,0.5607476635514018,0.8075464019418321,0.06977925170762346,0.36385346059007867,0.9402851517067783,16,
POSITIVE REGULATION OF CARTILAGE DEVELOPMENT%GOBP%GO:0061036,0.9327102803738317,1,0.04577044581080999,0.23994204518144763,0.6200681504811941,16,
POSITIVE REGULATION OF CATION TRANSMEMBRANE TRANSPORT%GOBP%GO:1904064,0.1524822695035461,0.41488319753266506,0.14920754243532175,0.3654310884494143,1.2281604386525378,59,
"POSITIVE REGULATION OF CD4-POSITIVE, ALPHA-BETA T CELL ACTIVATION%GOBP%GO:2000516",0.0221693700414668,0.12951947418547796,0.35248785758361917,0.5845124197815954,1.6303120828556241,22,
"POSITIVE REGULATION OF CD4-POSITIVE, ALPHA-BETA T CELL DIFFERENTIATION%GOBP%GO:0043372",0.022412568626028525,0.13066551026885045,0.35248785758361917,0.6066724762999973,1.6256043323240745,19,
POSITIVE REGULATION OF CELL ACTIVATION%GOBP%GO:0050867,0.1716171617161716,0.4408069001272564,0.13427345288320233,0.29252312661876334,1.161813426346916,184,
POSITIVE REGULATION OF CELL CYCLE CHECKPOINT%GOBP%GO:1901978,1.2587894268721931e-5,2.7426800218438845e-4,0.5933254763964051,-0.7956098236275425,-2.1066711933278026,17,
POSITIVE REGULATION OF CELL CYCLE G1/S PHASE TRANSITION%GOBP%GO:1902808,1.574782885515348e-5,3.3395014167646083e-4,0.5756102610711286,-0.6380964283573591,-2.118803015658551,41,
POSITIVE REGULATION OF CELL CYCLE G2/M PHASE TRANSITION%GOBP%GO:1902751,2.4773332087766294e-5,5.005113930168346e-4,0.5756102610711286,-0.7373016452118976,-2.109284269516372,23,
POSITIVE REGULATION OF CELL CYCLE PHASE TRANSITION%GOBP%GO:1901989,1.516578204322754e-11,1.4527773281409001e-9,0.8634153916066928,-0.6633139137880089,-2.4493293510283016,80,
POSITIVE REGULATION OF CELL CYCLE PROCESS%GOBP%GO:0090068,4.032928692600163e-21,2.8008689770108133e-18,1.1866509527928102,-0.6390970001279965,-2.6567813056164074,181,
POSITIVE REGULATION OF CELL DIVISION%GOBP%GO:0051781,0.007807622895043801,0.060670143783025675,0.40701791892395395,-0.519528326018506,-1.706194729622816,39,
POSITIVE REGULATION OF CELL GROWTH%GOBP%GO:0030307,0.6090750436300174,0.8414235301847061,0.06238614928936257,0.26077744351028953,0.9257086147969424,87,
POSITIVE REGULATION OF CELL JUNCTION ASSEMBLY%GOBP%GO:1901890,0.14336917562724014,0.40270937299542275,0.1552419662288392,0.3690438017705807,1.2287902657822747,57,
POSITIVE REGULATION OF CELL KILLING%GOBP%GO:0031343,0.053604436229205174,0.23678774015599244,0.26635065708852557,0.46755653074818004,1.4203817601940207,34,
POSITIVE REGULATION OF CELL MORPHOGENESIS%GOBP%GO:0010770,0.7408829174664108,0.9194428164939419,0.057609110864425044,0.31337508444889167,0.8120934814127088,17,
POSITIVE REGULATION OF CELL-CELL ADHESION%GOBP%GO:0022409,0.6605042016806723,0.8755195384748928,0.05676723874874463,0.23258235436242292,0.912208977465614,166,
POSITIVE REGULATION OF CELL-MATRIX ADHESION%GOBP%GO:0001954,0.3733826247689464,0.6459697296962118,0.09082414190071554,0.34553200859787303,1.04968561082928,34,
POSITIVE REGULATION OF CELL-SUBSTRATE ADHESION%GOBP%GO:0010811,0.8532608695652174,0.9842121348970663,0.048408761881695135,0.23159697722427014,0.7906496040166353,65,
POSITIVE REGULATION OF CELL-SUBSTRATE JUNCTION ORGANIZATION%GOBP%GO:0150117,0.6615678776290631,0.8755195384748928,0.06280039778122341,0.30885086333407685,0.8614415660869608,22,
POSITIVE REGULATION OF CELLULAR RESPONSE TO TRANSFORMING GROWTH FACTOR BETA STIMULUS%GOBP%GO:1903846,0.2198852772466539,0.4977792661003207,0.12687572992985735,0.4382810831081388,1.2224461299645892,22,
POSITIVE REGULATION OF CHEMOKINE PRODUCTION%GOBP%GO:0032722,0.3622641509433962,0.6367414181086711,0.09374654224917187,0.36541117083630736,1.065868431023605,27,
POSITIVE REGULATION OF CHEMOTAXIS%GOBP%GO:0050921,0.0506108202443281,0.22824165363432378,0.26635065708852557,0.39874046544789554,1.3851733531609576,72,
POSITIVE REGULATION OF CHOLESTEROL EFFLUX%GOBP%GO:0010875,0.2437619961612284,0.5130297638304755,0.11988784511542344,0.4554529565798297,1.180280103566904,17,
POSITIVE REGULATION OF CHOLESTEROL METABOLIC PROCESS%GOBP%GO:0090205,0.5634095634095634,0.8092821960453811,0.07492788183937392,-0.3541793876741398,-0.9378208904983166,17,
POSITIVE REGULATION OF CHOLESTEROL TRANSPORT%GOBP%GO:0032376,0.16443594646271512,0.4322829697459376,0.14920754243532175,0.45939234995287237,1.2813293157730599,22,
POSITIVE REGULATION OF CHROMOSOME ORGANIZATION%GOBP%GO:2001252,7.733217579077107e-7,2.169987720674364e-5,0.6594443980379349,-0.5383294115664041,-2.0714031473698276,99,
POSITIVE REGULATION OF CHROMOSOME SEGREGATION%GOBP%GO:0051984,1.0629121448739833e-10,8.43648553845693e-9,0.8390889356212738,-0.8357054986876132,-2.5281581945164118,28,
POSITIVE REGULATION OF CHROMOSOME SEPARATION%GOBP%GO:1905820,6.429124927521636e-11,5.412154257168214e-9,0.8390889356212738,-0.8257473970303117,-2.534886427087024,30,
POSITIVE REGULATION OF CILIUM ASSEMBLY%GOBP%GO:0045724,0.8523364485981308,0.9839198022554121,0.049890735672630714,0.2581452000825805,0.744622497302109,25,
POSITIVE REGULATION OF COLD-INDUCED THERMOGENESIS%GOBP%GO:0120162,0.019920578074360578,0.1205650672997248,0.35248785758361917,0.43871581771953744,1.5031598784159699,68,
POSITIVE REGULATION OF CYTOKINE PRODUCTION INVOLVED IN IMMUNE RESPONSE%GOBP%GO:0002720,0.6567164179104478,0.8739555681274207,0.06197627360019979,0.2941140160212719,0.8862265864438658,33,
POSITIVE REGULATION OF CYTOKINE-MEDIATED SIGNALING PATHWAY%GOBP%GO:0001961,0.016454138095634195,0.10576548007010067,0.35248785758361917,0.5189585556554729,1.576535067471168,34,
POSITIVE REGULATION OF CYTOKINESIS%GOBP%GO:0032467,0.004057039379029768,0.03641504166379546,0.40701791892395395,-0.5524741686446598,-1.7575572921598743,34,
POSITIVE REGULATION OF CYTOSKELETON ORGANIZATION%GOBP%GO:0051495,0.6097972972972973,0.8414235301847061,0.060771945185353275,0.2459191308428172,0.9317914129678495,131,
POSITIVE REGULATION OF CYTOSOLIC CALCIUM ION CONCENTRATION%GOBP%GO:0007204,0.08035714285714286,0.2885567545732587,0.2114001893849227,0.3994714007938242,1.3193712889764513,54,
POSITIVE REGULATION OF D-GLUCOSE IMPORT%GOBP%GO:0046326,0.6401515151515151,0.8629937636845095,0.06392719333599958,0.3157364352661958,0.8648965437909143,20,
POSITIVE REGULATION OF D-GLUCOSE TRANSMEMBRANE TRANSPORT%GOBP%GO:0010828,0.5794392523364486,0.8206384109052531,0.06815134386794833,0.3166556447913948,0.913396479709672,25,
POSITIVE REGULATION OF DEFENSE RESPONSE TO VIRUS BY HOST%GOBP%GO:0002230,0.09227871939736347,0.3106044292789584,0.20207170902115992,0.5024790000464222,1.3911440646970745,21,
POSITIVE REGULATION OF DENDRITE MORPHOGENESIS%GOBP%GO:0050775,0.7009345794392523,0.8977391709000658,0.05896944666909967,0.3197940494801395,0.8264250004457899,16,
POSITIVE REGULATION OF DENDRITIC SPINE DEVELOPMENT%GOBP%GO:0060999,0.6685499058380414,0.8789548691046281,0.061570675542167844,0.30889291936078034,0.8551890752767813,21,
POSITIVE REGULATION OF DEVELOPMENTAL GROWTH%GOBP%GO:0048639,0.3363309352517986,0.6071002846845331,0.09528798461948437,0.32706697417031516,1.0815009917536846,56,
POSITIVE REGULATION OF DNA BIOSYNTHETIC PROCESS%GOBP%GO:2000573,0.0022218079132268254,0.022567394453177774,0.4317076958033464,-0.5651975455893387,-1.834734729914498,38,
POSITIVE REGULATION OF DNA RECOMBINATION%GOBP%GO:0045911,0.054517427436232634,0.2385030132564634,0.3217759180753611,-0.41182698392449396,-1.4607590050784165,57,
POSITIVE REGULATION OF DNA REPAIR%GOBP%GO:0045739,1.2186283971676342e-5,2.68678546613626e-4,0.5933254763964051,-0.45870062315143345,-1.8300798865741876,133,
POSITIVE REGULATION OF DNA REPLICATION%GOBP%GO:0045740,2.7385628455126037e-6,6.916115986212739e-5,0.6272567397185284,-0.7035545755010602,-2.2140473887991754,33,
POSITIVE REGULATION OF DNA-BINDING TRANSCRIPTION FACTOR ACTIVITY%GOBP%GO:0051091,0.20069204152249134,0.4784319921631209,0.12625398784911535,0.3276999914805099,1.1567929590371158,82,
POSITIVE REGULATION OF DNA-TEMPLATED TRANSCRIPTION INITIATION%GOBP%GO:2000144,1,1,0.05060042438536184,-0.12322939629840898,-0.4453352851887368,62,
"POSITIVE REGULATION OF DNA-TEMPLATED TRANSCRIPTION, ELONGATION%GOBP%GO:0032786",0.9932735426008968,1,0.051218434854034045,-0.1766886104426503,-0.6245170249343523,56,
POSITIVE REGULATION OF DOUBLE-STRAND BREAK REPAIR VIA HOMOLOGOUS RECOMBINATION%GOBP%GO:1905168,0.008752451398573842,0.06580327465558358,0.3807304007227924,-0.5053522602575513,-1.6762257807229908,40,
POSITIVE REGULATION OF DOUBLE-STRAND BREAK REPAIR%GOBP%GO:2000781,2.0845924113845e-5,4.305574512138395e-4,0.5756102610711286,-0.5084324470020803,-1.9408534222757097,91,
POSITIVE REGULATION OF ENDOCYTOSIS%GOBP%GO:0045807,0.014883182435093387,0.09762805384814505,0.3807304007227924,0.4253565710419336,1.5015242577165107,82,
POSITIVE REGULATION OF ENDOTHELIAL CELL MIGRATION%GOBP%GO:0010595,0.02679204503243607,0.14760448152590283,0.35248785758361917,0.4068838344882736,1.4363148218453707,82,
POSITIVE REGULATION OF ENDOTHELIAL CELL PROLIFERATION%GOBP%GO:0001938,0.1935483870967742,0.4731106529540112,0.13145761164276346,0.36278724039390553,1.1961141055680153,55,
POSITIVE REGULATION OF EPIDERMAL GROWTH FACTOR RECEPTOR SIGNALING PATHWAY%GOBP%GO:0045742,0.24091778202676864,0.5105031262169056,0.12043337164225933,0.4292258432431373,1.1971894092081952,22,
POSITIVE REGULATION OF EPIDERMIS DEVELOPMENT%GOBP%GO:0045684,0.8822429906542056,0.9942681655324069,0.04831175810550189,0.2635514662978712,0.681080592358656,16,
POSITIVE REGULATION OF EPITHELIAL CELL DIFFERENTIATION%GOBP%GO:0030858,0.14377682403433475,0.4034464819872545,0.17093233537005617,-0.39231371555868433,-1.2345895937130447,33,
POSITIVE REGULATION OF EPITHELIAL CELL MIGRATION%GOBP%GO:0010634,0.9596153846153846,1,0.04577044581080999,0.21562341325691026,0.6281038686020498,28,
POSITIVE REGULATION OF EPITHELIAL CELL PROLIFERATION%GOBP%GO:0050679,0.08163265306122448,0.2907378335949764,0.20429475651688608,0.3496051006704628,1.2675415135208126,99,
POSITIVE REGULATION OF EPITHELIAL TO MESENCHYMAL TRANSITION%GOBP%GO:0010718,0.014600271678994551,0.09607806537294643,0.3807304007227924,-0.4629582231386522,-1.5640332725163437,45,
POSITIVE REGULATION OF ERAD PATHWAY%GOBP%GO:1904294,0.07047619047619047,0.26723685591352714,0.2343926472946861,0.5645686666971952,1.4259295750883278,15,
POSITIVE REGULATION OF ERBB SIGNALING PATHWAY%GOBP%GO:1901186,0.2538167938931298,0.5279693398990001,0.11673920479122178,0.4070176516593806,1.1589056533840854,24,
POSITIVE REGULATION OF ERK1 AND ERK2 CASCADE%GOBP%GO:0070374,0.3020833333333333,0.5799498963372495,0.09957912004959042,0.3074583696764632,1.0875236268547164,84,
POSITIVE REGULATION OF ERYTHROCYTE DIFFERENTIATION%GOBP%GO:0045648,0.04619415607192231,0.21861264937336053,0.3217759180753611,0.526349585233621,1.498680726736863,24,
POSITIVE REGULATION OF ESTABLISHMENT OF PROTEIN LOCALIZATION TO MITOCHONDRION%GOBP%GO:1903749,0.36981132075471695,0.6426983008012798,0.09255288646847727,0.35920593685066304,1.0636078362640158,30,
POSITIVE REGULATION OF ESTABLISHMENT OF PROTEIN LOCALIZATION%GOBP%GO:1904951,0.7959866220735786,0.9549776878084222,0.04792589670581297,0.21904040457522153,0.8752313395992656,195,
POSITIVE REGULATION OF EXCITATORY POSTSYNAPTIC POTENTIAL%GOBP%GO:2000463,0.4096638655462185,0.6806496522053798,0.09284812141598782,-0.3824922531486884,-1.0175424333656669,18,
POSITIVE REGULATION OF EXOCYTOSIS%GOBP%GO:0045921,0.13620071684587814,0.3910544001453092,0.1596467019199062,0.37454400146060285,1.234876295033116,55,
POSITIVE REGULATION OF EXTRACELLULAR MATRIX ORGANIZATION%GOBP%GO:1903055,0.27151051625239003,0.548549973926647,0.11237851911047504,0.41076304874546066,1.1456932973478355,22,
POSITIVE REGULATION OF EXTRINSIC APOPTOTIC SIGNALING PATHWAY%GOBP%GO:2001238,0.09732824427480916,0.3201632475967079,0.19782202131510335,0.4744526627168225,1.3509140717705428,24,
POSITIVE REGULATION OF FAT CELL DIFFERENTIATION%GOBP%GO:0045600,0.20985401459854014,0.48480203954656503,0.12687572992985735,0.3846832748983544,1.1843858059550656,37,
POSITIVE REGULATION OF FATTY ACID METABOLIC PROCESS%GOBP%GO:0045923,0.7690839694656488,0.9360417380834929,0.05559470977588687,0.2823978670870814,0.8040744261005898,24,
POSITIVE REGULATION OF FIBROBLAST PROLIFERATION%GOBP%GO:0048146,0.5222929936305732,0.7819617010540191,0.07998588014999461,-0.34379027274480195,-0.9529341527857795,21,
POSITIVE REGULATION OF FILOPODIUM ASSEMBLY%GOBP%GO:0051491,0.2638623326959847,0.5395727348026835,0.11426650248443287,0.41899916772814183,1.1686653400947098,22,
POSITIVE REGULATION OF FOCAL ADHESION ASSEMBLY%GOBP%GO:0051894,0.2780952380952381,0.5538196000776029,0.11056471633661853,0.4638061973532891,1.171434075122034,15,
POSITIVE REGULATION OF G PROTEIN-COUPLED RECEPTOR SIGNALING PATHWAY%GOBP%GO:0045745,0.5952890792291221,0.8318476167497492,0.07362127410143941,-0.3493760732998863,-0.9079682119221719,16,
POSITIVE REGULATION OF G1/S TRANSITION OF MITOTIC CELL CYCLE%GOBP%GO:1900087,3.314968467138565e-5,6.462443790674339e-4,0.557332238758646,-0.6740963906891745,-2.108763646339891,32,
POSITIVE REGULATION OF G2/M TRANSITION OF MITOTIC CELL CYCLE%GOBP%GO:0010971,1.1437909013190113e-4,0.0018969857455905753,0.5384340963099162,-0.7346761718814797,-2.0259770606427345,20,
"POSITIVE REGULATION OF GENE EXPRESSION, EPIGENETIC%GOBP%GO:0141137",0.8640552995391705,0.9895309448098208,0.05896944666909967,-0.2343788998562885,-0.8038535678953809,49,
POSITIVE REGULATION OF GLIAL CELL DIFFERENTIATION%GOBP%GO:0045687,0.06273764258555133,0.25185718367436644,0.24891111443470243,0.5411991331756785,1.4369710397219506,18,
POSITIVE REGULATION OF GLIOGENESIS%GOBP%GO:0014015,0.08901515151515152,0.30434965034965034,0.20658792269689108,0.506353232576026,1.3870529716443218,20,
POSITIVE REGULATION OF GLUCOSE METABOLIC PROCESS%GOBP%GO:0010907,0.14694656488549618,0.40842176813597636,0.15851410542482433,0.45223585314581527,1.287655915503785,24,
POSITIVE REGULATION OF GLYCOLYTIC PROCESS%GOBP%GO:0045821,0.3121495327102804,0.5894978938607471,0.10208010766274725,0.4337758850034885,1.1209815709208315,16,
POSITIVE REGULATION OF GROWTH%GOBP%GO:0045927,0.8040885860306644,0.9600584203076682,0.04831175810550189,0.22830654393148536,0.8434812913330019,113,
POSITIVE REGULATION OF GTPASE ACTIVITY%GOBP%GO:0043547,0.08865248226950355,0.3038576135036161,0.19991523130966152,0.37739767571246585,1.306786434090295,71,
POSITIVE REGULATION OF HEART CONTRACTION%GOBP%GO:0045823,0.0013909506734410492,0.01525294426847053,0.45505986738722953,0.7157762527291284,1.9179524749624246,19,
POSITIVE REGULATION OF HEMOPOIESIS%GOBP%GO:1903708,0.2578397212543554,0.5321536000331347,0.10968406197054928,0.3043650739734553,1.108424707682044,103,
POSITIVE REGULATION OF HIPPO SIGNALING%GOBP%GO:0035332,0.92,1,0.04725873366732593,0.25080101887913414,0.6334474641927913,15,
POSITIVE REGULATION OF HORMONE SECRETION%GOBP%GO:0046887,0.15845070422535212,0.4249005812174977,0.1455161460903603,0.3621491541673641,1.2166026650834174,58,
POSITIVE REGULATION OF HYDROLASE ACTIVITY%GOBP%GO:0051345,0.18673647469458987,0.46379430192362153,0.13214726060877433,0.32793690181910273,1.1641114777313335,87,
POSITIVE REGULATION OF IMMUNE EFFECTOR PROCESS%GOBP%GO:0002699,0.024552869559903826,0.1383526808061112,0.35248785758361917,0.36941667885905677,1.3718382765226103,115,
POSITIVE REGULATION OF IMMUNOGLOBULIN MEDIATED IMMUNE RESPONSE%GOBP%GO:0002891,0.8631178707224335,0.98937134098078,0.05009228744021063,0.26810097631278973,0.7118513594470274,18,
POSITIVE REGULATION OF IMMUNOGLOBULIN PRODUCTION%GOBP%GO:0002639,0.27289719626168224,0.5507002970790439,0.11056471633661853,0.3955143256983313,1.1524411970891546,26,
POSITIVE REGULATION OF INFLAMMASOME-MEDIATED SIGNALING PATHWAY%GOBP%GO:0141087,0.2652671755725191,0.5414490916535327,0.11378726182188,0.4039231062928186,1.150094521716107,24,
POSITIVE REGULATION OF INFLAMMATORY RESPONSE%GOBP%GO:0050729,0.002035136609777907,0.021012651882905114,0.4317076958033464,0.46994265349796266,1.6506746624598063,77,
POSITIVE REGULATION OF INNATE IMMUNE RESPONSE%GOBP%GO:0045089,0.05289256198347107,0.23490893235824561,0.2529611230696109,0.318097078841704,1.2733410429692253,198,
POSITIVE REGULATION OF INSULIN SECRETION%GOBP%GO:0032024,0.5575868372943327,0.806222863754568,0.06895673516728111,0.3088077451421055,0.9462417495513146,36,
POSITIVE REGULATION OF INTERFERON-ALPHA PRODUCTION%GOBP%GO:0032727,0.42585551330798477,0.6973336964159044,0.08504274637643215,0.38219153289506935,1.014780199618093,18,
POSITIVE REGULATION OF INTERFERON-BETA PRODUCTION%GOBP%GO:0032728,0.5815450643776824,0.8223630383513372,0.07492788183937392,-0.2928240250778107,-0.9215010330072313,33,
POSITIVE REGULATION OF INTERLEUKIN-1 BETA PRODUCTION%GOBP%GO:0032731,0.08506616257088846,0.29652722718722985,0.2114001893849227,0.4520498035458215,1.3461295981143881,31,
POSITIVE REGULATION OF INTERLEUKIN-1 PRODUCTION%GOBP%GO:0032732,0.11423220973782772,0.3543367346938775,0.1797823162983236,0.4301662443875418,1.3051425335290479,35,
POSITIVE REGULATION OF INTERLEUKIN-10 PRODUCTION%GOBP%GO:0032733,0.6133333333333333,0.8436939836593216,0.06628421870126719,0.3475082782690496,0.8777007311984503,15,
POSITIVE REGULATION OF INTERLEUKIN-12 PRODUCTION%GOBP%GO:0032735,0.16698656429942418,0.4342958790143775,0.14826150047510658,0.4876412050907851,1.2636940955880291,17,
POSITIVE REGULATION OF INTERLEUKIN-6 PRODUCTION%GOBP%GO:0032755,0.1263537906137184,0.37341577694139333,0.16693384871319314,0.40152256359819677,1.271038620477595,44,
POSITIVE REGULATION OF INTERLEUKIN-8 PRODUCTION%GOBP%GO:0032757,0.012176691877141125,0.08467296629461339,0.3807304007227924,0.5337889997833365,1.621588212811874,34,
POSITIVE REGULATION OF INTRACELLULAR PROTEIN TRANSPORT%GOBP%GO:0090316,0.8534798534798534,0.9842121348970663,0.04889707722601022,0.23281161050623145,0.791915777677278,64,
POSITIVE REGULATION OF INTRACELLULAR TRANSPORT%GOBP%GO:0032388,0.9948630136986302,1,0.03879622083044794,0.1750379744587659,0.6405345303991099,106,
POSITIVE REGULATION OF INTRINSIC APOPTOTIC SIGNALING PATHWAY%GOBP%GO:2001244,0.009729785268612954,0.07169523883529287,0.3807304007227924,0.5340759409249825,1.6365034902267874,36,
POSITIVE REGULATION OF ION TRANSMEMBRANE TRANSPORTER ACTIVITY%GOBP%GO:0032414,0.5291902071563088,0.7879686151682699,0.07307443991269867,0.33880309835865297,0.9379972483209752,21,
POSITIVE REGULATION OF ISOTYPE SWITCHING%GOBP%GO:0045830,0.8092243186582809,0.9634694913154834,0.057609110864425044,-0.2928754499191333,-0.7460145580215127,15,
POSITIVE REGULATION OF JNK CASCADE%GOBP%GO:0046330,0.4321880650994575,0.7031440379773312,0.0815265143256594,0.29548493094351835,1.0023443029274013,62,
POSITIVE REGULATION OF KINASE ACTIVITY%GOBP%GO:0033674,0.5120274914089347,0.7757907669124737,0.07011321576425601,0.2696747062508545,0.9691337227757629,95,
POSITIVE REGULATION OF LAMELLIPODIUM ASSEMBLY%GOBP%GO:0010592,0.5265151515151515,0.7865873035273412,0.07362127410143941,0.3408469532382105,0.9336817639334196,20,
POSITIVE REGULATION OF LAMELLIPODIUM ORGANIZATION%GOBP%GO:1902745,0.690566037735849,0.8930876357806398,0.06011861425318512,0.2946928118129973,0.8595899360224061,27,
POSITIVE REGULATION OF LEUKOCYTE ACTIVATION%GOBP%GO:0002696,0.17166666666666666,0.4408069001272564,0.13500203382863138,0.2898026103450164,1.1470890378744019,176,
POSITIVE REGULATION OF LEUKOCYTE CELL-CELL ADHESION%GOBP%GO:1903039,0.3640856672158155,0.6388277956307673,0.0857844408075645,0.27317654733782343,1.0456914967677082,138,
POSITIVE REGULATION OF LEUKOCYTE CHEMOTAXIS%GOBP%GO:0002690,0.061619718309859156,0.249958204521747,0.24133997681509095,0.42322039835706143,1.3682027980108915,49,
POSITIVE REGULATION OF LEUKOCYTE DIFFERENTIATION%GOBP%GO:1902107,0.2578397212543554,0.5321536000331347,0.10968406197054928,0.3043650739734553,1.108424707682044,103,
POSITIVE REGULATION OF LEUKOCYTE MEDIATED CYTOTOXICITY%GOBP%GO:0001912,0.061567164179104475,0.249958204521747,0.24891111443470243,0.4719270768210383,1.4220142514775351,33,
POSITIVE REGULATION OF LEUKOCYTE MEDIATED IMMUNITY%GOBP%GO:0002705,0.17657657657657658,0.44819455855441925,0.13880510939113969,0.3452730128882028,1.1900003048964056,70,
POSITIVE REGULATION OF LEUKOCYTE MIGRATION%GOBP%GO:0002687,0.03138823336135514,0.1657397364480143,0.3217759180753611,0.411574470250484,1.4309002184940933,73,
POSITIVE REGULATION OF LEUKOCYTE PROLIFERATION%GOBP%GO:0070665,0.014612304758844443,0.09607806537294643,0.3807304007227924,0.4731900167438906,1.5601134511423158,55,
POSITIVE REGULATION OF LIPID BIOSYNTHETIC PROCESS%GOBP%GO:0046889,0.7995495495495496,0.9574204102639512,0.061570675542167844,-0.23647352064040442,-0.8387765693405855,57,
POSITIVE REGULATION OF LIPID LOCALIZATION%GOBP%GO:1905954,0.22125435540069685,0.4977792661003207,0.11988784511542344,0.3600615184623908,1.1659828066641116,48,
POSITIVE REGULATION OF LIPID METABOLIC PROCESS%GOBP%GO:0045834,0.8780487804878049,0.993914230701908,0.0453152441270267,0.22243237474057811,0.7758021196886659,74,
POSITIVE REGULATION OF LIPID TRANSPORT%GOBP%GO:0032370,0.10727272727272727,0.3391307058145152,0.18302393838448722,0.4247067530960761,1.3127854401766996,38,
POSITIVE REGULATION OF LYMPHOCYTE ACTIVATION%GOBP%GO:0051251,0.3069306930693069,0.5842092945162964,0.09560314922043013,0.2729624052202772,1.067499322596772,162,
POSITIVE REGULATION OF LYMPHOCYTE DIFFERENTIATION%GOBP%GO:0045621,0.2807017543859649,0.5561979127562129,0.10473282158065095,0.31611950255198307,1.0990367429655818,73,
POSITIVE REGULATION OF LYMPHOCYTE MEDIATED IMMUNITY%GOBP%GO:0002708,0.18625678119349007,0.46326672932900764,0.13500203382863138,0.3508459832213785,1.1901401244523446,62,
POSITIVE REGULATION OF LYMPHOCYTE MIGRATION%GOBP%GO:2000403,0.9001883239171374,1,0.0477342401407188,0.25170373732079365,0.6968573019042467,21,
POSITIVE REGULATION OF LYMPHOCYTE PROLIFERATION%GOBP%GO:0050671,0.078534031413612565,0.2851863258392362,0.2114001893849227,0.41691101749987614,1.3417074389388692,46,
POSITIVE REGULATION OF MACROAUTOPHAGY%GOBP%GO:0016239,0.00243460389925707,0.024241324846366093,0.4317076958033464,0.4648717783321277,1.6281553192476095,76,
POSITIVE REGULATION OF MAP KINASE ACTIVITY%GOBP%GO:0043406,0.15517241379310345,0.42074259383987084,0.15419096658142434,0.45338664740844076,1.277831388811266,23,
POSITIVE REGULATION OF MEMBRANE PERMEABILITY%GOBP%GO:1905710,0.20675105485232068,0.4820431643976054,0.13880510939113969,-0.4428603236283862,-1.221252153097829,20,
POSITIVE REGULATION OF METAPHASE/ANAPHASE TRANSITION OF CELL CYCLE%GOBP%GO:1902101,0.0023871834093313784,0.023854660111951687,0.4317076958033464,-0.6996896339736662,-1.8183727919863695,16,
POSITIVE REGULATION OF MICROTUBULE POLYMERIZATION OR DEPOLYMERIZATION%GOBP%GO:0031112,0.27593360995850624,0.5528169014084507,0.11673920479122178,-0.3713295222572347,-1.1233380371850445,28,
POSITIVE REGULATION OF MICROTUBULE POLYMERIZATION%GOBP%GO:0031116,0.7962616822429907,0.9551014478717738,0.05302125120430776,0.2711678107784303,0.7821863524295132,25,
POSITIVE REGULATION OF MIRNA METABOLIC PROCESS%GOBP%GO:2000630,0.5401069518716578,0.7945506548246274,0.06928364673925483,0.2989260015263912,0.9520139762837259,45,
POSITIVE REGULATION OF MIRNA TRANSCRIPTION%GOBP%GO:1902895,0.5301645338208409,0.7880134162409289,0.07147862874255066,0.3089622268091387,0.9618741634989432,40,
POSITIVE REGULATION OF MITOCHONDRIAL FISSION%GOBP%GO:0090141,0.9916839916839917,1,0.047829963311422925,-0.19139896517291205,-0.5067995321175,17,
POSITIVE REGULATION OF MITOCHONDRIAL MEMBRANE PERMEABILITY%GOBP%GO:0035794,0.226890756302521,0.4977792661003207,0.13145761164276346,-0.454559510536632,-1.2092626364412868,18,
POSITIVE REGULATION OF MITOPHAGY%GOBP%GO:1901526,0.9465648854961832,1,0.04604576830180555,0.23182792624606996,0.6211926467436463,19,
POSITIVE REGULATION OF MITOTIC CELL CYCLE PHASE TRANSITION%GOBP%GO:1901992,1.4078883138815237e-10,1.0864204822119092e-8,0.826657301178302,-0.6815425859074108,-2.474289556268357,66,
POSITIVE REGULATION OF MITOTIC CELL CYCLE%GOBP%GO:0045931,5.734054528680397e-9,3.0930492195483775e-7,0.7614608014455848,-0.5974231303512888,-2.25458851180632,89,
POSITIVE REGULATION OF MITOTIC METAPHASE/ANAPHASE TRANSITION%GOBP%GO:0045842,0.0023871834093313784,0.023854660111951687,0.4317076958033464,-0.6996896339736662,-1.8183727919863695,16,
POSITIVE REGULATION OF MITOTIC NUCLEAR DIVISION%GOBP%GO:0045840,0.05545814446826451,0.2403946002076843,0.3217759180753611,-0.46284455064675484,-1.4080223387646789,29,
POSITIVE REGULATION OF MITOTIC SISTER CHROMATID SEPARATION%GOBP%GO:1901970,1.2919776049452674e-5,2.8039951457327757e-4,0.5933254763964051,-0.7732426871897106,-2.1323298706478577,20,
POSITIVE REGULATION OF MONOATOMIC ION TRANSMEMBRANE TRANSPORT%GOBP%GO:0034767,0.17122040072859745,0.4406209108143064,0.14205664357582118,0.3503413653625791,1.1896954620695699,63,
POSITIVE REGULATION OF MONOATOMIC ION TRANSPORT%GOBP%GO:0043270,0.5530434782608695,0.8029724936355128,0.0668966276500666,0.2671667103843015,0.9532051348235483,89,
POSITIVE REGULATION OF MONONUCLEAR CELL MIGRATION%GOBP%GO:0071677,0.5766550522648084,0.8193772103459273,0.06494076846128988,0.2898468134598009,0.9386073871590588,48,
POSITIVE REGULATION OF MONONUCLEAR CELL PROLIFERATION%GOBP%GO:0032946,0.04310344827586207,0.20826037977798503,0.2878571172551493,0.4406457859913294,1.4242303845264253,47,
POSITIVE REGULATION OF MORPHOGENESIS OF AN EPITHELIUM%GOBP%GO:1905332,0.1297709923664122,0.38047896231545447,0.16957064440562838,0.4975379722319928,1.3331738536892417,19,
POSITIVE REGULATION OF MRNA CATABOLIC PROCESS%GOBP%GO:0061014,0.9792387543252595,1,0.04000315174981936,0.19050885775811122,0.672503237772875,82,
POSITIVE REGULATION OF MRNA METABOLIC PROCESS%GOBP%GO:1903313,1,1,0.03903552981123929,0.12498518616545695,0.45531218343449964,102,
POSITIVE REGULATION OF MRNA PROCESSING%GOBP%GO:0050685,0.3248407643312102,0.5939852866765517,0.10755437526516934,-0.39535401795847097,-1.0958609827607628,21,
"POSITIVE REGULATION OF MRNA SPLICING, VIA SPLICEOSOME%GOBP%GO:0048026",0.22478991596638656,0.4977792661003207,0.13214726060877433,-0.45562865351156356,-1.212106872724171,18,
POSITIVE REGULATION OF MUSCLE CELL DIFFERENTIATION%GOBP%GO:0051149,0.03418237909807216,0.1756866773995272,0.3217759180753611,0.49219506981396355,1.4952307446170727,34,
POSITIVE REGULATION OF MUSCLE HYPERTROPHY%GOBP%GO:0014742,0.5607476635514018,0.8075464019418321,0.06977925170762346,0.36385346059007867,0.9402851517067783,16,
POSITIVE REGULATION OF MYELOID CELL DIFFERENTIATION%GOBP%GO:0045639,0.0852994555353902,0.2968596204973851,0.20658792269689108,0.39393523409602527,1.3245671198646467,60,
POSITIVE REGULATION OF MYELOID LEUKOCYTE DIFFERENTIATION%GOBP%GO:0002763,0.21361058601134217,0.4896123827883733,0.1281429168984153,0.39757076161499083,1.183900015787908,31,
POSITIVE REGULATION OF MYOBLAST DIFFERENTIATION%GOBP%GO:0045663,0.13953488372093023,0.3961450250145571,0.1723243449009459,-0.4035337853284914,-1.2497672467210932,31,
POSITIVE REGULATION OF NATURAL KILLER CELL MEDIATED CYTOTOXICITY%GOBP%GO:0045954,0.13714285714285715,0.3922317008184588,0.16440575583821013,0.5262540655475073,1.3291584891960322,15,
POSITIVE REGULATION OF NATURAL KILLER CELL MEDIATED IMMUNITY%GOBP%GO:0002717,0.3666026871401152,0.64124918172129175,0.09405034657278127,0.41615170930992695,1.0784331849600668,17,
POSITIVE REGULATION OF NERVOUS SYSTEM DEVELOPMENT%GOBP%GO:0051962,0.20446735395189003,0.47933359432772193,0.12443416863039332,0.30689517349382445,1.1472639923383843,123,
POSITIVE REGULATION OF NEURAL PRECURSOR CELL PROLIFERATION%GOBP%GO:2000179,0.0600925900289934,0.2473831208257438,0.3217759180753611,0.5579114174002734,1.5282862626993403,20,
POSITIVE REGULATION OF NEUROGENESIS%GOBP%GO:0050769,0.2564102564102564,0.5301880850820188,0.10882012676916121,0.31055416463465046,1.1195000366392245,96,
POSITIVE REGULATION OF NEURON APOPTOTIC PROCESS%GOBP%GO:0043525,0.05471698113207547,0.238999644001424,0.26635065708852557,0.48103229320468077,1.424335357689965,30,
POSITIVE REGULATION OF NEURON DIFFERENTIATION%GOBP%GO:0045666,0.17167381974248927,0.4408069001272564,0.1552419662288392,-0.3832754830375895,-1.2061467751890684,33,
POSITIVE REGULATION OF NEURON PROJECTION DEVELOPMENT%GOBP%GO:0010976,0.4722222222222222,0.740730284208545,0.07473852274390924,0.2773962372314982,0.9875972471527101,88,
POSITIVE REGULATION OF NEUROTRANSMITTER TRANSPORT%GOBP%GO:0051590,0.048598130841121495,0.22241450984618702,0.28201335001172506,0.5831448323433766,1.5069869783779843,16,
POSITIVE REGULATION OF NF-KAPPAB TRANSCRIPTION FACTOR ACTIVITY%GOBP%GO:0051092,0.17781690140845072,0.4507074380590111,0.13649043778041264,0.35726670677942607,1.2002005875528154,58,
POSITIVE REGULATION OF NITRIC OXIDE BIOSYNTHETIC PROCESS%GOBP%GO:0045429,0.012855841290915616,0.08800735527293826,0.3807304007227924,0.6334443612393909,1.6973407203128368,19,
POSITIVE REGULATION OF NITRIC OXIDE METABOLIC PROCESS%GOBP%GO:1904407,0.009742603549432346,0.07169523883529287,0.3807304007227924,0.6408200190653771,1.774149697757529,21,
POSITIVE REGULATION OF NLRP3 INFLAMMASOME COMPLEX ASSEMBLY%GOBP%GO:1900227,0.3888888888888889,0.6591417531014846,0.09054289484694737,0.3687605581080502,1.0393200126194424,23,
POSITIVE REGULATION OF NON-CANONICAL NF-KAPPAB SIGNAL TRANSDUCTION%GOBP%GO:1901224,0.5803402646502835,0.8217050230369458,0.06863256318367258,0.31244324074208096,0.9304043288917433,31,
POSITIVE REGULATION OF NOTCH SIGNALING PATHWAY%GOBP%GO:0045747,0.26346153846153847,0.5393339185211958,0.1147507192270233,0.39205342966138457,1.1420386689436912,28,
POSITIVE REGULATION OF NUCLEAR DIVISION%GOBP%GO:0051785,0.016855059026132633,0.10739301370320288,0.35248785758361917,-0.5067871544875087,-1.5948311831685928,33,
POSITIVE REGULATION OF NUCLEOCYTOPLASMIC TRANSPORT%GOBP%GO:0046824,0.8149466192170819,0.9656744006400529,0.049690139272460555,0.2511857378778888,0.795851080065224,43,
POSITIVE REGULATION OF NUCLEOTIDE CATABOLIC PROCESS%GOBP%GO:0030813,0.3121495327102804,0.5894978938607471,0.10208010766274725,0.4337758850034885,1.1209815709208315,16,
POSITIVE REGULATION OF NUCLEOTIDE METABOLIC PROCESS%GOBP%GO:0045981,0.5,0.7650784907738915,0.07687367341265418,0.3389819838382319,0.9553916544873126,23,
POSITIVE REGULATION OF ORGANELLE ASSEMBLY%GOBP%GO:1902117,0.44713656387665196,0.715057915057915,0.09054289484694737,-0.27707742411771236,-1.0063490895047331,69,
POSITIVE REGULATION OF OSSIFICATION%GOBP%GO:0045778,0.6598890942698706,0.8752279947525645,0.06130260753962072,0.28986292549325443,0.8805694825142802,34,
POSITIVE REGULATION OF OSTEOBLAST DIFFERENTIATION%GOBP%GO:0045669,0.5138632162661737,0.7762561525840854,0.07362127410143941,0.3192582152693738,0.9698689162465086,34,
POSITIVE REGULATION OF P38MAPK CASCADE%GOBP%GO:1900745,0.2617702448210923,0.5375690385003024,0.11378726182188,0.41275307930171534,1.1427323259339675,21,
POSITIVE REGULATION OF PATTERN RECOGNITION RECEPTOR SIGNALING PATHWAY%GOBP%GO:0062208,0.05263157894736842,0.23431174089068824,0.26635065708852557,0.413435427376715,1.3901345345435558,60,
POSITIVE REGULATION OF PEPTIDE HORMONE SECRETION%GOBP%GO:0090277,0.7581227436823105,0.9287202114128768,0.053676960063812645,0.2640925816659517,0.8359975281861478,44,
POSITIVE REGULATION OF PEPTIDE SECRETION%GOBP%GO:0002793,0.7581227436823105,0.9287202114128768,0.053676960063812645,0.2640925816659517,0.8359975281861478,44,
POSITIVE REGULATION OF PEPTIDYL-SERINE PHOSPHORYLATION%GOBP%GO:0033138,0.7142857142857143,0.9052079834956581,0.05896944666909967,0.32138296979195446,0.8117161092857074,15,
POSITIVE REGULATION OF PEPTIDYL-TYROSINE PHOSPHORYLATION%GOBP%GO:0050731,0.06542056074766354,0.2576021513210621,0.24133997681509095,0.49059608544720834,1.4151294782760904,25,
POSITIVE REGULATION OF PHAGOCYTOSIS%GOBP%GO:0050766,0.022814432387810217,0.13231418199026468,0.35248785758361917,0.5065870529143116,1.5389518969150497,34,
POSITIVE REGULATION OF PHOSPHATE METABOLIC PROCESS%GOBP%GO:0045937,0.06611570247933884,0.2585834470375337,0.22496609354031374,0.31222928430970964,1.2491783102852283,200,
POSITIVE REGULATION OF PHOSPHATIDYLINOSITOL 3-KINASE/PROTEIN KINASE B SIGNAL TRANSDUCTION%GOBP%GO:0051897,0.17294520547945205,0.44137967921168375,0.13649043778041264,0.3194244669065156,1.168902928296566,106,
POSITIVE REGULATION OF PHOSPHORUS METABOLIC PROCESS%GOBP%GO:0010562,0.06611570247933884,0.2585834470375337,0.22496609354031374,0.31222928430970964,1.2491783102852283,200,
POSITIVE REGULATION OF PHOSPHORYLATION%GOBP%GO:0042327,0.08848080133555926,0.3034563779138069,0.19381330272531053,0.31567327484852015,1.2400713718919503,167,
POSITIVE REGULATION OF PLASMA MEMBRANE BOUNDED CELL PROJECTION ASSEMBLY%GOBP%GO:0120034,0.44851657940663175,0.7156686143547518,0.07767985601172364,0.2831196564034312,1.0050190745913397,87,
POSITIVE REGULATION OF POST-TRANSLATIONAL PROTEIN MODIFICATION%GOBP%GO:1901875,0.6091127098321343,0.8414235301847061,0.07829552499447937,-0.2440793350827607,-0.9367069264567857,98,
POSITIVE REGULATION OF POTASSIUM ION TRANSPORT%GOBP%GO:0043268,0.011929777621042064,0.0834783935296092,0.3807304007227924,0.6390937088381388,1.6561745356113926,17,
POSITIVE REGULATION OF PRODUCTION OF MOLECULAR MEDIATOR OF IMMUNE RESPONSE%GOBP%GO:0002702,0.460573476702509,0.7282263949536767,0.07767985601172364,0.29847103759622073,0.9938069786203044,57,
POSITIVE REGULATION OF PROTEASOMAL PROTEIN CATABOLIC PROCESS%GOBP%GO:1901800,0.00512051711734755,0.044107896285244946,0.40701791892395395,0.4482735081542829,1.6036924244736344,90,
POSITIVE REGULATION OF PROTEASOMAL UBIQUITIN-DEPENDENT PROTEIN CATABOLIC PROCESS%GOBP%GO:0032436,0.03186704013309318,0.16718911707220557,0.3217759180753611,0.4384867438326584,1.4969511887977438,65,
POSITIVE REGULATION OF PROTEIN CATABOLIC PROCESS%GOBP%GO:0045732,0.03617171746772718,0.18270005659153837,0.3217759180753611,0.34173856079496606,1.3287314138114967,154,
POSITIVE REGULATION OF PROTEIN IMPORT INTO NUCLEUS%GOBP%GO:0042307,0.35887850467289717,0.6329933244325767,0.09374654224917187,0.36674006399873366,1.0685993677448153,26,
POSITIVE REGULATION OF PROTEIN KINASE ACTIVITY%GOBP%GO:0045860,0.5590277777777778,0.8067424242424243,0.06628421870126719,0.268128347392648,0.9546013327772584,88,
POSITIVE REGULATION OF PROTEIN LOCALIZATION TO CELL PERIPHERY%GOBP%GO:1904377,0.07871198568872988,0.28545939457348773,0.21392785549235627,0.4121866328585938,1.33768772082122,51,
POSITIVE REGULATION OF PROTEIN LOCALIZATION TO MEMBRANE%GOBP%GO:1905477,0.14285714285714285,0.4020842379504993,0.1552419662288392,0.375282644550307,1.239480837644197,54,
POSITIVE REGULATION OF PROTEIN LOCALIZATION TO NUCLEUS%GOBP%GO:1900182,0.6514598540145985,0.8700747473329589,0.06130260753962072,0.2605384692599323,0.8894366154608516,66,
POSITIVE REGULATION OF PROTEIN LOCALIZATION TO PLASMA MEMBRANE%GOBP%GO:1903078,0.0498220640569395,0.22565368900730248,0.27128855468895297,0.4379603262284769,1.3876233642854976,43,
POSITIVE REGULATION OF PROTEIN MATURATION%GOBP%GO:1903319,0.1619047619047619,0.4306125192771561,0.15016980212840597,0.509779298722468,1.2875482145841974,15,
POSITIVE REGULATION OF PROTEIN MODIFICATION BY SMALL PROTEIN CONJUGATION OR REMOVAL%GOBP%GO:1903322,0.7246376811594203,0.9100558219985848,0.06977925170762346,-0.23222470853199131,-0.8885965889937407,97,
POSITIVE REGULATION OF PROTEIN PHOSPHORYLATION%GOBP%GO:0001934,0.15257048092868988,0.41492001568272197,0.14375898903927542,0.3050364155455063,1.178938704532928,150,
POSITIVE REGULATION OF PROTEIN POLYMERIZATION%GOBP%GO:0032273,0.005295560377365478,0.04547470395153415,0.40701791892395395,0.4802581552240399,1.6220396632239893,61,
POSITIVE REGULATION OF PROTEIN SECRETION%GOBP%GO:0050714,0.8206521739130435,0.9686157206564937,0.05019342526494341,0.23752680368444495,0.8138315212858213,68,
POSITIVE REGULATION OF PROTEIN SERINE/THREONINE KINASE ACTIVITY%GOBP%GO:0071902,0.13454545454545455,0.38712301680711836,0.1619789488834018,0.4134869379917576,1.27810454611733,38,
POSITIVE REGULATION OF PROTEIN TARGETING TO MEMBRANE%GOBP%GO:0090314,0.7478991596638656,0.9237792944507244,0.06143641072012707,-0.30585919539309564,-0.813675851956592,18,
POSITIVE REGULATION OF PROTEIN TARGETING TO MITOCHONDRION%GOBP%GO:1903955,0.34807692307692306,0.6218736181928992,0.09721508088464663,0.3687597488137566,1.074184947339979,28,
POSITIVE REGULATION OF PROTEIN TRANSPORT%GOBP%GO:0051222,0.5733113673805601,0.8163608405945669,0.06252374147247618,0.24560257055097814,0.9430578790074664,140,
POSITIVE REGULATION OF PROTEIN UBIQUITINATION%GOBP%GO:0031398,0.43779904306220097,0.7081256137565032,0.09656295543094219,-0.27560785798725695,-1.0046470516425063,77,
POSITIVE REGULATION OF PROTEIN-CONTAINING COMPLEX ASSEMBLY%GOBP%GO:0031334,0.0015330352184061925,0.016603398973615607,0.45505986738722953,0.41051788572320713,1.577578128152609,142,
POSITIVE REGULATION OF PROTEIN-CONTAINING COMPLEX DISASSEMBLY%GOBP%GO:0043243,0.44528301886792454,0.7144072921831328,0.08220549204158693,0.34853848077360494,1.0166524542839763,27,
POSITIVE REGULATION OF PROTEOLYSIS INVOLVED IN PROTEIN CATABOLIC PROCESS%GOBP%GO:1903052,0.017853890283149515,0.11145642068896484,0.35248785758361917,0.4049775385052009,1.4748312080464592,103,
POSITIVE REGULATION OF PROTEOLYSIS%GOBP%GO:0045862,0.0026833321290399247,0.026340270863861877,0.4317076958033464,0.39961784743499695,1.5357234545206255,148,
POSITIVE REGULATION OF PURINE NUCLEOTIDE CATABOLIC PROCESS%GOBP%GO:0033123,0.3121495327102804,0.5894978938607471,0.10208010766274725,0.4337758850034885,1.1209815709208315,16,
POSITIVE REGULATION OF PURINE NUCLEOTIDE METABOLIC PROCESS%GOBP%GO:1900544,0.5,0.7650784907738915,0.07687367341265418,0.3389819838382319,0.9553916544873126,23,
POSITIVE REGULATION OF REACTIVE OXYGEN SPECIES METABOLIC PROCESS%GOBP%GO:2000379,0.13711151736745886,0.3922317008184588,0.1608014010700223,0.41816116096433475,1.2813200276541585,36,
POSITIVE REGULATION OF RECEPTOR SIGNALING PATHWAY VIA JAK-STAT%GOBP%GO:0046427,0.8110403397027601,0.9634694913154834,0.05809835768732064,-0.2844422372930148,-0.7884304586259095,21,
POSITIVE REGULATION OF RECEPTOR SIGNALING PATHWAY VIA STAT%GOBP%GO:1904894,0.6616822429906543,0.8755195384748928,0.06170540536375225,0.30005298257130186,0.8655059289644551,25,
POSITIVE REGULATION OF RECEPTOR-MEDIATED ENDOCYTOSIS%GOBP%GO:0048260,0.08818011257035648,0.3027989526828805,0.20658792269689108,0.4567167120864942,1.34167732619527,29,
POSITIVE REGULATION OF REGULATED SECRETORY PATHWAY%GOBP%GO:1903307,0.11886792452830189,0.3620298694190319,0.17669426893849804,0.43480561281479185,1.2874582783793334,30,
POSITIVE REGULATION OF RELEASE OF CYTOCHROME C FROM MITOCHONDRIA%GOBP%GO:0090200,0.31588785046728973,0.5933309321150311,0.10135074379709887,0.4319071566992688,1.1161523259984873,16,
POSITIVE REGULATION OF RELEASE OF SEQUESTERED CALCIUM ION INTO CYTOSOL%GOBP%GO:0051281,0.2897196261682243,0.5673697706874837,0.10672988436460558,0.4440499187306319,1.147532153526534,16,
POSITIVE REGULATION OF REPRODUCTIVE PROCESS%GOBP%GO:2000243,0.1228813559322034,0.3674536133257923,0.1847064712077387,-0.4263911079862169,-1.266035870917811,27,
POSITIVE REGULATION OF RESPONSE TO CYTOKINE STIMULUS%GOBP%GO:0060760,0.015941865295944876,0.10323193890940528,0.35248785758361917,0.5012792027969557,1.5576506051646228,39,
POSITIVE REGULATION OF RESPONSE TO ENDOPLASMIC RETICULUM STRESS%GOBP%GO:1905898,0.009147434519754721,0.06812754181200702,0.3807304007227924,0.5801934350905289,1.7044096615428606,29,
POSITIVE REGULATION OF RESPONSE TO WOUNDING%GOBP%GO:1903036,0.0661351832685989,0.2585834470375337,0.2878051305355643,0.45372991307110955,1.4375873583678078,43,
POSITIVE REGULATION OF RHO PROTEIN SIGNAL TRANSDUCTION%GOBP%GO:0035025,0.704331450094162,0.8988809019790746,0.05909547987173424,0.30125713703638685,0.8340489415420035,21,
POSITIVE REGULATION OF RNA SPLICING%GOBP%GO:0033120,0.4820415879017013,0.7490017079213874,0.07808923069433449,0.336832205101777,1.0030306336360966,31,
POSITIVE REGULATION OF SECRETION BY CELL%GOBP%GO:1903532,0.1285475792988314,0.37748961447373536,0.15851410542482433,0.31198184549724295,1.2028413584606945,149,
POSITIVE REGULATION OF SECRETION%GOBP%GO:0051047,0.10837438423645321,0.34192395162846906,0.1723243449009459,0.315789021626293,1.2267426502967647,153,
POSITIVE REGULATION OF SIGNAL TRANSDUCTION BY P53 CLASS MEDIATOR%GOBP%GO:1901798,0.07924528301886792,0.2866450471698113,0.21925034670375515,0.47257005504166616,1.3784403524479003,27,
POSITIVE REGULATION OF SMAD PROTEIN SIGNAL TRANSDUCTION%GOBP%GO:0060391,0.09322033898305085,0.31168368323444584,0.21392785549235627,-0.4290745533159349,-1.3171767362762454,30,
POSITIVE REGULATION OF SMALL GTPASE MEDIATED SIGNAL TRANSDUCTION%GOBP%GO:0051057,0.98014440433213,1,0.041908174859140085,0.19281385671513046,0.6103613611448478,44,
POSITIVE REGULATION OF SMALL MOLECULE METABOLIC PROCESS%GOBP%GO:0062013,0.5208333333333334,0.7804072276159656,0.06977925170762346,0.2721364057785228,0.9688709835404514,88,
POSITIVE REGULATION OF SMOOTH MUSCLE CELL PROLIFERATION%GOBP%GO:0048661,0.1791044776119403,0.451704256746228,0.14040623852334236,0.4069826291582938,1.2263231486214454,33,
POSITIVE REGULATION OF SMOOTHENED SIGNALING PATHWAY%GOBP%GO:0045880,0.5,0.7650784907738915,0.08197787965012722,-0.3511081803846142,-0.968232190573883,20,
POSITIVE REGULATION OF SODIUM ION TRANSPORT%GOBP%GO:0010765,0.08559498956158663,0.2974144853059258,0.22205604614524838,-0.49692118236238036,-1.406485293038081,22,
POSITIVE REGULATION OF SPROUTING ANGIOGENESIS%GOBP%GO:1903672,0.2467289719626168,0.517097762438438,0.11724971674979229,0.4623313266573721,1.1947757235009158,16,
POSITIVE REGULATION OF STEM CELL DIFFERENTIATION%GOBP%GO:2000738,0.9214953271028037,1,0.04632277857946331,0.24694183197694305,0.6381572888344298,16,
POSITIVE REGULATION OF STEM CELL POPULATION MAINTENANCE%GOBP%GO:1902459,0.908273381294964,1,0.045224744337288424,0.22098652799790985,0.6922865663717842,41,
POSITIVE REGULATION OF STEROID BIOSYNTHETIC PROCESS%GOBP%GO:0010893,0.588865096359743,0.8282872089556285,0.07417589655880091,-0.3523405724029774,-0.9156724342647481,16,
POSITIVE REGULATION OF STEROID METABOLIC PROCESS%GOBP%GO:0045940,0.7510548523206751,0.9248097568390063,0.06143641072012707,-0.29352196783782974,-0.8094297819830358,20,
POSITIVE REGULATION OF STEROL TRANSPORT%GOBP%GO:0032373,0.16443594646271512,0.4322829697459376,0.14920754243532175,0.45939234995287237,1.2813293157730599,22,
POSITIVE REGULATION OF STRESS FIBER ASSEMBLY%GOBP%GO:0051496,0.610989010989011,0.8425552109841016,0.07362127410143941,-0.28887517355698183,-0.9239680062791032,36,
POSITIVE REGULATION OF STRESS-ACTIVATED MAPK CASCADE%GOBP%GO:0032874,0.44025157232704404,0.7106443160514401,0.0886261133285098,-0.39556752529108596,-1.0075925880068601,15,
POSITIVE REGULATION OF STRESS-ACTIVATED PROTEIN KINASE SIGNALING CASCADE%GOBP%GO:0070304,0.44025157232704404,0.7106443160514401,0.0886261133285098,-0.39556752529108596,-1.0075925880068601,15,
POSITIVE REGULATION OF STRIATED MUSCLE CELL DIFFERENTIATION%GOBP%GO:0051155,0.06728971962616823,0.2616246901630445,0.2377938344236881,0.5646695555537468,1.459242404475104,16,
POSITIVE REGULATION OF SUBSTRATE ADHESION-DEPENDENT CELL SPREADING%GOBP%GO:1900026,0.9711538461538461,1,0.045224744337288424,0.20494874881925554,0.5970089242820141,28,
POSITIVE REGULATION OF SUPRAMOLECULAR FIBER ORGANIZATION%GOBP%GO:1902905,0.11073253833049404,0.34739129472852903,0.1737478389995708,0.329810914874175,1.2311728523318184,118,
POSITIVE REGULATION OF SYNAPSE ASSEMBLY%GOBP%GO:0051965,0.32905982905982906,0.5976647303878425,0.10714023727672473,-0.34676573005167244,-1.0847810126707187,32,
POSITIVE REGULATION OF SYNAPTIC TRANSMISSION%GOBP%GO:0050806,0.8528368794326241,0.9840834272331588,0.04744831936562972,0.22849239012250258,0.7911833456347144,71,
"POSITIVE REGULATION OF SYNAPTIC TRANSMISSION, GLUTAMATERGIC%GOBP%GO:0051968",0.11764705882352941,0.36053340255020927,0.1882041463084906,-0.49972776024458243,-1.3294235294798953,18,
POSITIVE REGULATION OF T CELL ACTIVATION%GOBP%GO:0050870,0.5687285223367697,0.8125417845204422,0.06494076846128988,0.25424614369877474,0.9511165046602673,124,
POSITIVE REGULATION OF T CELL DIFFERENTIATION%GOBP%GO:0045582,0.29690346083788705,0.5747719959635194,0.1035763266125924,0.32082509165068496,1.0894635729350917,63,
POSITIVE REGULATION OF T CELL MEDIATED CYTOTOXICITY%GOBP%GO:0001916,0.06467093956753141,0.2553967900370217,0.2878051305355643,0.5475031959534806,1.4997750307005628,20,
POSITIVE REGULATION OF T CELL MEDIATED IMMUNITY%GOBP%GO:0002711,0.18761384335154827,0.46452829810075147,0.13500203382863138,0.39289999009548554,1.2208783127779186,39,
POSITIVE REGULATION OF T CELL MIGRATION%GOBP%GO:2000406,0.8916349809885932,1,0.04860342472590687,0.255248573000479,0.67772615447442075,18,
POSITIVE REGULATION OF T CELL PROLIFERATION%GOBP%GO:0042102,0.36792452830188677,0.64124918172129175,0.09284812141598782,0.3592506590558934,1.0637402585963276,30,
POSITIVE REGULATION OF TELOMERE MAINTENANCE IN RESPONSE TO DNA DAMAGE%GOBP%GO:1904507,0.38784067085953877,0.6580685121295264,0.09592067779217453,-0.4139590828190892,-1.0544397022472958,15,
POSITIVE REGULATION OF TELOMERE MAINTENANCE VIA TELOMERASE%GOBP%GO:0032212,0.5333333333333333,0.7901648151952341,0.07788401119770678,-0.3301387590901656,-0.9444662111209741,23,
POSITIVE REGULATION OF TELOMERE MAINTENANCE VIA TELOMERE LENGTHENING%GOBP%GO:1904358,0.4282655246252677,0.6995062992673506,0.09139243259437684,-0.3487328791827092,-1.0166853116750658,26,
POSITIVE REGULATION OF TELOMERE MAINTENANCE%GOBP%GO:0032206,0.15151515151515152,0.4128583530251015,0.1737478389995708,-0.32694550943922956,-1.183414005615528,72,
POSITIVE REGULATION OF TOR SIGNALING%GOBP%GO:0032008,0.060218978102189784,0.24765110461566725,0.24891111443470243,0.4003909863186991,1.3668707148848795,66,
POSITIVE REGULATION OF TORC1 SIGNALING%GOBP%GO:1904263,0.1512455516014235,0.4128583530251015,0.15016980212840597,0.3750561883168044,1.2269838815790957,52,
POSITIVE REGULATION OF TRANSCRIPTION BY RNA POLYMERASE I%GOBP%GO:0045943,0.8098290598290598,0.9634694913154834,0.05846932103863807,-0.2533455213955518,-0.792536249802152,32,
POSITIVE REGULATION OF TRANSCRIPTION BY RNA POLYMERASE III%GOBP%GO:0045945,0.9580712788259959,1,0.0497903187820785,-0.24134752759202333,-0.6147622450972314,15,
POSITIVE REGULATION OF TRANSCRIPTION ELONGATION BY RNA POLYMERASE II%GOBP%GO:0032968,0.9595070422535211,1,0.04173970347285044,0.19867716535433066,0.6422910015535934,49,
POSITIVE REGULATION OF TRANSCRIPTION INITIATION BY RNA POLYMERASE II%GOBP%GO:0060261,0.997737556561086,1,0.0514264916187015,-0.15282499656776607,-0.5385741633961924,54,
POSITIVE REGULATION OF TRANSFERASE ACTIVITY%GOBP%GO:0051347,0.11246943765281174,0.3508591777647513,0.2089550275493539,-0.30851817859550623,-1.2026473325197033,114,
POSITIVE REGULATION OF TRANSFORMING GROWTH FACTOR BETA RECEPTOR SIGNALING PATHWAY%GOBP%GO:0030511,0.2198852772466539,0.4977792661003207,0.12687572992985735,0.4382810831081388,1.2224461299645892,22,
POSITIVE REGULATION OF TRANSLATION%GOBP%GO:0045727,0.06837606837606838,0.2640009978439444,0.22496609354031374,0.3598086736748639,1.3011769502760528,98,
POSITIVE REGULATION OF TRANSLATIONAL INITIATION%GOBP%GO:0045948,0.15151515151515152,0.4128583530251015,0.1552419662288392,0.47288216437714314,1.2953657035031043,20,
POSITIVE REGULATION OF TRANSMEMBRANE RECEPTOR PROTEIN SERINE/THREONINE KINASE SIGNALING PATHWAY%GOBP%GO:0090100,0.2662192393736018,0.5423960740593076,0.12443416863039332,-0.303848698927983,-1.0993218974823022,70,
POSITIVE REGULATION OF TRANSMEMBRANE TRANSPORT%GOBP%GO:0034764,0.10085470085470086,0.32705039566847144,0.18302393838448722,0.3471349463372761,1.251368132836095,96,
POSITIVE REGULATION OF TRANSPORTER ACTIVITY%GOBP%GO:0032411,0.5653104925053534,0.8107036478745855,0.0762797180809272,-0.32705971247467847,-0.9477224667019738,25,
POSITIVE REGULATION OF TUMOR NECROSIS FACTOR PRODUCTION%GOBP%GO:0032760,0.009763200269978293,0.0717517734126976,0.3807304007227924,0.4916367237196434,1.5893816640440304,49,
POSITIVE REGULATION OF TUMOR NECROSIS FACTOR SUPERFAMILY CYTOKINE PRODUCTION%GOBP%GO:1903557,0.008588815170667199,0.0650128843163855,0.3807304007227924,0.4839105157641935,1.5704564469369808,51,
POSITIVE REGULATION OF TYPE I INTERFERON PRODUCTION%GOBP%GO:0032481,0.8587196467991169,0.988189098528562,0.057246113520288446,-0.22285276645650678,-0.8060332177314743,61,
POSITIVE REGULATION OF TYPE II INTERFERON PRODUCTION%GOBP%GO:0032729,0.06346153846153846,0.2531122500251231,0.24891111443470243,0.4747917973504131,1.38305279650218,28,
POSITIVE REGULATION OF UBIQUITIN-DEPENDENT PROTEIN CATABOLIC PROCESS%GOBP%GO:2000060,0.016407785704160717,0.10563343843837421,0.35248785758361917,0.4156379322988319,1.4672690927073255,81,
POSITIVE REGULATION OF VACUOLE ORGANIZATION%GOBP%GO:0044090,0.01404586834202938,0.09359390662404965,0.3807304007227924,0.593058327067499,1.6714840413904954,23,
POSITIVE REGULATION OF VASCULAR ASSOCIATED SMOOTH MUSCLE CELL PROLIFERATION%GOBP%GO:1904707,0.588865096359743,0.8282872089556285,0.07417589655880091,-0.3522040341181599,-0.9153175947900419,16,
POSITIVE REGULATION OF VASCULAR ENDOTHELIAL GROWTH FACTOR PRODUCTION%GOBP%GO:0010575,0.1961904761904762,0.474612275647854,0.13500203382863138,0.4955820157596603,1.2516901748863922,15,
POSITIVE REGULATION OF VASCULATURE DEVELOPMENT%GOBP%GO:1904018,0.17850953206239167,0.4511791073864744,0.13500203382863138,0.33046490481958773,1.1807385313885497,92,
POSITIVE REGULATION OF VESICLE FUSION%GOBP%GO:0031340,0.1657142857142857,0.43327462184873944,0.14826150047510658,0.5076135232393034,1.2820781212251164,15,
POSITIVE REGULATION OF VIRAL GENOME REPLICATION%GOBP%GO:0045070,0.7217573221757322,0.9095017816650469,0.06293946920189672,-0.29292071727828506,-0.844170261505845,24,
POSITIVE REGULATION OF VIRAL LIFE CYCLE%GOBP%GO:1903902,0.7323340471092077,0.9145533750817617,0.06335970106437581,-0.308874938643215,-0.8027127418846681,16,
POSITIVE REGULATION OF VIRAL PROCESS%GOBP%GO:0048524,0.9602803738317757,1,0.054680848878544186,-0.20793023825014395,-0.7060658087580826,48,
POSITIVE REGULATION OF WNT SIGNALING PATHWAY%GOBP%GO:0030177,0.6618705035971223,0.8755601233299075,0.07399014391013414,-0.23799431664571524,-0.910632899109427,96,
POSITIVE REGULATION OF WOUND HEALING%GOBP%GO:0090303,0.03307632726806594,0.17217528709032512,0.3217759180753611,0.4869754326191451,1.5052604014552686,38,
POST NMDA RECEPTOR ACTIVATION EVENTS%REACTOME DATABASE ID RELEASE 93%438064,0.38724373576309795,0.6580685121295264,0.10099058745592349,-0.2989770408358145,-1.0338534644236703,50,
POST-CHAPERONIN TUBULIN FOLDING PATHWAY%REACTOME DATABASE ID RELEASE 93%389977,0.3053435114503817,0.5833867089471529,0.10473282158065095,0.41520589377899586,1.1125615980637626,19,
POST-GOLGI VESICLE-MEDIATED TRANSPORT%GOBP%GO:0006892,0.16464471403812825,0.43230908846684335,0.14122511964253093,0.3344622867730479,1.1950210250158364,92,
POST-TRANSCRIPTIONAL GENE SILENCING%GOBP%GO:0016441,0.046406463877414934,0.2188562949122869,0.3217759180753611,0.44875915301512104,1.4205682730842055,44,
POST-TRANSLATIONAL MODIFICATION: SYNTHESIS OF GPI-ANCHORED PROTEINS%REACTOME DATABASE ID RELEASE 93%163125,0.17289719626168223,0.44137967921168375,0.1619789488834018,-0.3451892559568683,-1.172154339998301,48,
POST-TRANSLATIONAL PROTEIN PHOSPHORYLATION%REACTOME%R-HSA-8957275.2,0.004170646122999887,0.0370753757750198,0.40701791892395395,0.4784390591853452,1.648963588385808,70,
POSTMITOTIC NUCLEAR PORE COMPLEX (NPC) REFORMATION%REACTOME DATABASE ID RELEASE 93%9615933,4.941487985588111e-5,8.942966530269558e-4,0.557332238758646,-0.7165116663724772,-2.0649199769608866,24,
POSTREPLICATION REPAIR%GOBP%GO:0006301,1.2394718923062819e-5,2.711222769155001e-4,0.5933254763964051,-0.6783306493423503,-2.1696423751251532,36,
POSTSYNAPSE ORGANIZATION%GOBP%GO:0099173,0.43315508021390375,0.7040903453390754,0.08063884959506612,0.3204130690367039,1.020445589708842,45,
POSTSYNAPTIC MEMBRANE ORGANIZATION%GOBP%GO:0001941,0.5849056603773585,0.8250154478437683,0.07343814108388569,-0.3590771731857567,-0.9146440875250922,15,
POSTSYNAPTIC SIGNAL TRANSDUCTION%GOBP%GO:0098926,0.7476635514018691,0.9237310855211887,0.05594285930657051,0.2818533094167135,0.8130087836752283,25,
POSTTRANSLATIONAL REGULATION OF ADHERENS JUNCTION STABILITY AND DISSASSEMBLY%PATHWAY INTERACTION DATABASE NCI-NATURE CURATED DATA%POSTTRANSLATIONAL REGULATION OF ADHERENS JUNCTION STABILITY AND DISSASSEMBLY,0.5438282647584973,0.7953434690703372,0.06911984565510101,0.30054986073606027,0.9456961606268782,42,
POTASSIUM CHANNELS%REACTOME DATABASE ID RELEASE 93%1296071,0.3770491803278688,0.6497067783033486,0.08943668337186206,0.30621247214012803,1.0475422514468824,67,
POTASSIUM ION HOMEOSTASIS%GOBP%GO:0055075,0.2335216572504708,0.5005579967915185,0.12154328203546907,0.43521993510793666,1.2049332002080013,21,
POTASSIUM ION IMPORT ACROSS PLASMA MEMBRANE%GOBP%GO:1990573,0.520746887966805,0.7804072276159656,0.07892096381800347,-0.32022244443651215,-0.9687300110404837,28,
POTASSIUM ION TRANSMEMBRANE TRANSPORT%GOBP%GO:0071805,0.16580310880829016,0.43330295039457206,0.14040623852334236,0.3427464970119747,1.2054279305344326,79,
POTASSIUM ION TRANSPORT%GOBP%GO:0006813,0.21291448516579406,0.48885397354114946,0.12267918956880833,0.3224407262127458,1.1446011357372006,87,
POTENTIAL THERAPEUTICS FOR SARS%REACTOME%R-HSA-9679191.5,0.6996587030716723,0.8963116795633415,0.054793950077336284,0.24700772413069555,0.8696449579697122,78,
PPAR SIGNALING%WIKIPATHWAYS_20250810%WP3942%HOMO SAPIENS,0.3007662835249042,0.5792226936791569,0.10592029273625286,0.3980833160703392,1.1219636915740485,23,
PPARA ACTIVATES GENE EXPRESSION%REACTOME%R-HSA-1989781.6,0.04251700680272109,0.2063481400786195,0.2878571172551493,0.38307333324913906,1.3825314187146316,97,
PRACTOLOL ACTION PATHWAY%PATHWHIZ%PW000646,0.32532347504621073,0.5939852866765517,0.09889030075206362,0.3568782490434134,1.0841541550924358,34,
PRADER WILLI AND ANGELMAN SYNDROME%WIKIPATHWAYS_20250810%WP3998%HOMO SAPIENS,0.0025686973552021975,0.0254397192611469,0.4317076958033464,-0.4760068597523327,-1.693331912458477,58,
PRAVASTATIN ACTION PATHWAY%SMPDB%SMP0000089,3.8789317577938914e-4,0.005082864350543128,0.49849310876659025,-0.7175340885269536,-1.9888949541423213,21,
PRC2 METHYLATES HISTONES AND DNA%REACTOME DATABASE ID RELEASE 93%212300,0.0017690942472083728,0.018705173108798243,0.45505986738722953,-0.5920786504656849,-1.8011662122767038,29,
PRE IMPLANTATION EMBRYO%WIKIPATHWAYS_20250810%WP3527%HOMO SAPIENS,0.6880907372400756,0.8915157441398857,0.06037863579204014,0.2894141231932562,0.8618274231885067,31,
PRE-NOTCH EXPRESSION AND PROCESSING%REACTOME DATABASE ID RELEASE 93%1912422,0.021111350939353454,0.1261232965796213,0.35248785758361917,-0.4133206957621418,-1.497566169241178,65,
PRE-NOTCH PROCESSING IN GOLGI%REACTOME DATABASE ID RELEASE 93%1912420,0.5273109243697479,0.786679126667233,0.07892096381800347,-0.3590159989471813,-0.9550886591261495,18,
PRE-NOTCH TRANSCRIPTION AND TRANSLATION%REACTOME DATABASE ID RELEASE 93%1912408,0.03498874742808115,0.17803594908971154,0.3217759180753611,-0.42913559648191113,-1.4718141460447733,49,
PREFOLDIN MEDIATED TRANSFER OF SUBSTRATE TO CCT TRIC%REACTOME DATABASE ID RELEASE 93%389957,0.8622641509433963,0.9891806300664099,0.0497903187820785,0.2515701415820506,0.7338053499753707,27,
PRESENILIN ACTION IN NOTCH AND WNT SIGNALING%PATHWAY INTERACTION DATABASE NCI-NATURE CURATED DATA%PRESENILIN ACTION IN NOTCH AND WNT SIGNALING,0.9946043165467626,1,0.04107132824974676,0.18039230571301024,0.5651166659495651,41,
PRESYNAPSE ASSEMBLY%GOBP%GO:0099054,0.5807127882599581,0.8218934911242604,0.07380527241712746,-0.36027431418111916,-0.9176934541100734,15,
PRESYNAPSE ORGANIZATION%GOBP%GO:0099172,0.5874524714828897,0.8275572848780262,0.06831108583186465,0.34260487682257595,0.9096712390737295,18,
PRESYNAPTIC ENDOCYTOSIS%GOBP%GO:0140238,0.9978632478632479,1,0.04879897016828393,-0.15108739693095996,-0.47264399345381364,32,
PRESYNAPTIC FUNCTION OF KAINATE RECEPTORS%REACTOME DATABASE ID RELEASE 93%500657,0.16736401673640167,0.4346682454433966,0.1552419662288392,-0.4654810955523761,-1.2616693655200695,19,
PRESYNAPTIC PHASE OF HOMOLOGOUS DNA PAIRING AND STRAND EXCHANGE%REACTOME%R-HSA-5693616.6,1.2624569225908311e-9,7.62414202382028e-8,0.7881868108002371,-0.7582381000437493,-2.5150342665371683,40,
PRILOCAINE ACTION PATHWAY%PATHWHIZ%PW000407,0.23106060606060605,0.4977792661003207,0.12267918956880833,0.436121700543469,1.1946677967471409,20,
PRIMARY ALCOHOL METABOLIC PROCESS%GOBP%GO:0034308,0.27115384615384613,0.548549973926647,0.11284335567556247,0.38980892253269867,1.1355004939406235,28,
PRIMARY FOCAL SEGMENTAL GLOMERULOSCLEROSIS FSGS %WIKIPATHWAYS_20250810%WP2572%HOMO SAPIENS,0.8045774647887324,0.9603077109272175,0.0497903187820785,0.24953339863960908,0.8067009424433237,49,
"PRIMARY HYPEROXALURIA II, PH2%SMPDB%SMP0000558",0.8645038167938931,0.9895309448098208,0.05019342526494341,0.2683263753967526,0.7189917712800298,19,
PRIMARY NEURAL TUBE FORMATION%GOBP%GO:0014020,0.7309322033898306,0.9140354089655409,0.06293946920189672,-0.2880940580681565,-0.8554057645225452,27,
PRIMARY OVARIAN INSUFFICIENCY%WIKIPATHWAYS_20250810%WP5461%HOMO SAPIENS,9.548558950243589e-4,0.011263650430478424,0.47727081536286214,-0.46175108974050966,-1.6831772297361935,77,
PRION DISEASE PATHWAY%WIKIPATHWAYS_20250810%WP3995%HOMO SAPIENS,0.9083969465648855,1,0.04792589670581297,0.24184097683578779,0.6885963646349996,24,
PROCAINAMIDE (ANTIARRHYTHMIC) ACTION PATHWAY%PATHWHIZ%PW000377,0.32532347504621073,0.5939852866765517,0.09889030075206362,0.3568782490434134,1.0841541550924358,34,
PROCAINE ACTION PATHWAY%PATHWHIZ%PW000408,0.23106060606060605,0.4977792661003207,0.12267918956880833,0.436121700543469,1.1946677967471409,20,
PROCESSING OF CAPPED INTRONLESS PRE-MRNA%REACTOME DATABASE ID RELEASE 93%75067,0.02902130708512242,0.156091367052217,0.35248785758361917,-0.5134480851396691,-1.5532720389456673,28,
PROCESSING OF DNA DOUBLE-STRAND BREAK ENDS%REACTOME%R-HSA-5693607.4,5.999197309157373e-12,6.28896985842988e-10,0.8870749883998732,-0.6930037251269925,-2.508400606772833,72,
PROCESSING OF INTRONLESS PRE-MRNAS%REACTOME%R-HSA-77595.4,0.28661087866108786,0.563511704328776,0.1147507192270233,-0.4121337510654224,-1.1170733531059367,19,
PROCESSING OF SMDT1%REACTOME DATABASE ID RELEASE 93%8949664,0.6937901498929336,0.8930876357806398,0.06598161440087301,-0.3232643353948995,-0.8401083045397308,16,
PROCESSIVE SYNTHESIS ON THE C-STRAND OF THE TELOMERE%REACTOME DATABASE ID RELEASE 93%174414,1.7363122931862498e-4,0.0027328473373775647,0.5188480777437918,-0.7390205246760234,-2.0030879135227813,19,
PROCESSIVE SYNTHESIS ON THE LAGGING STRAND%REACTOME%R-HSA-69183.4,1.991609564278635e-7,6.277183714473872e-6,0.6901324587967956,-0.8694643859103128,-2.214706250556078,15,
PRODUCTION OF MOLECULAR MEDIATOR OF IMMUNE RESPONSE%GOBP%GO:0002440,0.028549780773745558,0.15385313480012638,0.35248785758361917,-0.4934695934033186,-1.50118697528597,29,
PROGERIA ASSOCIATED LIPODYSTROPHY%WIKIPATHWAYS_20250810%WP5103%HOMO SAPIENS,0.09853249475890985,0.32259666522127467,0.20658792269689108,-0.546166051525039,-1.3911982914488341,15,
PROGRAMMED CELL DEATH%REACTOME%R-HSA-5357801.4,0.9682804674457429,1,0.038875878582578,0.19563780450442267,0.7685314531049409,167,
PROLACTIN SIGNALING%WIKIPATHWAYS_20250810%WP2037%HOMO SAPIENS,0.0013227915660310524,0.014698859881737053,0.45505986738722953,0.5172082930037949,1.7390602305635683,60,
PROLIDASE DEFICIENCY (PD)%PATHWHIZ%PW000083,0.5428571428571428,0.7945506548246274,0.07235708510369071,0.3718743743724891,0.9392421151130022,15,
PROLINEMIA TYPE II%PATHWHIZ%PW000087,0.5428571428571428,0.7945506548246274,0.07235708510369071,0.3718743743724891,0.9392421151130022,15,
PROPANOATE METABOLISM%SMPDB%SMP0000016,0.9935760171306209,1,0.049093966819213915,-0.1886317991495744,-0.4902215419843322,16,
PROPARACAINE ACTION PATHWAY%PATHWHIZ%PW000409,0.23106060606060605,0.4977792661003207,0.12267918956880833,0.436121700543469,1.1946677967471409,20,
PROPIONIC ACIDEMIA%PATHWHIZ%PW000062,0.9850467289719627,1,0.0432768714901103,0.1839286959036956,0.5359275068280955,26,
PROPOXYPHENE ACTION PATHWAY%PATHWHIZ%PW000649,0.23106060606060605,0.4977792661003207,0.12267918956880833,0.436121700543469,1.1946677967471409,20,
PROPRANOLOL ACTION PATHWAY%SMPDB%SMP0000307,0.32532347504621073,0.5939852866765517,0.09889030075206362,0.3568782490434134,1.0841541550924358,34,
PROSTACYCLIN SIGNALLING THROUGH PROSTACYCLIN RECEPTOR%REACTOME%R-HSA-392851.5,0.10706638115631692,0.3387590055264788,0.19991523130966152,-0.5176325693031356,-1.3452378519905952,16,
PROSTAGLANDIN AND LEUKOTRIENE METABOLISM IN SENESCENCE %WIKIPATHWAYS_20250810%WP5122%HOMO SAPIENS,0.7289915966386554,0.9134590236635927,0.06266182309324915,-0.3106305894146226,-0.8263691701695588,18,
PROSTAGLANDIN METABOLIC PROCESS%GOBP%GO:0006693,0.44337811900191937,0.7128666418865899,0.0833634065110386,0.39173970039109546,1.0151708699421502,17,
PROSTAGLANDIN SYNTHESIS AND REGULATION%WIKIPATHWAYS_20250810%WP98%HOMO SAPIENS,0.19771863117870722,0.47722533765105435,0.13427345288320233,0.4654223590529558,1.2357714752308564,18,
PROSTANOID METABOLIC PROCESS%GOBP%GO:0006692,0.5,0.7650784907738915,0.0762797180809272,0.34693391645403854,0.9503557770010389,20,
PROTEASOME ASSEMBLY%REACTOME DATABASE ID RELEASE 93%9907900,0.0053570459044200176,0.04593170840271237,0.40701791892395395,-0.492542166982619,-1.7031957513733058,50,
PROTEASOME DEGRADATION%WIKIPATHWAYS_20250810%WP183%HOMO SAPIENS,0.531390134529148,0.7885693342531908,0.08197787965012722,-0.2894520791522619,-0.9611273640494074,41,
PROTEIN ACETYLATION%GOBP%GO:0006473,0.14989293361884368,0.41261975330313194,0.16693384871319314,-0.42405120507064076,-1.236266085961899,26,
PROTEIN ACYLATION%GOBP%GO:0043543,0.5395033860045146,0.7945506548246274,0.0815265143256594,-0.273987015142454,-0.9537740950327844,51,
PROTEIN ALKYLATION%GOBP%GO:0008213,0.09292035398230089,0.31100330525642395,0.21925034670375515,-0.4021134532306121,-1.305333902748586,38,
"PROTEIN ALPHA-1,2-DEMANNOSYLATION%GOBP%GO:0036508",0.1588785046728972,0.42513584152967876,0.15016980212840597,0.49490745505820666,1.2789603009561439,16,
PROTEIN AUTOPHOSPHORYLATION%GOBP%GO:0046777,0.44364508393285373,0.7128666418865899,0.09592067779217453,-0.26261411529110285,-1.0048351428097002,96,
PROTEIN AUTOUBIQUITINATION%GOBP%GO:0051865,0.9445676274944568,1,0.05302125120430776,-0.1998841137522717,-0.7191914000875174,60,
PROTEIN BRANCHED POLYUBIQUITINATION%GOBP%GO:0141198,0.9832635983263598,1,0.04850598364694698,-0.20343349078497508,-0.5513989841835205,19,
PROTEIN COMPLEX OLIGOMERIZATION%GOBP%GO:0051259,0.5846153846153846,0.8250154478437683,0.08407455779107234,-0.23735378213223116,-0.9584438638478817,155,
PROTEIN DEACYLATION%GOBP%GO:0035601,0.8802281368821293,0.993914230701908,0.04919275210451909,0.26337245114057517,0.699296362004223,18,
PROTEIN DEGLYCOSYLATION%GOBP%GO:0006517,0.16730038022813687,0.4346682454433966,0.1473312136993771,0.4807159398456825,1.2763784003821248,18,
PROTEIN DEMANNOSYLATION%GOBP%GO:0036507,0.1588785046728972,0.42513584152967876,0.15016980212840597,0.49490745505820666,1.2789603009561439,16,
PROTEIN DEPHOSPHORYLATION%GOBP%GO:0006470,0.4973821989528796,0.7642299494972896,0.07235708510369071,0.281681923172034,0.978526956391937,72,
PROTEIN DEPOLYMERIZATION%GOBP%GO:0051261,0.05943909543934718,0.2455342856959204,0.3217759180753611,-0.4597271484643002,-1.4238013109892675,31,
PROTEIN DESTABILIZATION%GOBP%GO:0031648,0.7518656716417911,0.9248097568390063,0.05559470977588687,0.27370316133809663,0.8247244441217401,33,
PROTEIN DEUBIQUITINATION%GOBP%GO:0016579,0.9581151832460733,1,0.041404427376027834,0.20308255388218924,0.7054828052465162,72,
PROTEIN EXIT FROM ENDOPLASMIC RETICULUM%GOBP%GO:0032527,0.3252336448598131,0.5939852866765517,0.09957912004959042,0.3785784508404035,1.0920134536662542,25,
PROTEIN EXPORT FROM NUCLEUS%GOBP%GO:0006611,0.2916666666666667,0.5689957865168539,0.11331290842208036,-0.39589144364684725,-1.1325725365504005,23,
PROTEIN FOLDING%GOBP%GO:0006457,0.5947712418300654,0.8317512622907255,0.06037863579204014,0.2395349202925307,0.9325948842281174,155,
PROTEIN FOLDING%REACTOME DATABASE ID RELEASE 93%391251,0.7888307155322862,0.9514213792583179,0.050294806366235845,0.23774066724048243,0.8439325916752618,87,
PROTEIN HETEROOLIGOMERIZATION%GOBP%GO:0051291,0.7338877338877339,0.9151261982153677,0.061840603575328466,-0.30697174067475574,-0.8128211895331522,17,
PROTEIN HOMOOLIGOMERIZATION%GOBP%GO:0051260,0.19617224880382775,0.474612275647854,0.15315880868307333,-0.29251129049982,-1.1329027867895287,108,
PROTEIN HOMOTETRAMERIZATION%GOBP%GO:0051289,0.08624708624708624,0.2987461416389097,0.2343926472946861,-0.37804647500370475,-1.279238577575284,46,
PROTEIN HYDROXYLATION%REACTOME DATABASE ID RELEASE 93%9629569,0.3187022900763359,0.5939852866765517,0.10208010766274725,0.40914794032908886,1.0963290578416534,19,
PROTEIN IMPORT INTO MITOCHONDRIAL MATRIX%GOBP%GO:0030150,0.9832985386221295,1,0.048408761881695135,-0.20126084499884017,-0.5696485249623673,22,
PROTEIN IMPORT INTO NUCLEUS%GOBP%GO:0006606,0.09360730593607305,0.31217418474239006,0.22205604614524838,-0.34658376518277517,-1.2558490099866626,71,
PROTEIN INSERTION INTO ER MEMBRANE%GOBP%GO:0045048,0.9981132075471698,1,0.04310368287904025,0.15760664401661006,0.46667285928804436,30,
PROTEIN INSERTION INTO MEMBRANE%GOBP%GO:0051205,0.8741721854304636,0.993914230701908,0.056411838821759604,-0.21632217844067134,-0.7850768824412767,63,
PROTEIN INSERTION INTO MITOCHONDRIAL INNER MEMBRANE%GOBP%GO:0045039,0.42436974789915966,0.6959890581351088,0.09082414190071554,-0.3804246922610362,-1.0120421103671369,18,
PROTEIN INSERTION INTO MITOCHONDRIAL MEMBRANE%GOBP%GO:0051204,0.4840085287846482,0.7505306686931357,0.08431443206426534,-0.32706784485023627,-0.9949751621732346,29,
PROTEIN K11-LINKED UBIQUITINATION%GOBP%GO:0070979,0.9618181818181818,1,0.04310368287904025,0.20847774750905917,0.6444129968162159,38,
PROTEIN K48-LINKED DEUBIQUITINATION%GOBP%GO:0071108,0.5511363636363636,0.8020203343016333,0.07130529873400379,0.333473100118463,0.9134825744660572,20,
PROTEIN K48-LINKED UBIQUITINATION%GOBP%GO:0070936,0.9977116704805492,1,0.051951247619708235,-0.17273508102373675,-0.6593864634894548,91,
PROTEIN K6-LINKED UBIQUITINATION%GOBP%GO:0085020,0.08137044967880086,0.29073583177840356,0.23112670967383428,-0.5480613928732838,-1.4243171211200754,16,
PROTEIN K63-LINKED DEUBIQUITINATION%GOBP%GO:0070536,0.13793103448275862,0.393198987986766,0.16440575583821013,0.46266751238037696,1.3039887109208768,23,
PROTEIN K63-LINKED UBIQUITINATION%GOBP%GO:0070534,0.9573991031390134,1,0.05291298484305835,-0.20224193897597612,-0.7148368744867521,56,
PROTEIN LIPIDATION%GOBP%GO:0006497,1,1,0.04388798428636468,0.13912362619195934,0.4052625199889542,28,
PROTEIN LOCALIZATION TO CELL JUNCTION%GOBP%GO:1902414,0.5763097949886105,0.8193772103459273,0.07850290473486872,-0.27115919559964485,-0.9376602062730921,50,
PROTEIN LOCALIZATION TO CELL PERIPHERY%GOBP%GO:1990778,0.11456628477905073,0.35466573816155983,0.16693384871319314,0.3147441832428596,1.2237731750738676,154,
PROTEIN LOCALIZATION TO CELL SURFACE%GOBP%GO:0034394,0.7845188284518828,0.948332204930915,0.05896944666909967,-0.28966924663273563,-0.7851378242893167,19,
PROTEIN LOCALIZATION TO CENTROSOME%GOBP%GO:0071539,0.12734864300626306,0.37547517275169373,0.1797823162983236,-0.4553062425582953,-1.288698402717058,22,
PROTEIN LOCALIZATION TO CHROMATIN%GOBP%GO:0071168,0.005833242985916815,0.048912894910383774,0.40701791892395395,-0.5696636102228451,-1.764280829982679,31,
PROTEIN LOCALIZATION TO CHROMOSOME%GOBP%GO:0034502,8.510781394748486e-7,2.3293547502080092e-5,0.6594443980379349,-0.5711010314141228,-2.0831553857064917,75,
"PROTEIN LOCALIZATION TO CHROMOSOME, CENTROMERIC REGION%GOBP%GO:0071459",3.862723068057078e-5,7.226023355597685e-4,0.557332238758646,-0.7560663654161945,-2.0849636496770003,20,
PROTEIN LOCALIZATION TO CILIUM%GOBP%GO:0061512,0.9233449477351916,1,0.04301731969275082,0.21374407068444268,0.6921648070272483,48,
PROTEIN LOCALIZATION TO CYTOSKELETON%GOBP%GO:0044380,0.09230769230769231,0.3106044292789584,0.21925034670375515,-0.39767468677661416,-1.3190651645174674,40,
PROTEIN LOCALIZATION TO ENDOPLASMIC RETICULUM%GOBP%GO:0070972,0.6785046728971963,0.885754690464479,0.060509298865666666,0.29686612546147306,0.8563134066982787,25,
PROTEIN LOCALIZATION TO EXTRACELLULAR REGION%GOBP%GO:0071692,0.23655913978494625,0.5041551970451933,0.11724971674979229,0.3454435083330078,1.1502093203591,57,
PROTEIN LOCALIZATION TO GOLGI APPARATUS%GOBP%GO:0034067,0.06037735849056604,0.24793540559762373,0.2529611230696109,0.48660869918829075,1.4193896961037475,27,
PROTEIN LOCALIZATION TO LYSOSOME%GOBP%GO:0061462,0.062157221206581355,0.2505533923790332,0.24504178543099617,0.44263482686413097,1.3780293087039666,40,
PROTEIN LOCALIZATION TO MICROTUBULE CYTOSKELETON%GOBP%GO:0072698,0.07554474809978425,0.2781488538385694,0.2878051305355643,-0.44709678152972543,-1.4313714010850507,35,
PROTEIN LOCALIZATION TO MICROTUBULE ORGANIZING CENTER%GOBP%GO:1905508,0.12734864300626306,0.37547517275169373,0.1797823162983236,-0.4553062425582953,-1.288698402717058,22,
PROTEIN LOCALIZATION TO MITOCHONDRION%GOBP%GO:0070585,0.8940397350993378,1,0.05536428377253621,-0.21311726014134366,-0.7708209939559731,61,
PROTEIN LOCALIZATION TO NUCLEUS%GOBP%GO:0034504,0.14320987654320988,0.40246538901065965,0.1847064712077387,-0.2900626601000512,-1.1577619022333507,134,
PROTEIN LOCALIZATION TO PEROXISOME%GOBP%GO:0072662,0.6065259117082533,0.8393170524162031,0.06720650937104644,0.34759888618667695,0.9007824923763391,17,
PROTEIN LOCALIZATION TO PHAGOPHORE ASSEMBLY SITE%GOBP%GO:0034497,0.7831775700934579,0.9471777491160758,0.053787280776029955,0.2970730648469273,0.7677084928492427,16,
PROTEIN LOCALIZATION TO PLASMA MEMBRANE%GOBP%GO:0072659,0.21746293245469522,0.4947682443563828,0.11724971674979229,0.29294403022416027,1.1281140184950413,143,
PROTEIN LOCALIZATION TO SITE OF DOUBLE-STRAND BREAK%GOBP%GO:1990166,0.016466367937479676,0.10576548007010067,0.35248785758361917,-0.6283804295052031,-1.6006153759768154,15,
PROTEIN LOCALIZATION TO SYNAPSE%GOBP%GO:0035418,0.23595505617977527,0.5041551970451933,0.12043337164225933,0.3874245063552939,1.1595309411379033,32,
PROTEIN LOCALIZATION TO VACUOLE%GOBP%GO:0072665,0.060109289617486336,0.2473831208257438,0.24891111443470243,0.4046733562595938,1.3741970065802707,63,
PROTEIN LOCALIZATION%REACTOME%R-HSA-9609507.4,1,1,0.05536428377253621,-0.13647675377116827,-0.5485656551226487,146,
PROTEIN METHYLATION%GOBP%GO:0006479,0.09292035398230089,0.31100330525642395,0.21925034670375515,-0.4021134532306121,-1.305333902748586,38,
PROTEIN METHYLATION%REACTOME DATABASE ID RELEASE 93%8876725,0.9021113243761996,1,0.04850598364694698,0.2603702817645174,0.6747345882535833,17,
PROTEIN MODIFICATION BY SMALL PROTEIN REMOVAL%GOBP%GO:0070646,1,1,0.03927585708967778,0.14725763534849876,0.5268122027255963,90,
PROTEIN MONOUBIQUITINATION%GOBP%GO:0006513,0.17802197802197803,0.45076294192904165,0.15419096658142434,-0.35959620336702175,-1.192760919732925,40,
PROTEIN N-LINKED GLYCOSYLATION VIA ASPARAGINE%GOBP%GO:0018279,0.9890909090909091,1,0.0418238690062304,0.18560426869177749,0.5737101654187489,38,
PROTEIN N-LINKED GLYCOSYLATION%GOBP%GO:0006487,0.708904109589041,0.9019169299007813,0.05434343902691621,0.2463851330398899,0.8654283523500127,77,
PROTEIN NEDDYLATION%GOBP%GO:0045116,0.6329113924050633,0.8577401037255099,0.06977925170762346,-0.32030948038369556,-0.8833002680648394,20,
PROTEIN O-LINKED GLYCOSYLATION VIA MANNOSE%GOBP%GO:0035269,0.9177570093457944,1,0.04650840487191565,0.24911993965300483,0.6437860447168063,16,
PROTEIN O-LINKED GLYCOSYLATION VIA N-ACETYL-GALACTOSAMINE%GOBP%GO:0016266,0.2803738317757009,0.5559446857051371,0.10882012676916121,0.39338805960405193,1.1347319231870021,25,
PROTEIN O-LINKED GLYCOSYLATION VIA XYLOSE%GOBP%GO:0180064,0.5665914221218962,0.8113291133009776,0.07892096381800347,-0.2850234117509854,-0.9497739450466544,42,
PROTEIN O-LINKED GLYCOSYLATION%GOBP%GO:0006493,0.43197278911564624,0.7029996532883803,0.07829552499447937,0.2704847099317452,1.0122592726176682,119,
PROTEIN PALMITOYLATION%GOBP%GO:0018345,0.9829545454545454,1,0.04397592780263451,0.19362213030503142,0.5303889339254382,20,
PROTEIN POLYMERIZATION%GOBP%GO:0051258,0.16666666666666666,0.4341303328645101,0.16565669520548273,-0.3229184300308172,-1.1778813724025552,75,
PROTEIN PROCESSING%GOBP%GO:0016485,0.12200956937799043,0.3674536133257923,0.19782202131510335,-0.30846423089143987,-1.1946888826228603,108,
PROTEIN QUALITY CONTROL FOR MISFOLDED OR INCOMPLETELY SYNTHESIZED PROTEINS%GOBP%GO:0006515,0.14807692307692308,0.40992296194089917,0.15851410542482433,0.43507201030512377,1.2673503710263774,28,
PROTEIN REFOLDING%GOBP%GO:0042026,0.0010079631453561715,0.011789985759155555,0.45505986738722953,0.6901906051317587,1.925067876984008,22,
PROTEIN SECRETION%GOBP%GO:0009306,0.22182468694096602,0.4977792661003207,0.12154328203546907,0.3557156167036325,1.1544198055836492,51,
PROTEIN STABILIZATION%GOBP%GO:0050821,0.994991652754591,1,0.037614259956216096,0.18476475070138404,0.737874435655185,194,
PROTEIN SUMOYLATION%GOBP%GO:0016925,0.18510158013544017,0.4611768516737693,0.15315880868307333,-0.3527192076699016,-1.1753543728367584,42,
PROTEIN SYNTHESIS: ALANINE%PATHWHIZ%PW101384,3.208958942001192e-8,1.4857479901465518e-6,0.7195128263389107,0.6273155668595387,2.2062478016372236,79,
PROTEIN SYNTHESIS: ARGININE%SMPDB%SMP0111853,4.825963226782396e-8,1.9016348714895741e-6,0.7195128263389107,0.6232214884346949,2.1918490651771023,79,
PROTEIN SYNTHESIS: ASPARAGINE%SMPDB%SMP0111854,3.5679977412911444e-8,1.5132668282911144e-6,0.7195128263389107,0.6263183062443761,2.202740469512697,79,
PROTEIN SYNTHESIS: ASPARTIC ACID%SMPDB%SMP0111858,6.17900195123812e-8,2.291559322112109e-6,0.7049757151672383,0.6210436240619348,2.1841895892474352,79,
PROTEIN SYNTHESIS: CYSTEINE%PATHWHIZ%PW112918,3.253838760154119e-8,1.4940767067286186e-6,0.7195128263389107,0.6271143019289103,2.2055399596288248,79,
PROTEIN SYNTHESIS: GLUTAMIC ACID%PATHWHIZ%PW112922,3.5679977412911444e-8,1.5132668282911144e-6,0.7195128263389107,0.6262556402960853,2.202520075475058,79,
PROTEIN SYNTHESIS: GLUTAMINE%SMPDB%SMP0111862,6.269204768917216e-8,2.291559322112109e-6,0.7049757151672383,0.6208422341491558,2.1834813076810065,79,
PROTEIN SYNTHESIS: GLYCINE%PATHWHIZ%PW112928,3.1640791340802953e-8,1.4772792999117749e-6,0.7195128263389107,0.6275117016906773,2.206937601257836,79,
PROTEIN SYNTHESIS: HISTIDINE%PATHWHIZ%PW112929,5.3671777860294496e-8,2.085317467075498e-6,0.7195128263389107,0.6224892151168786,2.189273684486778,79,
PROTEIN SYNTHESIS: ISOLEUCINE%SMPDB%SMP0111872,3.433358127061846e-8,1.5132668282911144e-6,0.7195128263389107,0.6265831476516215,2.203671907856309,79,
PROTEIN SYNTHESIS: LEUCINE%SMPDB%SMP0111873,3.837277163918828e-8,1.5848104252455577e-6,0.7195128263389107,0.6251557343447773,2.1986517431471526,79,
PROTEIN SYNTHESIS: LYSINE%SMPDB%SMP0111874,5.998596387096374e-8,2.2827535292265376e-6,0.7049757151672383,0.6213883739701875,2.185402063108087,79,
PROTEIN SYNTHESIS: METHIONINE%PATHWHIZ%PW112933,3.5679977412911444e-8,1.5132668282911144e-6,0.7195128263389107,0.6260253783532583,2.2017102519476333,79,
PROTEIN SYNTHESIS: PHENYLALANINE%PATHWHIZ%PW112934,1.0806026596927673e-7,3.579918417136277e-6,0.7049757151672383,0.6116544917395684,2.1525947663672094,80,
PROTEIN SYNTHESIS: PROLINE%PATHWHIZ%PW113695,3.5679977412911444e-8,1.5132668282911144e-6,0.7195128263389107,0.6262556402960853,2.202520075475058,79,
PROTEIN SYNTHESIS: SERINE%PATHWHIZ%PW120517,3.119199336833027e-8,1.4686670775800252e-6,0.7195128263389107,0.6275458437362602,2.207057677686654,79,
PROTEIN SYNTHESIS: THREONINE%PATHWHIZ%PW120525,3.5679977412911444e-8,1.5132668282911144e-6,0.7195128263389107,0.6261424821243234,2.202122101981531,79,
PROTEIN SYNTHESIS: TRYPTOPHAN%PATHWHIZ%PW120526,2.5357632017450265e-8,1.230163894483062e-6,0.7337619883564803,0.6291685007471208,2.2127645079522327,79,
PROTEIN SYNTHESIS: TYROSINE%PATHWHIZ%PW120527,3.478237990537887e-8,1.5132668282911144e-6,0.7195128263389107,0.6265628049178739,2.203600363144236,79,
PROTEIN SYNTHESIS: VALINE%PATHWHIZ%PW120528,1.0787363338556468e-7,3.579918417136277e-6,0.7049757151672383,0.6151677704585292,2.16352440926449,79,
PROTEIN TARGETING TO ER%GOBP%GO:0045047,0.34423076923076923,0.6169503722084367,0.09787732774245612,0.370496531502994,1.0792441378497375,28,
PROTEIN TARGETING TO LYSOSOME%GOBP%GO:0006622,0.13271028037383178,0.3845708532595016,0.16565669520548273,0.4479119913159914,1.2920067676585871,25,
PROTEIN TARGETING TO MEMBRANE%GOBP%GO:0006612,0.8351063829787234,0.9767291987067442,0.048408761881695135,0.23209546230353312,0.8036594316051169,71,
PROTEIN TARGETING TO MITOCHONDRION%GOBP%GO:0006626,0.7928118393234672,0.9530208955606196,0.05896944666909967,-0.2597159416363025,-0.8043551472255395,31,
PROTEIN TARGETING TO VACUOLE%GOBP%GO:0006623,0.04252494967422954,0.2063481400786195,0.3217759180753611,0.49100832066488564,1.511745697171228,37,
PROTEIN TARGETING%GOBP%GO:0006605,0.3234323432343234,0.5939852866765517,0.09255288646847727,0.2666198599274342,1.0509478992098533,169,
PROTEIN TETRAMERIZATION%GOBP%GO:0051262,0.19736842105263158,0.47677345537757443,0.1455161460903603,-0.3156700223287806,-1.145955334111351,64,
PROTEIN TRANSMEMBRANE TRANSPORT%GOBP%GO:0071806,0.6850533807829181,0.8907272027702962,0.05773085492998127,0.26930680651707206,0.8810282861320874,52,
PROTEIN TRANSPORT TO VACUOLE INVOLVED IN UBIQUITIN-DEPENDENT PROTEIN CATABOLIC PROCESS VIA THE MULTIVESICULAR BODY SORTING PATHWAY%GOBP%GO:0043328,0.878095238095238,0.993914230701908,0.04939101059815013,0.2722358413476649,0.6875853381089131,15,
PROTEIN UBIQUITINATION%REACTOME DATABASE ID RELEASE 93%8852135,0.020918351320563727,0.1251048007933822,0.35248785758361917,-0.4043230843660029,-1.4628373327558017,70,
PROTEIN-CONTAINING COMPLEX DISASSEMBLY%GOBP%GO:0032984,0.9730185497470489,1,0.03911552476814587,0.19022771143929307,0.7182705668661636,128,
PROTEIN-CONTAINING COMPLEX LOCALIZATION%GOBP%GO:0031503,0.07051282051282051,0.26723685591352714,0.24891111443470243,-0.42141072057952655,-1.3491379908492453,35,
PROTEIN-CONTAINING COMPLEX REMODELING%GOBP%GO:0034367,0.8560747663551402,0.9859766587622635,0.049690139272460555,0.27542421110772053,0.7117626302224714,16,
PROTEIN-DNA COMPLEX ASSEMBLY%GOBP%GO:0065004,2.0578589487825724e-9,1.2163259914293587e-7,0.7749390301364363,-0.5589308428570847,-2.1927166475389592,120,
PROTEIN-DNA COMPLEX DISASSEMBLY%GOBP%GO:0032986,0.5189873417721519,0.7783069841905144,0.07998588014999461,-0.3425399859804296,-0.9446041405861588,20,
PROTEIN-DNA COMPLEX ORGANIZATION%GOBP%GO:0071824,2.2721829052487057e-7,7.052652637744027e-6,0.6901324587967956,-0.4995686985382493,-1.9957540421185045,140,
PROTEIN-LIPID COMPLEX ASSEMBLY%GOBP%GO:0065005,0.820952380952381,0.9686157206564937,0.052482762263545854,0.29580772291551005,0.7471207764900472,15,
PROTEIN-LIPID COMPLEX ORGANIZATION%GOBP%GO:0071825,0.6514522821576764,0.8700747473329589,0.0675188953767744,-0.2959297635672131,-0.8952403184359271,28,
PROTEIN-LIPID COMPLEX REMODELING%GOBP%GO:0034368,0.8380952380952381,0.9786584999699754,0.051530912208538955,0.29119217629878524,0.7354633027154412,15,
PROTEIN-PROTEIN INTERACTIONS AT SYNAPSES%REACTOME%R-HSA-6794362.6,0.2680652680652681,0.5447588256659216,0.12687572992985735,-0.3036790462522105,-1.0991985703159821,72,
PROTEIN-RNA COMPLEX ASSEMBLY%GOBP%GO:0022618,0.8676470588235294,0.9914369289497759,0.06170540536375225,-0.2057174090966878,-0.859035273578357,191,
PROTEIN-RNA COMPLEX ORGANIZATION%GOBP%GO:0071826,0.9143576826196473,1,0.060509298865666666,-0.20026195644537903,-0.8416828952443736,200,
PROTEINOGENIC AMINO ACID BIOSYNTHETIC PROCESS%GOBP%GO:0170038,0.10112359550561797,0.3272234692074627,0.19189224038483796,0.4365548736023519,1.3245259040932966,35,
PROTEINOGENIC AMINO ACID CATABOLIC PROCESS%GOBP%GO:0170040,0.8064516129032258,0.9619246803972353,0.06224904294985801,-0.24453480435558725,-0.8386854579331436,49,
PROTEINOGENIC AMINO ACID METABOLIC PROCESS%GOBP%GO:0170039,0.1506849315068493,0.41261975330313194,0.1473312136993771,0.326430141293694,1.194438951055365,108,
PROTEOGLYCAN BIOSYNTHETIC PROCESS%GOBP%GO:0030166,0.8566243194192378,0.9864051230452405,0.04831175810550189,0.23730464319731778,0.79791270382724655,60,
PROTEOGLYCAN METABOLIC PROCESS%GOBP%GO:0006029,0.3989547038327526,0.6694631031394664,0.08383610571599288,0.2950581094844845,1.0291069680677842,74,
PROTON MOTIVE FORCE-DRIVEN ATP SYNTHESIS%GOBP%GO:0015986,0.04042662221652504,0.19859444123343337,0.3217759180753611,-0.3878477235356763,-1.4094103376937053,68,
PROTON MOTIVE FORCE-DRIVEN MITOCHONDRIAL ATP SYNTHESIS%GOBP%GO:0042776,0.0975852289020561,0.3208186578578839,0.2878051305355643,-0.38131982235056605,-1.3780410919435808,62,
PROTON TRANSMEMBRANE TRANSPORT%GOBP%GO:1902600,0.4189655172413793,0.6912792670512385,0.08063884959506612,0.3181680592202709,1.0283648039612239,47,
PROXIMAL TUBULE TRANSPORT%WIKIPATHWAYS_20250810%WP4917%HOMO SAPIENS,0.30206378986866794,0.5799498963372495,0.10434395258194858,0.3777746576505252,1.1097725990042187,29,
PSEUDOURIDINE SYNTHESIS%GOBP%GO:0001522,0.4432773109243697,0.7128666418865899,0.08835944425009051,-0.37535121998684823,-0.9985451747272831,18,
PTEN REGULATION%REACTOME DATABASE ID RELEASE 93%6807070,0.966183574879227,1,0.05594285930657051,-0.19220038110400126,-0.7564514389160785,122,
PTERIDINE-CONTAINING COMPOUND METABOLIC PROCESS%GOBP%GO:0042558,0.42184154175588867,0.6934242636980578,0.09225972605273541,-0.34933315399418424,-1.0122643229247652,25,
PULMONARY VALVE DEVELOPMENT%GOBP%GO:0003177,0.6287878787878788,0.8557282741738066,0.06479433660007268,0.3185188138112859,0.8725183109307679,20,
PULMONARY VALVE MORPHOGENESIS%GOBP%GO:0003184,0.9644859813084112,1,0.04424074234773751,0.22226322897083126,0.5743818229260373,16,
PURINE METABOLISM%PATHWHIZ%PW000052,0.05753197716714412,0.24149362837103622,0.3217759180753611,-0.46114145939614276,-1.4281815129539124,31,
PURINE NUCLEOSIDE DIPHOSPHATE CATABOLIC PROCESS%GOBP%GO:0009137,0.18761726078799248,0.46452829810075147,0.1372507796101328,0.41358074110370274,1.214958612648243,29,
PURINE NUCLEOSIDE DIPHOSPHATE METABOLIC PROCESS%GOBP%GO:0009135,0.23220973782771537,0.4990937343794145,0.12154328203546907,0.3880398248995631,1.1613725409309783,32,
PURINE NUCLEOSIDE MONOPHOSPHATE METABOLIC PROCESS%GOBP%GO:0009126,0.3503184713375796,0.6232370882970196,0.10282184284081514,-0.3893914016139957,-1.0793335205110473,21,
PURINE NUCLEOSIDE PHOSPHORYLASE DEFICIENCY%SMPDB%SMP0000210,0.05753197716714412,0.24149362837103622,0.3217759180753611,-0.46114145939614276,-1.4281815129539124,31,
PURINE NUCLEOSIDE TRIPHOSPHATE BIOSYNTHETIC PROCESS%GOBP%GO:0009145,0.15625,0.4222152591193803,0.1737478389995708,-0.32257529314099587,-1.1769511424349404,78,
PURINE NUCLEOSIDE TRIPHOSPHATE METABOLIC PROCESS%GOBP%GO:0009144,0.9457236842105263,1,0.03927585708967778,0.19883978588432827,0.7633640348393305,139,
PURINE NUCLEOTIDE BIOSYNTHETIC PROCESS%GOBP%GO:0006164,0.4033816425120773,0.6740416258036396,0.10208010766274725,-0.25861116735678563,-1.0178272724701412,122,
PURINE NUCLEOTIDE CATABOLIC PROCESS%GOBP%GO:0006195,0.7024647887323944,0.8986632203999961,0.05605958750323349,0.26787032473726974,0.8659812457820384,49,
PURINE NUCLEOTIDE TRANSPORT%GOBP%GO:0015865,0.37447698744769875,0.6471521437820884,0.09787732774245612,-0.3628629878206143,-1.0457373796074216,24,
PURINE RIBONUCLEOSIDE DIPHOSPHATE CATABOLIC PROCESS%GOBP%GO:0009181,0.18761726078799248,0.46452829810075147,0.1372507796101328,0.41358074110370274,1.214958612648243,29,
PURINE RIBONUCLEOSIDE DIPHOSPHATE METABOLIC PROCESS%GOBP%GO:0009179,0.22495274102079396,0.4977792661003207,0.12443416863039332,0.39463837339962854,1.1751678483610044,31,
PURINE RIBONUCLEOSIDE MONOPHOSPHATE METABOLIC PROCESS%GOBP%GO:0009167,0.3270042194092827,0.5954885096814077,0.10672988436460558,-0.3934404113546343,-1.0849695126125871,20,
PURINE RIBONUCLEOSIDE TRIPHOSPHATE BIOSYNTHETIC PROCESS%GOBP%GO:0009206,0.15625,0.4222152591193803,0.1737478389995708,-0.32257529314099587,-1.1769511424349404,78,
PURINE RIBONUCLEOSIDE TRIPHOSPHATE METABOLIC PROCESS%GOBP%GO:0009205,0.8983333333333333,1,0.042246818836005263,0.21220964477954232,0.8081133865129876,136,
PURINE RIBONUCLEOTIDE BIOSYNTHETIC PROCESS%GOBP%GO:0009152,0.19518072289156627,0.47414310142412336,0.15419096658142434,-0.29373406055867524,-1.1304030504850526,105,
PURINE RIBONUCLEOTIDE CATABOLIC PROCESS%GOBP%GO:0009154,0.5366726296958855,0.7930194496250904,0.06977925170762346,0.3027027726010236,0.9524704125925174,42,
PURINE RIBONUCLEOTIDE METABOLIC PROCESS%GOBP%GO:0009150,0.9900662251655629,1,0.0374584205912161,0.1808871403501392,0.7183507476000323,183,
PURINE RIBONUCLEOTIDE TRANSPORT%GOBP%GO:0015868,0.3277661795407098,0.5962812910842209,0.10592029273625286,-0.3864752454698013,-1.0938792069446486,22,
PURINE-CONTAINING COMPOUND BIOSYNTHETIC PROCESS%GOBP%GO:0072522,0.1691919191919192,0.4376304948930647,0.17093233537005617,-0.2771315226381045,-1.1369512291069996,169,
PURINE-CONTAINING COMPOUND CATABOLIC PROCESS%GOBP%GO:0072523,0.7149122807017544,0.9052079834956581,0.06568136019340105,-0.24511377383921468,-0.8898198014591829,64,
PURINE-CONTAINING COMPOUND TRANSMEMBRANE TRANSPORT%GOBP%GO:0072530,0.08786610878661087,0.3021959506766655,0.21925034670375515,-0.5083615048459692,-1.3778951355967,19,
PURINERGIC SIGNALING IN LEISHMANIASIS INFECTION%REACTOME%R-HSA-9660826.3,0.9119496855345912,1,0.05205700307320985,-0.2643078137827476,-0.6732468594933854,15,
PURINERGIC SIGNALING%WIKIPATHWAYS_20250810%WP4900%HOMO SAPIENS,0.7567567567567568,0.9279497992806315,0.06037863579204014,-0.2957552797286383,-0.7831214617714525,17,
PYRIDINE NUCLEOTIDE CATABOLIC PROCESS%GOBP%GO:0019364,0.13773584905660377,0.39299018746275827,0.16318012718068908,0.4268584791984425,1.263926836598903,30,
PYRIDINE-CONTAINING COMPOUND CATABOLIC PROCESS%GOBP%GO:0072526,0.2966417910447761,0.5747456185375117,0.10512513159700079,0.36748177876475163,1.107298886264065,33,
PYRIDINE-CONTAINING COMPOUND METABOLIC PROCESS%GOBP%GO:0072524,0.021687870607422867,0.12751090909507032,0.35248785758361917,0.3996899239341684,1.4137596454166326,84,
PYRIMIDINE DEOXYRIBONUCLEOTIDE METABOLIC PROCESS%GOBP%GO:0009219,3.252377176455721e-4,0.004621536468641429,0.49849310876659025,-0.7212537802266186,-1.9549318070535429,19,
PYRIMIDINE METABOLISM%PATHWHIZ%PW000160,3.729045284081586e-5,7.023245965544845e-4,0.557332238758646,-0.7711379822810549,-2.051454931417729,18,
PYRIMIDINE METABOLISM%WIKIPATHWAYS_20250810%WP4022%HOMO SAPIENS,4.706314678091171e-8,1.8811715360773055e-6,0.7195128263389107,-0.6375132858739894,-2.309873033592512,65,
PYRIMIDINE NUCLEOTIDE BIOSYNTHETIC PROCESS%GOBP%GO:0006221,8.445422547544764e-4,0.010134507057053717,0.47727081536286214,-0.70038125637055,-1.8983575998904394,19,
PYRIMIDINE NUCLEOTIDE CATABOLIC PROCESS%GOBP%GO:0006244,0.09147609147609148,0.309525678587798,0.21392785549235627,-0.518145930208716,-1.37198294024804,17,
PYRIMIDINE NUCLEOTIDE METABOLIC PROCESS%GOBP%GO:0006220,3.1743640602762e-4,0.004569110548936416,0.49849310876659025,-0.6109720368872912,-1.9588600757251817,37,
PYRIMIDINE RIBONUCLEOTIDE METABOLIC PROCESS%GOBP%GO:0009218,0.4475374732334047,0.715057915057915,0.08889452886204495,-0.386173355572603,-1.0035980078414706,16,
PYRIMIDINE-CONTAINING COMPOUND BIOSYNTHETIC PROCESS%GOBP%GO:0072528,8.445422547544764e-4,0.010134507057053717,0.47727081536286214,-0.6460874424381238,-1.8619639140118476,24,
PYRIMIDINE-CONTAINING COMPOUND CATABOLIC PROCESS%GOBP%GO:0072529,0.3179916317991632,0.5939852866765517,0.10797236031734525,-0.4015981049788384,-1.0885168724230199,19,
PYRIMIDINE-CONTAINING COMPOUND METABOLIC PROCESS%GOBP%GO:0072527,0.001347015422792504,0.014911555278503085,0.45505986738722953,-0.5296943619405149,-1.831666905415055,50,
PYROPTOSIS%REACTOME%R-HSA-5620971.5,0.4011406844106464,0.6715523036351414,0.08835944425009051,0.3895566373948166,1.0343357406784797,18,
PYROPTOTIC INFLAMMATORY RESPONSE%GOBP%GO:0070269,0.2,0.4784319921631209,0.13214726060877433,0.47843183472420137,1.2363833219160114,16,
PYRUVATE DECARBOXYLASE E1 COMPONENT DEFICIENCY (PDHE1 DEFICIENCY)%SMPDB%SMP0000334,0.8645038167938931,0.9895309448098208,0.05019342526494341,0.2683263753967526,0.7189917712800298,19,
PYRUVATE DEHYDROGENASE COMPLEX DEFICIENCY%PATHWHIZ%PW000117,0.8645038167938931,0.9895309448098208,0.05019342526494341,0.2683263753967526,0.7189917712800298,19,
PYRUVATE DEHYDROGENASE DEFICIENCY (E2)%SMPDB%SMP0000551,0.09978768577494693,0.324792256687525,0.20658792269689108,-0.4857188230258824,-1.3463384272534613,21,
PYRUVATE DEHYDROGENASE DEFICIENCY (E3)%SMPDB%SMP0000550,0.09978768577494693,0.324792256687525,0.20658792269689108,-0.4857188230258824,-1.3463384272534613,21,
PYRUVATE KINASE DEFICIENCY%PATHWHIZ%PW000535,0.8645038167938931,0.9895309448098208,0.05019342526494341,0.2683263753967526,0.7189917712800298,19,
PYRUVATE METABOLIC PROCESS%GOBP%GO:0006090,0.011863670406840263,0.08312049530946343,0.3807304007227924,0.5126076595616247,1.5928521005320964,39,
PYRUVATE METABOLISM%PATHWHIZ%PW000054,0.8645038167938931,0.9895309448098208,0.05019342526494341,0.2683263753967526,0.7189917712800298,19,
PYRUVATE METABOLISM%REACTOME%R-HSA-70268.10,0.6429872495446266,0.8649791836440542,0.061840603575328466,0.2878718779872859,0.8945190673278327,39,
QUINETHAZONE ACTION PATHWAY%SMPDB%SMP0000091,0.22537878787878787,0.4977792661003207,0.12443416863039332,0.441161905676685,1.208474426305242,20,
QUINIDINE ACTION PATHWAY%SMPDB%SMP0000323,0.32532347504621073,0.5939852866765517,0.09889030075206362,0.3568782490434134,1.0841541550924358,34,
QUINONE BIOSYNTHETIC PROCESS%GOBP%GO:1901663,0.1496881496881497,0.41261975330313194,0.16440575583821013,-0.48617462787696464,-1.2873270955924498,17,
QUINONE METABOLIC PROCESS%GOBP%GO:1901661,0.7911392405063291,0.9520402036502413,0.05896944666909967,-0.2828006733593717,-0.779864243443621,20,
RAB GEFS EXCHANGE GTP FOR GDP ON RABS%REACTOME DATABASE ID RELEASE 93%8876198,0.13368055555555555,0.3858333333333333,0.15851410542482433,0.34503315637473597,1.228400928624447,88,
RAB GERANYLGERANYLATION%REACTOME DATABASE ID RELEASE 93%8873719,0.8160291438979964,0.9661638390265765,0.050702793702934776,0.24252882075382956,0.8191248028971758,61,
RAB REGULATION OF TRAFFICKING%REACTOME%R-HSA-9007101.4,0.08333333333333333,0.294142042342873,0.20207170902115992,0.33859105030263625,1.2671397595105738,119,
RAC 1 CELL MOTILITY SIGNALING PATHWAY%SMPDB%SMP0063795,0.029381452829802115,0.1577230453356334,0.35248785758361917,-0.5830979575901476,-1.6162585222990056,21,
RAC PROTEIN SIGNAL TRANSDUCTION%GOBP%GO:0016601,0.7428023032629558,0.9206120859485958,0.0574877409561325,0.31288349416196115,0.8108195534989943,17,
RAC1 GTPASE CYCLE%REACTOME DATABASE ID RELEASE 93%9013149,0.06930693069306931,0.265382017181732,0.21925034670375515,0.3231731775111599,1.2564049271923496,158,
RAC1 PAK1 P38 MMP2 PATHWAY%WIKIPATHWAYS_20250810%WP3303%HOMO SAPIENS,0.20506912442396313,0.4797322338103323,0.14641623786055022,-0.33696284871732074,-1.1556875996759748,49,
RAC1 SIGNALING PATHWAY%PATHWAY INTERACTION DATABASE NCI-NATURE CURATED DATA%RAC1 SIGNALING PATHWAY,0.36795774647887325,0.64124918172129175,0.08889452886204495,0.32745516303692324,1.0586093487683041,49,
RAC2 GTPASE CYCLE%REACTOME DATABASE ID RELEASE 93%9013404,0.7236614853195165,0.9098581607683262,0.053787280776029955,0.2453911726823301,0.859451921414977,76,
RAC3 GTPASE CYCLE%REACTOME DATABASE ID RELEASE 93%9013423,0.15198618307426598,0.41373602800618414,0.1473312136993771,0.3423778078260972,1.2086490101460179,81,
RAF ACTIVATION%REACTOME DATABASE ID RELEASE 93%5673000,0.9757462686567164,1,0.043625124000060564,0.1969223063613264,0.5933677888667142,33,
RAF MAP KINASE CASCADE%REACTOME DATABASE ID RELEASE 93%5673001,0.9950248756218906,1,0.05594285930657051,-0.18054024648945882,-0.7597407679365616,199,
RAF-INDEPENDENT MAPK1 3 ACTIVATION%REACTOME DATABASE ID RELEASE 93%112409,0.6308851224105462,0.8572024229158645,0.06435833679173605,0.3164724452167803,0.8761734595133728,21,
RANKL RANK SIGNALING%WIKIPATHWAYS_20250810%WP2018%HOMO SAPIENS,0.15827338129496402,0.4249005812174977,0.1473312136993771,0.3963260657130395,1.2415743786820947,41,
RANKL%NETPATH%RANKL,0.30654205607476637,0.5842092945162964,0.10319746694530717,0.4389019362997485,1.1342285245514052,16,
RAS ACTIVATION UPON CA2+ INFLUX THROUGH NMDA RECEPTOR%REACTOME DATABASE ID RELEASE 93%442982,0.051988790896978714,0.23238111200612527,0.3217759180753611,0.5860958924009668,1.5146132297524992,16,
RAS PATHWAY%PANTHER PATHWAY%P04393,1,1,0.04148804020022096,0.1552616434321739,0.530038389484158,66,
RAS PROCESSING%REACTOME DATABASE ID RELEASE 93%9648002,0.592436974789916,0.8300705529712838,0.0728938564822936,-0.3426811573621583,-0.911633152986511,18,
RAS PROTEIN SIGNAL TRANSDUCTION%GOBP%GO:0007265,0.9856115107913669,1,0.04148804020022096,0.18578353249647672,0.6143239474304544,56,
RAS SIGNALING PATHWAY%SMPDB%SMP0063784,0.6652719665271967,0.876769772230591,0.0668966276500666,-0.3042973561952236,-0.8769566766792231,24,
RAS SIGNALING%WIKIPATHWAYS_20250810%WP4223%HOMO SAPIENS,0.8599033816425121,0.988951187829807,0.06143641072012707,-0.21464841832064233,-0.8366384306817898,115,
REACTIVE NITROGEN SPECIES METABOLIC PROCESS%GOBP%GO:2001057,0.5103578154425612,0.7747281399289048,0.07492788183937392,0.3452620867193973,0.9558793554760341,21,
REACTIVE OXYGEN SPECIES METABOLIC PROCESS%GOBP%GO:0072593,0.6263345195729537,0.8542862700419596,0.06197627360019979,0.286477021359475,0.907667166093812,43,
RECEPTOR CLUSTERING%GOBP%GO:0043113,0.6038135593220338,0.8368142019439311,0.07235708510369071,-0.31173072820701836,-0.9255875101179958,27,
RECEPTOR INTERNALIZATION%GOBP%GO:0031623,0.9910071942446043,1,0.041237609054006544,0.1887387460039982,0.591263637635232,41,
RECEPTOR LOCALIZATION TO SYNAPSE%GOBP%GO:0097120,0.14500941619585686,0.40487999569491284,0.15851410542482433,0.47259209023900733,1.3084003138400617,21,
RECEPTOR METABOLIC PROCESS%GOBP%GO:0043112,0.08128544423440454,0.29073583177840356,0.21654283673534816,0.4532999267405452,1.3498522583622348,31,
RECEPTOR RECYCLING%GOBP%GO:0001881,0.3685220729366603,0.64124918172129175,0.09374654224917187,0.4147072882948091,1.0746900510958808,17,
RECEPTOR-MEDIATED ENDOCYTOSIS%GOBP%GO:0006898,0.6524701873935264,0.8703779978771746,0.05797547575714859,0.24835725587482899,0.9175588894205666,113,
RECIPROCAL HOMOLOGOUS RECOMBINATION%GOBP%GO:0140527,1.0317598523945406e-5,2.292983095961627e-4,0.5933254763964051,-0.6457626496896687,-2.144258749550399,41,
RECIPROCAL MEIOTIC RECOMBINATION%GOBP%GO:0007131,1.0317598523945406e-5,2.292983095961627e-4,0.5933254763964051,-0.6457626496896687,-2.144258749550399,41,
RECOGNITION AND ASSOCIATION OF DNA GLYCOSYLASE WITH SITE CONTAINING AN AFFECTED PURINE%REACTOME DATABASE ID RELEASE 93%110330,0.00577222579987166,0.04851813395474575,0.40701791892395395,-0.5960858692614077,-1.717864030956491,24,
RECOGNITION AND ASSOCIATION OF DNA GLYCOSYLASE WITH SITE CONTAINING AN AFFECTED PYRIMIDINE%REACTOME%R-HSA-110328.4,0.004145765191814411,0.036972506269214875,0.40701791892395395,-0.5674797327685481,-1.726333688962766,29,
RECOGNITION OF DNA DAMAGE BY PCNA-CONTAINING REPLICATION COMPLEX%REACTOME%R-HSA-110314.5,4.0452923115038805e-7,1.1955129831231681e-5,0.674962860011025,-0.7406690130136003,-2.2737120756351565,30,
RECOMBINATIONAL REPAIR%GOBP%GO:0000725,6.447147007763056e-15,1.2351844405217771e-12,0.9969862175331805,-0.6433843302649281,-2.5240323552843096,120,
RECRUITMENT AND ATM-MEDIATED PHOSPHORYLATION OF REPAIR AND SIGNALING PROTEINS AT DNA DOUBLE STRAND BREAKS%REACTOME%R-HSA-5693565.6,0.012041159597129607,0.08415180216560013,0.3807304007227924,-0.46397716030788894,-1.63078897449199,53,
RECRUITMENT OF MITOTIC CENTROSOME PROTEINS AND COMPLEXES%REACTOME DATABASE ID RELEASE 93%380270,2.9357326945150176e-5,5.825332446687656e-4,0.5756102610711286,-0.5205961158439812,-1.9223346895984321,80,
RECRUITMENT OF NUMA TO MITOTIC CENTROSOMES%REACTOME DATABASE ID RELEASE 93%380320,1.8248012169436708e-5,3.825885117486428e-4,0.5756102610711286,-0.5265241036295604,-1.938347315815083,79,
RECYCLING PATHWAY OF L1%REACTOME%R-HSA-437239.3,0.9014989293361885,1,0.05356693847709506,-0.2487276668318078,-0.7207393297183242,25,
REELIN SIGNALING PATHWAY%PATHWAY INTERACTION DATABASE NCI-NATURE CURATED DATA%REELIN SIGNALING PATHWAY,0.006303095868475818,0.05195845793064042,0.40701791892395395,0.5857989336982293,1.7064129118502476,28,
REGENERATION%GOBP%GO:0031099,0.08490566037735849,0.29652722718722985,0.2114001893849227,0.46616168720601664,1.3597477740169424,27,
REGIONALIZATION%GOBP%GO:0003002,0.657762938230384,0.8740188203176191,0.056648418361399534,0.23647286895793013,0.9087866327484285,144,
REGUCALCIN IN PROXIMAL TUBULE EPITHELIAL KIDNEY CELLS%WIKIPATHWAYS_20250810%WP4838%HOMO SAPIENS,0.38257575757575757,0.6539054059988582,0.09082414190071554,0.3849098162430331,1.0543831264172059,20,
REGULATED EXOCYTOSIS%GOBP%GO:0045055,0.02507004399064637,0.14055415177803354,0.35248785758361917,0.42743208252644194,1.4644987284508357,68,
REGULATED NECROSIS%REACTOME%R-HSA-5218859.6,0.17148014440433212,0.4408069001272564,0.14122511964253093,0.3837380644913525,1.2147409494125414,44,
REGULATION OF ACTIN CYTOSKELETON%WIKIPATHWAYS_20250810%WP51%HOMO SAPIENS,0.9694117647058823,1,0.05456806466709405,-0.19227785727421245,-0.7315390726986226,92,
REGULATION OF ACTIN DYNAMICS FOR PHAGOCYTIC CUP FORMATION%REACTOME%R-HSA-2029482.4,0.06761565836298933,0.2622594048705957,0.23112670967383428,0.4211350460000386,1.3777293363138636,52,
REGULATION OF ACTIN FILAMENT BUNDLE ASSEMBLY%GOBP%GO:0032231,0.9765765765765766,1,0.04199262189685937,0.19472959708636256,0.6711450685552358,70,
REGULATION OF ACTIN FILAMENT DEPOLYMERIZATION%GOBP%GO:0030834,0.021312018408299112,0.12677684612046022,0.35248785758361917,0.5307534900265122,1.571559690984076,30,
REGULATION OF ACTIN FILAMENT LENGTH%GOBP%GO:0030832,0.0019777328526188486,0.020538848091869764,0.4317076958033464,0.46143629661586194,1.638008062382306,87,
REGULATION OF ACTIN FILAMENT ORGANIZATION%GOBP%GO:0110053,0.1476510067114094,0.4091863798447805,0.1473312136993771,0.29890305847063686,1.181595970012276,175,
REGULATION OF ACTIN FILAMENT POLYMERIZATION%GOBP%GO:0030833,0.002453544621614472,0.02438621452180681,0.4317076958033464,0.4938080198829914,1.691920767722737,68,
REGULATION OF ACTIN FILAMENT-BASED MOVEMENT%GOBP%GO:1903115,0.5536723163841808,0.8031795857677115,0.07078990945026231,0.33426127118706633,0.9254229200166104,21,
REGULATION OF ACTIN NUCLEATION%GOBP%GO:0051125,0.21455223880597016,0.4903985257646735,0.12687572992985735,0.3929703623330627,1.1841012798208541,33,
REGULATION OF ACTIN POLYMERIZATION OR DEPOLYMERIZATION%GOBP%GO:0008064,0.002969438294839297,0.028250341037888926,0.4317076958033464,0.45559588389731503,1.6132382197661506,85,
REGULATION OF ACTION POTENTIAL%GOBP%GO:0098900,0.10634328358208955,0.33781777220245257,0.18643255843407516,0.4385283138284308,1.3213768452131378,33,
REGULATION OF ACTIVATED PAK-2P34 BY PROTEASOME MEDIATED DEGRADATION%REACTOME%R-HSA-211733.3,0.03311786462983826,0.17217528709032512,0.3217759180753611,-0.48071563680482676,-1.5412402071806983,37,
REGULATION OF ACTIVATED T CELL PROLIFERATION%GOBP%GO:0046006,0.4603854389721627,0.7282263949536767,0.08730982576379309,-0.3824971667241013,-0.9940442264850773,16,
REGULATION OF ACTIVIN RECEPTOR SIGNALING PATHWAY%GOBP%GO:0032925,0.1036468330134357,0.3334301943233033,0.19189224038483796,0.5251692868595266,1.36094595793029,17,
REGULATION OF ACTOMYOSIN STRUCTURE ORGANIZATION%GOBP%GO:0110020,0.9539473684210527,1,0.05205700307320985,-0.1917347145392593,-0.6960414461900868,64,
REGULATION OF ADAPTIVE IMMUNE RESPONSE BASED ON SOMATIC RECOMBINATION OF IMMUNE RECEPTORS BUILT FROM IMMUNOGLOBULIN SUPERFAMILY DOMAINS%GOBP%GO:0002822,0.22586206896551725,0.4977792661003207,0.11776578836269024,0.3114201442094524,1.129888888635897,100,
REGULATION OF ADAPTIVE IMMUNE RESPONSE%GOBP%GO:0002819,0.18275862068965518,0.4580094255984322,0.13284630060618333,0.31737203224309257,1.1632261241422301,109,
REGULATION OF ADENYLATE CYCLASE ACTIVITY%GOBP%GO:0045761,0.7109207708779444,0.9040686205076353,0.06479433660007268,-0.3167125286766252,-0.8230812878506256,16,
REGULATION OF ADIPOSE TISSUE DEVELOPMENT%GOBP%GO:1904177,0.07047619047619047,0.26723685591352714,0.2343926472946861,0.5644293014244444,1.4255775805907973,15,
REGULATION OF AEROBIC RESPIRATION%GOBP%GO:1903715,0.10516252390057361,0.33579481769631436,0.19002330527910832,0.48411146040647324,1.3502754375081745,22,
REGULATION OF ALCOHOL BIOSYNTHETIC PROCESS%GOBP%GO:1902930,0.5103969754253308,0.7747281399289048,0.07511816352763015,0.33144273404956903,0.9869816796388795,31,
REGULATION OF ALPHA-BETA T CELL ACTIVATION%GOBP%GO:0046634,0.012651442439906176,0.08688679134254478,0.3807304007227924,0.4766309139838661,1.5760588713722885,56,
REGULATION OF ALPHA-BETA T CELL DIFFERENTIATION%GOBP%GO:0046637,0.010082723187904853,0.07326820103047171,0.3807304007227924,0.5251844667407358,1.623366043318448,38,
REGULATION OF ALPHA-BETA T CELL PROLIFERATION%GOBP%GO:0046640,0.14258555133079848,0.4020842379504993,0.1608014010700223,0.4961170220304737,1.3172707590783808,18,
"REGULATION OF ALTERNATIVE MRNA SPLICING, VIA SPLICEOSOME%GOBP%GO:0000381",0.19426048565121412,0.4732826781870775,0.1473312136993771,-0.3173622545168038,-1.1478633326484584,61,
REGULATION OF AMIDE METABOLIC PROCESS%GOBP%GO:0034248,0.482078853046595,0.7490017079213874,0.07530937641727728,0.2950504191812915,0.9824174834138963,57,
REGULATION OF AMINE TRANSPORT%GOBP%GO:0051952,0.010921940640901524,0.07765390293966953,0.3807304007227924,0.59237782254752,1.7260578507248012,26,
REGULATION OF AMYLOID PRECURSOR PROTEIN CATABOLIC PROCESS%GOBP%GO:1902991,0.21897810218978103,0.4977792661003207,0.12384217120104962,0.3821327253372352,1.1765330218734786,37,
REGULATION OF AMYLOID-BETA FORMATION%GOBP%GO:1902003,0.44045368620037806,0.710764066375051,0.08289621345715653,0.34551816907489635,1.0288959986924624,31,
REGULATION OF ANDROGEN RECEPTOR ACTIVITY%PATHWAY INTERACTION DATABASE NCI-NATURE CURATED DATA%REGULATION OF ANDROGEN RECEPTOR ACTIVITY,0.9301919720767888,1,0.04275914347386776,0.2138597028694425,0.6882455540510451,46,
REGULATION OF ANDROGEN RECEPTOR SIGNALING PATHWAY%GOBP%GO:0060765,0.9571734475374732,1,0.05080541390663644,-0.21731269421701424,-0.6335468705123688,26,
REGULATION OF ANGIOGENESIS%GOBP%GO:0045765,0.08571428571428572,0.29764285714285715,0.19782202131510335,0.31611165875611835,1.2398184453388894,166,
REGULATION OF ANIMAL ORGAN MORPHOGENESIS%GOBP%GO:2000027,0.7762906309751434,0.9418346860816649,0.05524956631252492,0.2827049529919537,0.7885158384113187,22,
REGULATION OF ANOIKIS%GOBP%GO:2000209,0.8744769874476988,0.993914230701908,0.05389790253573186,-0.26483202731052474,-0.7178174560875737,19,
REGULATION OF ANTIGEN RECEPTOR-MEDIATED SIGNALING PATHWAY%GOBP%GO:0050854,0.31648351648351647,0.5939852866765517,0.11146266692298015,-0.3266851204479595,-1.0835966594754785,40,
REGULATION OF APC C ACTIVATORS BETWEEN G1 S AND EARLY ANAPHASE%REACTOME DATABASE ID RELEASE 93%176408,2.195171477177685e-5,4.4839605614703e-4,0.5756102610711286,-0.5510299739628891,-2.0007037193011517,67,
REGULATION OF APOPTOSIS%REACTOME DATABASE ID RELEASE 93%169911,0.04215020220615629,0.205607132096053,0.3217759180753611,-0.44864913124693506,-1.4734187624566761,39,
REGULATION OF ARP2/3 COMPLEX-MEDIATED ACTIN NUCLEATION%GOBP%GO:0034315,0.06566604127579738,0.2580670294632369,0.24133997681509095,0.4704651580335152,1.3820655530969514,29,
REGULATION OF ATP METABOLIC PROCESS%GOBP%GO:1903578,0.4862068965517241,0.7533031392962748,0.0728938564822936,0.30519941410962315,0.9864482828008739,47,
REGULATION OF ATP-DEPENDENT ACTIVITY%GOBP%GO:0043462,0.8263598326359832,0.971934095399379,0.05652995250563114,-0.27566364332088955,-0.7944369795079034,24,
REGULATION OF ATTACHMENT OF SPINDLE MICROTUBULES TO KINETOCHORE%GOBP%GO:0051988,7.905118854188262e-8,2.797505755023566e-6,0.7049757151672383,-0.8186199245362944,-2.3170211400016325,22,
REGULATION OF AUTOPHAGOSOME ASSEMBLY%GOBP%GO:2000785,0.07829181494661921,0.2848653070356361,0.21392785549235627,0.4181677114205258,1.3249129014809553,43,
REGULATION OF AUTOPHAGOSOME MATURATION%GOBP%GO:1901096,0.05469727668508523,0.238999644001424,0.3217759180753611,0.5906677959374043,1.4918480761723194,15,
REGULATION OF AUTOPHAGY OF MITOCHONDRION%GOBP%GO:1903146,0.6471663619744058,0.866010470062166,0.06170540536375225,0.2864151462829664,0.8916796466985035,40,
REGULATION OF AXON EXTENSION%GOBP%GO:0030516,0.3709090909090909,0.6441922191593964,0.09026354843400684,0.34120118992651244,1.0546664281675833,38,
REGULATION OF AXONOGENESIS%GOBP%GO:0050770,0.9470198675496688,1,0.05269730857084192,-0.2043253313487824,-0.7418733457219892,67,
REGULATION OF B CELL ACTIVATION%GOBP%GO:0050864,0.31607142857142856,0.5934751122483464,0.09854998035316907,0.32883864729140033,1.086085935263366,54,
REGULATION OF B CELL MEDIATED IMMUNITY%GOBP%GO:0002712,0.8807531380753139,0.993914230701908,0.05356693847709506,-0.2593708061010702,-0.7474825381002635,24,
REGULATION OF B CELL PROLIFERATION%GOBP%GO:0030888,0.06591337099811675,0.2585834470375337,0.24133997681509095,0.5129775249700853,1.4202098776649377,21,
REGULATION OF BEHAVIOR%GOBP%GO:0050795,0.0012986614275204609,0.014502978281458226,0.45505986738722953,0.6342815346610298,1.863301979012929,29,
REGULATION OF BETA-CELL DEVELOPMENT%REACTOME%R-HSA-186712.4,0.3104166666666667,0.5872233571671774,0.10925003948071095,-0.3896100970480305,-1.1146027603288153,23,
REGULATION OF BINDING%GOBP%GO:0051098,0.8263888888888888,0.971934095399379,0.06130260753962072,-0.2315545507170018,-0.8398990143903173,73,
REGULATION OF BIOLOGICAL PROCESS INVOLVED IN SYMBIOTIC INTERACTION%GOBP%GO:0043903,0.22598870056497175,0.4977792661003207,0.12384217120104962,0.43996389111164036,1.218067134635364,21,
REGULATION OF BIOMINERAL TISSUE DEVELOPMENT%GOBP%GO:0070167,0.25678119349005424,0.5307575561870317,0.11237851911047504,0.3302242278390358,1.1201869834990932,62,
REGULATION OF BLOOD CIRCULATION%GOBP%GO:1903522,0.04873949579831933,0.2225116176297964,0.26635065708852557,0.3510291843482225,1.3227896961718604,127,
REGULATION OF BLOOD COAGULATION%GOBP%GO:0030193,0.28884826325411334,0.5660814640704952,0.10552093684319848,0.36723940994512505,1.1252867430859226,36,
REGULATION OF BLOOD PRESSURE%GOBP%GO:0008217,0.4918032786885246,0.7569138549566323,0.07511816352763015,0.2853490665369143,0.9689934536089334,63,
REGULATION OF BLOOD VESSEL ENDOTHELIAL CELL MIGRATION%GOBP%GO:0043535,0.007753811530471234,0.06042100541837052,0.40701791892395395,0.4761162869716503,1.6254147971692827,65,
REGULATION OF BMP SIGNALING PATHWAY%GOBP%GO:0030510,0.4444444444444444,0.7136801541425818,0.08041999687615399,0.2971678066227944,1.0036643078982972,61,
REGULATION OF BODY FLUID LEVELS%GOBP%GO:0050878,0.19607843137254902,0.474612275647854,0.12384217120104962,0.2917658153032314,1.137603279068599,156,
REGULATION OF BONE MINERALIZATION%GOBP%GO:0030500,0.367595818815331,0.64124918172129175,0.08835944425009051,0.327159014482456,1.0594350308822664,48,
REGULATION OF BONE REMODELING%GOBP%GO:0046850,0.033569859071502735,0.17366306983358398,0.3217759180753611,0.5413135225308455,1.541287703264631,24,
REGULATION OF BONE RESORPTION%GOBP%GO:0045124,0.03502399070465348,0.17803594908971154,0.3217759180753611,0.5846941715409786,1.6016522379310807,20,
REGULATION OF BROWN FAT CELL DIFFERENTIATION%GOBP%GO:0090335,0.5950095969289827,0.8317512622907255,0.06815134386794833,0.35131801327350987,0.9104203960057038,17,
REGULATION OF CALCINEURIN-MEDIATED SIGNALING%GOBP%GO:0106056,0.8336448598130841,0.9757687831569529,0.050908286551510536,0.2640047010124859,0.7615242882863087,25,
REGULATION OF CALCINEURIN-NFAT SIGNALING CASCADE%GOBP%GO:0070884,0.7862595419847328,0.9498712796840999,0.05456806466709405,0.27695482183381404,0.7885763859298015,24,
REGULATION OF CALCIUM ION IMPORT%GOBP%GO:0090279,0.2679324894514768,0.5446882222438365,0.11988784511542344,-0.4142499743882919,-1.142354928067426,20,
REGULATION OF CALCIUM ION TRANSMEMBRANE TRANSPORT%GOBP%GO:1903169,0.044905008635578586,0.21397275126867463,0.28201335001172506,0.3970534771653924,1.3906301931082727,76,
REGULATION OF CALCIUM ION TRANSPORT%GOBP%GO:0051924,0.1506849315068493,0.41261975330313194,0.1473312136993771,0.32197135749593464,1.1851970778370609,112,
REGULATION OF CALCIUM ION-DEPENDENT EXOCYTOSIS%GOBP%GO:0017158,0.1925233644859813,0.47225598811660585,0.13500203382863138,0.4251157663643754,1.238693242843773,26,
REGULATION OF CALCIUM-MEDIATED SIGNALING%GOBP%GO:0050848,0.530373831775701,0.788113669255361,0.08431443206426534,-0.2846057639555357,-0.9664318215358855,48,
REGULATION OF CAMP/PKA SIGNAL TRANSDUCTION%GOBP%GO:0141161,0.1652542372881356,0.4330040867571134,0.15740289930528326,-0.39840487617247,-1.2230266988753324,30,
REGULATION OF CANONICAL WNT SIGNALING PATHWAY%GOBP%GO:0060828,0.6792763157894737,0.8865537257520122,0.054455595394037055,0.22993020319187826,0.914428817633877,185,
REGULATION OF CARBOHYDRATE BIOSYNTHETIC PROCESS%GOBP%GO:0043255,0.35815602836879434,0.6323212245367084,0.09082414190071554,0.3135649597151632,1.053845966154436,59,
REGULATION OF CARBOHYDRATE CATABOLIC PROCESS%GOBP%GO:0043470,0.10382513661202186,0.3334407277551407,0.18643255843407516,0.4210896348801748,1.3084734434221728,39,
REGULATION OF CARBOHYDRATE METABOLIC PROCESS%GOBP%GO:0006109,0.24143835616438356,0.5108269256851923,0.11284335567556247,0.3056958483427492,1.1186643770795432,106,
REGULATION OF CARDIAC CONDUCTION%GOBP%GO:1903779,0.30038022813688214,0.5787567454166133,0.10552093684319848,0.4208829837318021,1.1175122457892808,18,
REGULATION OF CARDIAC MUSCLE CELL ACTION POTENTIAL%GOBP%GO:0098901,0.00788403550180183,0.06100794045683979,0.3807304007227924,0.6603116149383568,1.7693326528907896,19,
REGULATION OF CARDIAC MUSCLE CELL CONTRACTION%GOBP%GO:0086004,0.46946564885496184,0.7381808666654496,0.07998588014999461,0.37002686125885126,0.991502486493585,19,
REGULATION OF CARDIAC MUSCLE CELL PROLIFERATION%GOBP%GO:0060043,0.8771593090211133,0.993914230701908,0.0497903187820785,0.2735075031719346,0.7087789408465828,17,
REGULATION OF CARDIAC MUSCLE CONTRACTION BY CALCIUM ION SIGNALING%GOBP%GO:0010882,0.0696798493408663,0.2658476340734801,0.2343926472946861,0.5105261681032718,1.4134231451738146,21,
REGULATION OF CARDIAC MUSCLE CONTRACTION BY REGULATION OF THE RELEASE OF SEQUESTERED CALCIUM ION%GOBP%GO:0010881,0.18285714285714286,0.45804972304521446,0.14040623852334236,0.5018353933758031,1.267484314046148,15,
REGULATION OF CARDIAC MUSCLE CONTRACTION%GOBP%GO:0055117,0.048736462093862815,0.2225116176297964,0.27650059925447157,0.4428997775030057,1.4020201434323136,44,
REGULATION OF CARDIAC MUSCLE HYPERTROPHY%GOBP%GO:0010611,0.811214953271028,0.9634694913154834,0.05216303054600547,0.264825983046557,0.7716442947638444,26,
REGULATION OF CARDIAC MUSCLE TISSUE GROWTH%GOBP%GO:0055021,0.7137404580152672,0.9052079834956581,0.05909547987173424,0.30604784179944056,0.8200680218127867,19,
REGULATION OF CARDIOCYTE DIFFERENTIATION%GOBP%GO:1905207,0.9577735124760077,1,0.04577044581080999,0.23097874116475586,0.5985681036981207,17,
REGULATION OF CARTILAGE DEVELOPMENT%GOBP%GO:0061035,0.6388888888888888,0.8625827969828921,0.06994587365016587,-0.28287468693458245,-0.8849118086325408,32,
REGULATION OF CATION CHANNEL ACTIVITY%GOBP%GO:2001257,0.35887850467289717,0.6329933244325767,0.09374654224917187,0.37065086704482625,1.0691462562845246,25,
"REGULATION OF CD4-POSITIVE, ALPHA-BETA T CELL ACTIVATION%GOBP%GO:2000514",0.007831904128747414,0.06068906462945695,0.3807304007227924,0.5196037679776944,1.6277675913824101,41,
"REGULATION OF CD4-POSITIVE, ALPHA-BETA T CELL DIFFERENTIATION%GOBP%GO:0043370",0.007429786168565481,0.05905563941709558,0.40701791892395395,0.5682110710180481,1.7121379139289892,33,
REGULATION OF CDC42 ACTIVITY%PATHWAY INTERACTION DATABASE NCI-NATURE CURATED DATA%REGULATION OF CDC42 ACTIVITY,0.34146341463414637,0.614222189283332,0.09688777032754396,0.3689926840306834,1.0839741673436858,29,
REGULATION OF CDH1 EXPRESSION AND FUNCTION%REACTOME%R-HSA-9764265.1,0.17233009708737865,0.44137967921168375,0.16565669520548273,-0.28116516364944116,-1.132772095541034,147,
REGULATION OF CDH1 FUNCTION%REACTOME DATABASE ID RELEASE 93%9764561,0.8571428571428571,0.986797702918714,0.04754341942013011,0.23865480022956237,0.783131391752758,53,
REGULATION OF CDH1 GENE TRANSCRIPTION%REACTOME DATABASE ID RELEASE 93%9764560,0.009262857854134885,0.06871086547072554,0.3807304007227924,-0.45290291517137815,-1.600813886409111,56,
REGULATION OF CDH1 POSTTRANSLATIONAL PROCESSING AND TRAFFICKING TO PLASMA MEMBRANE%REACTOME DATABASE ID RELEASE 93%9768727,0.994328922495274,1,0.04336369878832656,0.15943472247409726,0.47477025143266294,31,
REGULATION OF CDH11 EXPRESSION AND FUNCTION%REACTOME DATABASE ID RELEASE 93%9759475,0.47751605995717344,0.7452673145791898,0.08528846897905017,-0.3392017541902498,-0.9829065180741539,25,
REGULATION OF CELL ADHESION MEDIATED BY INTEGRIN%GOBP%GO:0033628,0.7351694915254238,0.9156246794250739,0.06266182309324915,-0.28594989016095246,-0.849039324338997,27,
REGULATION OF CELL CYCLE CHECKPOINT%GOBP%GO:1901976,1.2450440016417005e-9,7.601609311122295e-8,0.7881868108002371,-0.7586033817529333,-2.5162458859684316,40,
REGULATION OF CELL CYCLE G1/S PHASE TRANSITION%GOBP%GO:1902806,3.4071373831236456e-4,0.004804582563612938,0.49849310876659025,-0.4128502022959643,-1.6511113262794426,135,
REGULATION OF CELL CYCLE G2/M PHASE TRANSITION%GOBP%GO:1902749,3.9906892994171305e-8,1.6303139520265865e-6,0.7195128263389107,-0.5760326427071816,-2.2123698413876154,95,
REGULATION OF CELL DIVISION%GOBP%GO:0051302,1.3104666107512233e-4,0.002128933476413391,0.5188480777437918,-0.45796275322337077,-1.7737000116680326,108,
REGULATION OF CELL FATE COMMITMENT%GOBP%GO:0010453,0.0011503311807334387,0.013150699671100793,0.45505986738722953,0.6521804412399455,1.9023461763846932,27,
REGULATION OF CELL FATE SPECIFICATION%GOBP%GO:0042659,0.007443673619347846,0.05908150089870947,0.40701791892395395,0.6765003817990403,1.7482402478679322,16,
REGULATION OF CELL JUNCTION ASSEMBLY%GOBP%GO:1901888,0.254606365159129,0.5286221841644696,0.10797236031734525,0.2890779125544135,1.0988362500008717,134,
REGULATION OF CELL KILLING%GOBP%GO:0031341,0.007599543971350021,0.05975953818327294,0.40701791892395395,0.5138543301713668,1.6536914314625362,46,
REGULATION OF CELL MIGRATION INVOLVED IN SPROUTING ANGIOGENESIS%GOBP%GO:0090049,0.0022077235638283763,0.022465406814341497,0.4317076958033464,0.6275241394117502,1.830426169986652,27,
REGULATION OF CELL MORPHOGENESIS%GOBP%GO:0022604,0.8415841584158416,0.9808771940756064,0.04477488932969301,0.21671223327065603,0.8392853719238432,151,
REGULATION OF CELL PROJECTION ASSEMBLY%GOBP%GO:0060491,0.5620915032679739,0.8088527304213579,0.0630790410571939,0.24221594945339697,0.9430330870456306,155,
REGULATION OF CELL SHAPE%GOBP%GO:0008360,0.9764150943396226,1,0.05434343902691621,-0.19435598014681194,-0.717671975253636,80,
REGULATION OF CELL SIZE%GOBP%GO:0008361,0.2569444444444444,0.5308974835750588,0.10968406197054928,0.3120507132266202,1.1109755072036578,88,
REGULATION OF CELL-MATRIX ADHESION%GOBP%GO:0001952,0.4340277777777778,0.7040903453390754,0.07913166517683488,0.28615451940722814,1.012168903107406,84,
REGULATION OF CELL-SUBSTRATE ADHESION%GOBP%GO:0010810,0.912751677852349,1,0.0418238690062304,0.20926461640989644,0.7955295672171284,133,
REGULATION OF CELL-SUBSTRATE JUNCTION ASSEMBLY%GOBP%GO:0090109,0.39892665474060823,0.6694631031394664,0.08528846897905017,0.31920751390433766,1.0359384261987685,51,
REGULATION OF CELL-SUBSTRATE JUNCTION ORGANIZATION%GOBP%GO:0150116,0.6294326241134752,0.8558804844773539,0.061570675542167844,0.26955109152601753,0.9059217928408155,59,
REGULATION OF CELLULAR COMPONENT SIZE%GOBP%GO:0032535,0.02160439105109283,0.12751090909507032,0.35248785758361917,0.34186080610566105,1.3652514801674867,194,
REGULATION OF CELLULAR EXTRAVASATION%GOBP%GO:0002691,0.3550863723608445,0.6295021968209483,0.09592067779217453,0.4188392738716457,1.085397853722058,17,
REGULATION OF CELLULAR PH%GOBP%GO:0030641,0.14414414414414414,0.40406905391769166,0.1552419662288392,0.3555621088318299,1.2254621766702913,70,
REGULATION OF CELLULAR RESPIRATION%GOBP%GO:0043457,0.12570356472795496,0.37248480300187614,0.17093233537005617,0.4374454855485367,1.285065060846299,29,
REGULATION OF CELLULAR RESPONSE TO HEAT%GOBP%GO:1900034,0.9771428571428571,1,0.044507053776927666,0.21635891007849045,0.5464571218938467,15,
REGULATION OF CELLULAR RESPONSE TO INSULIN STIMULUS%GOBP%GO:1900076,0.008149504801540513,0.06239081104169117,0.3807304007227924,0.5009652282720004,1.6191914739205946,47,
REGULATION OF CELLULAR RESPONSE TO TRANSFORMING GROWTH FACTOR BETA STIMULUS%GOBP%GO:1903844,0.2525597269624573,0.5269787989274071,0.10968406197054928,0.3012233847138507,1.1071694684162499,111,
REGULATION OF CELLULAR RESPONSE TO VASCULAR ENDOTHELIAL GROWTH FACTOR STIMULUS%GOBP%GO:1902547,0.6819923371647509,0.8888457483667267,0.06143641072012707,0.3000820014534632,0.845755389723911,23,
REGULATION OF CELLULAR SENESCENCE%GOBP%GO:2000772,0.8611111111111112,0.9891806300664099,0.05559470977588687,-0.24577756935735037,-0.7688615612029637,32,
REGULATION OF CENTRIOLE REPLICATION%GOBP%GO:0046599,2.955138130906385e-4,0.004309382534203642,0.49849310876659025,-0.6960183930174009,-1.9911804852459558,23,
REGULATION OF CENTROSOME CYCLE%GOBP%GO:0046605,0.0030711034719528084,0.029167608359264623,0.4317076958033464,-0.5187763085483504,-1.7526061035529383,45,
REGULATION OF CENTROSOME DUPLICATION%GOBP%GO:0010824,8.458215652534199e-5,0.0014459644973993848,0.5384340963099162,-0.6157144233931502,-2.042291033839632,40,
REGULATION OF CHEMOKINE PRODUCTION%GOBP%GO:0032642,0.5137111517367459,0.7762561525840854,0.07307443991269867,0.31620582878488124,0.9689107911138753,36,
REGULATION OF CHEMOTAXIS%GOBP%GO:0050920,0.10391822827938671,0.3335468956211858,0.1797823162983236,0.34015347953031005,1.2457604626620802,105,
REGULATION OF CHOLESTEROL BIOSYNTHESIS BY SREBP (SREBF)%REACTOME DATABASE ID RELEASE 93%1655829,0.09276018099547512,0.31100330525642395,0.22205604614524838,-0.36098563956782365,-1.2687939220251674,53,
REGULATION OF CHOLESTEROL BIOSYNTHETIC PROCESS%GOBP%GO:0045540,0.5532359081419624,0.8029724936355128,0.07608371609517249,-0.3292889273616643,-0.9320191006804784,22,
REGULATION OF CHOLESTEROL EFFLUX%GOBP%GO:0010874,0.14694656488549618,0.40842176813597636,0.15851410542482433,0.452149526915862,1.2874101179185444,24,
REGULATION OF CHOLESTEROL METABOLIC PROCESS%GOBP%GO:0090181,0.7809110629067245,0.945465649490033,0.060903934745241806,-0.25721488469426435,-0.8182643133442639,34,
REGULATION OF CHOLESTEROL TRANSPORT%GOBP%GO:0032374,0.18114602587800369,0.4547886668676857,0.13880510939113969,0.4006667183221084,1.217178375651923,34,
REGULATION OF CHONDROCYTE DIFFERENTIATION%GOBP%GO:0032330,0.6861924686192469,0.8909269754217095,0.06538341954687732,-0.301099342437806,-0.8677402984899887,24,
REGULATION OF CHROMATIN ORGANIZATION%GOBP%GO:1902275,0.13778705636743216,0.39299018746275827,0.1723243449009459,-0.44833615168170626,-1.2689702634124382,22,
REGULATION OF CHROMOSOME SEGREGATION%GOBP%GO:0051983,6.553604908870598e-18,1.820591443684252e-15,1.095929286431201,-0.6798793627578201,-2.6634666747751687,119,
REGULATION OF CHROMOSOME SEPARATION%GOBP%GO:1905818,8.48044045008164e-18,2.1529435084564836e-15,1.0864405425824981,-0.7762889900665791,-2.8194924968486843,69,
REGULATION OF CILIUM ASSEMBLY%GOBP%GO:1902017,0.30837004405286345,0.5852229201777233,0.11331290842208036,-0.2956115033864889,-1.0736651252890772,69,
REGULATION OF CILIUM MOVEMENT%GOBP%GO:0003352,0.7484276729559748,0.9237792944507244,0.06130260753962072,-0.30540356183016004,-0.7779262593017986,15,
REGULATION OF CIRCADIAN RHYTHM%GOBP%GO:0042752,0.4973821989528796,0.7642299494972896,0.07235708510369071,0.2765336998968353,0.9816402248228657,87,
REGULATION OF COAGULATION%GOBP%GO:0050818,0.30656934306569344,0.5842092945162964,0.10171390228231093,0.35922817315800903,1.106013120793816,37,
REGULATION OF COLD-INDUCED THERMOGENESIS%GOBP%GO:0120161,0.011486250977000664,0.08098681526423311,0.3807304007227924,0.4003129001755411,1.4672194648791863,109,
REGULATION OF COLLAGEN METABOLIC PROCESS%GOBP%GO:0010712,0.542016806722689,0.7945506548246274,0.07747675478485777,-0.3532603342064707,-0.9397768899133415,18,
REGULATION OF CYCLIN-DEPENDENT PROTEIN SERINE/THREONINE KINASE ACTIVITY%GOBP%GO:0000079,0.003681417257953172,0.03392032219765808,0.4317076958033464,-0.5808701717548322,-1.7989881929353029,31,
REGULATION OF CYTOKINE PRODUCTION INVOLVED IN IMMUNE RESPONSE%GOBP%GO:0002718,0.2982758620689655,0.5762929021180657,0.09992769737310925,0.34287998279198506,1.1082372855095273,47,
REGULATION OF CYTOKINE PRODUCTION INVOLVED IN INFLAMMATORY RESPONSE%GOBP%GO:1900015,0.25547445255474455,0.5290406479292437,0.11331290842208036,0.3713839305262506,1.1434389914438547,37,
REGULATION OF CYTOKINE-MEDIATED SIGNALING PATHWAY%GOBP%GO:0001959,0.4358974358974359,0.7056661287430519,0.07808923069433449,0.2799391143664227,1.0123444756738433,98,
REGULATION OF CYTOKINESIS%GOBP%GO:0032465,4.800354568067693e-5,8.744514747601345e-4,0.557332238758646,-0.5184305507144218,-1.8829459030770421,74,
REGULATION OF CYTOPLASMIC AND NUCLEAR SMAD2 3 SIGNALING%PATHWAY INTERACTION DATABASE NCI-NATURE CURATED DATA%REGULATION OF CYTOPLASMIC AND NUCLEAR SMAD2 3 SIGNALING,0.23949579831932774,0.5080712697450114,0.1275053153001827,-0.4471825533327067,-1.189637750127057,18,
REGULATION OF CYTOPLASMIC PATTERN RECOGNITION RECEPTOR SIGNALING PATHWAY%GOBP%GO:0039531,0.7777777777777778,0.9429049385409848,0.04999139140245922,0.2344473699370049,0.847832573626434,98,
REGULATION OF CYTOPLASMIC TRANSLATION%GOBP%GO:2000765,0.02003173888269766,0.12084293293405884,0.35248785758361917,0.5315187041709988,1.5907934918154036,32,
REGULATION OF CYTOSOLIC CALCIUM ION CONCENTRATION%GOBP%GO:0051480,0.22753346080305928,0.4977792661003207,0.12443416863039332,0.43667085061169597,1.2179548969192102,22,
REGULATION OF D-GLUCOSE IMPORT%GOBP%GO:0046324,0.45590994371482174,0.7237244706512999,0.08063884959506612,0.3446428615318448,1.012442725907437,29,
REGULATION OF D-GLUCOSE TRANSMEMBRANE TRANSPORT%GOBP%GO:0010827,0.09124087591240876,0.3092900419450054,0.19991523130966152,0.43802551181977134,1.3486190658604047,37,
REGULATION OF DEFENSE RESPONSE TO VIRUS BY HOST%GOBP%GO:0050691,0.21923076923076923,0.4977792661003207,0.1275053153001827,0.4089521739119026,1.1912641518258331,28,
REGULATION OF DEFENSE RESPONSE TO VIRUS%GOBP%GO:0050688,0.4568345323741007,0.7247780302314402,0.07829552499447937,0.3190813091796653,0.9995890062922453,41,
REGULATION OF DENDRITE DEVELOPMENT%GOBP%GO:0050773,0.8741007194244604,0.993914230701908,0.04697587278218445,0.2303003299856647,0.7615260938910872,56,
REGULATION OF DENDRITE MORPHOGENESIS%GOBP%GO:0048814,0.2940074906367041,0.5719557485915715,0.10592029273625286,0.37003243947846726,1.1226940324814747,35,
REGULATION OF DENDRITIC SPINE DEVELOPMENT%GOBP%GO:0060998,0.04716981132075472,0.2202314888219439,0.2878571172551493,0.4880256876537871,1.4450427802993169,30,
REGULATION OF DENDRITIC SPINE MORPHOGENESIS%GOBP%GO:0061001,0.20566037735849058,0.4803749658708249,0.13077713797197438,0.41241752273999094,1.2029813343786233,27,
REGULATION OF DEPHOSPHORYLATION%GOBP%GO:0035303,0.6523364485981309,0.8703779978771746,0.06238614928936257,0.33292451948984153,0.8603573037555653,16,
REGULATION OF DEVELOPMENTAL GROWTH%GOBP%GO:0048638,0.1870748299319728,0.46421963157750823,0.13010563075112855,0.3097288073226566,1.1501858403881862,115,
REGULATION OF DNA BINDING%GOBP%GO:0051101,0.33192389006342493,0.6016865034885445,0.10592029273625286,-0.35377106006132936,-1.0956492362654064,31,
REGULATION OF DNA BIOSYNTHETIC PROCESS%GOBP%GO:2000278,0.014049193326936178,0.09359390662404965,0.3807304007227924,-0.4267073262294529,-1.5493076147937688,67,
REGULATION OF DNA DAMAGE CHECKPOINT%GOBP%GO:2000001,0.00517404807460852,0.044500017186571116,0.40701791892395395,-0.6526092892033846,-1.7361335784097756,18,
"REGULATION OF DNA DAMAGE RESPONSE, SIGNAL TRANSDUCTION BY P53 CLASS MEDIATOR%GOBP%GO:0043516",0.9512195121951219,1,0.04504427671527945,0.21270936709445598,0.6248672915781773,29,
REGULATION OF DNA RECOMBINATION%GOBP%GO:0000018,4.772732823806816e-6,1.1630396302223978e-4,0.610526878385931,-0.49711283760411723,-1.9302123966636067,109,
REGULATION OF DNA REPLICATION%GOBP%GO:0006275,3.927361519404961e-10,2.79748982074538e-8,0.8140358378479079,-0.6170112916893203,-2.3608579786832227,96,
REGULATION OF DNA STRAND ELONGATION%GOBP%GO:0060382,0.25363825363825365,0.5277955570090401,0.12267918956880833,-0.43291349220341563,-1.1462985450200065,17,
REGULATION OF DNA-BINDING TRANSCRIPTION FACTOR ACTIVITY%GOBP%GO:0051090,0.6442953020134228,0.8650808839986894,0.057852975703250924,0.24105821239424396,0.9163944610898801,133,
REGULATION OF DNA-TEMPLATED DNA REPLICATION%GOBP%GO:0090329,6.6963990912990845e-10,4.5372187013728916e-8,0.8012155746177786,-0.8027909407790332,-2.5113564987272263,32,
REGULATION OF DNA-TEMPLATED TRANSCRIPTION ELONGATION%GOBP%GO:0032784,0.9908466819221968,1,0.052269331749930564,-0.1842105276974654,-0.7031920075301119,91,
REGULATION OF DNA-TEMPLATED TRANSCRIPTION INITIATION%GOBP%GO:2000142,1,1,0.052375908409799665,-0.160383496908288,-0.5817460315965747,73,
REGULATION OF DOUBLE-STRAND BREAK REPAIR VIA HOMOLOGOUS RECOMBINATION%GOBP%GO:0010569,2.022665464943798e-5,4.208962293343724e-4,0.5756102610711286,-0.5409236345533244,-1.9736188827683192,78,
REGULATION OF DOUBLE-STRAND BREAK REPAIR VIA NONHOMOLOGOUS END JOINING%GOBP%GO:2001032,0.284796573875803,0.5609109409620565,0.11673920479122178,-0.3866219906336649,-1.1203163601904422,25,
REGULATION OF DOUBLE-STRAND BREAK REPAIR%GOBP%GO:2000779,2.165883192071787e-7,6.760475851208342e-6,0.6901324587967956,-0.49728770799532557,-1.9890676512069292,138,
REGULATION OF EARLY ENDOSOME TO LATE ENDOSOME TRANSPORT%GOBP%GO:2000641,0.9894957983193278,1,0.048408761881695135,-0.19715576580675406,-0.52449260354847,18,
REGULATION OF EMBRYONIC DEVELOPMENT%GOBP%GO:0045995,0.1382488479262673,0.39322491917193453,0.18138312849840757,-0.339088642201991,-1.2062633284142115,58,
REGULATION OF ENDOCRINE PROCESS%GOBP%GO:0044060,0.05142857142857143,0.23080544657281327,0.27650059925447157,0.5815382774537015,1.4687896756975203,15,
REGULATION OF ENDOCYTIC RECYCLING%GOBP%GO:2001135,0.683991683991684,0.8903553766230354,0.06523530560177027,-0.3237061363088185,-0.857131689696778,17,
REGULATION OF ENDOCYTOSIS%GOBP%GO:0030100,0.005067000770048327,0.04379555588667331,0.40701791892395395,0.37868520929572325,1.4825655860422482,163,
REGULATION OF ENDOGENOUS RETROELEMENTS BY KRAB-ZFP PROTEINS%REACTOME%R-HSA-9843940.1,0.04319538753282412,0.20850875163542207,0.3217759180753611,-0.4145313112906768,-1.498063167381418,62,
REGULATION OF ENDOGENOUS RETROELEMENTS BY PIWI-INTERACTING RNAS (PIRNAS)%REACTOME%R-HSA-9845323.1,0.011445222099141917,0.08080006859317979,0.3807304007227924,-0.4731468755611216,-1.6361274267502341,50,
REGULATION OF ENDOGENOUS RETROELEMENTS BY THE HUMAN SILENCING HUB (HUSH) COMPLEX%REACTOME DATABASE ID RELEASE 93%9843970,0.034082995463451504,0.17550057719641943,0.3217759180753611,-0.5069542685533258,-1.505243136834267,27,
REGULATION OF ENDOGENOUS RETROELEMENTS%REACTOME%R-HSA-9842860.2,0.023331709122354317,0.13393606869123922,0.35248785758361917,-0.3712938922606442,-1.4174681329832497,93,
REGULATION OF ENDOPLASMIC RETICULUM STRESS-INDUCED INTRINSIC APOPTOTIC SIGNALING PATHWAY%GOBP%GO:1902235,0.05747684608987204,0.24149362837103622,0.3217759180753611,0.5639694434483352,1.561384145110902,21,
REGULATION OF ENDOPLASMIC RETICULUM UNFOLDED PROTEIN RESPONSE%GOBP%GO:1900101,0.1811320754716981,0.4547886668676857,0.14040623852334236,0.4111289974868265,1.2173518825334817,30,
REGULATION OF ENDOTHELIAL CELL APOPTOTIC PROCESS%GOBP%GO:2000351,0.3264150943396226,0.5950007428316744,0.09992769737310925,0.36911324529079004,1.0929433505530923,30,
REGULATION OF ENDOTHELIAL CELL CHEMOTAXIS%GOBP%GO:2001026,0.05523809523809524,0.24030136211400197,0.26635065708852557,0.5743237567765823,1.4505679800731897,15,
REGULATION OF ENDOTHELIAL CELL DIFFERENTIATION%GOBP%GO:0045601,0.2109704641350211,0.4861268767082982,0.1372507796101328,-0.4417395067670799,-1.2181613365760782,20,
REGULATION OF ENDOTHELIAL CELL MIGRATION%GOBP%GO:0010594,0.047619047619047616,0.22066007387108305,0.27128855468895297,0.3567462823248251,1.3350837182120594,119,
REGULATION OF ENDOTHELIAL CELL PROLIFERATION%GOBP%GO:0001936,0.04607508532423208,0.21823800005237293,0.27650059925447157,0.3945364304847897,1.389052179295099,78,
REGULATION OF EPIDERMAL CELL DIFFERENTIATION%GOBP%GO:0045604,0.006983165253916901,0.05664009657045591,0.40701791892395395,0.5864108342456366,1.7226742515032425,29,
REGULATION OF EPIDERMAL GROWTH FACTOR RECEPTOR SIGNALING PATHWAY%GOBP%GO:0042058,0.03986051164839932,0.19633422226817965,0.3217759180753611,0.44084714170770845,1.442216803682421,52,
REGULATION OF EPIDERMIS DEVELOPMENT%GOBP%GO:0045682,0.01247570330835278,0.08632005925430641,0.3807304007227924,0.5524448764548231,1.653423872301517,32,
REGULATION OF EPITHELIAL CELL APOPTOTIC PROCESS%GOBP%GO:1904035,0.44337811900191937,0.7128666418865899,0.0833634065110386,0.3892849788452105,1.0088096004442824,17,
REGULATION OF EPITHELIAL CELL DIFFERENTIATION%GOBP%GO:0030856,0.008076871377795676,0.06206790784928461,0.3807304007227924,0.43299752909164524,1.510539887141443,75,
REGULATION OF EPITHELIAL CELL MIGRATION%GOBP%GO:0010632,0.8451957295373665,0.9824435490476766,0.04802204159682506,0.24482528861977615,0.7756987798011469,43,
REGULATION OF EPITHELIAL CELL PROLIFERATION%GOBP%GO:0050678,0.036966349086469334,0.18553300408710355,0.3217759180753611,0.34340832222538004,1.342998685309265,162,
REGULATION OF EPITHELIAL TO MESENCHYMAL TRANSITION%GOBP%GO:0010717,0.19621749408983452,0.474612275647854,0.15214492236756472,-0.31585623977486504,-1.1511314129457553,76,
REGULATION OF ERAD PATHWAY%GOBP%GO:1904292,0.06118546845124283,0.24886271062599205,0.2529611230696109,0.5149818641454601,1.436378641674661,22,
REGULATION OF ERBB SIGNALING PATHWAY%GOBP%GO:1901184,0.0267343598306113,0.14750357817167467,0.35248785758361917,0.432623953205886,1.4533554707847391,58,
REGULATION OF ERK1 AND ERK2 CASCADE%GOBP%GO:0070372,0.16776315789473684,0.4353536222621008,0.13574094381042484,0.30417736902625614,1.1677646035173876,139,
REGULATION OF ERYTHROCYTE DIFFERENTIATION%GOBP%GO:0045646,0.008186642250150276,0.06247937409592711,0.3807304007227924,0.549191946473798,1.668380553616874,34,
REGULATION OF ESTABLISHMENT OF CELL POLARITY%GOBP%GO:2000114,0.5732217573221757,0.8163608405945669,0.07436253844225256,-0.3398159077056664,-0.9210585021930137,19,
REGULATION OF ESTABLISHMENT OF PROTEIN LOCALIZATION TO MITOCHONDRION%GOBP%GO:1903747,0.829981718464351,0.9741401925375152,0.05009228744021063,0.25207728845005944,0.7847775874387596,40,
REGULATION OF ESTABLISHMENT OR MAINTENANCE OF CELL POLARITY%GOBP%GO:0032878,0.7390396659707724,0.918293536594851,0.06170540536375225,-0.2928998777654935,-0.829023565571001,22,
REGULATION OF EXECUTION PHASE OF APOPTOSIS%GOBP%GO:1900117,0.42857142857142855,0.6995131777740473,0.09026354843400684,-0.3792628309848426,-1.0089512160013578,18,
REGULATION OF EXOCYTOSIS%GOBP%GO:0017157,0.004851358349249489,0.04231420249361093,0.40701791892395395,0.4116183503622931,1.506150714800352,108,
REGULATION OF EXOSOMAL SECRETION%GOBP%GO:1903541,0.8728971962616823,0.993914230701908,0.04879897016828393,0.2660314372001381,0.6874894356668514,16,
REGULATION OF EXPRESSION AND FUNCTION OF TYPE I CLASSICAL CADHERINS%REACTOME DATABASE ID RELEASE 93%9764274,0.17233009708737865,0.44137967921168375,0.16565669520548273,-0.28116516364944116,-1.132772095541034,147,
REGULATION OF EXPRESSION AND FUNCTION OF TYPE II CLASSICAL CADHERINS%REACTOME%R-HSA-9764260.2,0.5211864406779662,0.7807257655451011,0.07998588014999461,-0.3250122092957598,-0.9650227402677923,27,
REGULATION OF EXPRESSION OF SLITS AND ROBOS%REACTOME DATABASE ID RELEASE 93%9010553,0.14759535655058043,0.4091863798447805,0.14641623786055022,0.3064682801406619,1.184472734258069,150,
REGULATION OF EXTENT OF CELL GROWTH%GOBP%GO:0061387,0.23665480427046262,0.5041551970451933,0.11673920479122178,0.3654341325450343,1.157833050298613,43,
REGULATION OF EXTRACELLULAR MATRIX DISASSEMBLY%GOBP%GO:0010715,0.5028790786948176,0.767520749686053,0.07667468724900914,0.3758718302528178,0.9740501984444125,17,
REGULATION OF EXTRACELLULAR MATRIX ORGANIZATION%GOBP%GO:1903053,0.16230366492146597,0.43085078575088087,0.1429011493869481,0.38330549711214473,1.2335577983656396,46,
REGULATION OF EXTRINSIC APOPTOTIC SIGNALING PATHWAY IN ABSENCE OF LIGAND%GOBP%GO:2001239,0.18181818181818182,0.45606402626718656,0.14040623852334236,0.4614322056218756,1.2640008413970563,20,
REGULATION OF EXTRINSIC APOPTOTIC SIGNALING PATHWAY VIA DEATH DOMAIN RECEPTORS%GOBP%GO:1902041,2.3786668717113463e-4,0.003601055351288349,0.5188480777437918,0.6773739325475504,1.9731678536058292,28,
REGULATION OF EXTRINSIC APOPTOTIC SIGNALING PATHWAY%GOBP%GO:2001236,3.809574815045498e-5,7.150674889321887e-4,0.557332238758646,0.5242335410017382,1.8663973496019937,88,
REGULATION OF FAT CELL DIFFERENTIATION%GOBP%GO:0045598,0.29473684210526313,0.5729733711465507,0.10171390228231093,0.31245629737355585,1.0863010621372493,73,
REGULATION OF FATTY ACID BIOSYNTHETIC PROCESS%GOBP%GO:0042304,0.8123827392120075,0.9642380899512741,0.052269331749930564,0.2658904991096816,0.7810952489048467,29,
REGULATION OF FATTY ACID METABOLIC PROCESS%GOBP%GO:0019217,0.43920145190562615,0.7099805838777011,0.08085891502800323,0.299116019577581,1.0057471641662716,60,
REGULATION OF FATTY ACID OXIDATION%GOBP%GO:0046320,0.6278625954198473,0.8552107330602284,0.06523530560177027,0.30771403559072197,0.8761574197527816,24,
REGULATION OF FERROPTOSIS%GOBP%GO:0110075,0.0032203438713747905,0.030428963519316895,0.4317076958033464,0.6377272886032248,1.8581961566036442,26,
REGULATION OF FIBROBLAST GROWTH FACTOR RECEPTOR SIGNALING PATHWAY%GOBP%GO:0040036,0.6622137404580153,0.8755972256032206,0.06266182309324915,0.32150732058209297,0.8614923432816326,19,
REGULATION OF FIBROBLAST MIGRATION%GOBP%GO:0010762,0.20075757575757575,0.4784319921631209,0.13284630060618333,0.45330691480877217,1.2417432393068055,20,
REGULATION OF FIBROBLAST PROLIFERATION%GOBP%GO:0048145,0.8448905109489051,0.9824435490476766,0.04919275210451909,0.24455298625418068,0.752944317113629,37,
REGULATION OF FILOPODIUM ASSEMBLY%GOBP%GO:0051489,0.20943396226415095,0.4842862173003501,0.12944288774504625,0.4025881250001247,1.1920623815162297,30,
REGULATION OF FOCAL ADHESION ASSEMBLY%GOBP%GO:0051893,0.39892665474060823,0.6694631031394664,0.08528846897905017,0.31920751390433766,1.0359384261987685,51,
REGULATION OF FZD BY UBIQUITINATION%REACTOME%R-HSA-4641263.4,0.8763102725366876,0.993914230701908,0.05389790253573186,-0.27510598488017113,-0.7007520424676134,15,
REGULATION OF G PROTEIN-COUPLED RECEPTOR SIGNALING PATHWAY%GOBP%GO:0008277,0.5586206896551724,0.8065739479532583,0.06598161440087301,0.2656760877637051,0.9518027678413205,94,
REGULATION OF G0 TO G1 TRANSITION%GOBP%GO:0070316,0.0016945160909265459,0.018070501729727233,0.45505986738722953,-0.5881933992992586,-1.8400348593934097,32,
REGULATION OF G1/S TRANSITION OF MITOTIC CELL CYCLE%GOBP%GO:2000045,0.0012157206587298725,0.013748864454096548,0.45505986738722953,-0.4217119241522117,-1.644213666894187,117,
REGULATION OF G2/M TRANSITION OF MITOTIC CELL CYCLE%GOBP%GO:0010389,1.231029566149471e-9,7.599555855029401e-8,0.7881868108002371,-0.6253724361983763,-2.331297646634497,85,
REGULATION OF GENE SILENCING BY REGULATORY NCRNA%GOBP%GO:0060966,0.7288135593220338,0.9134419435130207,0.0574877409561325,0.2952194523310718,0.8173332395096093,21,
REGULATION OF GENERATION OF PRECURSOR METABOLITES AND ENERGY%GOBP%GO:0043467,0.4643478260869565,0.732098899471944,0.07569463079327488,0.27655593494138686,0.9867042824042905,89,
REGULATION OF GLIAL CELL DIFFERENTIATION%GOBP%GO:0045685,0.4528301886792453,0.7204823964209297,0.08130273453844984,0.34365543674331844,1.0175628462590975,30,
REGULATION OF GLIOGENESIS%GOBP%GO:0014013,0.4550561797752809,0.7229668184775537,0.08063884959506612,0.33910709660619487,1.0149207508151998,32,
REGULATION OF GLUCAN BIOSYNTHETIC PROCESS%GOBP%GO:0010962,0.6392405063291139,0.8625827969828921,0.06928364673925483,-0.31887905536213623,-0.8793556617313757,20,
REGULATION OF GLUCOKINASE BY GLUCOKINASE REGULATORY PROTEIN%REACTOME%R-HSA-170822.5,6.813252087792749e-4,0.008319654637313519,0.47727081536286214,-0.6416181124423521,-1.905085567142862,27,
REGULATION OF GLUCONEOGENESIS%GOBP%GO:0006111,0.7939508506616257,0.95397727644377,0.053676960063812645,0.26902978849642917,0.8011262436767949,31,
REGULATION OF GLUCOSE METABOLIC PROCESS%GOBP%GO:0010906,0.8,0.9577246283128636,0.050702793702934776,0.24380860143838018,0.8052493072196787,54,
REGULATION OF GLYCOGEN BIOSYNTHETIC PROCESS%GOBP%GO:0005979,0.6392405063291139,0.8625827969828921,0.06928364673925483,-0.31887905536213623,-0.8793556617313757,20,
REGULATION OF GLYCOGEN METABOLIC PROCESS%GOBP%GO:0070873,0.6631799163179917,0.8756260790522034,0.06705125798294667,-0.3045897605662409,-0.8777993588788321,24,
REGULATION OF GLYCOLYTIC PROCESS%GOBP%GO:0006110,0.09242144177449169,0.3106044292789584,0.19991523130966152,0.4412979411872901,1.3406112528694274,34,
REGULATION OF GLYCOPROTEIN BIOSYNTHETIC PROCESS%GOBP%GO:0010559,0.15631691648822268,0.4222152591193803,0.16318012718068908,-0.4269359100243818,-1.2371341939685867,25,
REGULATION OF GLYCOPROTEIN METABOLIC PROCESS%GOBP%GO:1903018,0.1279317697228145,0.376566390874769,0.18138312849840757,-0.41811397645065546,-1.2719471757193939,29,
REGULATION OF GOLGI ORGANIZATION%GOBP%GO:1903358,0.5420560747663551,0.7945506548246274,0.07147862874255066,0.36743350985153916,0.9495368629794179,16,
REGULATION OF GRANULOCYTE CHEMOTAXIS%GOBP%GO:0071622,0.30280373831775703,0.58073095274196,0.10395847155995677,0.3810867567207647,1.1104024546637412,26,
REGULATION OF GTPASE ACTIVITY%GOBP%GO:0043087,0.20034246575342465,0.4784319921631209,0.12563992130984047,0.31211404886705585,1.1420550065044222,108,
REGULATION OF HEART CONTRACTION%GOBP%GO:0008016,0.09215017064846416,0.3106044292789584,0.19189224038483796,0.33981522025246,1.2490166961110019,111,
REGULATION OF HEART GROWTH%GOBP%GO:0060420,0.5725047080979284,0.8163608405945669,0.06911984565510101,0.3288104071203572,0.9103318670707711,21,
REGULATION OF HEART RATE BY CARDIAC CONDUCTION%GOBP%GO:0086091,0.07289719626168224,0.27288625215688556,0.22798720285044224,0.48400388283998547,1.3961142017319537,25,
REGULATION OF HEART RATE%GOBP%GO:0002027,0.016697326857664258,0.10675529116361634,0.35248785758361917,0.4801426501427638,1.5755592658705004,53,
REGULATION OF HEMATOPOIETIC PROGENITOR CELL DIFFERENTIATION%GOBP%GO:1901532,0.8305084745762712,0.9741401925375152,0.056886416047570075,-0.2640353280543005,-0.7839708433063803,27,
REGULATION OF HEMOSTASIS%GOBP%GO:1900046,0.3266423357664234,0.5952196843287137,0.09787732774245612,0.35487321961049256,1.0926048301197933,37,
REGULATION OF HIPPO SIGNALING%GOBP%GO:0035330,0.8893905191873589,0.998676985570931,0.056648418361399534,-0.22196372548953325,-0.7396422698063426,42,
REGULATION OF HOMOTYPIC CELL-CELL ADHESION%GOBP%GO:0034110,0.7594142259414226,0.9289532010855447,0.060509298865666666,-0.28736578380975086,-0.8281614599354014,24,
REGULATION OF HOMOTYPIC CELL-CELL ADHESION%REACTOME DATABASE ID RELEASE 93%9759476,0.06098226856574075,0.24858216005227854,0.3217759180753611,-0.30375781377499084,-1.2319170630874403,159,
REGULATION OF HORMONE METABOLIC PROCESS%GOBP%GO:0032350,0.17009345794392525,0.4389406652747091,0.1446305280344838,0.48793073748021437,1.2609307790282804,16,
REGULATION OF HORMONE SECRETION%GOBP%GO:0046883,0.008858428912240712,0.06642028479947287,0.3807304007227924,0.4063204170061809,1.4877064656671686,107,
REGULATION OF HSF1-MEDIATED HEAT SHOCK RESPONSE%REACTOME DATABASE ID RELEASE 93%3371453,0.48816029143898,0.7543050979075282,0.0755015292281669,0.28963559714461196,0.990833336772728,67,
REGULATION OF HYDROLASE ACTIVITY%GOBP%GO:0051336,0.4276315789473684,0.6992116105449026,0.07707367349441024,0.2632811519487759,1.0107603041057427,139,
REGULATION OF IGF ACTIVITY BY IGFBP%REACTOME%R-HSA-381426.4,0.0019100842973854128,0.019982987168513246,0.45505986738722953,0.48179673841263215,1.6804160426536037,74,
REGULATION OF IMMUNE EFFECTOR PROCESS%GOBP%GO:0002697,0.006772620994136593,0.05541779417293507,0.40701791892395395,0.37283015907632333,1.4646029413491788,167,
REGULATION OF IMMUNE RESPONSE TO TUMOR CELL%GOBP%GO:0002837,0.9267782426778243,1,0.051218434854034045,-0.24835510921032491,-0.6731573764327038,19,
REGULATION OF IMMUNOGLOBULIN MEDIATED IMMUNE RESPONSE%GOBP%GO:0002889,0.9104166666666667,1,0.051845762486506596,-0.24051621937690598,-0.6880726245354515,23,
REGULATION OF IMMUNOGLOBULIN PRODUCTION%GOBP%GO:0002637,0.2551594746716698,0.5288231907040845,0.11524000314778066,0.38800795489181344,1.139834522550062,29,
REGULATION OF INFLAMMASOME-MEDIATED SIGNALING PATHWAY%GOBP%GO:0141085,0.4290909090909091,0.6999498211711952,0.08220549204158693,0.32921570209687884,1.0176188093071443,38,
REGULATION OF INFLAMMATORY RESPONSE TO ANTIGENIC STIMULUS%GOBP%GO:0002861,0.625,0.8529845246868091,0.06508775669173134,0.31907744400977106,0.8740485661498708,20,
REGULATION OF INFLAMMATORY RESPONSE%GOBP%GO:0050727,0.01390832570819175,0.09332688120134464,0.3807304007227924,0.34462508916992474,1.3755084745422073,196,
REGULATION OF INSULIN RECEPTOR SIGNALING PATHWAY%GOBP%GO:0046626,0.007350951250790319,0.058680869467515814,0.40701791892395395,0.5289302219825766,1.6758502771706423,43,
REGULATION OF INSULIN SECRETION INVOLVED IN CELLULAR RESPONSE TO GLUCOSE STIMULUS%GOBP%GO:0061178,0.2335216572504708,0.5005579967915185,0.12154328203546907,0.4345598597451834,1.203105740905101,21,
REGULATION OF INSULIN SECRETION%GOBP%GO:0050796,0.0798611111111111,0.28793532338308453,0.2089550275493539,0.3767103917981878,1.314178567959923,75,
REGULATION OF INSULIN SECRETION%REACTOME%R-HSA-422356.6,0.8432671081677704,0.9816031956798936,0.05809835768732064,-0.22542730503950686,-0.8153450322143085,61,
REGULATION OF INTEGRIN-MEDIATED SIGNALING PATHWAY%GOBP%GO:2001044,0.1694915254237288,0.4379976350019708,0.1455161460903603,0.4614883870875919,1.2776590276692512,21,
REGULATION OF INTERFERON-ALPHA PRODUCTION%GOBP%GO:0032647,0.49053030303030304,0.7554281889302598,0.077274697304471,0.3498447189837126,0.9583293358506865,20,
REGULATION OF INTERFERON-BETA PRODUCTION%GOBP%GO:0032648,0.8680926916221033,0.9914369289497759,0.04688198568783333,0.23536255032104839,0.7495782777519189,45,
REGULATION OF INTERLEUKIN-1 BETA PRODUCTION%GOBP%GO:0032651,0.11387900355871886,0.3538077279577729,0.17520404755855126,0.4052745867883709,1.2840626237119832,43,
REGULATION OF INTERLEUKIN-1 PRODUCTION%GOBP%GO:0032652,0.14031971580817051,0.39776343930112007,0.1563124030731863,0.38709771765275147,1.25140738658713,50,
REGULATION OF INTERLEUKIN-10 PRODUCTION%GOBP%GO:0032653,0.42429906542056073,0.6959890581351088,0.08431443206426534,0.3528831007628882,1.017894950832769,25,
REGULATION OF INTERLEUKIN-12 PRODUCTION%GOBP%GO:0032655,0.029507453938623668,0.15824653869014776,0.35248785758361917,0.541003711354668,1.5605307961168862,25,
REGULATION OF INTERLEUKIN-17 PRODUCTION%GOBP%GO:0032660,0.007329820902415634,0.05859638119974283,0.40701791892395395,0.6253463864273849,1.7442054869315018,22,
REGULATION OF INTERLEUKIN-2 PRODUCTION%GOBP%GO:0032663,0.5460385438972163,0.7974639375784168,0.07808923069433449,-0.3258201140580012,-0.9498861277072517,26,
REGULATION OF INTERLEUKIN-6 PRODUCTION%GOBP%GO:0032675,0.10382513661202186,0.3334407277551407,0.18643255843407516,0.3774627359443516,1.2912869338238473,67,
REGULATION OF INTERLEUKIN-8 PRODUCTION%GOBP%GO:0032677,0.0015933701700558782,0.017156520668276082,0.45505986738722953,0.5511253345255129,1.7552137267189518,45,
REGULATION OF INTRACELLULAR ESTROGEN RECEPTOR SIGNALING PATHWAY%GOBP%GO:0033146,1,1,0.0477342401407188,-0.16429596649566686,-0.47348569363647514,24,
REGULATION OF INTRACELLULAR PH%GOBP%GO:0051453,0.19525547445255476,0.47414310142412336,0.13214726060877433,0.34011104602858955,1.166034297266504,69,
REGULATION OF INTRACELLULAR PROTEIN TRANSPORT%GOBP%GO:0033157,0.9880382775119617,1,0.054455595394037055,-0.18587878379072997,-0.7156482576692434,104,
REGULATION OF INTRACELLULAR STEROID HORMONE RECEPTOR SIGNALING PATHWAY%GOBP%GO:0033143,0.9607142857142857,1,0.04233183935185304,0.20128118954774044,0.6647900750156063,54,
REGULATION OF INTRACELLULAR TRANSPORT%GOBP%GO:0032386,1,1,0.05605958750323349,-0.16172983408764727,-0.6770512889295945,197,
REGULATION OF INTRINSIC APOPTOTIC SIGNALING PATHWAY BY P53 CLASS MEDIATOR%GOBP%GO:1902253,0.887189292543021,0.9973604368932039,0.049093966819213915,0.25076258992003897,0.6994227435365131,22,
REGULATION OF INTRINSIC APOPTOTIC SIGNALING PATHWAY IN RESPONSE TO DNA DAMAGE%GOBP%GO:1902229,0.524896265560166,0.784590705260232,0.07850290473486872,-0.3175404081652559,-0.9606163729373303,28,
REGULATION OF INTRINSIC APOPTOTIC SIGNALING PATHWAY%GOBP%GO:2001242,0.023065507438214335,0.1329377171438992,0.35248785758361917,0.37692373254492784,1.392549294410329,113,
REGULATION OF ISOTYPE SWITCHING%GOBP%GO:0045191,0.9411764705882353,1,0.050702793702934776,-0.2430732495938535,-0.646646680662787,18,
REGULATION OF JNK CASCADE%GOBP%GO:0046328,0.3877551020408163,0.6580685121295264,0.08407455779107234,0.2865779766166564,1.0390279819309818,99,
REGULATION OF JUN KINASE ACTIVITY%GOBP%GO:0043506,0.9942857142857143,1,0.043712583357955095,0.19382135702294134,0.4895340842764112,15,
REGULATION OF KERATINOCYTE DIFFERENTIATION%GOBP%GO:0045616,0.12810707456978968,0.37659413032261985,0.17093233537005617,0.4740080413441725,1.322095153192612,22,
REGULATION OF KERATINOCYTE PROLIFERATION%GOBP%GO:0010837,0.05725190839694656,0.24149362837103622,0.2616635217115731,0.5485281245607553,1.4698041043922785,19,
REGULATION OF KETONE METABOLIC PROCESS%GOBP%GO:0010565,0.16407599309153714,0.4322829697459376,0.14122511964253093,0.3384438583043271,1.1947615323750669,81,
REGULATION OF KIDNEY DEVELOPMENT%GOBP%GO:0090183,0.781190019193858,0.9455973304228921,0.05513517633852569,0.3036553142090325,0.7869052566803555,17,
REGULATION OF KINASE ACTIVITY%GOBP%GO:0043549,0.5818639798488665,0.8226046493741228,0.0833634065110386,-0.2277230826110622,-0.954723856367765,198,
REGULATION OF LAMELLIPODIUM ASSEMBLY%GOBP%GO:0010591,0.9214953271028037,1,0.04632277857946331,0.2276151158094616,0.6632200643450654,26,
REGULATION OF LAMELLIPODIUM ORGANIZATION%GOBP%GO:1902743,0.9234972677595629,1,0.04504427671527945,0.21882506875683277,0.6799663717793096,39,
REGULATION OF LEUKOCYTE ADHESION TO VASCULAR ENDOTHELIAL CELL%GOBP%GO:1904994,0.7523992322456814,0.9250564581449447,0.056886416047570075,0.3110139398559829,0.805974711198586,17,
REGULATION OF LEUKOCYTE APOPTOTIC PROCESS%GOBP%GO:2000106,0.27090909090909093,0.5485316724092235,0.10925003948071095,0.3693696168246792,1.1417361543610582,38,
REGULATION OF LEUKOCYTE CELL-CELL ADHESION%GOBP%GO:1903037,0.02505794782803171,0.14055415177803354,0.35248785758361917,0.3391075046879113,1.3468324931275504,184,
REGULATION OF LEUKOCYTE CHEMOTAXIS%GOBP%GO:0002688,0.12681159420289856,0.3745694935626286,0.16693384871319314,0.3644295332468568,1.2441270590270874,65,
REGULATION OF LEUKOCYTE DEGRANULATION%GOBP%GO:0043300,0.026492935634524633,0.14683882399462422,0.35248785758361917,0.6011914565348448,1.64684323643304,20,
REGULATION OF LEUKOCYTE DIFFERENTIATION%GOBP%GO:1902105,0.36981757877280264,0.6426983008012798,0.08528846897905017,0.2627745383340475,1.0287713326505097,163,
REGULATION OF LEUKOCYTE MEDIATED CYTOTOXICITY%GOBP%GO:0001910,0.01796891088551203,0.11167256026834992,0.35248785758361917,0.5052624176031113,1.6008617533901768,43,
REGULATION OF LEUKOCYTE MEDIATED IMMUNITY%GOBP%GO:0002703,0.058419243986254296,0.24385974424314713,0.24504178543099617,0.35855898747368087,1.316627425750174,110,
REGULATION OF LEUKOCYTE MIGRATION%GOBP%GO:0002685,0.03475478040151318,0.17747937491802135,0.3217759180753611,0.3658302558815202,1.338607719764143,108,
REGULATION OF LEUKOCYTE PROLIFERATION%GOBP%GO:0070663,0.0013473003509374636,0.014911555278503085,0.45505986738722953,0.4623547806263364,1.6496027905920398,89,
REGULATION OF LIPID BIOSYNTHETIC PROCESS%GOBP%GO:0046890,0.5281090289608177,0.7874862493038923,0.06815134386794833,0.2619734827109571,0.9678642043583069,113,
REGULATION OF LIPID CATABOLIC PROCESS%GOBP%GO:0050994,0.8672199170124482,0.9912104215019877,0.05389790253573186,-0.2476124165830189,-0.7490717256634575,28,
REGULATION OF LIPID LOCALIZATION%GOBP%GO:1905952,0.04835924006908463,0.2218694779717871,0.27128855468895297,0.3822756689181594,1.3494949096569984,81,
REGULATION OF LIPID METABOLIC PROCESS%GOBP%GO:0019216,0.30833333333333335,0.5852229201777233,0.09592067779217453,0.2655096244879087,1.0582049801465805,190,
REGULATION OF LIPID METABOLISM BY PPARALPHA%REACTOME%R-HSA-400206.8,0.042735042735042736,0.20700601345762637,0.2878571172551493,0.38050896892327374,1.3760354765201395,98,
REGULATION OF LIPID STORAGE%GOBP%GO:0010883,0.5660377358490566,0.8109607169616705,0.06977925170762346,0.3191429428071119,0.9309085623834292,27,
REGULATION OF LIPID TRANSPORT%GOBP%GO:0032368,0.02738708659735259,0.14947215435647446,0.35248785758361917,0.43453772676335184,1.4865384987453618,67,
REGULATION OF LONG-TERM SYNAPTIC POTENTIATION%GOBP%GO:1900271,0.6299065420560748,0.8563153285205656,0.06407037504997216,0.3065070195513747,0.8841226653292786,25,
REGULATION OF LYMPHOCYTE APOPTOTIC PROCESS%GOBP%GO:0070228,0.3524904214559387,0.6266997701149425,0.09624060232812902,0.3828801403744151,1.0791148445140177,23,
REGULATION OF LYMPHOCYTE DIFFERENTIATION%GOBP%GO:0045619,0.5941780821917808,0.8316406093712123,0.06266182309324915,0.2553580278930789,0.9349709570483427,107,
REGULATION OF LYMPHOCYTE MEDIATED IMMUNITY%GOBP%GO:0002706,0.5381944444444444,0.794212040725985,0.06815134386794833,0.2705229414274486,0.963126662826504,88,
REGULATION OF LYMPHOCYTE MIGRATION%GOBP%GO:2000401,0.7350427350427351,0.9156246794250739,0.0630790410571939,-0.26255082219963854,-0.84055120446655,35,
REGULATION OF LYMPHOCYTE PROLIFERATION%GOBP%GO:0050670,0.003997769599766732,0.036038694505715,0.40701791892395395,0.4527013365035302,1.5855298674038378,76,
REGULATION OF LYSOSOMAL LUMEN PH%GOBP%GO:0035751,0.47115384615384615,0.7394719687092568,0.08020234446981443,0.34581753657952674,1.0073550421782433,28,
REGULATION OF MACROAUTOPHAGY%GOBP%GO:0016241,0.00805561691342779,0.06206790784928461,0.3807304007227924,0.36366743253759604,1.4254063553602292,165,
REGULATION OF MACROPHAGE ACTIVATION%GOBP%GO:0043030,0.1326923076923077,0.3845708532595016,0.16823816568963962,0.44180067749076024,1.2869507559103621,28,
REGULATION OF MACROPHAGE DERIVED FOAM CELL DIFFERENTIATION%GOBP%GO:0010743,0.3644859813084112,0.6388277956307673,0.09284812141598782,0.41707986271173964,1.0778350200318088,16,
REGULATION OF MACROPHAGE MIGRATION%GOBP%GO:1905521,0.44656488549618323,0.715057915057915,0.08266464491237528,0.37591133849340613,1.00727018992443,19,
REGULATION OF MAP KINASE ACTIVITY%GOBP%GO:0043405,0.016338074785540807,0.10542897039310653,0.35248785758361917,0.49124377912591854,1.555055361629027,44,
REGULATION OF MECP2 EXPRESSION AND ACTIVITY%REACTOME%R-HSA-9022692.2,0.7995735607675906,0.9574204102639512,0.05896944666909967,-0.2652201338660819,-0.8068278489004181,29,
REGULATION OF MEGAKARYOCYTE DIFFERENTIATION%GOBP%GO:0045652,0.14132762312633834,0.3996011572976773,0.1723243449009459,-0.5000252153305476,-1.2994793730192857,16,
REGULATION OF MEIOTIC CELL CYCLE%GOBP%GO:0051445,1.4427631367037e-6,3.8171390416789315e-5,0.6435518361507222,-0.6676346493791607,-2.2168848556389054,41,
REGULATION OF MEMBRANE DEPOLARIZATION%GOBP%GO:0003254,0.5708333333333333,0.8148895169578623,0.07436253844225256,-0.3234121248208455,-0.9252225488516611,23,
REGULATION OF MEMBRANE LIPID DISTRIBUTION%GOBP%GO:0097035,0.37610619469026546,0.6491599930721078,0.10099058745592349,-0.3214110358130663,-1.0433590778762731,38,
REGULATION OF MEMBRANE PERMEABILITY%GOBP%GO:0090559,0.18863636363636363,0.46601317757387123,0.15214492236756472,-0.3498203658250698,-1.1686630123278299,43,
REGULATION OF MEMBRANE PROTEIN ECTODOMAIN PROTEOLYSIS%GOBP%GO:0051043,0.8778625954198473,0.993914230701908,0.04949048661354951,0.2646138761982184,0.709043974047339,19,
REGULATION OF MEMBRANE REPOLARIZATION%GOBP%GO:0060306,0.3898305084745763,0.6601335888706936,0.08943668337186206,0.3763865946943044,1.042049473096688,21,
REGULATION OF METAL ION TRANSPORT%GOBP%GO:0010959,0.12416107382550336,0.3700837466165277,0.1619789488834018,0.30359708072395997,1.201834671018526,181,
REGULATION OF METAPHASE/ANAPHASE TRANSITION OF CELL CYCLE%GOBP%GO:1902099,2.2602205131362446e-12,2.671869185315952e-10,0.8986712320616942,-0.6659686690039777,-2.493809077559017,86,
REGULATION OF MICROTUBULE CYTOSKELETON ORGANIZATION%GOBP%GO:0070507,0.0043343269868417736,0.03828540658011589,0.40701791892395395,-0.3752355103007928,-1.4970787600242141,133,
REGULATION OF MICROTUBULE DEPOLYMERIZATION%GOBP%GO:0031114,0.13125,0.3823126402393418,0.17669426893849804,-0.44682597140926766,-1.2782868434181707,23,
REGULATION OF MICROTUBULE NUCLEATION%GOBP%GO:0010968,0.6050420168067226,0.8378896922677346,0.07182762936038092,-0.3395557486522557,-0.9033186421493457,18,
REGULATION OF MICROTUBULE POLYMERIZATION OR DEPOLYMERIZATION%GOBP%GO:0031110,0.02910992434388049,0.15641657606827852,0.35248785758361917,-0.37441107343266844,-1.3825370046462393,80,
REGULATION OF MICROTUBULE POLYMERIZATION%GOBP%GO:0031113,0.29772727272727273,0.5757649590228775,0.11776578836269024,-0.3101371357147452,-1.084412308411954,52,
REGULATION OF MICROTUBULE-BASED MOVEMENT%GOBP%GO:0060632,0.6332703213610587,0.8577401037255099,0.06435833679173605,0.30006476825544687,0.8935432837967116,31,
REGULATION OF MICROTUBULE-BASED PROCESS%GOBP%GO:0032886,0.0029106803204702473,0.027786494605726277,0.4317076958033464,-0.3456131571922218,-1.4543926385385166,199,
REGULATION OF MIRNA METABOLIC PROCESS%GOBP%GO:2000628,0.5482695810564663,0.7999051482482066,0.06961334388509648,0.27577580406141566,0.9364843980125025,63,
REGULATION OF MIRNA TRANSCRIPTION%GOBP%GO:1902893,0.5053763440860215,0.7694290570942907,0.0728938564822936,0.29192319538263034,0.9624744557182549,55,
REGULATION OF MIRNA-MEDIATED GENE SILENCING%GOBP%GO:0060964,0.7061068702290076,0.8996249187372409,0.059603704257597284,0.31071102637239423,0.8325632203595422,19,
REGULATION OF MITF-M-DEPENDENT GENES INVOLVED IN CELL CYCLE AND PROLIFERATION%REACTOME DATABASE ID RELEASE 93%9825892,0.37687366167023556,0.6497067783033486,0.09889030075206362,-0.40360011895514225,-1.048887162987631,16,
REGULATION OF MITF-M-DEPENDENT GENES INVOLVED IN PIGMENTATION%REACTOME DATABASE ID RELEASE 93%9824585,0.3789279112754159,0.6509967455306774,0.08998607949971373,0.3437617663295294,1.0443078229817737,34,
REGULATION OF MITOCHONDRIAL FISSION%GOBP%GO:0090140,0.8104166666666667,0.9634694913154834,0.057246113520288446,-0.27243520329102167,-0.7793869612200537,23,
REGULATION OF MITOCHONDRIAL GENE EXPRESSION%GOBP%GO:0062125,0.9522821576763485,1,0.04959019569563381,-0.2081341208108417,-0.629642839388676,28,
REGULATION OF MITOCHONDRIAL MEMBRANE PERMEABILITY%GOBP%GO:0046902,0.7071583514099783,0.90031434473736,0.06568136019340105,-0.2696166630755314,-0.8577174448512427,34,
REGULATION OF MITOCHONDRIAL MEMBRANE POTENTIAL%GOBP%GO:0051881,0.8205128205128205,0.9686157206564937,0.057852975703250924,-0.24654479298508272,-0.78930822216580665,35,
REGULATION OF MITOCHONDRIAL OUTER MEMBRANE PERMEABILIZATION INVOLVED IN APOPTOTIC SIGNALING PATHWAY%GOBP%GO:1901028,0.3177570093457944,0.5939852866765517,0.10099058745592349,0.43037065207609476,1.1121816272442242,16,
REGULATION OF MITOCHONDRIAL TRANSLATION%GOBP%GO:0070129,0.9810126582278481,1,0.048995408986248136,-0.21591772258801106,-0.5954247186610836,20,
REGULATION OF MITOCHONDRION ORGANIZATION%GOBP%GO:0010821,0.8405545927209706,0.9800884191306848,0.04706995900826619,0.225496141008599,0.8056891321444094,92,
REGULATION OF MITOPHAGY%GOBP%GO:1901524,0.7467652495378928,0.9228264516086594,0.05547933087042326,0.27510369899922404,0.8357326879706405,34,
REGULATION OF MITOTIC CELL CYCLE SPINDLE ASSEMBLY CHECKPOINT%GOBP%GO:0090266,4.3861373507591774e-8,1.765897037740434e-6,0.7195128263389107,-0.8425084787712699,-2.335304885221989,21,
REGULATION OF MITOTIC CELL CYCLE%REACTOME DATABASE ID RELEASE 93%453276,9.065461773710141e-7,2.4450342531424053e-5,0.6594443980379349,-0.5792796714422392,-2.1039506305615503,74,
REGULATION OF MITOTIC METAPHASE/ANAPHASE TRANSITION%GOBP%GO:0030071,3.2685313319683237e-12,3.566910163701776e-10,0.8986712320616942,-0.6687618492416249,-2.493047078911186,85,
REGULATION OF MITOTIC NUCLEAR DIVISION%GOBP%GO:0007088,2.94308203049214e-12,3.406617450294652e-10,0.8986712320616942,-0.6450811073632347,-2.462690423776337,93,
REGULATION OF MITOTIC SISTER CHROMATID SEGREGATION%GOBP%GO:0033047,1.9965862591346316e-13,2.7056178672565882e-11,0.9436322252328375,-0.7751334502636794,-2.6983111030663096,51,
REGULATION OF MITOTIC SISTER CHROMATID SEPARATION%GOBP%GO:0010965,1.0678648574687182e-13,1.5613308284463682e-11,0.9545416307257243,-0.7646799701942436,-2.7028095292401635,56,
REGULATION OF MITOTIC SPINDLE ASSEMBLY%GOBP%GO:1901673,0.38825757575757575,0.658473470973471,0.08998607949971373,0.3821927385777741,1.0469402379209423,20,
REGULATION OF MITOTIC SPINDLE CHECKPOINT%GOBP%GO:1903504,4.3861373507591774e-8,1.765897037740434e-6,0.7195128263389107,-0.8425084787712699,-2.335304885221989,21,
REGULATION OF MITOTIC SPINDLE ORGANIZATION%GOBP%GO:0060236,0.21460176991150443,0.4903985257646735,0.13959967345192228,-0.361312507145079,-1.1728865604331833,38,
REGULATION OF MONOATOMIC CATION TRANSMEMBRANE TRANSPORT%GOBP%GO:1904062,0.05601317957166392,0.2414346204035413,0.24504178543099617,0.3397930995518425,1.305790029113621,142,
REGULATION OF MONOATOMIC ION TRANSMEMBRANE TRANSPORT%GOBP%GO:0034765,0.13562091503267973,0.38961210130381,0.15214492236756472,0.3076462202818506,1.1995214333864341,156,
REGULATION OF MONOATOMIC ION TRANSMEMBRANE TRANSPORTER ACTIVITY%GOBP%GO:0032412,0.5104895104895105,0.7747281399289048,0.08628656262672446,-0.28953804500502073,-0.9797426013363081,46,
REGULATION OF MONONUCLEAR CELL MIGRATION%GOBP%GO:0071675,0.6312056737588653,0.8572024229158645,0.06143641072012707,0.264714159460338,0.9166057311861674,71,
REGULATION OF MONONUCLEAR CELL PROLIFERATION%GOBP%GO:0032944,0.002192896091464401,0.02235546914527745,0.4317076958033464,0.46795540657822393,1.6436944530362787,77,
REGULATION OF MORPHOGENESIS OF A BRANCHING STRUCTURE%GOBP%GO:0060688,0.858508604206501,0.9881652796708763,0.05060042438536184,0.2609771928876555,0.7279131401065304,22,
REGULATION OF MORPHOGENESIS OF AN EPITHELIUM%GOBP%GO:1905330,0.15576923076923077,0.4215556971036757,0.15419096658142434,0.4311094323619404,1.2558075125855588,28,
REGULATION OF MRNA CATABOLIC PROCESS%GOBP%GO:0061013,0.8890701468189234,0.9985190490652797,0.04173970347285044,0.21028347386217566,0.8195238878916076,157,
REGULATION OF MRNA PROCESSING%GOBP%GO:0050684,0.530562347188264,0.7881829949139024,0.08679497567717195,-0.24876575481698732,-0.9697239650994688,114,
"REGULATION OF MRNA SPLICING, VIA SPLICEOSOME%GOBP%GO:0048024",0.4714285714285714,0.7396941945374591,0.09196861400004266,-0.2587367395975879,-0.9877649238412761,93,
REGULATION OF MRNA STABILITY BY PROTEINS THAT BIND AU-RICH ELEMENTS%REACTOME%R-HSA-450531.6,0.2013888888888889,0.4784319921631209,0.14826150047510658,-0.316834363994953,-1.1492275544589639,73,
REGULATION OF MRNA STABILITY%GOBP%GO:0043488,0.5730897009966778,0.8163608405945669,0.06293946920189672,0.24731770561397687,0.9435092729706618,137,
REGULATION OF MUSCLE ADAPTATION%GOBP%GO:0043502,0.8302238805970149,0.9741401925375152,0.05101141320391501,0.25591134632350276,0.7711140120167844,33,
REGULATION OF MUSCLE CELL APOPTOTIC PROCESS%GOBP%GO:0010660,0.7490636704119851,0.923901862864761,0.05594285930657051,0.27621149745689877,0.8266791912889303,32,
REGULATION OF MUSCLE CELL DIFFERENTIATION%GOBP%GO:0051147,0.01765642852502489,0.11059652410940055,0.35248785758361917,0.4353668363323825,1.5005130683210155,70,
REGULATION OF MUSCLE CONTRACTION%GOBP%GO:0006937,0.059931506849315065,0.24712318670216485,0.24133997681509095,0.38240544368653484,1.343200009579041,77,
REGULATION OF MUSCLE HYPERTROPHY%GOBP%GO:0014743,0.811214953271028,0.9634694913154834,0.05216303054600547,0.264825983046557,0.7716442947638444,26,
REGULATION OF MUSCLE SYSTEM PROCESS%GOBP%GO:0090257,0.07534246575342465,0.27781033657027027,0.21392785549235627,0.3502662101833134,1.282468918086693,107,
REGULATION OF MYELINATION%GOBP%GO:0031641,0.6959847036328872,0.8942849278439701,0.06037863579204014,0.2992498655786431,0.8346626267207073,22,
REGULATION OF MYELOID CELL DIFFERENTIATION%GOBP%GO:0045637,0.1844331641285956,0.46051634147872395,0.13077713797197438,0.3110313933717714,1.1599743329426744,117,
REGULATION OF MYELOID LEUKOCYTE DIFFERENTIATION%GOBP%GO:0002761,0.3616636528028933,0.6360256041426928,0.09139243259437684,0.30907327375400673,1.0484386941331614,62,
REGULATION OF MYELOID LEUKOCYTE MEDIATED IMMUNITY%GOBP%GO:0002886,0.05780341907901904,0.24219894148041465,0.3217759180753611,0.5599265087422955,1.5338062006680724,20,
REGULATION OF MYOBLAST DIFFERENTIATION%GOBP%GO:0045661,0.6281179138321995,0.8553488061891423,0.07380527241712746,-0.27210984312262143,-0.9192813242146951,45,
REGULATION OF MYOTUBE DIFFERENTIATION%GOBP%GO:0010830,0.010684282993654176,0.07639881121331094,0.3807304007227924,0.6611837438716488,1.7555495447737215,18,
REGULATION OF NATURAL KILLER CELL MEDIATED CYTOTOXICITY%GOBP%GO:0042269,0.24618320610687022,0.5164041319194208,0.11881503941226282,0.41118638056149903,1.1707753191649044,24,
REGULATION OF NATURAL KILLER CELL MEDIATED IMMUNITY%GOBP%GO:0002715,0.405607476635514,0.6765151774995712,0.08679497567717195,0.3605186903823239,1.0399198879959604,25,
REGULATION OF NECROPTOTIC CELL DEATH%REACTOME%R-HSA-5675482.9,0.2822429906542056,0.5577439678122704,0.10839425585339667,0.39093059632163496,1.139085224304387,26,
REGULATION OF NECROPTOTIC PROCESS%GOBP%GO:0060544,0.1727447216890595,0.44137967921168375,0.1455161460903603,0.4816462835163709,1.2481586016264592,17,
REGULATION OF NERVOUS SYSTEM DEVELOPMENT%GOBP%GO:0051960,0.15666666666666668,0.42247278889395823,0.14205664357582118,0.2885135036525549,1.1529112741197993,199,
REGULATION OF NERVOUS SYSTEM PROCESS%GOBP%GO:0031644,0.5772727272727273,0.8198689347462353,0.07829552499447937,-0.27205006922584835,-0.9512386928219375,52,
REGULATION OF NEURAL PRECURSOR CELL PROLIFERATION%GOBP%GO:2000177,0.3787313432835821,0.6509967455306774,0.09054289484694737,0.3500779354325335,1.054857493378525,33,
REGULATION OF NEUROGENESIS%GOBP%GO:0050767,0.3262295081967213,0.5948576132395745,0.0916795246008379,0.2716932638671028,1.0594311466182564,159,
REGULATION OF NEUROINFLAMMATORY RESPONSE%GOBP%GO:0150077,0.9184100418410042,1,0.05163559644842005,-0.251646839153804,-0.6820794892079268,19,
REGULATION OF NEURON APOPTOTIC PROCESS%GOBP%GO:0043523,0.1643835616438356,0.4322829697459376,0.14040623852334236,0.3203324509558112,1.1728690917412652,107,
REGULATION OF NEURON DIFFERENTIATION%GOBP%GO:0045664,0.3925233644859813,0.6629099344104944,0.10171390228231093,-0.28339641109371655,-1.0292991230557247,74,
REGULATION OF NEURON MIGRATION%GOBP%GO:2001222,0.7782515991471215,0.94327353509193,0.06024840861580194,-0.2695903879949384,-0.8201226266630818,29,
REGULATION OF NEURONAL SYNAPTIC PLASTICITY%GOBP%GO:0048168,0.0692167577413479,0.26521952138684757,0.23112670967383428,0.4393978165432593,1.3653633963423195,39,
REGULATION OF NEUROTRANSMITTER SECRETION%GOBP%GO:0046928,0.24280575539568344,0.5125489274234107,0.11573444770168878,0.3696117655887268,1.1578862404338632,41,
REGULATION OF NEUROTRANSMITTER TRANSPORT%GOBP%GO:0051588,0.11985688729874776,0.36389336930701777,0.17093233537005617,0.3900396549109391,1.2658131424332315,51,
REGULATION OF NEUTROPHIL CHEMOTAXIS%GOBP%GO:0090022,0.7546777546777547,0.9270854625624169,0.060509298865666666,-0.2971241584818065,-0.7867460744280804,17,
REGULATION OF NEUTROPHIL MIGRATION%GOBP%GO:1902622,0.7974683544303798,0.9561359899040116,0.05859375689456714,-0.2814848625172731,-0.7762357024833096,20,
REGULATION OF NF-KAPPA B SIGNALING%REACTOME DATABASE ID RELEASE 93%9758274,0.8612167300380228,0.9891806300664099,0.05019342526494341,0.26823930109590005,0.7122186340696584,18,
REGULATION OF NITRIC OXIDE BIOSYNTHETIC PROCESS%GOBP%GO:0045428,0.061567164179104475,0.249958204521747,0.24891111443470243,0.47299603577827837,1.425235246724681,33,
REGULATION OF NITRIC OXIDE METABOLIC PROCESS%GOBP%GO:0080164,0.031058926527595686,0.16481699693153928,0.35248785758361917,0.4911443641925902,1.5049535180602496,36,
REGULATION OF NLRP3 INFLAMMASOME COMPLEX ASSEMBLY%GOBP%GO:1900225,0.7228464419475655,0.909690603013162,0.057609110864425044,0.27775919488446155,0.8427331155159176,35,
REGULATION OF NON-CANONICAL NF-KAPPAB SIGNAL TRANSDUCTION%GOBP%GO:1901222,0.662870159453303,0.8756260790522034,0.07130529873400379,-0.2610679910278433,-0.9027651294551557,50,
REGULATION OF NOTCH SIGNALING PATHWAY%GOBP%GO:0008593,0.6131386861313869,0.8436939836593216,0.06421408818446053,0.26756156011658727,0.91730615447241,69,
REGULATION OF NUCLEAR BETA CATENIN SIGNALING AND TARGET GENE TRANSCRIPTION%PATHWAY INTERACTION DATABASE NCI-NATURE CURATED DATA%REGULATION OF NUCLEAR BETA CATENIN SIGNALING AND TARGET GENE TRANSCRIPTION,0.5902004454342984,0.8291085291194786,0.07608371609517249,-0.26075260739683814,-0.9423265898144864,62,
REGULATION OF NUCLEAR DIVISION%GOBP%GO:0051783,9.273060100469466e-13,1.1200243895262684e-10,0.9101197347744591,-0.654769168387859,-2.5128174617949304,98,
REGULATION OF NUCLEAR SMAD2 3 SIGNALING%PATHWAY INTERACTION DATABASE NCI-NATURE CURATED DATA%REGULATION OF NUCLEAR SMAD2 3 SIGNALING,0.19525547445255476,0.47414310142412336,0.13214726060877433,0.3403075134365491,1.166707864734103,69,
"REGULATION OF NUCLEAR-TRANSCRIBED MRNA CATABOLIC PROCESS, DEADENYLATION-DEPENDENT DECAY%GOBP%GO:1900151",0.9712643678160919,1,0.04504427671527945,0.20636789912795417,0.5816302280979515,23,
REGULATION OF NUCLEAR-TRANSCRIBED MRNA POLY(A) TAIL SHORTENING%GOBP%GO:0060211,0.5428571428571428,0.7945506548246274,0.07235708510369071,0.37043736153332474,0.9356126556193793,15,
REGULATION OF NUCLEOCYTOPLASMIC TRANSPORT%GOBP%GO:0046822,0.9904306220095693,1,0.05434343902691621,-0.1847909104541688,-0.6736006901758905,77,
REGULATION OF NUCLEOTIDE CATABOLIC PROCESS%GOBP%GO:0030811,0.09242144177449169,0.3106044292789584,0.19991523130966152,0.4412979411872901,1.3406112528694274,34,
REGULATION OF NUCLEOTIDE METABOLIC PROCESS%GOBP%GO:0006140,0.554561717352415,0.8036371678690709,0.06815134386794833,0.29160765969298386,0.9463673845108405,51,
REGULATION OF NUCLEOTIDE-EXCISION REPAIR%GOBP%GO:2000819,0.004825580629514807,0.04215554398991237,0.40701791892395395,-0.5830775040810116,-1.7312674252945472,27,
REGULATION OF OLIGODENDROCYTE DIFFERENTIATION%GOBP%GO:0048713,0.6352201257861635,0.8595428686965233,0.06928364673925483,-0.3432419180435752,-0.8743084060286941,15,
REGULATION OF ORGAN GROWTH%GOBP%GO:0046620,0.675,0.883254828073481,0.06211241889494712,0.2982736140320131,0.8688611688574038,28,
REGULATION OF ORGANELLE ASSEMBLY%GOBP%GO:1902115,0.603448275862069,0.8365166219285567,0.08020234446981443,-0.22837915033971357,-0.9493918092145498,181,
REGULATION OF ORGANIC ACID TRANSPORT%GOBP%GO:0032890,0.05555555555555555,0.2403946002076843,0.26635065708852557,0.5162822632999224,1.4550972890404568,23,
REGULATION OF ORNITHINE DECARBOXYLASE (ODC)%REACTOME%R-HSA-350562.5,0.2013274336283186,0.4784319921631209,0.1446305280344838,-0.3650405743987952,-1.1849885494089456,38,
REGULATION OF OSSIFICATION%GOBP%GO:0030278,0.1912568306010929,0.46984071186780735,0.13355495455759195,0.33966850961386147,1.1619941957938393,67,
REGULATION OF OSTEOBLAST DIFFERENTIATION%GOBP%GO:0045667,0.8097731239092496,0.9634694913154834,0.049093966819213915,0.23639506368294555,0.8212062015441276,72,
REGULATION OF OSTEOCLAST DIFFERENTIATION%GOBP%GO:0045670,0.4012875536480687,0.6715523036351414,0.09528798461948437,-0.33035123927639587,-1.0395971033030027,33,
REGULATION OF OXIDATIVE PHOSPHORYLATION%GOBP%GO:0002082,0.2616822429906542,0.5375690385003024,0.11331290842208036,0.4565151560868792,1.1797453351177483,16,
REGULATION OF OXIDATIVE STRESS-INDUCED INTRINSIC APOPTOTIC SIGNALING PATHWAY%GOBP%GO:1902175,0.3153846153846154,0.5928835447866243,0.10319746694530717,0.3764948294014891,1.0967169811656132,28,
REGULATION OF P38-ALPHA AND P38-BETA%PATHWAY INTERACTION DATABASE NCI-NATURE CURATED DATA%REGULATION OF P38-ALPHA AND P38-BETA,0.940677966101695,1,0.05111479544164116,-0.22037947857047296,-0.6543483666957726,27,
REGULATION OF P38MAPK CASCADE%GOBP%GO:1900744,0.49056603773584906,0.7554281889302598,0.07707367349441024,0.3352045477917364,0.9925397862531697,30,
REGULATION OF PATTERN RECOGNITION RECEPTOR SIGNALING PATHWAY%GOBP%GO:0062207,0.3158783783783784,0.5933309321150311,0.09528798461948437,0.28023526983963715,1.0618157975444427,131,
REGULATION OF PEPTIDE HORMONE SECRETION%GOBP%GO:0090276,0.18815331010452963,0.4652335518205459,0.13145761164276346,0.3287750033249042,1.1641729432020544,85,
REGULATION OF PEPTIDE SECRETION%GOBP%GO:0002791,0.18815331010452963,0.4652335518205459,0.13145761164276346,0.3287750033249042,1.1641729432020544,85,
REGULATION OF PEPTIDE TRANSPORT%GOBP%GO:0090087,0.21465968586387435,0.4903985257646735,0.12210792028708148,0.3211529470216329,1.1400297729877134,87,
REGULATION OF PEPTIDYL-SERINE PHOSPHORYLATION%GOBP%GO:0033135,0.9195402298850575,1,0.04754341942013011,0.23763117342617374,0.6697430859503632,23,
REGULATION OF PEPTIDYL-TYROSINE PHOSPHORYLATION%GOBP%GO:0050730,0.028495465446143793,0.15385313480012638,0.35248785758361917,0.4659192325877819,1.4748893146512416,44,
REGULATION OF PH%GOBP%GO:0006885,0.18324607329842932,0.4586104429036367,0.13355495455759195,0.3421109601397616,1.1884496981704802,72,
REGULATION OF PHAGOCYTOSIS%GOBP%GO:0050764,0.04827586206896552,0.22178329070506658,0.27128855468895297,0.4361487208649618,1.4096952249996917,47,
REGULATION OF PHOSPHATIDYLINOSITOL 3-KINASE/PROTEIN KINASE B SIGNAL TRANSDUCTION%GOBP%GO:0051896,0.0722495894909688,0.2712288643323126,0.21392785549235627,0.32667067752495715,1.2690145168993407,153,
REGULATION OF PHOSPHOLIPID METABOLIC PROCESS%GOBP%GO:1903725,0.9726890756302521,1,0.04919275210451909,-0.22460318873065366,-0.5975108602103752,18,
REGULATION OF PLASMA LIPOPROTEIN PARTICLE LEVELS%GOBP%GO:0097006,0.6067415730337079,0.8393945297702157,0.06598161440087301,0.2997862579874019,0.9095641542584088,35,
REGULATION OF PLASMA MEMBRANE BOUNDED CELL PROJECTION ASSEMBLY%GOBP%GO:0120032,0.55810147299509,0.8064529997297062,0.06350079680659454,0.24295902365620026,0.9446615747722175,154,
REGULATION OF PLATELET ACTIVATION%GOBP%GO:0010543,0.27715355805243447,0.5534970927696085,0.10968406197054928,0.3762751266493432,1.1261617284746006,32,
REGULATION OF PLATELET AGGREGATION%GOBP%GO:0090330,0.8555133079847909,0.9855343021280318,0.05049830441007088,0.26986140846591544,0.7165255909200032,18,
REGULATION OF PLATELET-DERIVED GROWTH FACTOR RECEPTOR SIGNALING PATHWAY%GOBP%GO:0010640,0.33084112149532713,0.6000186156629325,0.09854998035316907,0.4262683284540452,1.1015802329822224,16,
REGULATION OF PLK1 ACTIVITY AT G2 M TRANSITION%REACTOME%R-HSA-2565942.5,4.800354568067693e-5,8.744514747601345e-4,0.557332238758646,-0.5051567787241035,-1.8831511292374787,85,
REGULATION OF POLYSACCHARIDE BIOSYNTHETIC PROCESS%GOBP%GO:0032885,0.6710280373831776,0.8803380816295006,0.06103637283091772,0.29233298050697404,0.8517935966270337,26,
REGULATION OF POLYSACCHARIDE METABOLIC PROCESS%GOBP%GO:0032881,0.960377358490566,1,0.044864511316856426,0.21182389527414355,0.6272099979661888,30,
REGULATION OF POST-TRANSCRIPTIONAL GENE SILENCING BY REGULATORY NCRNA%GOBP%GO:1900368,0.7061068702290076,0.8996249187372409,0.059603704257597284,0.31071102637239423,0.8325632203595422,19,
REGULATION OF POST-TRANSCRIPTIONAL GENE SILENCING%GOBP%GO:0060147,0.7061068702290076,0.8996249187372409,0.059603704257597284,0.31071102637239423,0.8325632203595422,19,
REGULATION OF POST-TRANSLATIONAL PROTEIN MODIFICATION%GOBP%GO:1901873,0.9923857868020305,1,0.05700595265823873,-0.17599145134136823,-0.7301121837414183,185,
REGULATION OF POSTSYNAPSE ORGANIZATION%GOBP%GO:0099175,0.06896551724137931,0.26498432999106475,0.22496609354031374,0.421313722719608,1.3617463831300864,47,
REGULATION OF POSTSYNAPTIC MEMBRANE NEUROTRANSMITTER RECEPTOR LEVELS%GOBP%GO:0099072,0.5668549905838042,0.8113291133009776,0.06961334388509648,0.3301829239543579,0.9141317644737281,21,
REGULATION OF POSTSYNAPTIC MEMBRANE POTENTIAL%GOBP%GO:0060078,0.5172413793103449,0.7778286317353822,0.07511816352763015,0.3356561260866022,0.9460180095993431,23,
REGULATION OF POTASSIUM ION TRANSMEMBRANE TRANSPORT%GOBP%GO:1901379,0.0475814461809934,0.22066007387108305,0.3217759180753611,0.489729260882406,1.4858592384472147,35,
REGULATION OF POTASSIUM ION TRANSPORT%GOBP%GO:0043266,0.025479544653969045,0.14241886327711473,0.35248785758361917,0.4836162708464493,1.5027656698068879,39,
REGULATION OF PRODUCTION OF MOLECULAR MEDIATOR OF IMMUNE RESPONSE%GOBP%GO:0002700,0.23333333333333334,0.5005579967915185,0.11673920479122178,0.3267471914399763,1.1359854933160634,73,
REGULATION OF PROGRAMMED NECROTIC CELL DEATH%GOBP%GO:0062098,0.06238176361858279,0.2506096013484063,0.3217759180753611,0.5544899851917382,1.518913936412442,20,
REGULATION OF PROTEASOMAL PROTEIN CATABOLIC PROCESS%GOBP%GO:0061136,0.0012999429777116984,0.014502978281458226,0.45505986738722953,0.402229936327694,1.5747440001273338,163,
REGULATION OF PROTEASOMAL UBIQUITIN-DEPENDENT PROTEIN CATABOLIC PROCESS%GOBP%GO:0032434,0.02284956857147895,0.13237977370504384,0.35248785758361917,0.37315533110343985,1.371560810150767,111,
REGULATION OF PROTEIN BINDING%GOBP%GO:0043393,0.9775280898876404,1,0.043712583357955095,0.1959751403037342,0.5865381129701386,32,
REGULATION OF PROTEIN DEPOLYMERIZATION%GOBP%GO:1901879,0.3010752688172043,0.579416069812396,0.10171390228231093,0.3351513467394157,1.1049982157582696,55,
REGULATION OF PROTEIN EXIT FROM ENDOPLASMIC RETICULUM%GOBP%GO:0070861,0.9389312977099237,1,0.04641549568438488,0.2404063607934102,0.6441789217264247,19,
REGULATION OF PROTEIN EXPORT FROM NUCLEUS%GOBP%GO:0046825,0.40585774058577406,0.6765513371420825,0.09314545753378035,-0.3556028813844487,-1.0248144281490048,24,
REGULATION OF PROTEIN IMPORT INTO NUCLEUS%GOBP%GO:0042306,0.5563636363636364,0.8054081197593445,0.06879430956047748,0.30429321592754177,0.9405824148123539,38,
REGULATION OF PROTEIN KINASE ACTIVITY%GOBP%GO:0045859,0.8201680672268907,0.9686157206564937,0.046788296531802984,0.21691513907885104,0.8589080871969506,179,
REGULATION OF PROTEIN LOCALIZATION TO CELL PERIPHERY%GOBP%GO:1904375,0.23129251700680273,0.4979796434897157,0.11524000314778066,0.3113566861169471,1.1288666109522907,99,
REGULATION OF PROTEIN LOCALIZATION TO CELL SURFACE%GOBP%GO:2000008,0.7889125799573561,0.9514213792583179,0.059603704257597284,-0.26752454748496907,-0.8138381201645235,29,
REGULATION OF PROTEIN LOCALIZATION TO MEMBRANE%GOBP%GO:1905475,0.12095400340715502,0.3658249553239811,0.16565669520548273,0.33214015555788595,1.2164128805261207,105,
REGULATION OF PROTEIN LOCALIZATION TO NUCLEUS%GOBP%GO:1900180,0.8923076923076924,1,0.043712583357955095,0.21691485817614942,0.7819447276177237,96,
REGULATION OF PROTEIN LOCALIZATION TO PLASMA MEMBRANE%GOBP%GO:1903076,0.08996539792387544,0.3059043762944014,0.19578900214894943,0.36220216110160364,1.2785868800832179,82,
REGULATION OF PROTEIN MATURATION%GOBP%GO:1903317,0.023673818425768975,0.13490434376776658,0.35248785758361917,0.5246272345882812,1.570167867777714,32,
REGULATION OF PROTEIN MODIFICATION BY SMALL PROTEIN CONJUGATION OR REMOVAL%GOBP%GO:1903320,0.9950738916256158,1,0.05547933087042326,-0.1793934766899552,-0.7457541423664198,181,
REGULATION OF PROTEIN NEDDYLATION%GOBP%GO:2000434,0.8736616702355461,0.993914230701908,0.05502111171631165,-0.2779104852904199,-0.7222414632468988,16,
REGULATION OF PROTEIN POLYMERIZATION%GOBP%GO:0032271,0.06872852233676977,0.2646262440076873,0.22496609354031374,0.3430773401150542,1.2834276099973925,124,
REGULATION OF PROTEIN POLYUBIQUITINATION%GOBP%GO:1902914,0.31875,0.5939852866765517,0.10755437526516934,-0.3846280288995464,-1.1003499805561132,23,
REGULATION OF PROTEIN PROCESSING%GOBP%GO:0070613,0.009901429253752063,0.07257564766998213,0.3807304007227924,0.5618622041990807,1.663672512002948,30,
REGULATION OF PROTEIN SECRETION%GOBP%GO:0050708,0.2209106239460371,0.4977792661003207,0.11776578836269024,0.30145297917139136,1.1382400628944547,128,
REGULATION OF PROTEIN SERINE/THREONINE KINASE ACTIVITY%GOBP%GO:0071900,0.7487001733102253,0.9237792944507244,0.052375908409799665,0.2395628983894654,0.8559491210541267,92,
REGULATION OF PROTEIN SUMOYLATION%GOBP%GO:0033233,0.5849056603773585,0.8250154478437683,0.07343814108388569,-0.35785280179398027,-0.9115253594687034,15,
REGULATION OF PROTEIN TARGETING TO MEMBRANE%GOBP%GO:0090313,0.6645435244161358,0.8761755628039988,0.06767604016417887,-0.3105663226152663,-0.8608424350181053,21,
REGULATION OF PROTEIN TARGETING TO MITOCHONDRION%GOBP%GO:1903214,0.8372943327239488,0.9783401288358063,0.049690139272460555,0.24792362881366564,0.759682009192479,36,
REGULATION OF PROTEIN TARGETING%GOBP%GO:1903533,0.9910394265232975,1,0.04107132824974676,0.18157677440415504,0.6045888640033958,57,
REGULATION OF PROTEIN TYROSINE KINASE ACTIVITY%GOBP%GO:0061097,0.0715384793059446,0.2692742074058191,0.2878051305355643,0.5384706712421548,1.4750322435783059,20,
REGULATION OF PROTEIN UBIQUITINATION%GOBP%GO:0031396,0.9160493827160494,1,0.05947602869573201,-0.2006989400852806,-0.8067054828612277,146,
REGULATION OF PROTEIN-CONTAINING COMPLEX DISASSEMBLY%GOBP%GO:0043244,0.1518324607329843,0.4135201724668925,0.14826150047510658,0.33747478213071835,1.197319460664905,86,
REGULATION OF PROTEOLYSIS INVOLVED IN PROTEIN CATABOLIC PROCESS%GOBP%GO:1903050,0.0011479047112245531,0.013150017681574469,0.45505986738722953,0.3880639501873086,1.5461592588072541,188,
REGULATION OF PTEN GENE TRANSCRIPTION%REACTOME%R-HSA-8943724.2,0.967741935483871,1,0.053676960063812645,-0.19491450369262384,-0.6933827581296912,58,
REGULATION OF PTEN STABILITY AND ACTIVITY%REACTOME%R-HSA-8948751.3,0.24660633484162897,0.5170357722189021,0.13077713797197438,-0.31696570526533113,-1.117026293947033,54,
REGULATION OF PURINE NUCLEOTIDE CATABOLIC PROCESS%GOBP%GO:0033121,0.09242144177449169,0.3106044292789584,0.19991523130966152,0.4412979411872901,1.3406112528694274,34,
REGULATION OF PURINE NUCLEOTIDE METABOLIC PROCESS%GOBP%GO:1900542,0.554561717352415,0.8036371678690709,0.06815134386794833,0.29160765969298386,0.9463673845108405,51,
REGULATION OF PYRUVATE METABOLISM%REACTOME DATABASE ID RELEASE 93%9861718,0.10131332082551595,0.3276465718897361,0.19189224038483796,0.4494045295081398,1.3201966373771208,29,
REGULATION OF RAC PROTEIN SIGNAL TRANSDUCTION%GOBP%GO:0035020,0.42528735632183906,0.6968140819003651,0.08553569479878835,0.36197582516854393,1.0201978246053949,23,
REGULATION OF RAC1 ACTIVITY%PATHWAY INTERACTION DATABASE NCI-NATURE CURATED DATA%REGULATION OF RAC1 ACTIVITY,0.28544776119402987,0.561622265083479,0.10755437526516934,0.370842739805855,1.1174261595947328,33,
REGULATION OF RAS BY GAPS%REACTOME DATABASE ID RELEASE 93%5658442,0.3090909090909091,0.5857125139526231,0.11524000314778066,-0.3075301558752561,-1.0752968536657541,52,
REGULATION OF RAS FAMILY ACTIVATION%PATHWAY INTERACTION DATABASE NCI-NATURE CURATED DATA%REGULATION OF RAS FAMILY ACTIVATION,0.6226415094339622,0.8518582187675682,0.06508775669173134,0.30830775507296365,0.8993033858815418,27,
REGULATION OF RAS PROTEIN SIGNAL TRANSDUCTION%GOBP%GO:0046578,0.6927480916030534,0.8930876357806398,0.060509298865666666,0.29512625190144015,0.840316090460034,24,
REGULATION OF REACTIVE OXYGEN SPECIES BIOSYNTHETIC PROCESS%GOBP%GO:1903426,0.3615819209039548,0.6360256041426928,0.09374654224917187,0.38467354011005384,1.0649923919620006,21,
REGULATION OF REACTIVE OXYGEN SPECIES METABOLIC PROCESS%GOBP%GO:2000377,0.37543859649122807,0.6482198664540431,0.08756971155485113,0.2986375526953459,1.0382581289413912,73,
REGULATION OF RECEPTOR INTERNALIZATION%GOBP%GO:0002090,0.28884826325411334,0.5660814640704952,0.10552093684319848,0.3674330829153185,1.1258801914467218,36,
REGULATION OF RECEPTOR SIGNALING PATHWAY VIA JAK-STAT%GOBP%GO:0046425,0.051188299817184646,0.2300988622850145,0.27128855468895297,0.45202686212826676,1.407268986824308,40,
REGULATION OF RECEPTOR SIGNALING PATHWAY VIA STAT%GOBP%GO:1904892,0.023629306622677048,0.13490434376776658,0.35248785758361917,0.47265035807445427,1.4961970099801725,44,
REGULATION OF RECEPTOR-MEDIATED ENDOCYTOSIS%GOBP%GO:0048259,0.11657559198542805,0.35784198291217584,0.17520404755855126,0.3721643706660531,1.2638024130183783,63,
REGULATION OF REGULATED SECRETORY PATHWAY%GOBP%GO:1903305,0.00756636374165597,0.05962938574275258,0.40701791892395395,0.47362000649507763,1.611032864518704,64,
REGULATION OF REGULATORY T CELL DIFFERENTIATION%GOBP%GO:0045589,0.4008438818565401,0.6714165232423686,0.0943563635421779,-0.3728955354424959,-1.0283140106311526,20,
REGULATION OF RELEASE OF CYTOCHROME C FROM MITOCHONDRIA%GOBP%GO:0090199,0.6635160680529301,0.8756260790522034,0.06211241889494712,0.2937923217554681,0.8748649748582263,31,
REGULATION OF RELEASE OF SEQUESTERED CALCIUM ION INTO CYTOSOL BY SARCOPLASMIC RETICULUM%GOBP%GO:0010880,0.27151051625239003,0.548549973926647,0.11237851911047504,0.4115676962240322,1.1479376063862041,22,
REGULATION OF RELEASE OF SEQUESTERED CALCIUM ION INTO CYTOSOL%GOBP%GO:0051279,0.12248628884826325,0.3674536133257923,0.17093233537005617,0.41049512425342016,1.2779706384805687,40,
REGULATION OF REPRODUCTIVE PROCESS%GOBP%GO:2000241,3.549397923164006e-4,0.004942469889999804,0.49849310876659025,-0.5049132765634353,-1.8295572447454789,71,
REGULATION OF RESPONSE TO CYTOKINE STIMULUS%GOBP%GO:0060759,0.24143835616438356,0.5108269256851923,0.11284335567556247,0.3036834868473891,1.1119103741526697,107,
REGULATION OF RESPONSE TO ENDOPLASMIC RETICULUM STRESS%GOBP%GO:1905897,0.0062699788536274125,0.051762262274522894,0.40701791892395395,0.4558772179534689,1.5849253486959471,73,
REGULATION OF RESPONSE TO NUTRIENT LEVELS%GOBP%GO:0032107,0.23106060606060605,0.4977792661003207,0.12267918956880833,0.43584449494926153,1.193908447702906,20,
REGULATION OF RESPONSE TO OXIDATIVE STRESS%GOBP%GO:1902882,0.16527196652719664,0.4330040867571134,0.1563124030731863,-0.4660739669667788,-1.263276321652964,19,
REGULATION OF RESPONSE TO TUMOR CELL%GOBP%GO:0002834,0.9514767932489452,1,0.05039643224429567,-0.23488822957514313,-0.6477386679297317,20,
REGULATION OF RESPONSE TO WOUNDING%GOBP%GO:1903034,0.05172413793103448,0.231433027821447,0.2616635217115731,0.3759648704663303,1.346919880268739,94,
REGULATION OF RETINOBLASTOMA PROTEIN%PATHWAY INTERACTION DATABASE NCI-NATURE CURATED DATA%REGULATION OF RETINOBLASTOMA PROTEIN,0.06950672645739911,0.2657807103904401,0.25720646646883816,-0.3736987561743272,-1.3208617965978615,56,
REGULATION OF RHO PROTEIN SIGNAL TRANSDUCTION%GOBP%GO:0035023,0.06043956043956044,0.2480075316116675,0.24891111443470243,0.40461278148803914,1.3763026887427967,64,
REGULATION OF RHOA ACTIVITY%PATHWAY INTERACTION DATABASE NCI-NATURE CURATED DATA%REGULATION OF RHOA ACTIVITY,0.12614259597806216,0.3730918297086742,0.16823816568963962,0.4092460194058549,1.2740818728771395,40,
REGULATION OF RIG-I SIGNALING PATHWAY%GOBP%GO:0039535,0.1619047619047619,0.4306125192771561,0.15016980212840597,0.5096873327083673,1.2873159362677682,15,
REGULATION OF RNA SPLICING%GOBP%GO:0043484,0.24875621890547264,0.5207571786883218,0.10882012676916121,0.2817909372779851,1.1032211869164454,163,
REGULATION OF RNA STABILITY%GOBP%GO:0043487,0.7272727272727273,0.9123339970032226,0.052375908409799665,0.23062256601378042,0.8862779428956927,148,
REGULATION OF RRNA PROCESSING%GOBP%GO:2000232,0.9961904761904762,1,0.043625124000060564,0.1842353384876485,0.46532270283934984,15,
REGULATION OF RUFFLE ASSEMBLY%GOBP%GO:1900027,0.08215099240931374,0.2918356226509892,0.2878051305355643,0.5676538869972613,1.5072126805049342,18,
REGULATION OF RUNX1 EXPRESSION AND ACTIVITY%REACTOME%R-HSA-8934593.2,0.656964656964657,0.8739555681274207,0.06720650937104644,-0.3292840679747007,-0.8719013262823189,17,
REGULATION OF RUNX2 EXPRESSION AND ACTIVITY%REACTOME%R-HSA-8939902.4,0.2239819004524887,0.4977792661003207,0.13802224249664274,-0.32234261254322677,-1.135975179298831,54,
REGULATION OF RUNX3 EXPRESSION AND ACTIVITY%REACTOME%R-HSA-8941858.3,0.0659090909090909,0.2585834470375337,0.26635065708852557,-0.3987303888027525,-1.3320592590023446,43,
REGULATION OF SEQUESTERING OF CALCIUM ION%GOBP%GO:0051282,0.273224043715847,0.5507002970790439,0.10882012676916121,0.32279304501596984,1.1042638164414336,67,
REGULATION OF SIGNAL TRANSDUCTION BY P53 CLASS MEDIATOR%GOBP%GO:1901796,0.8230240549828178,0.9699293703355409,0.047638725929082505,0.2277622044315032,0.8162287520559308,93,
REGULATION OF SIGNALING RECEPTOR ACTIVITY%GOBP%GO:0010469,0.0696798493408663,0.2658476340734801,0.2343926472946861,0.5112424581972965,1.415406238423108,21,
REGULATION OF SISTER CHROMATID COHESION%GOBP%GO:0007063,0.0013056367803959913,0.014537310524809874,0.45505986738722953,-0.6921047945301443,-1.8326033566967113,17,
REGULATION OF SISTER CHROMATID SEGREGATION%GOBP%GO:0033045,3.3250975833074766e-13,4.2963353890363585e-11,0.932595211336209,-0.6637866027589571,-2.5399472552254108,97,
REGULATION OF SKELETAL MUSCLE CELL DIFFERENTIATION%GOBP%GO:2001014,0.0691588785046729,0.26518062730984304,0.2343926472946861,0.5621584456642718,1.4527530905091237,16,
REGULATION OF SMAD PROTEIN SIGNAL TRANSDUCTION%GOBP%GO:0060390,0.44522144522144524,0.7144072921831328,0.09405034657278127,-0.2963965169402233,-1.0029503878462671,46,
REGULATION OF SMALL MOLECULE METABOLIC PROCESS%GOBP%GO:0062012,0.16198347107438016,0.4306125192771561,0.13880510939113969,0.2867883172967451,1.14739316141446,200,
REGULATION OF SMOOTH MUSCLE CELL DIFFERENTIATION%GOBP%GO:0051150,0.45454545454545453,0.722590714007023,0.08130273453844984,0.3627393299913093,0.993651532620901,20,
REGULATION OF SMOOTH MUSCLE CELL MIGRATION%GOBP%GO:0014910,0.05420560747663551,0.23802559391369843,0.26635065708852557,0.507137119093423,1.4628422607630878,25,
REGULATION OF SMOOTH MUSCLE CELL PROLIFERATION%GOBP%GO:0048660,0.5424954792043399,0.7945506548246274,0.06977925170762346,0.27796986307547794,0.9429296707265026,62,
REGULATION OF SMOOTH MUSCLE CONTRACTION%GOBP%GO:0006940,0.6756238003838771,0.8834355512696882,0.06197627360019979,0.33305457761396623,0.8630917544405998,17,
REGULATION OF SMOOTHENED SIGNALING PATHWAY%GOBP%GO:0008589,0.7516930022573364,0.9248097568390063,0.06464845684219278,-0.24645171308704555,-0.8579211664343364,51,
REGULATION OF SODIUM ION TRANSMEMBRANE TRANSPORT%GOBP%GO:1902305,0.7245762711864406,0.9100558219985848,0.06335970106437581,-0.2892282316971125,-0.8587733406075364,27,
REGULATION OF SODIUM ION TRANSPORT%GOBP%GO:0002028,0.7570422535211268,0.928095048668001,0.05258989506236158,0.2585188088906534,0.8357493141533813,49,
REGULATION OF SPINDLE ASSEMBLY%GOBP%GO:0090169,0.6162046908315565,0.8461772768809016,0.07165273668294567,-0.3019896482884547,-0.9186846215898384,29,
REGULATION OF SPINDLE CHECKPOINT%GOBP%GO:0090231,2.543225414122609e-9,1.47189170842346e-7,0.7749390301364363,-0.8523545173225077,-2.4125035028078865,22,
REGULATION OF SPINDLE ORGANIZATION%GOBP%GO:0090224,0.10538116591928251,0.33629968859709,0.20658792269689108,-0.38812863065717595,-1.28878344487346,41,
REGULATION OF SPROUTING ANGIOGENESIS%GOBP%GO:1903670,0.23220973782771537,0.4990937343794145,0.12154328203546907,0.38831718990782305,1.1622026724889738,32,
REGULATION OF STEM CELL DIFFERENTIATION%GOBP%GO:2000736,0.9369369369369369,1,0.054120056962023176,-0.20933766537303708,-0.7425251179068472,57,
REGULATION OF STEM CELL POPULATION MAINTENANCE%GOBP%GO:2000036,0.8399280575539568,0.979806028204733,0.04879897016828393,0.23915273498769388,0.7907980337235522,56,
REGULATION OF STEM CELL PROLIFERATION%GOBP%GO:0072091,0.89171974522293,1,0.053676960063812645,-0.25866016714461676,-0.7169664960833605,21,
REGULATION OF STEROID BIOSYNTHETIC PROCESS%GOBP%GO:0050810,0.4891696750902527,0.7553715160648816,0.07492788183937392,0.309942012041838,0.981136063396755,44,
REGULATION OF STEROID METABOLIC PROCESS%GOBP%GO:0019218,0.40669014084507044,0.6777355796446345,0.0833634065110386,0.3073406114913463,1.0324790289471149,58,
REGULATION OF STEROL BIOSYNTHETIC PROCESS%GOBP%GO:0106118,0.5532359081419624,0.8029724936355128,0.07608371609517249,-0.3292889273616643,-0.9320191006804784,22,
REGULATION OF STEROL TRANSPORT%GOBP%GO:0032371,0.18114602587800369,0.4547886668676857,0.13880510939113969,0.4006667183221084,1.217178375651923,34,
REGULATION OF STRESS FIBER ASSEMBLY%GOBP%GO:0051492,0.8713968957871396,0.9935842695383114,0.05676723874874463,-0.21960099757478455,-0.7901335726067918,60,
REGULATION OF STRESS-ACTIVATED MAPK CASCADE%GOBP%GO:0032872,0.2095435684647303,0.4842862173003501,0.13649043778041264,-0.388274618093583,-1.1745999745096227,28,
REGULATION OF STRESS-ACTIVATED PROTEIN KINASE SIGNALING CASCADE%GOBP%GO:0070302,0.2095435684647303,0.4842862173003501,0.13649043778041264,-0.388274618093583,-1.1745999745096227,28,
REGULATION OF STRIATED MUSCLE CELL DIFFERENTIATION%GOBP%GO:0051153,0.008540751992042865,0.06473726885100978,0.3807304007227924,0.5624370473233213,1.6947395818867188,33,
REGULATION OF STRIATED MUSCLE CONTRACTION%GOBP%GO:0006942,0.044722719141323794,0.21328706227398714,0.2878571172551493,0.43991016183751563,1.4276601297655382,51,
REGULATION OF SUBSTRATE ADHESION-DEPENDENT CELL SPREADING%GOBP%GO:1900024,0.7020316027088036,0.8985228253052552,0.06799225915440577,-0.2644396543812288,-0.8811833814825745,42,
REGULATION OF SYNAPSE ASSEMBLY%GOBP%GO:0051963,0.4772313296903461,0.7452212669363583,0.07667468724900914,0.2874172052894488,0.9760164761009368,63,
REGULATION OF SYNAPSE ORGANIZATION%GOBP%GO:0050807,0.1717687074829932,0.4408069001272564,0.13649043778041264,0.3129695835241913,1.1723174348772472,120,
REGULATION OF SYNAPSE STRUCTURE OR ACTIVITY%GOBP%GO:0050803,0.15120274914089346,0.4128583530251015,0.1473312136993771,0.3178726223394064,1.1883009094227976,123,
REGULATION OF SYNAPTIC PLASTICITY%GOBP%GO:0048167,0.021426811931119717,0.12716568991766417,0.35248785758361917,0.3705917995298874,1.3794647270194687,116,
"REGULATION OF SYNAPTIC TRANSMISSION, GABAERGIC%GOBP%GO:0032228",0.5495327102803739,0.8006010347467288,0.07078990945026231,0.36542539085030756,0.9443473988565367,16,
"REGULATION OF SYNAPTIC TRANSMISSION, GLUTAMATERGIC%GOBP%GO:0051966",0.3071748878923767,0.5842598469292515,0.1147507192270233,-0.32948907083685885,-1.0940704349542205,41,
REGULATION OF SYNAPTIC VESICLE EXOCYTOSIS%GOBP%GO:2000300,0.3549618320610687,0.6294822658574202,0.09560314922043013,0.39676239846944666,1.063141479219314,19,
REGULATION OF SYSTEMIC ARTERIAL BLOOD PRESSURE MEDIATED BY A CHEMICAL SIGNAL%GOBP%GO:0003044,0.4758909853249476,0.7442780644806531,0.08431443206426534,-0.3857224642686148,-0.9825151742140633,15,
REGULATION OF SYSTEMIC ARTERIAL BLOOD PRESSURE%GOBP%GO:0003073,0.6884328358208955,0.8915927356225865,0.05973179763644106,0.28898252045284256,0.8707643250308224,33,
REGULATION OF T CELL ACTIVATION%GOBP%GO:0050863,0.17,0.4389033457249071,0.13574094381042484,0.29144820101418645,1.1536025713970504,176,
REGULATION OF T CELL CYTOKINE PRODUCTION%GOBP%GO:0002724,0.6221374045801527,0.851378182228406,0.06568136019340105,0.32911455020579233,0.8818762339580156,19,
REGULATION OF T CELL DIFFERENTIATION%GOBP%GO:0045580,0.47766323024054985,0.7452673145791898,0.07362127410143941,0.2756885269665252,0.9879817544078007,93,
REGULATION OF T CELL MEDIATED CYTOTOXICITY%GOBP%GO:0001914,0.03938332601638891,0.19519514660754397,0.3217759180753611,0.5628171067148537,1.569799885275185,22,
REGULATION OF T CELL MEDIATED IMMUNITY%GOBP%GO:0002709,0.1767857142857143,0.44850293542074365,0.13802224249664274,0.3654186075757677,1.2069019667869907,54,
REGULATION OF T CELL MIGRATION%GOBP%GO:2000404,0.8317399617590823,0.974761821217575,0.05205700307320985,0.26976028904269633,0.752410802263643,22,
REGULATION OF T CELL PROLIFERATION%GOBP%GO:0042129,0.01593537575913663,0.10323193890940528,0.35248785758361917,0.4482798409839004,1.5059498081614786,58,
REGULATION OF T CELL RECEPTOR SIGNALING PATHWAY%GOBP%GO:0050856,0.20815450643776823,0.4836915256245254,0.13959967345192228,-0.37254755350029517,-1.1723865734842438,33,
REGULATION OF T-HELPER 17 CELL DIFFERENTIATION%GOBP%GO:2000319,0.08778625954198473,0.3021959506766655,0.2089550275493539,0.5184534340350176,1.3892177103792935,19,
REGULATION OF T-HELPER 17 TYPE IMMUNE RESPONSE%GOBP%GO:2000316,0.1685823754789272,0.4370712450587586,0.1473312136993771,0.4449568384591822,1.254072695125387,23,
REGULATION OF T-HELPER CELL DIFFERENTIATION%GOBP%GO:0045622,0.026980678936018333,0.147968362464406,0.35248785758361917,0.5508162905978359,1.5683450350307953,24,
REGULATION OF TELOMERASE%PATHWAY INTERACTION DATABASE NCI-NATURE CURATED DATA%REGULATION OF TELOMERASE,0.33774834437086093,0.6092629225079557,0.10755437526516934,-0.29074994063630927,-1.0551902657884105,63,
REGULATION OF TELOMERE MAINTENANCE IN RESPONSE TO DNA DAMAGE%GOBP%GO:1904505,0.3697478991596639,0.6426983008012798,0.09889030075206362,-0.39125116449527747,-1.040843726115713,18,
REGULATION OF TELOMERE MAINTENANCE VIA TELOMERASE%GOBP%GO:0032210,0.8772727272727273,0.993914230701908,0.057609110864425044,-0.226219657317294,-0.7557437244817262,43,
REGULATION OF TELOMERE MAINTENANCE VIA TELOMERE LENGTHENING%GOBP%GO:1904356,0.2938496583143508,0.5719335303003971,0.11881503941226282,-0.3151086251256148,-1.0896359895902472,50,
REGULATION OF TELOMERE MAINTENANCE%GOBP%GO:0032204,0.07951807228915662,0.2870710913830762,0.24891111443470243,-0.32710320573132357,-1.2588205156693646,105,
REGULATION OF TISSUE REMODELING%GOBP%GO:0034103,0.00319186812965872,0.030211276538984408,0.4317076958033464,0.5863057241481038,1.778876302408913,35,
REGULATION OF TNFR1 SIGNALING%REACTOME DATABASE ID RELEASE 93%5357905,0.2292418772563177,0.4977792661003207,0.11988784511542344,0.368965201260142,1.167976753812585,44,
REGULATION OF TOLL LIKE RECEPTOR SIGNALING%WIKIPATHWAYS_20250810%WP1449%HOMO SAPIENS,0.00642837146863162,0.052834366685972314,0.40701791892395395,0.4431201896501282,1.5642859039169292,81,
REGULATION OF TOLL-LIKE RECEPTOR 4 SIGNALING PATHWAY%GOBP%GO:0034143,0.01714260119543486,0.10854649158172747,0.35248785758361917,0.6256525361707752,1.7138494507037298,20,
REGULATION OF TOLL-LIKE RECEPTOR SIGNALING PATHWAY%GOBP%GO:0034121,0.9980916030534351,1,0.043625124000060564,0.17874882112543222,0.4789649594646115,19,
REGULATION OF TOR SIGNALING%GOBP%GO:0032006,0.11577181208053691,0.35637555099431345,0.16823816568963962,0.32091101106993,1.2199587399506457,133,
REGULATION OF TORC1 SIGNALING%GOBP%GO:1903432,0.3487972508591065,0.6218736181928992,0.09054289484694737,0.294452649525781,1.0581785603231852,95,
REGULATION OF TP53 ACTIVITY THROUGH ACETYLATION%REACTOME DATABASE ID RELEASE 93%6804758,0.8877118644067796,0.997396788401227,0.053787280776029955,-0.23894200693395573,-0.7335062180227304,30,
REGULATION OF TP53 ACTIVITY THROUGH METHYLATION%REACTOME DATABASE ID RELEASE 93%6804760,0.9874476987447699,1,0.04831175810550189,-0.20000683886054713,-0.5421111703482008,19,
REGULATION OF TP53 ACTIVITY THROUGH PHOSPHORYLATION%REACTOME%R-HSA-6804756.4,1.0824807308835396e-7,3.579918417136277e-6,0.7049757151672383,-0.5719781849685414,-2.1585629670475344,89,
REGULATION OF TP53 ACTIVITY%REACTOME DATABASE ID RELEASE 93%5633007,9.621001030844467e-8,3.259407422400723e-6,0.7049757151672383,-0.49791336273762976,-2.002866100249198,150,
REGULATION OF TP53 DEGRADATION%REACTOME DATABASE ID RELEASE 93%6804757,0.0823533505502444,0.29188836529662515,0.2878051305355643,-0.4462507214285691,-1.4043263720160155,33,
REGULATION OF TP53 EXPRESSION AND DEGRADATION%REACTOME DATABASE ID RELEASE 93%6806003,0.0823533505502444,0.29188836529662515,0.2878051305355643,-0.4462507214285691,-1.4043263720160155,33,
REGULATION OF TRANSCRIPTION BY RNA POLYMERASE I%GOBP%GO:0006356,0.9340659340659341,1,0.05312980547054692,-0.2072592276083068,-0.6874675111430588,40,
REGULATION OF TRANSCRIPTION BY RNA POLYMERASE III%GOBP%GO:0006359,0.989406779661017,1,0.04879897016828393,-0.18696743664066146,-0.555141692796,27,
REGULATION OF TRANSCRIPTION ELONGATION BY RNA POLYMERASE II%GOBP%GO:0034243,1,1,0.053238649475589886,-0.14550431469933206,-0.5372840540297067,80,
REGULATION OF TRANSCRIPTION INITIATION BY RNA POLYMERASE II%GOBP%GO:0060260,0.9555555555555556,1,0.05258989506236158,-0.19661295784164143,-0.7123788310555088,65,
REGULATION OF TRANSFORMING GROWTH FACTOR BETA PRODUCTION%GOBP%GO:0071634,0.3923809523809524,0.6629099344104944,0.08971046527429813,0.42147029285471627,1.0645063940911486,15,
REGULATION OF TRANSFORMING GROWTH FACTOR BETA RECEPTOR SIGNALING PATHWAY%GOBP%GO:0017015,0.23024054982817868,0.4977792661003207,0.11623414877971643,0.30581596445103465,1.1229552182345663,110,
REGULATION OF TRANSLATION IN RESPONSE TO STRESS%GOBP%GO:0043555,0.10654205607476636,0.3378696709768276,0.18643255843407516,0.529149309266773,1.3674495158917597,16,
REGULATION OF TRANSLATIONAL INITIATION%GOBP%GO:0006446,0.015697955196138643,0.10212861717768887,0.35248785758361917,0.43204186592253385,1.481209267982269,69,
REGULATION OF TRANSMEMBRANE RECEPTOR PROTEIN SERINE/THREONINE KINASE SIGNALING PATHWAY%GOBP%GO:0090092,0.2887788778877888,0.5660814640704952,0.09923333437711905,0.2683751421300171,1.065904932127906,184,
REGULATION OF TRANSMEMBRANE TRANSPORTER ACTIVITY%GOBP%GO:0022898,0.5687203791469194,0.8125417845204422,0.08130273453844984,-0.28174732575915373,-0.9500119631604357,47,
REGULATION OF TRANSPORTER ACTIVITY%GOBP%GO:0032409,0.39545454545454545,0.6662054137493798,0.09957912004959042,-0.2934129251278197,-1.0259351455041994,52,
REGULATION OF TRIGLYCERIDE BIOSYNTHETIC PROCESS%GOBP%GO:0010866,0.055674518201284794,0.2405346991651153,0.28201335001172506,-0.5739430185316071,-1.4915790064251286,16,
REGULATION OF TRIGLYCERIDE METABOLIC PROCESS%GOBP%GO:0090207,0.10647181628392484,0.3378397551533332,0.19782202131510335,-0.4711663433777211,-1.3335888186228066,22,
REGULATION OF TUBE DIAMETER%GOBP%GO:0035296,0.019622824668392838,0.11915236487168372,0.35248785758361917,0.4708042500962047,1.522033660942749,49,
REGULATION OF TUBE SIZE%GOBP%GO:0035150,0.019622824668392838,0.11915236487168372,0.35248785758361917,0.4708042500962047,1.522033660942749,49,
REGULATION OF TUMOR NECROSIS FACTOR PRODUCTION%GOBP%GO:0032680,0.011217281899715326,0.07949390080971729,0.3807304007227924,0.4399708280900527,1.534535165717367,74,
REGULATION OF TUMOR NECROSIS FACTOR SUPERFAMILY CYTOKINE PRODUCTION%GOBP%GO:1903555,0.012172324153441466,0.08467296629461339,0.3807304007227924,0.42488558058636494,1.4924115891546272,77,
REGULATION OF TUMOR NECROSIS FACTOR-MEDIATED SIGNALING PATHWAY%GOBP%GO:0010803,0.5665467625899281,0.8113291133009776,0.06736238681662789,0.3000468114797654,0.9399594570402658,41,
REGULATION OF TYPE I INTERFERON PRODUCTION%GOBP%GO:0032479,0.821256038647343,0.9687661097128302,0.06364240816510186,-0.21847801762776478,-0.8406675236793166,99,
REGULATION OF TYPE I INTERFERON-MEDIATED SIGNALING PATHWAY%GOBP%GO:0060338,0.8817005545286506,0.9942278397971891,0.047829963311422925,0.2391011026678072,0.7263610338800796,34,
REGULATION OF TYPE II INTERFERON PRODUCTION%GOBP%GO:0032649,0.20577617328519857,0.4803749658708249,0.1275053153001827,0.37514949246151574,1.1875534194096193,44,
REGULATION OF UBIQUITIN-DEPENDENT PROTEIN CATABOLIC PROCESS%GOBP%GO:2000058,0.014418589864042401,0.0952079613800015,0.3807304007227924,0.37105086038810486,1.4203442182624768,138,
REGULATION OF UBIQUITIN-PROTEIN TRANSFERASE ACTIVITY%GOBP%GO:0051438,0.037023382047380475,0.18565154391267683,0.3217759180753611,-0.5943062716562403,-1.5444995924110545,16,
REGULATION OF VACUOLE ORGANIZATION%GOBP%GO:0044088,0.02701978004232601,0.147968362464406,0.35248785758361917,0.45231434636178103,1.479731383405689,52,
REGULATION OF VASCULAR ASSOCIATED SMOOTH MUSCLE CELL PROLIFERATION%GOBP%GO:1904705,0.4449152542372881,0.7142297464728035,0.0886261133285098,-0.3280570469608698,-1.0070723306450013,30,
REGULATION OF VASCULAR ENDOTHELIAL CELL PROLIFERATION%GOBP%GO:1905562,0.20754716981132076,0.48288612875699255,0.13802224249664274,-0.48089006846240534,-1.2249268143846546,15,
REGULATION OF VASCULAR ENDOTHELIAL GROWTH FACTOR PRODUCTION%GOBP%GO:0010574,0.09345794392523364,0.31205068296189786,0.19991523130966152,0.5360708655304626,1.385336487671266,16,
REGULATION OF VASCULAR ENDOTHELIAL GROWTH FACTOR RECEPTOR SIGNALING PATHWAY%GOBP%GO:0030947,0.5605095541401274,0.8075464019418321,0.0762797180809272,-0.33387852902440546,-0.9254603123265497,21,
REGULATION OF VASCULAR ENDOTHELIAL GROWTH FACTOR SIGNALING PATHWAY%GOBP%GO:1900746,0.64030131826742,0.8629937636845095,0.06364240816510186,0.31375315607279675,0.8686449400080832,21,
REGULATION OF VASCULAR PERMEABILITY%GOBP%GO:0043114,0.13135593220338984,0.3823126402393418,0.17821987495197314,-0.4184680429794664,-1.2425107919040057,27,
REGULATION OF VASCULATURE DEVELOPMENT%GOBP%GO:1901342,0.10231023102310231,0.3299104141406596,0.17821987495197314,0.30931994275458097,1.2192608011650579,169,
REGULATION OF VASOCONSTRICTION%GOBP%GO:0019229,0.03502399070465348,0.17803594908971154,0.3217759180753611,0.5853813554538088,1.6035346402285997,20,
REGULATION OF VESICLE FUSION%GOBP%GO:0031338,0.0842911877394636,0.29491299690205275,0.21392785549235627,0.490645176361972,1.382841357829752,23,
REGULATION OF VESICLE SIZE%GOBP%GO:0097494,0.38878504672897196,0.6591417531014846,0.08916471178206781,0.40840612971887924,1.0554200007275285,16,
REGULATION OF VIRAL GENOME REPLICATION%GOBP%GO:0045069,0.5788288288288288,0.8206384109052531,0.07767985601172364,-0.26727910030729474,-0.9480446106822403,57,
REGULATION OF VIRAL LIFE CYCLE%GOBP%GO:1903900,0.5526770293609672,0.8027904771580481,0.06658921041039328,0.2723960820827434,0.9616022050827154,81,
REGULATION OF VIRAL PROCESS%GOBP%GO:0050792,0.5,0.7650784907738915,0.07165273668294567,0.2700141155989354,0.9836423043666648,102,
REGULATION OF VIRAL TRANSCRIPTION%GOBP%GO:0046782,0.5143953934740882,0.7764142369307347,0.0755015292281669,0.3722624131806557,0.9646966019989345,17,
REGULATION OF WNT B CATENIN SIGNALING BY SMALL MOLECULE COMPOUNDS%WIKIPATHWAYS_20250810%WP3664%HOMO SAPIENS,0.6939203354297694,0.8930876357806398,0.06494076846128988,-0.32333722249572916,-0.8236070151959044,15,
REGULATION OF WOUND HEALING%GOBP%GO:0061041,0.021687870607422867,0.12751090909507032,0.35248785758361917,0.4038084623882031,1.4087119399555148,75,
REGULATORY CIRCUITS OF STAT3 SIGNALING%WIKIPATHWAYS_20250810%WP4538%HOMO SAPIENS,0.0800711743772242,0.28813176479265395,0.2114001893849227,0.40580079544240744,1.3275638441652151,52,
REGULATORY NCRNA PROCESSING%GOBP%GO:0070918,0.14669051878354203,0.40825368487513886,0.15315880868307333,0.39657256145085135,1.247836707877867,42,
REGULATORY NCRNA-MEDIATED GENE SILENCING%GOBP%GO:0031047,0.4835924006908463,0.7505137928040061,0.07325586558284547,0.2815437625582552,0.9901799668681025,79,
REGULATORY NCRNA-MEDIATED POST-TRANSCRIPTIONAL GENE SILENCING%GOBP%GO:0035194,0.023658190566004763,0.13490434376776658,0.35248785758361917,0.5054286711552356,1.5487231702923905,36,
RELEASE OF SEQUESTERED CALCIUM ION INTO CYTOSOL%GOBP%GO:0051209,0.37884615384615383,0.6509967455306774,0.09225972605273541,0.3636960322057448,1.059434508401295,28,
REMIFENTANIL ACTION PATHWAY%PATHWHIZ%PW000422,0.23106060606060605,0.4977792661003207,0.12267918956880833,0.436121700543469,1.1946677967471409,20,
REMOVAL OF THE FLAP INTERMEDIATE FROM THE C-STRAND%REACTOME DATABASE ID RELEASE 93%174437,2.948994392588493e-4,0.004309382534203642,0.49849310876659025,-0.7331778042989893,-1.9413593372460465,17,
RENAL ABSORPTION%GOBP%GO:0070293,0.6679462571976967,0.8787478377858928,0.06252374147247618,0.33590911946968327,0.8704891352423451,17,
RENAL SYSTEM DEVELOPMENT%GOBP%GO:0072001,0.22727272727272727,0.4977792661003207,0.14122511964253093,-0.28669930888854606,-1.1103928516929011,108,
RENAL SYSTEM PROCESS%GOBP%GO:0003014,0.020065983753735472,0.12091822747912613,0.35248785758361917,0.4206977895185512,1.4423173169200754,69,
RENAL TUBULE DEVELOPMENT%GOBP%GO:0061326,0.6841121495327103,0.8903553766230354,0.06011861425318512,0.28973379087840834,0.8442201333859307,26,
RENAL TUBULE MORPHOGENESIS%GOBP%GO:0061333,0.5325670498084292,0.7894723929390696,0.07362127410143941,0.3323527675683987,0.9367077768715256,23,
RENAL WATER HOMEOSTASIS%GOBP%GO:0003091,0.3050847457627119,0.5830928267828095,0.10395847155995677,0.4017914763253612,1.1123844528512874,21,
RENIN ANGIOTENSIN ALDOSTERONE SYSTEM RAAS %WIKIPATHWAYS_20250810%WP4756%HOMO SAPIENS,0.28662420382165604,0.563511704328776,0.11573444770168878,-0.41012688288211346,-1.1368091090932375,21,
REPLACEMENT OF PROTAMINES BY NUCLEOSOMES IN THE MALE PRONUCLEUS%REACTOME DATABASE ID RELEASE 93%9821993,0.0014895646616173712,0.016195736320833883,0.45505986738722953,-0.7160678504589878,-1.8239734369032135,15,
REPLICATION FORK PROCESSING%GOBP%GO:0031297,3.8662554681153003e-11,3.356393028257595e-9,0.851339057116899,-0.7524333352809032,-2.555027377848371,48,
REPRODUCTION%REACTOME%R-HSA-1474165.7,2.1864645556449242e-5,4.482655745816678e-4,0.5756102610711286,-0.5229064447676738,-1.9250292563072013,79,
REPRODUCTIVE STRUCTURE DEVELOPMENT%GOBP%GO:0048608,0.24324324324324326,0.5128878404020719,0.13145761164276346,-0.31199001140285093,-1.1066351561236938,57,
REPRODUCTIVE SYSTEM DEVELOPMENT%GOBP%GO:0061458,0.24324324324324326,0.5128878404020719,0.13145761164276346,-0.31199001140285093,-1.1066351561236938,57,
RESCUE OF STALLED RIBOSOME%GOBP%GO:0072344,0.9887640449438202,1,0.04319019983341822,0.18788656558327071,0.5623296478260102,32,
RESISTIN AS A REGULATOR OF INFLAMMATION%WIKIPATHWAYS_20250810%WP4481%HOMO SAPIENS,0.4387947269303202,0.7095295409851161,0.08289621345715653,0.36412345142422436,1.0080982055350076,21,
RESOLUTION OF ABASIC SITES (AP SITES)%REACTOME DATABASE ID RELEASE 93%73933,2.9444754337995815e-7,8.795433069994878e-6,0.674962860011025,-0.7313476634664068,-2.3392174349542834,36,
RESOLUTION OF AP SITES VIA THE MULTIPLE-NUCLEOTIDE PATCH REPLACEMENT PATHWAY%REACTOME%R-HSA-110373.4,2.8236371564404057e-7,8.480069211450214e-6,0.674962860011025,-0.7892402359786753,-2.286985142873774,25,
RESOLUTION OF D-LOOP STRUCTURES THROUGH HOLLIDAY JUNCTION INTERMEDIATES%REACTOME%R-HSA-5693568.6,3.359290857326627e-8,1.5132668282911144e-6,0.7195128263389107,-0.7514190817066717,-2.4056531565817405,35,
RESOLUTION OF D-LOOP STRUCTURES THROUGH SYNTHESIS-DEPENDENT STRAND ANNEALING (SDSA)%REACTOME%R-HSA-5693554.3,2.1956717543433747e-6,5.621729155360272e-5,0.6272567397185284,-0.7510119958067369,-2.2298967036893287,27,
RESOLUTION OF D-LOOP STRUCTURES%REACTOME%R-HSA-5693537.3,5.5112613047609853e-8,2.126428320086947e-6,0.7195128263389107,-0.7471707607979696,-2.389827653598498,36,
RESOLUTION OF SISTER CHROMATID COHESION%REACTOME DATABASE ID RELEASE 93%2500257,2.6965644906013665e-16,5.762350888377381e-14,1.0376961554875836,-0.6928837410802214,-2.6676580939418484,104,
RESPIRATORY CHAIN COMPLEX IV ASSEMBLY%GOBP%GO:0008535,0.5159914712153518,0.7773450688916743,0.08085891502800323,-0.3209682100336463,-0.976419424468071,29,
RESPIRATORY ELECTRON TRANSPORT CHAIN%GOBP%GO:0022904,0.07801418439716312,0.2848653070356361,0.24891111443470243,-0.33890569573653795,-1.2538619935656339,81,
RESPIRATORY ELECTRON TRANSPORT%REACTOME DATABASE ID RELEASE 93%611105,0.21339950372208435,0.48952222845669074,0.14920754243532175,-0.2747899834936634,-1.1072701782970467,149,
RESPIRATORY SYNCYTIAL VIRUS (RSV) ATTACHMENT AND ENTRY%REACTOME%R-HSA-9820960.2,0.3559322033898305,0.6299490007388585,0.09466462231533423,0.3856471727089714,1.0676879537885737,21,
"RESPIRATORY SYNCYTIAL VIRUS (RSV) GENOME REPLICATION, TRANSCRIPTION AND TRANSLATION%REACTOME%R-HSA-9820965.1",0.8066528066528067,0.9619581441860902,0.057366742676855584,-0.2848159638910681,-0.7541555781620108,17,
RESPIRATORY SYNCYTIAL VIRUS INFECTION PATHWAY%REACTOME%R-HSA-9820952.2,0.9827586206896551,1,0.039678720361338855,0.1886485302673016,0.6844511576077007,100,
RESPIRATORY SYSTEM DEVELOPMENT%GOBP%GO:0060541,0.35650623885918004,0.6304101410253355,0.09139243259437684,0.3366475342291479,1.0721488128536303,45,
RESPIRATORY TUBE DEVELOPMENT%GOBP%GO:0030323,0.30895795246800734,0.5857125139526231,0.10135074379709887,0.35318470602937224,1.0995494406585955,40,
RESPONSE OF EIF2AK1 (HRI) TO HEME DEFICIENCY%REACTOME%R-HSA-9648895.4,2.6724374729588305e-7,8.0695992389996e-6,0.674962860011025,0.8829450436948785,2.230051940975771,15,
RESPONSE OF EIF2AK4 (GCN2) TO AMINO ACID DEFICIENCY%REACTOME DATABASE ID RELEASE 93%9633012,1.0173240595146624e-9,6.649708793721722e-8,0.7881868108002371,0.6223283914223313,2.246015264497516,97,
RESPONSE OF ENDOTHELIAL CELLS TO SHEAR STRESS%REACTOME DATABASE ID RELEASE 93%9860931,0.3561320754716981,0.6299490007388585,0.10839425585339667,-0.2841792705393442,-1.0493502605891079,80,
RESPONSE OF MTB TO PHAGOCYTOSIS%REACTOME DATABASE ID RELEASE 93%9637690,0.8622129436325678,0.9891806300664099,0.054455595394037055,-0.2551459705197566,-0.7221649385279516,22,
RESPONSE TO ACETYLCHOLINE%GOBP%GO:1905144,0.7041984732824428,0.8988809019790746,0.05973179763644106,0.2918386222846047,0.8309551879693183,24,
RESPONSE TO ACID CHEMICAL%GOBP%GO:0001101,0.02360182511447761,0.13490434376776658,0.35248785758361917,0.4663382513264189,1.507272117698353,47,
RESPONSE TO ALCOHOL%GOBP%GO:0097305,0.7306338028169014,0.9140354089655409,0.05423159354958409,0.25432234855231106,0.8543696526101083,58,
RESPONSE TO ALKALOID%GOBP%GO:0043279,0.8136882129277566,0.9653751251391449,0.052805004567128964,0.2847586272883681,0.7560801110735237,18,
RESPONSE TO AMINO ACID STARVATION%GOBP%GO:1990928,0.0437418180744671,0.21055002833816672,0.3217759180753611,0.4450393447030995,1.441165460915752,48,
RESPONSE TO AMINO ACID%GOBP%GO:0043200,0.05008944543828265,0.22662618799275114,0.27128855468895297,0.4438931737950181,1.3967335375180283,42,
RESPONSE TO AMYLOID-BETA%GOBP%GO:1904645,0.005572583259660523,0.04718148552374008,0.40701791892395395,0.6173773272756619,1.7989008738053616,26,
RESPONSE TO ANGIOTENSIN%GOBP%GO:1990776,0.46095238095238095,0.7285189524504893,0.08085891502800323,0.399090927054433,1.007982889602261,15,
RESPONSE TO ARSENIC-CONTAINING SUBSTANCE%GOBP%GO:0046685,0.7442827442827443,0.9209877343507633,0.06116926267466889,-0.30359318179949796,-0.8038752056524912,17,
RESPONSE TO ATP%GOBP%GO:0033198,0.5765199161425576,0.8193772103459273,0.07417589655880091,-0.3622946845530676,-0.9228397567806628,15,
RESPONSE TO AXON INJURY%GOBP%GO:0048678,0.6771488469601677,0.8846762794978343,0.06613262047584399,-0.32890239537333693,-0.8377826655815827,15,
RESPONSE TO BACTERIUM%GOBP%GO:0009617,0.023862954216898265,0.13545414661204058,0.35248785758361917,0.3303207975617496,1.318579125937716,189,
RESPONSE TO BMP%GOBP%GO:0071772,0.3327338129496403,0.6023685450466606,0.09592067779217453,0.3440558443849674,1.0778269666812756,41,
RESPONSE TO CALCIUM ION%GOBP%GO:0051592,0.5837837837837838,0.8243227518153045,0.06598161440087301,0.2729633185534608,0.9407814111707878,70,
RESPONSE TO CAMP%GOBP%GO:0051591,0.19615384615384615,0.474612275647854,0.13574094381042484,0.41584223627859696,1.2113346755322443,28,
RESPONSE TO CARBOHYDRATE%GOBP%GO:0009743,0.023837064905337702,0.13545414661204058,0.35248785758361917,0.4360388037989161,1.4648273085193708,58,
RESPONSE TO CATECHOLAMINE%GOBP%GO:0071869,0.7390396659707724,0.918293536594851,0.06170540536375225,-0.292841982788834,-0.8288596996781742,22,
RESPONSE TO CHEMOKINE%GOBP%GO:1990868,0.6152219873150105,0.8452600551488066,0.07130529873400379,-0.2931957779082698,-0.9080441178137854,31,
RESPONSE TO CHOLESTEROL%GOBP%GO:0070723,0.85224839400428265,0.9839198022554121,0.05617665863071758,-0.2821447510552296,-0.7332455903439984,16,
RESPONSE TO COLD%GOBP%GO:0009409,0.9700934579439252,1,0.04397592780263451,0.21643760262931816,0.559326998548572,16,
RESPONSE TO COPPER ION%GOBP%GO:0046688,0.09635974304068523,0.3186754359131233,0.2114001893849227,-0.5259181549212394,-1.3667706612850095,16,
RESPONSE TO CORTICOSTEROID%GOBP%GO:0031960,0.23563218390804597,0.5040910590564169,0.12210792028708148,0.4221565365130995,1.1898119991661777,23,
RESPONSE TO DECREASED OXYGEN LEVELS%GOBP%GO:0036293,0.6230899830220713,0.852052164821715,0.059989249649032995,0.24820634041317097,0.9310167945287151,121,
RESPONSE TO DOPAMINE%GOBP%GO:1903350,0.7911392405063291,0.9520402036502413,0.05896944666909967,-0.28273684079421907,-0.7796882158035929,20,
RESPONSE TO DSRNA%GOBP%GO:0043331,0.5133587786259542,0.7762561525840854,0.07530937641727728,0.35462228227207276,0.9502252713292161,19,
RESPONSE TO ELEVATED PLATELET CYTOSOLIC CA2+%REACTOME%R-HSA-76005.4,6.466024137144068e-4,0.008001164834292303,0.47727081536286214,0.48070291532182413,1.7275087172678643,95,
RESPONSE TO ENDOPLASMIC RETICULUM STRESS%GOBP%GO:0034976,3.719372667604628e-5,7.023245965544845e-4,0.557332238758646,0.43647391822488735,1.7375979842176776,187,
RESPONSE TO EPIDERMAL GROWTH FACTOR%GOBP%GO:0070849,0.8283018867924529,0.9727426089661526,0.05163559644842005,0.2604536043924504,0.771202439034818,30,
RESPONSE TO ESTRADIOL%GOBP%GO:0032355,0.6673003802281369,0.8783609425400469,0.06211241889494712,0.32671138448174275,0.8674714519458252,18,
RESPONSE TO ESTROGEN%GOBP%GO:0043627,0.7327102803738318,0.9147889534416879,0.056886416047570075,0.2793758229417207,0.8140393075781899,26,
RESPONSE TO EXOGENOUS DSRNA%GOBP%GO:0043330,0.5887850467289719,0.8282872089556285,0.06736238681662789,0.35335362651139585,0.9131510464998112,16,
RESPONSE TO FATTY ACID%GOBP%GO:0070542,0.4057142857142857,0.6765151774995712,0.08783126344801238,0.41669087487605616,1.0524350308549462,15,
RESPONSE TO FIBROBLAST GROWTH FACTOR%GOBP%GO:0071774,0.42230347349177333,0.6939716352322663,0.0833634065110386,0.3248570254795091,1.011358517405064,40,
RESPONSE TO FLUID SHEAR STRESS%GOBP%GO:0034405,0.09323583180987204,0.31168368323444584,0.19782202131510335,0.42318423183703346,1.3174749004370827,40,
RESPONSE TO GAMMA RADIATION%GOBP%GO:0010332,0.71939736346516,0.9077837273251032,0.05809835768732064,0.2990951117407933,0.8280632413288362,21,
RESPONSE TO GLUCOCORTICOID%GOBP%GO:0051384,0.3181818181818182,0.5939852866765517,0.10171390228231093,0.4048880445049039,1.1091094697997492,20,
RESPONSE TO GLUCOSE%GOBP%GO:0009749,0.0032927731579801465,0.030903121056989346,0.4317076958033464,0.5194092195430564,1.6791656315485481,49,
RESPONSE TO GROWTH HORMONE%GOBP%GO:0060416,0.0018742033485543029,0.01964730906522209,0.45505986738722953,0.7134686440887839,1.894374392821633,18,
RESPONSE TO HEAT%GOBP%GO:0009408,0.015741158358765717,0.10228991326468108,0.35248785758361917,0.4711643382531739,1.5579827354700386,56,
RESPONSE TO HEXOSE%GOBP%GO:0009746,0.008721972449068456,0.06570211715630817,0.3807304007227924,0.48371811286476585,1.569832033199374,51,
RESPONSE TO HYDROGEN PEROXIDE%GOBP%GO:0042542,0.9849785407725322,1,0.04959019569563381,-0.1899423492178361,-0.5977380816671235,33,
RESPONSE TO HYPOXIA%GOBP%GO:0001666,0.7342419080068143,0.9151261982153677,0.052482762263545854,0.23589609633270892,0.8805920504076802,118,
RESPONSE TO INSULIN%GOBP%GO:0032868,0.046232876712328765,0.21861264937336053,0.27650059925447157,0.3694788987824001,1.3514930556170326,104,
RESPONSE TO INTERFERON-BETA%GOBP%GO:0035456,0.4337121212121212,0.7040903453390754,0.08383610571599288,0.3694475717592711,1.012027413488538,20,
RESPONSE TO INTERLEUKIN-1%GOBP%GO:0070555,0.9234234234234234,1,0.054793950077336284,-0.21426305821242847,-0.7599955902764014,57,
RESPONSE TO INTERLEUKIN-6%GOBP%GO:0070741,0.05153906287889994,0.23111463547632613,0.3217759180753611,0.5650849929494101,1.5479368319909093,20,
RESPONSE TO IONIZING RADIATION%GOBP%GO:0010212,1.7017091857364386e-4,0.0026936456512682773,0.5188480777437918,-0.48569913026612355,-1.8106158407702067,85,
RESPONSE TO ISCHEMIA%GOBP%GO:0002931,0.31297709923664124,0.5900579448112585,0.10319746694530717,0.3912010336271559,1.1138708300042346,24,
RESPONSE TO KETONE%GOBP%GO:1901654,0.06108202443280977,0.24880625201516943,0.24133997681509095,0.4269217394807923,1.373924050127246,46,
RESPONSE TO LAMINAR FLUID SHEAR STRESS%GOBP%GO:0034616,0.040188783339652735,0.19760077896912442,0.3217759180753611,0.5010415507393962,1.459517459612885,28,
RESPONSE TO LIGHT STIMULUS%GOBP%GO:0009416,0.24060150375939848,0.5100274532190836,0.14040623852334236,-0.26609598875553386,-1.0910159234048296,168,
RESPONSE TO LIPOPOLYSACCHARIDE%GOBP%GO:0032496,0.7208904109589042,0.9090483711501751,0.05356693847709506,0.24260031292538375,0.8836986078293698,101,
RESPONSE TO LIPOPROTEIN PARTICLE%GOBP%GO:0055094,0.5470249520153551,0.7983374398206758,0.07235708510369071,0.3620615396136037,0.9382616257049937,17,
RESPONSE TO MECHANICAL STIMULUS%GOBP%GO:0009612,0.39273356401384085,0.6630287698756913,0.08431443206426534,0.2934269976711412,1.032657207668604,80,
RESPONSE TO METAL ION%GOBP%GO:0010038,0.8474295190713101,0.9824435490476766,0.04468543976441472,0.216661298020144,0.8311079992653341,141,
RESPONSE TO MISFOLDED PROTEIN%GOBP%GO:0051788,0.05534351145038168,0.24030136211400197,0.26635065708852557,0.5494127566255869,1.4721745130943076,19,
RESPONSE TO MOLECULE OF BACTERIAL ORIGIN%GOBP%GO:0002237,0.7431506849315068,0.9206120859485958,0.05216303054600547,0.24014549926130901,0.8787152347560684,108,
RESPONSE TO MONOAMINE%GOBP%GO:0071867,0.7390396659707724,0.918293536594851,0.06170540536375225,-0.292841982788834,-0.8288596996781742,22,
RESPONSE TO MONOSACCHARIDE%GOBP%GO:0034284,0.008721972449068456,0.06570211715630817,0.3807304007227924,0.48371811286476585,1.569832033199374,51,
RESPONSE TO NERVE GROWTH FACTOR%GOBP%GO:1990089,0.8498098859315589,0.9830405426266378,0.05080541390663644,0.2707592518627844,0.7189095100366797,18,
RESPONSE TO NUTRIENT%GOBP%GO:0007584,0.0463259477006408,0.2188562949122869,0.3217759180753611,0.4943997164656605,1.4722406390036773,31,
RESPONSE TO ORGANOPHOSPHORUS%GOBP%GO:0046683,0.48014440433212996,0.7478784161674555,0.07588869006061172,0.3125221407945721,0.9893035827041167,44,
RESPONSE TO OSMOTIC STRESS%GOBP%GO:0006970,0.10200364298724955,0.3293040327932356,0.1882041463084906,0.4246771335402202,1.3196210622096023,39,
RESPONSE TO OXIDATIVE STRESS%GOBP%GO:0006979,0.515702479338843,0.7771988983749546,0.06783382634794552,0.24292197549550323,0.9718911009629011,200,
RESPONSE TO OXYGEN LEVELS%GOBP%GO:0070482,0.7395659432387313,0.9186291930772169,0.051218434854034045,0.23053102824661215,0.8756010011337987,135,
RESPONSE TO PEPTIDE HORMONE%GOBP%GO:0043434,0.018700946999407938,0.11493635124857357,0.35248785758361917,0.34689640268431027,1.3596717572082808,165,
RESPONSE TO PH%GOBP%GO:0009268,0.29904761904761906,0.5771130849005112,0.10592029273625286,0.4486499208442174,1.1331539079832273,15,
RESPONSE TO PURINE-CONTAINING COMPOUND%GOBP%GO:0014074,0.36428571428571427,0.6388277956307673,0.09026354843400684,0.3216334079765888,1.0554207088254823,53,
RESPONSE TO REACTIVE OXYGEN SPECIES%GOBP%GO:0000302,0.9738675958188153,1,0.040575644789065675,0.19445851968269642,0.6885661771737595,85,
RESPONSE TO RETINOIC ACID%GOBP%GO:0032526,0.01344709347313073,0.0910012805562903,0.3807304007227924,-0.47082199123407037,-1.5931735756867795,46,
RESPONSE TO STARVATION%GOBP%GO:0042594,0.0017758848904951628,0.018722611862601754,0.45505986738722953,0.41038162270227363,1.5803607984396326,143,
RESPONSE TO STEROID HORMONE%GOBP%GO:0048545,0.2534722222222222,0.5277955570090401,0.11056471633661853,0.3155541611043916,1.1161595832127262,84,
RESPONSE TO STEROL%GOBP%GO:0036314,0.7405857740585774,0.9192793924641323,0.06170540536375225,-0.3020402098308138,-0.8186688644070033,19,
RESPONSE TO TEMPERATURE STIMULUS%GOBP%GO:0009266,0.005468921650654034,0.04660326486354879,0.40701791892395395,0.44469478719386885,1.557487928841523,76,
RESPONSE TO TOPOLOGICALLY INCORRECT PROTEIN%GOBP%GO:0035966,6.990627259820147e-4,0.008498889508875434,0.47727081536286214,0.46486899928786374,1.7004143575711943,104,
RESPONSE TO TOXIC SUBSTANCE%GOBP%GO:0009636,0.6052009456264775,0.8379009354350135,0.07788401119770678,-0.2533079225130907,-0.9231753881471111,76,
RESPONSE TO TRANSFORMING GROWTH FACTOR BETA%GOBP%GO:0071559,0.6338028169014085,0.8580429948109712,0.07511816352763015,-0.24680558370278005,-0.9167668965042649,84,
RESPONSE TO TUMOR CELL%GOBP%GO:0002347,0.45610278372591007,0.723823783599302,0.08783126344801238,-0.3845146472153547,-0.9992873106405824,16,
RESPONSE TO TUMOR NECROSIS FACTOR%GOBP%GO:0034612,0.2111692844677138,0.4861268767082982,0.12325722638133735,0.32219724909095654,1.1431166325188522,86,
RESPONSE TO TYPE I INTERFERON%GOBP%GO:0034340,0.6944444444444444,0.8930876357806398,0.06583119583688658,-0.27067420565446026,-0.8665580540741359,35,
RESPONSE TO TYPE II INTERFERON%GOBP%GO:0034341,0.28397212543554007,0.5598181647764552,0.1035763266125924,0.34394151683546764,1.1137816027680245,48,
RESPONSE TO UNFOLDED PROTEIN%GOBP%GO:0006986,6.408372523991836e-4,0.007965305982840858,0.47727081536286214,0.4787583487715293,1.6994979393080705,87,
RESPONSE TO UV%GOBP%GO:0009411,0.016288571067629303,0.10523174517645165,0.35248785758361917,-0.3616622869252943,-1.4098105551632352,114,
RESPONSE TO XENOBIOTIC STIMULUS%GOBP%GO:0009410,0.3806228373702422,0.6521670447714039,0.08603472424556043,0.2839779509386987,1.0345115677788166,102,
RESPONSE TO ZINC ION%GOBP%GO:0010043,0.4875717017208413,0.7539516768051752,0.07808923069433449,0.35111810341429334,0.9793326320073127,22,
RET SIGNALING%REACTOME%R-HSA-8853659.7,0.1223175965665236,0.3674536133257923,0.18643255843407516,-0.40045064165624844,-1.2601960507051455,33,
RETICULOPHAGY%GOBP%GO:0061709,0.1724137931034483,0.44137967921168375,0.1455161460903603,0.44332502844357796,1.2494735785205322,23,
RETINA DEVELOPMENT IN CAMERA-TYPE EYE%GOBP%GO:0060041,0.006439075627185685,0.05284417161690349,0.40701791892395395,-0.4755657825614501,-1.6628430738572804,52,
RETINA HOMEOSTASIS%GOBP%GO:0001895,0.5656192236598891,0.8107792586827512,0.06879430956047748,0.3084127439798524,0.9369216497936294,34,
RETINA MORPHOGENESIS IN CAMERA-TYPE EYE%GOBP%GO:0060042,0.03491327687028306,0.17803594908971154,0.3217759180753611,-0.5156704909480756,-1.4861143904031924,24,
RETINOBLASTOMA GENE IN CANCER%WIKIPATHWAYS_20250810%WP2446%HOMO SAPIENS,3.279988784508794e-16,6.74948803212254e-14,1.0376961554875836,-0.7572840786213237,-2.7398470790899982,70,
RETINOIC ACID RECEPTORS-MEDIATED SIGNALING%PATHWAY INTERACTION DATABASE NCI-NATURE CURATED DATA%RETINOIC ACID RECEPTORS-MEDIATED SIGNALING,0.9212007504690432,1,0.04650840487191565,0.23092915118896068,0.6783907790286228,29,
RETINOID METABOLIC PROCESS%GOBP%GO:0001523,0.07317073170731707,0.27339380320501255,0.22798720285044224,0.46574044967351963,1.3681859776145224,29,
RETINOID METABOLISM AND TRANSPORT%REACTOME%R-HSA-975634.4,0.027544483916795825,0.14988947369414063,0.35248785758361917,0.5450642343474486,1.5722434166508712,25,
RETINOL METABOLISM%SMPDB%SMP0000074,0.549618320610687,0.8006010347467288,0.07182762936038092,0.3461194285177567,0.9274415182497386,19,
RETROGRADE AXONAL TRANSPORT%GOBP%GO:0008090,0.13644859813084112,0.39138276263033206,0.16318012718068908,0.511328650063532,1.321396631812385,16,
"RETROGRADE PROTEIN TRANSPORT, ER TO CYTOSOL%GOBP%GO:0030970",0.2366412213740458,0.5041551970451933,0.12154328203546907,0.44176205704249627,1.1837199507787857,19,
RETROGRADE TRANSPORT AT THE TRANS-GOLGI-NETWORK%REACTOME DATABASE ID RELEASE 93%6811440,0.43309859154929575,0.7040903453390754,0.07998588014999461,0.31499688318154,1.0183337537764077,49,
"RETROGRADE TRANSPORT, ENDOSOME TO GOLGI%GOBP%GO:0042147",0.3415929203539823,0.614222189283332,0.09344492194109945,0.2972844884851117,1.0587755031268706,91,
"RETROGRADE VESICLE-MEDIATED TRANSPORT, GOLGI TO ENDOPLASMIC RETICULUM%GOBP%GO:0006890",0.9910873440285205,1,0.040822900367777595,0.17412935323383083,0.5545639292445999,45,
RETT SYNDROME%WIKIPATHWAYS_20250810%WP4312%HOMO SAPIENS,0.8718861209964412,0.9936819052833288,0.04660150729859922,0.23735697907129852,0.75203636062627,43,
REV-MEDIATED NUCLEAR EXPORT OF HIV RNA%REACTOME%R-HSA-165054.4,7.983174210747061e-5,0.0013732048270870176,0.5384340963099162,-0.6565555352028167,-2.0538909027883108,32,
RHO GTPASES ACTIVATE CIT%REACTOME DATABASE ID RELEASE 93%5625900,0.22478991596638656,0.4977792661003207,0.13214726060877433,-0.45526302239682404,-1.2111341859020366,18,
RHO GTPASES ACTIVATE FORMINS%REACTOME DATABASE ID RELEASE 93%5663220,2.8406539654591817e-13,3.757779388593146e-11,0.932595211336209,-0.6310676727200358,-2.4597221423258246,115,
RHO GTPASES ACTIVATE PAKS%REACTOME%R-HSA-5627123.4,0.9978902953586498,1,0.048214971002556443,-0.17132583461098871,-0.4724560617345431,20,
RHO GTPASES ACTIVATE PKNS%REACTOME DATABASE ID RELEASE 93%5625740,0.021447315172357952,0.12716568991766417,0.35248785758361917,-0.4559279818121917,-1.5427750329492753,46,
RHO GTPASES ACTIVATE ROCKS%REACTOME DATABASE ID RELEASE 93%5627117,0.6764705882352942,0.8841379882934121,0.06628421870126719,-0.32301827687844364,-0.8593240798231402,18,
RHO GTPASES ACTIVATE WASPS AND WAVES%REACTOME DATABASE ID RELEASE 93%5663213,0.23105360443622922,0.4977792661003207,0.12098514214525231,0.38423456609552986,1.167259429453021,34,
RHO PROTEIN SIGNAL TRANSDUCTION%GOBP%GO:0007266,0.5950704225352113,0.8317512622907255,0.06392719333599958,0.28891919426120855,0.9340288216772864,49,
RHOA GTPASE CYCLE%REACTOME DATABASE ID RELEASE 93%8980692,0.7192118226600985,0.9077557670830322,0.07113273993278939,-0.22534497543634818,-0.8990598361373219,133,
RHOA SIGNALING PATHWAY%PATHWAY INTERACTION DATABASE NCI-NATURE CURATED DATA%RHOA SIGNALING PATHWAY,0.9022727272727272,1,0.05629407497009682,-0.21927000673239394,-0.7325266668698303,43,
RHOB GTPASE CYCLE%REACTOME DATABASE ID RELEASE 93%9013026,0.698237885462555,0.895917438853727,0.06705125798294667,-0.24554658612236013,-0.8914385779884955,66,
RHOBTB GTPASE CYCLE%REACTOME%R-HSA-9706574.4,1,1,0.04267338611560842,0.16187579212822079,0.4911379826096049,35,
RHOBTB1 GTPASE CYCLE%REACTOME DATABASE ID RELEASE 93%9013422,0.9885057471264368,1,0.04424074234773751,0.17852486156845282,0.5031570142158273,23,
RHOBTB2 GTPASE CYCLE%REACTOME%R-HSA-9013418.4,0.9833333333333333,1,0.04831175810550189,-0.1977892689060561,-0.5658386852816367,23,
RHOC GTPASE CYCLE%REACTOME%R-HSA-9013106.2,0.31543624161073824,0.5928835447866243,0.11284335567556247,-0.2941461424690244,-1.0642181342786967,70,
RHOD GTPASE CYCLE%REACTOME DATABASE ID RELEASE 93%9013405,0.4252336448598131,0.6968140819003651,0.09688777032754396,-0.2974868311140385,-1.0101718815554106,48,
RHOF GTPASE CYCLE%REACTOME%R-HSA-9035034.5,0.6203090507726269,0.8501324830026431,0.07307443991269867,-0.28049014883342804,-0.9211640437747125,39,
RHOG GTPASE CYCLE%REACTOME DATABASE ID RELEASE 93%9013408,0.9003623188405797,1,0.045953808103906306,0.2188443385292985,0.747113333141292,65,
RHOH GTPASE CYCLE%REACTOME%R-HSA-9013407.3,0.3456561922365989,0.6191056750698076,0.09528798461948437,0.3528375184839189,1.0718788908043284,34,
RHOJ GTPASE CYCLE%REACTOME DATABASE ID RELEASE 93%9013409,0.6245551601423488,0.8529845246868091,0.06211241889494712,0.27853835814605055,0.9112290011277673,52,
RHOQ GTPASE CYCLE%REACTOME DATABASE ID RELEASE 93%9013406,0.6218637992831542,0.8513697684429392,0.06266182309324915,0.27618285066820014,0.9105783407419101,55,
RHOU GTPASE CYCLE%REACTOME DATABASE ID RELEASE 93%9013420,0.9254545454545454,1,0.044864511316856426,0.22300224873824137,0.689308806926364,38,
RHOV GTPASE CYCLE%REACTOME DATABASE ID RELEASE 93%9013424,0.886654478976234,0.9973604368932039,0.04706995900826619,0.23148011379259192,0.7092961601744953,36,
RHYTHMIC PROCESS%GOBP%GO:0048511,0.14285714285714285,0.4020842379504993,0.15114876138548375,0.33355338802515944,1.2038113821501097,97,
RIBONUCLEOSIDE DIPHOSPHATE CATABOLIC PROCESS%GOBP%GO:0009191,0.26217228464419473,0.5376302822085077,0.11331290842208036,0.38069916104285045,1.1394025139173922,32,
RIBONUCLEOSIDE DIPHOSPHATE METABOLIC PROCESS%GOBP%GO:0009185,0.7959641255605381,0.9549776878084222,0.061570675542167844,-0.2448378335752121,-0.8129854941547142,41,
RIBONUCLEOSIDE MONOPHOSPHATE BIOSYNTHETIC PROCESS%GOBP%GO:0009156,0.08786610878661087,0.3021959506766655,0.21925034670375515,-0.5068917893582424,-1.3739115258978036,19,
RIBONUCLEOSIDE TRIPHOSPHATE BIOSYNTHETIC PROCESS%GOBP%GO:0009201,0.07075471698113207,0.2674239507123604,0.2616635217115731,-0.3435733274716493,-1.2716264227876504,82,
RIBONUCLEOTIDE BIOSYNTHETIC PROCESS%GOBP%GO:0009260,0.09223300970873786,0.3106044292789584,0.23112670967383428,-0.31529308661940236,-1.229285382626634,116,
RIBONUCLEOTIDE CATABOLIC PROCESS%GOBP%GO:0009261,0.6073298429319371,0.8397960156546125,0.06252374147247618,0.28341729556366185,0.9120965333611368,46,
RIBONUCLEOTIDE METABOLIC PROCESS%GOBP%GO:0009259,0.9949874686716792,1,0.05629407497009682,-0.18477274934639074,-0.7735160850795295,197,
RIBOSE PHOSPHATE BIOSYNTHETIC PROCESS%GOBP%GO:0046390,0.09685230024213075,0.3196353977744755,0.22496609354031374,-0.30749921503269156,-1.2074261546076743,121,
RIBOSOMAL LARGE SUBUNIT ASSEMBLY%GOBP%GO:0000027,0.8458333333333333,0.9824435490476766,0.05524956631252492,-0.2620238957644767,-0.7496021271111764,23,
RIBOSOMAL LARGE SUBUNIT BIOGENESIS%GOBP%GO:0042273,1,1,0.040166098004942086,0.15026088457408324,0.5202970186955332,71,
RIBOSOMAL SCANNING AND START CODON RECOGNITION%REACTOME%R-HSA-72702.5,1.5605917458661812e-4,0.0024915654425380755,0.5188480777437918,0.5599039730719378,1.8809395465695655,58,
RIBOSOMAL SMALL SUBUNIT ASSEMBLY%GOBP%GO:0000028,0.9393939393939394,1,0.04604576830180555,0.2451313564248003,0.6714881124436627,20,
RIBOSOMAL SMALL SUBUNIT BIOGENESIS%GOBP%GO:0042274,0.7909407665505227,0.9520402036502413,0.05009228744021063,0.2327377808008862,0.8475752598121311,103,
RIBOSOME ASSEMBLY%GOBP%GO:0042255,0.9976958525345622,1,0.052269331749930564,-0.15729816767241245,-0.559567581083867,58,
RIBOSOME DISASSEMBLY%GOBP%GO:0032790,0.9981785063752276,1,0.04148804020022096,0.17473653414368545,0.5429678044383719,39,
RIP-MEDIATED NFKB ACTIVATION VIA ZBP1%REACTOME%R-HSA-1810476.4,0.6780952380952381,0.8854282356891052,0.06143641072012707,0.33212743506744247,0.8388533765634983,15,
RIPK1-MEDIATED REGULATED NECROSIS%REACTOME%R-HSA-5213460.6,0.2822429906542056,0.5577439678122704,0.10839425585339667,0.39093059632163496,1.139085224304387,26,
RISEDRONATE ACTION PATHWAY%PATHWHIZ%PW000272,3.8789317577938914e-4,0.005082864350543128,0.49849310876659025,-0.7175340885269536,-1.9888949541423213,21,
RMTS METHYLATE HISTONE ARGININES%REACTOME DATABASE ID RELEASE 93%3214858,0.14757709251101322,0.4091863798447805,0.17093233537005617,-0.38046160401078616,-1.2198120395820606,37,
RNA 3'-END PROCESSING%GOBP%GO:0031123,0.11342592592592593,0.3526926581447745,0.20207170902115992,-0.33707120905983934,-1.222631018876904,73,
RNA 5'-END PROCESSING%GOBP%GO:0000966,0.016783028859354288,0.10715633180861692,0.35248785758361917,-0.5193116399516513,-1.6625658255335707,35,
RNA CATABOLIC PROCESS%GOBP%GO:0006401,1,1,0.05582647177874898,-0.15915428604496418,-0.6538091178939427,170,
RNA DECAPPING%GOBP%GO:0110154,0.828693790149893,0.972997188941844,0.0574877409561325,-0.2879073745242454,-0.7482216557560448,16,
RNA DESTABILIZATION%GOBP%GO:0050779,0.9819819819819819,1,0.04173970347285044,0.1917803903855761,0.6609804835974338,70,
RNA EXPORT FROM NUCLEUS%GOBP%GO:0006405,0.06062906702940806,0.24839082266750004,0.3217759180753611,-0.37358482768024137,-1.3522299728800429,72,
RNA LOCALIZATION%GOBP%GO:0006403,0.16183574879227053,0.4306125192771561,0.17093233537005617,-0.2972008668871109,-1.1643015629378373,119,
RNA METHYLATION%GOBP%GO:0001510,0.3607305936073059,0.6348492803554614,0.10552093684319848,-0.2872509820220975,-1.0408562016743774,71,
RNA MODIFICATION%GOBP%GO:0009451,0.9441747572815534,1,0.057246113520288446,-0.19501317482993985,-0.7856787087096169,147,
RNA POL II CTD PHOSPHORYLATION AND INTERACTION WITH CE DURING HIV INFECTION%REACTOME%R-HSA-167160.4,0.809322033898305,0.9634694913154834,0.05809835768732064,-0.26961511386586545,-0.8005382830516476,27,
RNA POL II CTD PHOSPHORYLATION AND INTERACTION WITH CE%REACTOME%R-HSA-77075.4,0.809322033898305,0.9634694913154834,0.05809835768732064,-0.26961511386586545,-0.8005382830516476,27,
RNA POLYMERASE I PROMOTER CLEARANCE%REACTOME DATABASE ID RELEASE 93%73854,0.04271966740581064,0.20700601345762637,0.3217759180753611,-0.3937396101515668,-1.4294423054871979,66,
RNA POLYMERASE I PROMOTER ESCAPE%REACTOME DATABASE ID RELEASE 93%73772,0.07375484886292556,0.2750214364311506,0.2878051305355643,-0.39991435169154727,-1.348454390198152,47,
RNA POLYMERASE I PROMOTER OPENING%REACTOME%R-HSA-73728.4,0.01440445899755917,0.0952079613800015,0.3807304007227924,-0.5981065866243888,-1.621145874386767,19,
RNA POLYMERASE I TRANSCRIPTION INITIATION%REACTOME DATABASE ID RELEASE 93%73762,0.5710900473933649,0.8149282920469361,0.08108020575508663,-0.28154771800998984,-0.9493389141824755,47,
RNA POLYMERASE I TRANSCRIPTION TERMINATION%REACTOME DATABASE ID RELEASE 93%73863,0.945031712473573,1,0.05080541390663644,-0.21402617878784794,-0.6628513346712325,31,
RNA POLYMERASE I TRANSCRIPTION%REACTOME DATABASE ID RELEASE 93%73864,0.08338259839633279,0.294142042342873,0.2878051305355643,-0.37752675177553935,-1.3707406349983307,67,
RNA POLYMERASE II HIV PROMOTER ESCAPE%REACTOME%R-HSA-167162.5,0.3682983682983683,0.64124918172129175,0.10552093684319848,-0.3094703959665494,-1.0471899496854955,46,
RNA POLYMERASE II PRE-TRANSCRIPTION EVENTS%REACTOME DATABASE ID RELEASE 93%674695,0.5600961538461539,0.8075464019418321,0.08289621345715653,-0.26073842742376774,-0.9513325929117555,78,
RNA POLYMERASE II PREINITIATION COMPLEX ASSEMBLY%GOBP%GO:0051123,0.9028436018957346,1,0.0582216241124161,-0.22847453806571788,-0.7703836899077806,47,
RNA POLYMERASE II PROMOTER ESCAPE%REACTOME DATABASE ID RELEASE 93%73776,0.3682983682983683,0.64124918172129175,0.10552093684319848,-0.3094703959665494,-1.0471899496854955,46,
RNA POLYMERASE II TRANSCRIBES SNRNA GENES%REACTOME%R-HSA-6807505.4,0.9696969696969697,1,0.054120056962023176,-0.19642037254833972,-0.7109644058443035,72,
RNA POLYMERASE II TRANSCRIPTION ELONGATION%REACTOME%R-HSA-75955.4,0.7040358744394619,0.8988809019790746,0.0675188953767744,-0.2532626030069074,-0.8951726257892648,56,
RNA POLYMERASE II TRANSCRIPTION INITIATION AND PROMOTER CLEARANCE%REACTOME%R-HSA-76042.5,0.3682983682983683,0.64124918172129175,0.10552093684319848,-0.3094703959665494,-1.0471899496854955,46,
RNA POLYMERASE II TRANSCRIPTION INITIATION SURVEILLANCE%GOBP%GO:0160240,0.6422594142259415,0.8644363627517758,0.06863256318367258,-0.3262024230193385,-0.8841596533443092,19,
RNA POLYMERASE II TRANSCRIPTION INITIATION%REACTOME%R-HSA-75953.4,0.3682983682983683,0.64124918172129175,0.10552093684319848,-0.3094703959665494,-1.0471899496854955,46,
RNA POLYMERASE II TRANSCRIPTION PRE-INITIATION AND PROMOTER OPENING%REACTOME%R-HSA-73779.4,0.3682983682983683,0.64124918172129175,0.10552093684319848,-0.3094703959665494,-1.0471899496854955,46,
RNA POLYMERASE II TRANSCRIPTION TERMINATION%REACTOME DATABASE ID RELEASE 93%73856,6.752220258016714e-4,0.008281531071421823,0.47727081536286214,-0.5050938014705569,-1.8336075492746977,64,
RNA POLYMERASE II TRANSCRIPTION THE PREINITIATION COMPLEX%WIKIPATHWAYS_20250810%WP5563%HOMO SAPIENS,0.7438752783964365,0.9209877343507633,0.06450312496564929,-0.24397264404628818,-0.8816859473327362,62,
RNA POLYMERASE III ABORTIVE AND RETRACTIVE INITIATION%REACTOME%R-HSA-749476.4,0.2623318385650224,0.5376302822085077,0.12563992130984047,-0.33701847237998156,-1.1190718579158578,41,
RNA POLYMERASE III CHAIN ELONGATION%REACTOME DATABASE ID RELEASE 93%73780,0.25210084033613445,0.5263706384470361,0.12384217120104962,-0.439911278686166,-1.1702940106484043,18,
RNA POLYMERASE III TRANSCRIPTION INITIATION FROM TYPE 1 PROMOTER%REACTOME%R-HSA-76061.4,0.22199170124481327,0.4977792661003207,0.13214726060877433,-0.3848759400906105,-1.1643183673439035,28,
RNA POLYMERASE III TRANSCRIPTION INITIATION FROM TYPE 2 PROMOTER%REACTOME%R-HSA-76066.4,0.3347457627118644,0.604828441504754,0.10552093684319848,-0.3660782007916409,-1.0869554385225406,27,
RNA POLYMERASE III TRANSCRIPTION INITIATION FROM TYPE 3 PROMOTER%REACTOME%R-HSA-76071.4,0.7842323651452282,0.9482470121320756,0.05859375689456714,-0.2683879842480238,-0.811921523493549,28,
RNA POLYMERASE III TRANSCRIPTION INITIATION%REACTOME%R-HSA-76046.4,0.5626373626373626,0.8092513868539684,0.07788401119770678,-0.29648431260659436,-0.9483058576444583,36,
RNA POLYMERASE III TRANSCRIPTION TERMINATION%REACTOME%R-HSA-73980.5,0.0875,0.3021959506766655,0.21925034670375515,-0.47522075758327403,-1.3595190991740895,23,
RNA POLYMERASE III TRANSCRIPTION%REACTOME DATABASE ID RELEASE 93%74158,0.2623318385650224,0.5376302822085077,0.12563992130984047,-0.33701847237998156,-1.1190718579158578,41,
RNA STABILIZATION%GOBP%GO:0043489,0.1625,0.43085078575088087,0.1446305280344838,0.3682219708131794,1.2161608948620999,54,
RNA SURVEILLANCE%GOBP%GO:0071025,0.39823008849557523,0.669150960683619,0.09754492162471996,-0.3188987196153299,-1.0352036394521602,38,
RNA TRANSPORT%GOBP%GO:0050658,0.15,0.41261975330313194,0.17669426893849804,-0.30946638958256195,-1.1885682450527466,95,
RNA-TEMPLATED DNA BIOSYNTHETIC PROCESS%GOBP%GO:0006278,0.16075156576200417,0.42877373949769326,0.15851410542482433,-0.43524646705563297,-1.23192123115031,22,
RND1 GTPASE CYCLE%REACTOME DATABASE ID RELEASE 93%9696273,0.951310861423221,1,0.04495430676400623,0.2184387728590678,0.6627524524528142,35,
RND2 GTPASE CYCLE%REACTOME DATABASE ID RELEASE 93%9696270,0.994535519125683,1,0.041655677397946726,0.1823020680423153,0.5664765763759294,39,
RND3 GTPASE CYCLE%REACTOME DATABASE ID RELEASE 93%9696264,0.9835466179159049,1,0.04233183935185304,0.19577356884177,0.5998849679482431,36,
ROFECOXIB ACTION PATHWAY%SMPDB%SMP0000087,0.20373831775700935,0.4784319921631209,0.13077713797197438,0.4780504855616798,1.235397823648238,16,
ROLE OF CALCINEURIN-DEPENDENT NFAT SIGNALING IN LYMPHOCYTES%PATHWAY INTERACTION DATABASE NCI-NATURE CURATED DATA%ROLE OF CALCINEURIN-DEPENDENT NFAT SIGNALING IN LYMPHOCYTES,0.5630841121495327,0.8092821960453811,0.08108020575508663,-0.2805360928202058,-0.952612496046106,48,
ROLE OF PHOSPHOLIPIDS IN PHAGOCYTOSIS%REACTOME%R-HSA-2029485.3,0.042997327344338615,0.20809507902887225,0.3217759180753611,0.584980607137926,1.515943549389089,17,
ROOF OF MOUTH DEVELOPMENT%GOBP%GO:0060021,0.09808102345415778,0.32185062176566,0.2089550275493539,-0.4313573360571092,-1.3122348838497464,29,
ROPIVACAINE ACTION PATHWAY%PATHWHIZ%PW000410,0.23106060606060605,0.4977792661003207,0.12267918956880833,0.436121700543469,1.1946677967471409,20,
"RORA,B,C AND NR1D1 (REV-ERBA) REGULATE GENE EXPRESSION%REACTOME%R-HSA-9933387.1",0.16091954022988506,0.42901581838639224,0.15114876138548375,0.4500673207092153,1.2684761511344746,23,
ROS AND RNS PRODUCTION IN PHAGOCYTES%REACTOME%R-HSA-1222556.11,0.6679389312977099,0.8787478377858928,0.06224904294985801,0.30092713284124595,0.8568329999560745,24,
ROSUVASTATIN ACTION PATHWAY%SMPDB%SMP0000092,3.8789317577938914e-4,0.005082864350543128,0.49849310876659025,-0.7175340885269536,-1.9888949541423213,21,
RRNA METABOLIC PROCESS%GOBP%GO:0016072,1,1,0.03738064947584734,0.11975278494769404,0.47824337854479376,194,
RRNA METHYLATION%GOBP%GO:0031167,0.81419624217119,0.9655654901820986,0.05712585100181134,-0.2724170477253198,-0.7710489808001428,22,
RRNA MODIFICATION IN THE NUCLEUS AND CYTOSOL%REACTOME DATABASE ID RELEASE 93%6790901,0.9946808510638298,1,0.040411448203437554,0.15077213993066496,0.5067231096827172,59,
RRNA MODIFICATION%GOBP%GO:0000154,0.6517094017094017,0.8701988550582638,0.06895673516728111,-0.2813507505370405,-0.8801445057380911,32,
RRNA PROCESSING IN THE MITOCHONDRION%REACTOME%R-HSA-8868766.4,0.07068607068607069,0.2674239507123604,0.24504178543099617,-0.543618503530868,-1.4394309968758945,17,
RRNA PROCESSING IN THE NUCLEUS AND CYTOSOL%REACTOME DATABASE ID RELEASE 93%8868773,0.06942148760330578,0.26563759306058327,0.21925034670375515,0.3135373851481886,1.248188965393511,187,
RRNA PROCESSING%GOBP%GO:0006364,1,1,0.05524956631252492,-0.11659682852859747,-0.4784150455016004,165,
RRNA TRANSCRIPTION%GOBP%GO:0009303,0.9943502824858758,1,0.04319019983341822,0.17059674275293968,0.47230759119382126,21,
RSV-HOST INTERACTIONS%REACTOME%R-HSA-9833110.2,0.8818493150684932,0.9942278397971891,0.0443293451680314,0.22227768748715615,0.7807508938253855,77,
RUNX1 INTERACTS WITH CO-FACTORS WHOSE PRECISE EFFECT ON RUNX1 TARGETS IS NOT KNOWN%REACTOME%R-HSA-8939243.3,0.9956043956043956,1,0.05019342526494341,-0.16709095715647648,-0.5344408681789445,36,
RUNX1 REGULATES GENES INVOLVED IN MEGAKARYOCYTE DIFFERENTIATION AND PLATELET FUNCTION%REACTOME DATABASE ID RELEASE 93%8936459,0.5397196261682243,0.7945506548246274,0.0833634065110386,-0.2837242498270825,-0.9634384763097369,48,
RUNX1 REGULATES TRANSCRIPTION OF GENES INVOLVED IN DIFFERENTIATION OF HSCS%REACTOME DATABASE ID RELEASE 93%8939236,0.006806694164197213,0.05545160231126058,0.40701791892395395,-0.44308982687342136,-1.6055394865962493,71,
RUNX2 REGULATES BONE DEVELOPMENT%REACTOME%R-HSA-8941326.2,0.684322033898305,0.8904199579248203,0.06613262047584399,-0.29718572615655175,-0.8824006471802746,27,
RUNX2 REGULATES OSTEOBLAST DIFFERENTIATION%REACTOME%R-HSA-8940973.2,0.847457627118644,0.9824435490476766,0.05049830441007088,0.26678928199216245,0.7386225616073555,21,
RXR AND RAR HETERODIMERIZATION WITH OTHER NUCLEAR RECEPTOR%PATHWAY INTERACTION DATABASE NCI-NATURE CURATED DATA%RXR AND RAR HETERODIMERIZATION WITH OTHER NUCLEAR RECEPTOR,0.8680688336520076,0.9914369289497759,0.05009228744021063,0.2572344250434241,0.7174738758013273,22,
S PHASE%REACTOME%R-HSA-69242.5,8.91247312715967e-18,2.1529435084564836e-15,1.0864405425824981,-0.6371360721097133,-2.5673489375229375,149,
S1P RECEPTOR SIGNAL TRANSDUCTION%WIKIPATHWAYS_20250810%WP26%HOMO SAPIENS,0.8493723849372385,0.9830405426266378,0.05524956631252492,-0.2711879962351421,-0.7350450757632367,19,
S1P1 PATHWAY%PATHWAY INTERACTION DATABASE NCI-NATURE CURATED DATA%S1P1 PATHWAY,0.15700934579439252,0.4228521208112675,0.15114876138548375,0.49655117399696125,1.2832080673761297,16,
S1P2 PATHWAY%PATHWAY INTERACTION DATABASE NCI-NATURE CURATED DATA%S1P2 PATHWAY,0.7286012526096033,0.9133818951938077,0.06238614928936257,-0.29551962537411364,-0.8364384969802016,22,
S1P3 PATHWAY%PATHWAY INTERACTION DATABASE NCI-NATURE CURATED DATA%S1P3 PATHWAY,0.11864406779661017,0.3619914556166755,0.17669426893849804,0.4872467089451796,1.348972528463174,21,
SALICYLATE-SODIUM ACTION PATHWAY%SMPDB%SMP0000708,0.20373831775700935,0.4784319921631209,0.13077713797197438,0.4780504855616798,1.235397823648238,16,
SALICYLIC ACID ACTION PATHWAY%SMPDB%SMP0000709,0.20373831775700935,0.4784319921631209,0.13077713797197438,0.4780504855616798,1.235397823648238,16,
SALLA DISEASE INFANTILE SIALIC ACID STORAGE DISEASE%SMPDB%SMP0000240,0.27850467289719627,0.5538196000776029,0.10925003948071095,0.4502468991196039,1.1635466463823079,16,
SALSALATE ACTION PATHWAY%SMPDB%SMP0000707,0.20373831775700935,0.4784319921631209,0.13077713797197438,0.4780504855616798,1.235397823648238,16,
SARCOMERE ORGANIZATION%GOBP%GO:0045214,0.4029535864978903,0.6735289189477373,0.09405034657278127,-0.3711250435168561,-1.0234316200423665,20,
SARCOSINEMIA%SMPDB%SMP0000244,0.004008623686920783,0.036038694505715,0.40701791892395395,0.6395092214137088,1.8024019040430992,23,
SARS CORONAVIRUS AND INNATE IMMUNITY%WIKIPATHWAYS_20250810%WP4912%HOMO SAPIENS,0.508411214953271,0.7728406868072157,0.07473852274390924,0.3783532781338681,0.9777561795122355,16,
SARS COV 2 INNATE IMMUNITY EVASION AND CELL SPECIFIC IMMUNE RESPONSE%WIKIPATHWAYS_20250810%WP5039%HOMO SAPIENS,0.36429872495446264,0.6388277956307673,0.09139243259437684,0.3411964595869687,1.0602172776973147,39,
SARS-COV-1 ACTIVATES MODULATES INNATE IMMUNE RESPONSES%REACTOME DATABASE ID RELEASE 93%9692916,0.5880149812734082,0.8281397302801156,0.0675188953767744,0.30502817200719723,0.9254683425428191,35,
SARS-COV-1 INFECTION%REACTOME DATABASE ID RELEASE 93%9678108,0.007068351708715728,0.057247466608782195,0.40701791892395395,0.392291647753467,1.4782797917673898,127,
SARS-COV-1 MODULATES HOST TRANSLATION MACHINERY%REACTOME DATABASE ID RELEASE 93%9735869,0.0012486629655125527,0.014043666875278832,0.45505986738722953,0.6027097342569442,1.846809616619094,36,
SARS-COV-1-HOST INTERACTIONS%REACTOME DATABASE ID RELEASE 93%9692914,0.046441967548881614,0.2188562949122869,0.3217759180753611,0.38788692472184383,1.3769222634776541,87,
SARS-COV-2 ACTIVATES MODULATES INNATE AND ADAPTIVE IMMUNE RESPONSES%REACTOME%R-HSA-9705671.3,0.5687203791469194,0.8125417845204422,0.08130273453844984,-0.24566458541561387,-0.9414253893112255,94,
SARS-COV-2 MODULATES HOST TRANSLATION MACHINERY%REACTOME%R-HSA-9754678.3,0.301056338028169,0.579416069812396,0.10063338942303625,0.34273159826791944,1.1079955822953735,49,
SARS-COV-2-HOST INTERACTIONS%REACTOME%R-HSA-9705683.4,0.9900990099009901,1,0.037302976483267865,0.1842829007694285,0.7263964787793387,169,
SCF(SKP2)-MEDIATED DEGRADATION OF P27 P21%REACTOME%R-HSA-187577.5,6.463888692862853e-4,0.008001164834292303,0.47727081536286214,-0.5348746339501684,-1.8344692425009805,49,
SCF-BETA-TRCP MEDIATED DEGRADATION OF EMI1%REACTOME DATABASE ID RELEASE 93%174113,0.0028908607616596163,0.027644788970362873,0.4317076958033464,-0.5348125318554008,-1.7821378430641757,42,
SCF-DEPENDENT PROTEASOMAL UBIQUITIN-DEPENDENT PROTEIN CATABOLIC PROCESS%GOBP%GO:0031146,0.9280575539568345,1,0.04424074234773751,0.2146136169222695,0.6723220881462632,41,
SEALING OF THE NUCLEAR ENVELOPE (NE) BY ESCRT-III%REACTOME DATABASE ID RELEASE 93%9668328,0.2803738317757009,0.5559446857051371,0.10882012676916121,0.39230791088747213,1.131616223051807,25,
SECONDARY ALCOHOL BIOSYNTHETIC PROCESS%GOBP%GO:1902653,5.441642146239362e-4,0.006855728744785918,0.47727081536286214,-0.6396244584304444,-1.934978073655719,28,
SECONDARY ALCOHOL METABOLIC PROCESS%GOBP%GO:1902652,0.03716825466368664,0.18620993950535883,0.3217759180753611,-0.42040237307335027,-1.5192804341366342,62,
SECONDARY METABOLIC PROCESS%GOBP%GO:0019748,0.8029978586723768,0.9593791741260167,0.05896944666909967,-0.29285520236949675,-0.7610802077430765,16,
SECRETORY GRANULE ORGANIZATION%GOBP%GO:0033363,0.1903914590747331,0.4686818549487005,0.13214726060877433,0.3776932522478156,1.1966745615186898,43,
SEGMENTATION%GOBP%GO:0035282,0.10920770877944326,0.3435775934193583,0.19782202131510335,-0.5169295156248614,-1.3434107366271457,16,
SELECTIVE AUTOPHAGY%REACTOME%R-HSA-9663891.5,0.6068840579710145,0.8393945297702157,0.06435833679173605,0.26728597624616124,0.9124883831000233,65,
SELENIUM METABOLISM AND SELENOPROTEINS%WIKIPATHWAYS_20250810%WP28%HOMO SAPIENS,0.7985212569316081,0.9571918238429373,0.052375908409799665,0.2642590477826213,0.8027879128028553,34,
SELENIUM MICRONUTRIENT NETWORK%WIKIPATHWAYS_20250810%WP15%HOMO SAPIENS,0.8347639484978541,0.9766158134036802,0.057246113520288446,-0.25090312666869646,-0.7895782811827354,33,
SELENOAMINO ACID METABOLISM%REACTOME DATABASE ID RELEASE 93%2408522,1.4338997886408927e-7,4.65891650625076e-6,0.6901324587967956,0.5691519583998966,2.0899241241407482,110,
SELENOCYSTEINE SYNTHESIS%REACTOME DATABASE ID RELEASE 93%2408557,1.597402520926476e-7,5.1301551481315035e-6,0.6901324587967956,0.5909060276315514,2.108251656527028,89,
SEMA3A PAK DEPENDENT AXON REPULSION%REACTOME%R-HSA-399954.4,0.7158878504672898,0.9055881396709798,0.05797547575714859,0.3141469779539765,0.8118316048022086,16,
SEMA4D IN SEMAPHORIN SIGNALING%REACTOME DATABASE ID RELEASE 93%400685,0.9980842911877394,1,0.04380020312998911,0.15759642580869837,0.444172012594369,23,
SEMA4D INDUCED CELL MIGRATION AND GROWTH-CONE COLLAPSE%REACTOME%R-HSA-416572.5,0.9058577405857741,1,0.052269331749930564,-0.25719626524205547,-0.6971210042311228,19,
SEMAPHORIN INTERACTIONS%REACTOME%R-HSA-373755.3,0.8425720620842572,0.9814109804905938,0.058345277674361214,-0.22953229753858914,-0.8258668051862947,60,
SEMAPHORIN-PLEXIN SIGNALING PATHWAY%GOBP%GO:0071526,0.30895795246800734,0.5857125139526231,0.10135074379709887,0.36256632152683604,1.1109675706225024,36,
SEMI-LUNAR VALVE DEVELOPMENT%GOBP%GO:1905314,0.5009107468123861,0.7660501264215848,0.07417589655880091,0.3112613102437276,0.9671982511148778,39,
SENESCENCE AND AUTOPHAGY IN CANCER%WIKIPATHWAYS_20250810%WP615%HOMO SAPIENS,0.0588947708533924,0.24399766536524,0.3217759180753611,0.4073601347731636,1.3935648987370697,67,
SENESCENCE ASSOCIATED SECRETORY PHENOTYPE SASP %WIKIPATHWAYS_20250810%WP3391%HOMO SAPIENS,0.056804985463221984,0.24149362837103622,0.3217759180753611,-0.3993928884757219,-1.4075098682028713,54,
SENESCENCE-ASSOCIATED SECRETORY PHENOTYPE (SASP)%REACTOME%R-HSA-2559582.4,0.10154525386313466,0.32820560236391866,0.2089550275493539,-0.35229326741989614,-1.2742048503087033,61,
SENSORY ORGAN DEVELOPMENT%GOBP%GO:0007423,0.228287841191067,0.4977792661003207,0.14375898903927542,-0.2605402813677439,-1.0877668667914058,194,
SENSORY ORGAN MORPHOGENESIS%GOBP%GO:0090596,0.27817745803357313,0.5538196000776029,0.12625398784911535,-0.2827165047083264,-1.0849853720477713,98,
SENSORY PERCEPTION OF CHEMICAL STIMULUS%GOBP%GO:0007606,0.390057361376673,0.6603164837930515,0.09026354843400684,0.3739700024478265,1.0430707594614506,22,
SENSORY PERCEPTION OF LIGHT STIMULUS%GOBP%GO:0050953,0.1381692573402418,0.39322491917193453,0.1552419662288392,0.34871270723324166,1.2213226864578595,76,
SENSORY PERCEPTION OF MECHANICAL STIMULUS%GOBP%GO:0050954,0.07081174438687392,0.26745754711996705,0.22205604614524838,0.3721265931695703,1.308756742991751,79,
SENSORY PERCEPTION OF PAIN%GOBP%GO:0019233,0.49044585987261147,0.7554281889302598,0.0833634065110386,-0.3509526368196044,-0.972787132589637,21,
SENSORY PERCEPTION OF SOUND%GOBP%GO:0007605,0.08551483420593368,0.2973219141728208,0.20207170902115992,0.37657847354505447,1.308185429193166,72,
"SENSORY PERCEPTION OF SWEET, BITTER, AND UMAMI (GLUTAMATE) TASTE%REACTOME%R-HSA-9717207.2",0.5454545454545454,0.7968828436879974,0.07182762936038092,0.3346841134466461,0.9167999022275721,20,
SENSORY PERCEPTION OF TASTE%REACTOME%R-HSA-9717189.3,0.5198329853862212,0.7793286742595373,0.07934349601349727,-0.33702669888562764,-0.9539200826382304,22,
SENSORY PERCEPTION%GOBP%GO:0007600,0.010430927618063045,0.07507025109580087,0.3807304007227924,0.35083284123820047,1.397819729228328,188,
SENSORY PERCEPTION%REACTOME DATABASE ID RELEASE 93%9709957,0.04222972972972973,0.2058143669985775,0.2878571172551493,0.3521494364884058,1.334299693874132,131,
SENSORY PROCESSING OF SOUND BY INNER HAIR CELLS OF THE COCHLEA%REACTOME%R-HSA-9662360.2,0.0677361853832442,0.2622594048705957,0.23112670967383428,0.4256245793069594,1.355521253022657,45,
SENSORY PROCESSING OF SOUND BY OUTER HAIR CELLS OF THE COCHLEA%REACTOME%R-HSA-9662361.2,0.5373134328358209,0.7933584709874001,0.07182762936038092,0.31674732208864487,0.9544254361531447,33,
SENSORY PROCESSING OF SOUND%REACTOME DATABASE ID RELEASE 93%9659379,0.09591474245115453,0.3173926796060837,0.19189224038483796,0.40606592493678295,1.3127277034556635,50,
SENSORY SYSTEM DEVELOPMENT%GOBP%GO:0048880,0.07341772151898734,0.27394819392847125,0.26635065708852557,-0.3118687721317327,-1.2419664476808412,143,
SEPARATION OF SISTER CHROMATIDS%REACTOME%R-HSA-2467813.4,4.1746827380307825e-14,6.268793862837575e-12,0.9653277542260832,-0.5953273425601747,-2.403955114310281,155,
SERINE FAMILY AMINO ACID METABOLIC PROCESS%GOBP%GO:0009069,0.033127318556435845,0.17217528709032512,0.3217759180753611,0.589820044445474,1.6329531263871335,21,
SEROTONIN HTR1 GROUP AND FOS PATHWAY%WIKIPATHWAYS_20250810%WP722%HOMO SAPIENS,0.7705544933078394,0.9374207936979101,0.05559470977588687,0.28443230899806043,0.7933337503544068,22,
SEX DIFFERENTIATION%GOBP%GO:0007548,0.06901229760566427,0.26498432999106475,0.2878051305355643,-0.38834996919620235,-1.3972994292898715,60,
SHC1 EVENTS IN ERBB2 SIGNALING%REACTOME DATABASE ID RELEASE 93%1250196,0.015815753233886617,0.10265458524237622,0.35248785758361917,0.6516291830091819,1.645818088841616,15,
SHP2 SIGNALING%PATHWAY INTERACTION DATABASE NCI-NATURE CURATED DATA%SHP2 SIGNALING,0.0033338594540690252,0.031235958055324628,0.4317076958033464,0.5312407628419467,1.691885712232064,45,
SIALIC ACID METABOLISM%REACTOME DATABASE ID RELEASE 93%4085001,0.8244111349036403,0.9710469081035882,0.05773085492998127,-0.27077752537875893,-0.7846333085102368,25,
SIALURIA OR FRENCH TYPE SIALURIA%SMPDB%SMP0000216,0.27850467289719627,0.5538196000776029,0.10925003948071095,0.4502468991196039,1.1635466463823079,16,
SIGNAL AMPLIFICATION%REACTOME DATABASE ID RELEASE 93%392518,0.059957173447537475,0.24712318670216485,0.27128855468895297,-0.4745993451038686,-1.383632607939174,26,
SIGNAL RELEASE FROM SYNAPSE%GOBP%GO:0099643,0.06227758007117438,0.2505533923790332,0.24133997681509095,0.4246041910513991,1.3890785292974062,52,
SIGNAL RELEASE%GOBP%GO:0023061,0.046632124352331605,0.2190093684713055,0.27650059925447157,0.3877906809471672,1.3689637936717862,81,
SIGNAL TRANSDUCTION BY L1%REACTOME%R-HSA-445144.3,0.11742424242424243,0.3600491671683725,0.17821987495197314,0.4928799060262942,1.3501454998905318,20,
SIGNAL TRANSDUCTION BY P53 CLASS MEDIATOR%GOBP%GO:0072331,0.19406392694063926,0.4731106529540112,0.15016980212840597,-0.3204413637291408,-1.1460173853229219,59,
SIGNAL TRANSDUCTION IN ABSENCE OF LIGAND%GOBP%GO:0038034,0.7337526205450734,0.9151261982153677,0.06224904294985801,-0.31261395638027745,-0.7962926307574866,15,
SIGNAL TRANSDUCTION IN RESPONSE TO DNA DAMAGE%GOBP%GO:0042770,2.80508355063696e-5,5.606131009834154e-4,0.5756102610711286,-0.4631924607022749,-1.8230068087311437,122,
SIGNAL TRANSDUCTION THROUGH IL1R%WIKIPATHWAYS_20250810%WP4496%HOMO SAPIENS,0.9809160305343512,1,0.04441811530815725,0.20716755737189563,0.5551141545676732,19,
SIGNALING BY ALK FUSIONS AND ACTIVATED POINT MUTANTS%REACTOME DATABASE ID RELEASE 93%9725370,0.6580310880829016,0.8740188203176191,0.0582216241124161,0.2557637761196365,0.902887476267799,81,
SIGNALING BY ALK IN CANCER%REACTOME DATABASE ID RELEASE 93%9700206,0.6580310880829016,0.8740188203176191,0.0582216241124161,0.2557637761196365,0.902887476267799,81,
SIGNALING BY ALK%REACTOME%R-HSA-201556.5,0.37404580152671757,0.6468093598762661,0.09255288646847727,0.3755477517447588,1.0693010753668952,24,
SIGNALING BY BMP%REACTOME%R-HSA-201451.6,0.41682242990654206,0.6888356396670873,0.08528846897905017,0.3556014334339861,1.0257360095137102,25,
SIGNALING BY BRAF AND RAF1 FUSIONS%REACTOME DATABASE ID RELEASE 93%6802952,0.08243727598566308,0.29188836529662515,0.2089550275493539,0.39627130899351504,1.319448598686229,57,
SIGNALING BY CSF1 (M-CSF) IN MYELOID CELLS%REACTOME%R-HSA-9680350.3,0.009669761653735655,0.07144307945233418,0.3807304007227924,0.5961960955264759,1.7371834530020682,26,
SIGNALING BY CSF3 (G-CSF)%REACTOME%R-HSA-9674555.4,0.01635903560275465,0.10544176543956477,0.35248785758361917,0.5784758709936865,1.6855506411255334,26,
SIGNALING BY CTNNB1 PHOSPHO-SITE MUTANTS%REACTOME DATABASE ID RELEASE 93%4839743,0.9980952380952381,1,0.04353782409140024,0.1664934480501723,0.4205120575005376,15,
SIGNALING BY CYTOSOLIC FGFR1 FUSION MUTANTS%REACTOME%R-HSA-1839117.4,0.07476635514018691,0.2767500793863281,0.22496609354031374,0.5510706155381176,1.424099461613134,16,
SIGNALING BY EGFR IN CANCER%REACTOME%R-HSA-1643713.4,0.22916666666666666,0.4977792661003207,0.12325722638133735,0.43735644263268547,1.1980501246832125,20,
SIGNALING BY EGFR%REACTOME%R-HSA-177929.6,0.427797833935018,0.6992776597066667,0.08197787965012722,0.3233180570131402,1.023478564887614,44,
SIGNALING BY ERBB2 IN CANCER%REACTOME%R-HSA-1227990.6,0.08778625954198473,0.3021959506766655,0.2089550275493539,0.5194483617772179,1.3918836609724936,19,
SIGNALING BY ERBB2 KD MUTANTS%REACTOME%R-HSA-9664565.3,0.049429657794676805,0.22473909877841597,0.28201335001172506,0.5523887735367525,1.46668134071489,18,
SIGNALING BY ERBB2 TMD JMD MUTANTS%REACTOME DATABASE ID RELEASE 93%9665686,0.03522412779439436,0.17872625938415987,0.3217759180753611,0.6143324009385931,1.5516177058816438,15,
SIGNALING BY ERBB2%REACTOME%R-HSA-1227986.10,0.08050089445438283,0.2885567545732587,0.2114001893849227,0.42107186676376807,1.324925078225833,42,
SIGNALING BY ERBB4%REACTOME DATABASE ID RELEASE 93%1236394,0.14412811387900357,0.40406905391769166,0.15419096658142434,0.39703365168072857,1.2579522355921253,43,
SIGNALING BY ERYTHROPOIETIN%REACTOME DATABASE ID RELEASE 93%9006335,0.08789572647471047,0.3021959506766655,0.2878051305355643,0.5641122799868075,1.4978091423317745,18,
SIGNALING BY FGFR IN DISEASE%REACTOME%R-HSA-1226099.7,0.5637931034482758,0.8095230011882533,0.06553210292824141,0.2892156770575704,0.9347865520149988,47,
SIGNALING BY FGFR%REACTOME%R-HSA-190236.4,0.42124542124542125,0.6928477088334992,0.08359906036841593,0.3010431964997876,1.0240075937458535,64,
SIGNALING BY FGFR1 IN DISEASE%REACTOME%R-HSA-5655302.4,0.06037735849056604,0.24793540559762373,0.2529611230696109,0.48585276127277427,1.4171846995840223,27,
SIGNALING BY FGFR1%REACTOME DATABASE ID RELEASE 93%5654736,0.5374531835205992,0.7933584709874001,0.07200331366198796,0.314787698304992,0.9550791570698459,35,
SIGNALING BY FGFR2 IIIA TM%REACTOME%R-HSA-8851708.2,0.694560669456067,0.8930876357806398,0.06479433660007268,-0.3163695079559562,-0.8575078992177351,19,
SIGNALING BY FGFR2 IN DISEASE%REACTOME%R-HSA-5655253.3,0.8278008298755186,0.9723758453159346,0.05605958750323349,-0.25665184129656027,-0.7764175977429665,28,
SIGNALING BY FGFR2%REACTOME%R-HSA-5654738.4,0.1512455516014235,0.4128583530251015,0.15016980212840597,0.3754780186337016,1.2283638854710917,52,
SIGNALING BY FGFR3%REACTOME%R-HSA-5654741.4,0.30467289719626167,0.5827065806617658,0.1035763266125924,0.3800373410882363,1.107344689801091,26,
SIGNALING BY FGFR4%REACTOME%R-HSA-5654743.4,0.7358490566037735,0.9162656563179215,0.05712585100181134,0.2793848801494391,0.8149382055700755,27,
SIGNALING BY FLT3 FUSION PROTEINS%REACTOME DATABASE ID RELEASE 93%9703465,0.03400370092978742,0.17541742095255236,0.3217759180753611,0.6071963034592269,1.5691417841348467,16,
SIGNALING BY GSK3BETA MUTANTS%REACTOME%R-HSA-5339716.5,0.9980952380952381,1,0.04353782409140024,0.1664934480501723,0.4205120575005376,15,
SIGNALING BY HEDGEHOG%REACTOME DATABASE ID RELEASE 93%5358351,1,1,0.054680848878544186,-0.1685513350094384,-0.6571652180642419,117,
SIGNALING BY HIGH-KINASE ACTIVITY BRAF MUTANTS%REACTOME DATABASE ID RELEASE 93%6802948,0.48132780082987553,0.7488818990229035,0.083129129135339,-0.32969085785759106,-0.9973736504770572,28,
SIGNALING BY HIPPO%REACTOME%R-HSA-2028269.3,0.07740585774058577,0.28349831615470966,0.2343926472946861,-0.5194689741960682,-1.4080015221747477,19,
SIGNALING BY INSULIN RECEPTOR%REACTOME DATABASE ID RELEASE 93%74752,0.08214285714285714,0.2918356226509892,0.2089550275493539,0.39582205034632334,1.3073182403870454,54,
SIGNALING BY KIT IN DISEASE%REACTOME DATABASE ID RELEASE 93%9669938,0.15047619047619049,0.41261975330313194,0.1563124030731863,0.5164608757025865,1.3044238557350203,15,
SIGNALING BY LIGAND-RESPONSIVE EGFR VARIANTS IN CANCER%REACTOME%R-HSA-5637815.3,0.8464491362763915,0.9824435490476766,0.0514264916187015,0.2839024818008192,0.7357169292281011,17,
SIGNALING BY MET%REACTOME%R-HSA-6806834.4,0.04401408450704225,0.21099417905187812,0.2878571172551493,0.42042137439061467,1.4123621680620473,58,
SIGNALING BY MODERATE KINASE ACTIVITY BRAF MUTANTS%REACTOME%R-HSA-6802946.3,0.9911504424778761,1,0.050702793702934776,-0.1700841184149154,-0.5521241935637692,38,
SIGNALING BY NON-RECEPTOR TYROSINE KINASES%REACTOME DATABASE ID RELEASE 93%9006927,0.19482758620689655,0.4741401966559427,0.1281429168984153,0.36639600199105365,1.1842444325904238,47,
SIGNALING BY NOTCH%REACTOME DATABASE ID RELEASE 93%157118,0.14496314496314497,0.40487999569491284,0.18302393838448722,-0.2774498496105599,-1.1468949139258782,174,
SIGNALING BY NOTCH1 HD DOMAIN MUTANTS IN CANCER%REACTOME%R-HSA-2691230.3,0.6914285714285714,0.8930876357806398,0.060509298865666666,0.3283330321550523,0.8292698632519451,15,
SIGNALING BY NOTCH1 HD+PEST DOMAIN MUTANTS IN CANCER%REACTOME%R-HSA-2894858.3,0.8799283154121864,0.993914230701908,0.04650840487191565,0.2279060669707577,0.7588496413238366,57,
SIGNALING BY NOTCH1 IN CANCER%REACTOME%R-HSA-2644603.5,0.8799283154121864,0.993914230701908,0.04650840487191565,0.2279060669707577,0.7588496413238366,57,
SIGNALING BY NOTCH1 PEST DOMAIN MUTANTS IN CANCER%REACTOME%R-HSA-2644602.3,0.8799283154121864,0.993914230701908,0.04650840487191565,0.2279060669707577,0.7588496413238366,57,
SIGNALING BY NOTCH1%REACTOME DATABASE ID RELEASE 93%1980143,0.8342059336823735,0.9761685272829123,0.0477342401407188,0.22907894484743868,0.7957909408980337,72,
SIGNALING BY NOTCH2%REACTOME%R-HSA-1980145.4,0.7391304347826086,0.918293536594851,0.05700595265823873,0.2819377975770781,0.839564161224589,31,
SIGNALING BY NOTCH3%REACTOME DATABASE ID RELEASE 93%9012852,0.8009478672985783,0.9584463387273101,0.06392719333599958,-0.2516045924883544,-0.8483749480354283,47,
SIGNALING BY NOTCH4%REACTOME DATABASE ID RELEASE 93%9013694,0.9284116331096197,1,0.05423159354958409,-0.20764342550168063,-0.7512520715987516,70,
SIGNALING BY NTRK1 (TRKA)%REACTOME%R-HSA-187037.4,0.3835616438356164,0.6541032821211433,0.08504274637643215,0.2838045583042924,1.03811040620916,104,
SIGNALING BY NTRK2 (TRKB)%REACTOME%R-HSA-9006115.3,0.22900763358778625,0.4977792661003207,0.12384217120104962,0.4448965431512949,1.1921189377068708,19,
SIGNALING BY NTRKS%REACTOME%R-HSA-166520.6,0.26485568760611206,0.5408078648803963,0.1063232559327084,0.29382650966369595,1.1021370957699295,121,
SIGNALING BY PDGF%REACTOME DATABASE ID RELEASE 93%186797,0.007831904128747414,0.06068906462945695,0.3807304007227924,0.5201671068478104,1.6295323683379543,41,
SIGNALING BY PDGFR IN DISEASE%REACTOME DATABASE ID RELEASE 93%9671555,0.2334047109207709,0.5005579967915185,0.13077713797197438,-0.45457433346522963,-1.18136036290002,16,
"SIGNALING BY PHOSPHORYLATED JUXTAMEMBRANE, EXTRACELLULAR AND KINASE DOMAIN KIT MUTANTS%REACTOME%R-HSA-9670439.2",0.15047619047619049,0.41261975330313194,0.1563124030731863,0.5164608757025865,1.3044238557350203,15,
SIGNALING BY PTK6%REACTOME DATABASE ID RELEASE 93%8848021,0.19482758620689655,0.4741401966559427,0.1281429168984153,0.36639600199105365,1.1842444325904238,47,
SIGNALING BY RAF1 MUTANTS%REACTOME%R-HSA-9656223.2,0.98068669527897,1,0.0497903187820785,-0.19843039386568836,-0.6244494893432148,33,
SIGNALING BY RAS MUTANTS%REACTOME DATABASE ID RELEASE 93%6802949,0.9911504424778761,1,0.050702793702934776,-0.1700841184149154,-0.5521241935637692,38,
SIGNALING BY RETINOIC ACID%REACTOME%R-HSA-5362517.5,0.16916488222698073,0.4376304948930647,0.1563124030731863,-0.41396070822519315,-1.2068485559764475,26,
SIGNALING BY ROBO RECEPTORS%REACTOME DATABASE ID RELEASE 93%376176,0.34686971235194586,0.6202794083770232,0.08998607949971373,0.26087906694110014,1.0378626618728375,192,
SIGNALING BY SCF-KIT%REACTOME DATABASE ID RELEASE 93%1433557,0.062264150943396226,0.2505533923790332,0.24891111443470243,0.47112032418352434,1.3949860434326924,30,
SIGNALING BY TGF-BETA RECEPTOR COMPLEX%REACTOME DATABASE ID RELEASE 93%170834,0.8588850174216028,0.988189098528562,0.04632277857946331,0.22677635498836646,0.8030017305620459,85,
SIGNALING BY TGFB FAMILY MEMBERS%REACTOME DATABASE ID RELEASE 93%9006936,0.5182724252491694,0.7778286317353822,0.06783382634794552,0.2534539900096164,0.9669190050579703,137,
SIGNALING BY TGFBR3%REACTOME DATABASE ID RELEASE 93%9839373,0.9046762589928058,1,0.045405922659017876,0.22451468913705067,0.7033392698227623,41,
SIGNALING BY TYPE 1 INSULIN-LIKE GROWTH FACTOR 1 RECEPTOR (IGF1R)%REACTOME%R-HSA-2404192.5,0.03287963767003259,0.17152982807014183,0.3217759180753611,0.5470574050614961,1.5940041859480416,26,
SIGNALING BY VEGF%REACTOME DATABASE ID RELEASE 93%194138,0.059336823734729496,0.24529419097481925,0.24504178543099617,0.369382681493065,1.310524804822078,86,
SIGNALING BY WNT IN CANCER%REACTOME%R-HSA-4791275.5,0.7542213883677298,0.9268865369986965,0.055710422676667086,0.27880739467173454,0.8190406654876248,29,
SIGNALING DOWNSTREAM OF RAS MUTANTS%REACTOME DATABASE ID RELEASE 93%9649948,0.9911504424778761,1,0.050702793702934776,-0.1700841184149154,-0.5521241935637692,38,
SIGNALING EVENTS MEDIATED BY FOCAL ADHESION KINASE%PATHWAY INTERACTION DATABASE NCI-NATURE CURATED DATA%SIGNALING EVENTS MEDIATED BY FOCAL ADHESION KINASE,0.27419354838709675,0.5507522329495587,0.10755437526516934,0.3388741147025687,1.1172722286691128,55,
SIGNALING EVENTS MEDIATED BY HDAC CLASS I%PATHWAY INTERACTION DATABASE NCI-NATURE CURATED DATA%SIGNALING EVENTS MEDIATED BY HDAC CLASS I,0.9981916817359855,1,0.04115440187899028,0.15768634488515582,0.5349037899847879,62,
SIGNALING EVENTS MEDIATED BY HDAC CLASS II%PATHWAY INTERACTION DATABASE NCI-NATURE CURATED DATA%SIGNALING EVENTS MEDIATED BY HDAC CLASS II,0.42094017094017094,0.6927870329059793,0.09225972605273541,-0.33001239600384175,-1.0323718583078914,32,
SIGNALING EVENTS MEDIATED BY HDAC CLASS III%PATHWAY INTERACTION DATABASE NCI-NATURE CURATED DATA%SIGNALING EVENTS MEDIATED BY HDAC CLASS III,0.648854961832061,0.8678474164513555,0.06364240816510186,0.3046324817118793,0.8673832788848393,24,
SIGNALING EVENTS MEDIATED BY HEPATOCYTE GROWTH FACTOR RECEPTOR (C-MET)%PATHWAY INTERACTION DATABASE NCI-NATURE CURATED DATA%SIGNALING EVENTS MEDIATED BY HEPATOCYTE GROWTH FACTOR RECEPTOR (C-MET),0.11815068493150685,0.3615355990312525,0.16823816568963962,0.35759058626009127,1.2560377652041312,77,
SIGNALING EVENTS MEDIATED BY PRL%PATHWAY INTERACTION DATABASE NCI-NATURE CURATED DATA%SIGNALING EVENTS MEDIATED BY PRL,0.267223382045929,0.5436169613695235,0.11934844059101546,-0.4078508162754286,-1.1543806044207665,22,
SIGNALING EVENTS MEDIATED BY PTP1B%PATHWAY INTERACTION DATABASE NCI-NATURE CURATED DATA%SIGNALING EVENTS MEDIATED BY PTP1B,3.375377364000922e-5,6.557201620415777e-4,0.557332238758646,0.6400735376915676,2.014025511877912,42,
SIGNALING EVENTS MEDIATED BY STEM CELL FACTOR RECEPTOR (C-KIT)%PATHWAY INTERACTION DATABASE NCI-NATURE CURATED DATA%SIGNALING EVENTS MEDIATED BY STEM CELL FACTOR RECEPTOR (C-KIT),0.1256544502617801,0.37248480300187614,0.16440575583821013,0.3961749083127154,1.2749742733873723,46,
SIGNALING EVENTS MEDIATED BY TCPTP%PATHWAY INTERACTION DATABASE NCI-NATURE CURATED DATA%SIGNALING EVENTS MEDIATED BY TCPTP,0.0014304117072265587,0.015644424105021183,0.45505986738722953,0.5966718094988016,1.8370687474536953,37,
SIGNALING EVENTS MEDIATED BY THE HEDGEHOG FAMILY%PATHWAY INTERACTION DATABASE NCI-NATURE CURATED DATA%SIGNALING EVENTS MEDIATED BY THE HEDGEHOG FAMILY,0.39330543933054396,0.6635909568540851,0.09497515259055948,-0.37934083053908324,-1.0281893498041077,19,
SIGNALING EVENTS MEDIATED BY VEGFR1 AND VEGFR2%PATHWAY INTERACTION DATABASE NCI-NATURE CURATED DATA%SIGNALING EVENTS MEDIATED BY VEGFR1 AND VEGFR2,0.4159132007233273,0.6883567897583576,0.08359906036841593,0.29918863992319705,1.0149080285415228,62,
SIGNALING EVENTS REGULATED BY RET TYROSINE KINASE%PATHWAY INTERACTION DATABASE NCI-NATURE CURATED DATA%SIGNALING EVENTS REGULATED BY RET TYROSINE KINASE,0.6014625228519196,0.8358167854848086,0.06523530560177027,0.2998771407192212,0.9188767922709458,36,
SIGNALING MEDIATED BY P38-ALPHA AND P38-BETA%PATHWAY INTERACTION DATABASE NCI-NATURE CURATED DATA%SIGNALING MEDIATED BY P38-ALPHA AND P38-BETA,0.03125195944568408,0.1654870052584526,0.3217759180753611,0.5139446301292968,1.5381956765535207,32,
SIGNALING RECEPTOR LIGAND PRECURSOR PROCESSING%GOBP%GO:0140448,0.16348195329087048,0.43190952567003155,0.15851410542482433,-0.4502396250628355,-1.2479955067790012,21,
SIGNALLING TO ERKS%REACTOME DATABASE ID RELEASE 93%187687,0.9605809128630706,1,0.04919275210451909,-0.20556685025742574,-0.6218763880522282,28,
SIGNALLING TO RAS%REACTOME%R-HSA-167044.6,0.5660377358490566,0.8109607169616705,0.07511816352763015,-0.36477142028397447,-0.9291485167403615,15,
SIMVASTATIN ACTION PATHWAY%PATHWHIZ%PW000127,3.8789317577938914e-4,0.005082864350543128,0.49849310876659025,-0.7175340885269536,-1.9888949541423213,21,
SINGLE FERTILIZATION%GOBP%GO:0007338,0.4898419864559819,0.7554281889302598,0.08679497567717195,-0.2965346152418831,-0.988132341939807,42,
SIRT1 NEGATIVELY REGULATES RRNA EXPRESSION%REACTOME%R-HSA-427359.4,0.0032574195340740876,0.030674954120873947,0.4317076958033464,-0.6113035547196937,-1.7617199849914202,24,
SISTER CHROMATID COHESION%GOBP%GO:0007062,1.2516716882120782e-6,3.327410478328376e-5,0.6435518361507222,-0.6695463536732552,-2.223232681207843,41,
SISTER CHROMATID SEGREGATION%GOBP%GO:0000819,5.710464587671847e-18,1.669860065742357e-15,1.095929286431201,-0.6639693456012967,-2.638547060207387,130,
SKELETAL MUSCLE CONTRACTION%GOBP%GO:0003009,0.7945492662473794,0.95418098200267365,0.05846932103863807,-0.29621710966330744,-0.7545264589602794,15,
SKELETAL MUSCLE ORGAN DEVELOPMENT%GOBP%GO:0060538,0.08743169398907104,0.3021959506766655,0.20429475651688608,0.43152091596231357,1.340887098725597,39,
SKELETAL MUSCLE TISSUE DEVELOPMENT%GOBP%GO:0007519,0.07393715341959335,0.2753316517421318,0.22496609354031374,0.45753517194553994,1.389938050568465,34,
SKELETAL SYSTEM MORPHOGENESIS%GOBP%GO:0048705,4.022304089075758e-4,0.005233705273748223,0.49849310876659025,-0.48248928550702586,-1.759934054331639,75,
SKIN DEVELOPMENT%GOBP%GO:0043588,0.08064516129032258,0.2888875023398016,0.2114001893849227,0.3983372040681442,1.3263273262130229,57,
SKIN EPIDERMIS DEVELOPMENT%GOBP%GO:0098773,0.35372848948374763,0.628297790144406,0.09592067779217453,0.3836565088520675,1.0700881980941372,22,
SLC TRANSPORTER DISORDERS%REACTOME%R-HSA-5619102.8,0.7631578947368421,0.9314818240680788,0.06252374147247618,-0.23962575544649029,-0.8698970229056544,64,
SLC-MEDIATED TRANSMEMBRANE TRANSPORT%REACTOME DATABASE ID RELEASE 93%425407,0.0012850255992789413,0.01442343884766424,0.45505986738722953,0.39671399318108724,1.54693257644006,159,
SLC25A46 PATHWAY%WIKIPATHWAYS_20250810%WP5521%HOMO SAPIENS,0.9584199584199584,1,0.04939101059815013,-0.2308417677751933,-0.6112389364067562,17,
SLEEP REGULATION%WIKIPATHWAYS_20250810%WP3591%HOMO SAPIENS,0.16261682242990655,0.43085078575088087,0.14826150047510658,0.4916840066056165,1.2706301322328692,16,
SMAD PROTEIN SIGNAL TRANSDUCTION%GOBP%GO:0060395,0.3102803738317757,0.5871654485726655,0.10244940562982624,0.4350902860160066,1.1243783003444152,16,
SMAD2 SMAD3:SMAD4 HETEROTRIMER REGULATES TRANSCRIPTION%REACTOME%R-HSA-2173796.6,0.9704251386321626,1,0.04345068267231251,0.19713753854067242,0.5988806605794733,34,
SMALL CELL LUNG CANCER%WIKIPATHWAYS_20250810%WP4658%HOMO SAPIENS,0.3120567375886525,0.5894978938607471,0.11724971674979229,-0.2965421935520443,-1.0807417783005053,76,
SMALL GTPASE-MEDIATED SIGNAL TRANSDUCTION%GOBP%GO:0007264,0.4709784411276949,0.7394055436296899,0.07253518643945886,0.2502459127658633,0.985139334816727,168,
SMITH MAGENIS AND POTOCKI LUPSKI SYNDROME COPY NUMBER VARIATION%WIKIPATHWAYS_20250810%WP5381%HOMO SAPIENS,0.4489795918367347,0.7159681752967262,0.0762797180809272,0.2708646549024424,1.005862817293173,115,
SMITH-LEMLI-OPITZ SYNDROME (SLOS)%PATHWHIZ%PW000095,3.8789317577938914e-4,0.005082864350543128,0.49849310876659025,-0.7175340885269536,-1.9888949541423213,21,
SMOOTH MUSCLE CONTRACTION%GOBP%GO:0006939,0.24904942965779467,0.5211746256793625,0.11776578836269024,0.44214807073205314,1.1739744836299486,18,
SMOOTH MUSCLE CONTRACTION%REACTOME DATABASE ID RELEASE 93%445355,0.2752808988764045,0.5519526070578504,0.11012226383553594,0.3733320161610276,1.1327050873404665,35,
SMOOTHENED SIGNALING PATHWAY%GOBP%GO:0007224,0.6965811965811965,0.8946382635703024,0.06568136019340105,-0.2758187809438732,-0.8628389444980993,32,
SNO(S)RNA METABOLIC PROCESS%GOBP%GO:0016074,0.660952380952381,0.8755195384748928,0.06266182309324915,0.3362228695437163,0.8491972044927365,15,
SNRNA 3'-END PROCESSING%GOBP%GO:0034472,0.07306889352818371,0.27319702048626426,0.24133997681509095,-0.5115315034004613,-1.4478383333108542,22,
SNRNA METABOLIC PROCESS%GOBP%GO:0016073,0.669683257918552,0.8796123359327364,0.07045008506584192,-0.25683213391801896,-0.9027147198599597,53,
SNRNA PROCESSING%GOBP%GO:0016180,0.040766495215627106,0.1999105449408863,0.3217759180753611,-0.468948890438083,-1.4918426757610934,34,
SNRNP ASSEMBLY%REACTOME DATABASE ID RELEASE 93%191859,3.4379186057922624e-4,0.004822338925899851,0.49849310876659025,-0.5617745139420894,-1.9425990900180836,50,
SOCIAL BEHAVIOR%GOBP%GO:0035176,0.10467289719626169,0.33474114195169263,0.1882041463084906,0.4610536883336185,1.3299141285117921,25,
SODIUM ION HOMEOSTASIS%GOBP%GO:0055078,0.2504672897196262,0.5237471816643745,0.11623414877971643,0.4587951037194365,1.185637270024966,16,
SODIUM ION TRANSMEMBRANE TRANSPORT%GOBP%GO:0035725,0.18458781362007168,0.46051634147872395,0.13500203382863138,0.3598054112177954,1.1980295692787886,57,
SODIUM ION TRANSPORT%GOBP%GO:0006814,0.1951219512195122,0.47414310142412336,0.12878871306171366,0.33486150911707724,1.1679337096416904,74,
SOMATIC CELL DNA RECOMBINATION%GOBP%GO:0016444,0.02667050430244859,0.1472975366842986,0.35248785758361917,-0.5728651986003375,-1.5797596214840373,20,
SOMATIC DIVERSIFICATION OF IMMUNE RECEPTORS VIA GERMLINE RECOMBINATION WITHIN A SINGLE LOCUS%GOBP%GO:0002562,0.02667050430244859,0.1472975366842986,0.35248785758361917,-0.5728651986003375,-1.5797596214840373,20,
SOMATIC DIVERSIFICATION OF IMMUNE RECEPTORS%GOBP%GO:0002200,0.02167066076750592,0.12751090909507032,0.35248785758361917,-0.5010108600095188,-1.5766535034955975,33,
SOMATIC DIVERSIFICATION OF IMMUNOGLOBULINS%GOBP%GO:0016445,0.028549780773745558,0.15385313480012638,0.35248785758361917,-0.4934695934033186,-1.50118697528597,29,
SOMATIC RECOMBINATION OF IMMUNOGLOBULIN GENE SEGMENTS%GOBP%GO:0016447,0.08137044967880086,0.29073583177840356,0.23112670967383428,-0.5441093277992397,-1.414046384990988,16,
SOMITOGENESIS%REACTOME%R-HSA-9824272.2,0.060948081264108354,0.24858216005227854,0.27650059925447157,-0.4041768054680919,-1.3468247982420578,42,
SOTALOL ACTION PATHWAY%SMPDB%SMP0000660,0.32532347504621073,0.5939852866765517,0.09889030075206362,0.3568782490434134,1.0841541550924358,34,
SPECIFICATION OF SYMMETRY%GOBP%GO:0009799,0.8949771689497716,1,0.056886416047570075,-0.2147286445449082,-0.7679494211093701,59,
SPERM AXONEME ASSEMBLY%GOBP%GO:0007288,0.0690978886756238,0.2651297441172416,0.2377938344236881,0.5425760316300894,1.4060545344007154,17,
SPERM FLAGELLUM ASSEMBLY%GOBP%GO:0120316,0.5599250936329588,0.8075464019418321,0.06994587365016587,0.3149529693146741,0.9426293559982257,32,
SPERM MOTILITY%GOBP%GO:0097722,0.0782608695652174,0.2848653070356361,0.2114001893849227,0.3596889796681554,1.2833087695167975,89,
SPERMATID DEVELOPMENT%GOBP%GO:0007286,0.048109965635738834,0.2212739810200041,0.27128855468895297,0.37473746669265934,1.3466992185080564,95,
SPERMATID DIFFERENTIATION%GOBP%GO:0048515,0.04421768707482993,0.21142295128034003,0.28201335001172506,0.3752305568767984,1.360450139516681,99,
SPHINGOID METABOLIC PROCESS%GOBP%GO:0046519,0.5423728813559322,0.7945506548246274,0.07182762936038092,0.336238787336371,0.9308977952923805,21,
SPHINGOLIPID BIOSYNTHETIC PROCESS%GOBP%GO:0030148,0.48013816925734026,0.7478784161674555,0.07362127410143941,0.28200470609085204,0.9955222011537357,81,
SPHINGOLIPID CATABOLIC PROCESS%GOBP%GO:0030149,0.4337606837606838,0.7040903453390754,0.09054289484694737,-0.3280563549191183,-1.026252810072082,32,
SPHINGOLIPID DE NOVO BIOSYNTHESIS%REACTOME DATABASE ID RELEASE 93%1660661,0.16292134831460675,0.43085078575088087,0.14826150047510658,0.40999786085126233,1.2270912078582177,32,
SPHINGOLIPID METABOLIC PROCESS%GOBP%GO:0006665,0.6542372881355932,0.8722490873160884,0.057609110864425044,0.24670606742277734,0.918321232102606,116,
SPHINGOLIPID METABOLISM IN SENESCENCE%WIKIPATHWAYS_20250810%WP5121%HOMO SAPIENS,0.29723991507430997,0.5752229077509112,0.11331290842208036,-0.40585052525041787,-1.1249556985699158,21,
SPHINGOLIPID METABOLISM INTEGRATED PATHWAY%WIKIPATHWAYS_20250810%WP4726%HOMO SAPIENS,0.9077212806026366,1,0.04735342452541926,0.24865241653845221,0.688409532354775,21,
SPHINGOLIPID METABOLISM OVERVIEW%WIKIPATHWAYS_20250810%WP4725%HOMO SAPIENS,0.9303201506591338,1,0.046230252407761636,0.24121539316561386,0.6678196750210721,21,
SPHINGOLIPID METABOLISM%REACTOME DATABASE ID RELEASE 93%428157,0.5008695652173913,0.7660501264215848,0.07182762936038092,0.27172322828069606,0.9720861813616164,90,
SPHINGOLIPID METABOLISM%SMPDB%SMP0000034,0.6920152091254753,0.8930876357806398,0.06037863579204014,0.3194842069179099,0.8482821291595581,18,
SPHINGOLIPID PATHWAY%WIKIPATHWAYS_20250810%WP1422%HOMO SAPIENS,0.5612052730696798,0.8077866572992594,0.07011321576425601,0.3321684148072795,0.9196287182077091,21,
SPHINGOSINE 1-PHOSPHATE (S1P) PATHWAY%PATHWAY INTERACTION DATABASE NCI-NATURE CURATED DATA%SPHINGOSINE 1-PHOSPHATE (S1P) PATHWAY,0.9673704414587332,1,0.0453152441270267,0.22171295857331988,0.5745563618076459,17,
SPHINGOSINE METABOLIC PROCESS%GOBP%GO:0006670,0.49053030303030304,0.7554281889302598,0.077274697304471,0.35000965511430826,0.9587811452504416,20,
SPINAL CORD DEVELOPMENT%GOBP%GO:0021510,0.1950207468879668,0.47414310142412336,0.14205664357582118,-0.39403431647512094,-1.192024089444962,28,
SPINAL CORD INJURY%WIKIPATHWAYS_20250810%WP2431%HOMO SAPIENS,0.09836065573770492,0.32222394061243426,0.19189224038483796,0.37878347961655046,1.2862797013431553,63,
SPINDLE ASSEMBLY CHECKPOINT SIGNALING%GOBP%GO:0071173,4.26878690990072e-7,1.2288797964460311e-5,0.674962860011025,-0.7729379698825726,-2.2949990690175457,27,
SPINDLE ASSEMBLY%GOBP%GO:0051225,8.411241233268018e-7,2.3135077372295597e-5,0.6594443980379349,-0.5604554688182807,-2.0818289970138566,84,
SPINDLE CHECKPOINT SIGNALING%GOBP%GO:0031577,2.3855947760134394e-7,7.282617898643226e-6,0.674962860011025,-0.7655423752749922,-2.3159022315162328,28,
SPINDLE LOCALIZATION%GOBP%GO:0051653,0.008071756717886376,0.06206790784928461,0.3807304007227924,-0.4898274506941642,-1.6574844965217295,46,
SPINDLE ORGANIZATION%GOBP%GO:0007051,1.0731230511014791e-9,6.932874037116067e-8,0.7881868108002371,-0.5470302725124889,-2.1853608537172957,140,
SPIRONOLACTONE ACTION PATHWAY%SMPDB%SMP0000134,0.22537878787878787,0.4977792661003207,0.12443416863039332,0.441161905676685,1.208474426305242,20,
SPLICEOSOMAL COMPLEX ASSEMBLY%GOBP%GO:0000245,0.004359662363013341,0.03844806998238432,0.40701791892395395,-0.4498975539481554,-1.6284519929562646,72,
SPLICEOSOMAL SNRNP ASSEMBLY%GOBP%GO:0000387,0.027246375103323017,0.14885040321933402,0.35248785758361917,-0.4759914876905546,-1.5632144138643538,39,
SPLICEOSOMAL TRI-SNRNP COMPLEX ASSEMBLY%GOBP%GO:0000244,0.7945492662473794,0.95418098200267365,0.05846932103863807,-0.29597471478248694,-0.7539090288891283,15,
SPLICING FACTOR NOVA REGULATED SYNAPTIC PROTEINS%WIKIPATHWAYS_20250810%WP4148%HOMO SAPIENS,0.47924528301886793,0.7471062829553395,0.07829552499447937,0.3401322145267328,0.9921322027689125,27,
SPROUTING ANGIOGENESIS%GOBP%GO:0002040,0.4820627802690583,0.7490017079213874,0.08730982576379309,-0.2968866998803583,-0.9858140667465525,41,
SRP-DEPENDENT COTRANSLATIONAL PROTEIN TARGETING TO MEMBRANE%REACTOME%R-HSA-1799339.4,3.900981431338272e-5,7.273104977354174e-4,0.557332238758646,0.4987750619837049,1.8250654167146299,108,
STABILIZATION AND EXPANSION OF THE E-CADHERIN ADHERENS JUNCTION%PATHWAY INTERACTION DATABASE NCI-NATURE CURATED DATA%STABILIZATION AND EXPANSION OF THE E-CADHERIN ADHERENS JUNCTION,0.018360959850286834,0.11385381425792761,0.35248785758361917,0.5071795337408196,1.567712080386759,38,
STABILIZATION OF P53%REACTOME DATABASE ID RELEASE 93%69541,0.10370183149580059,0.3334301943233033,0.2878051305355643,-0.41303486457788996,-1.3798469620130438,43,
STEM CELL DEVELOPMENT%GOBP%GO:0048864,0.5868131868131868,0.8268663621440695,0.07569463079327488,-0.28235342077111625,-0.9365508386776811,40,
STEM CELL DIFFERENTIATION%GOBP%GO:0048863,0.9879807692307693,1,0.054680848878544186,-0.18341056125782249,-0.6691934385460646,78,
STEM CELL POPULATION MAINTENANCE%GOBP%GO:0019827,0.22,0.4977792661003207,0.12325722638133735,0.3841289895104733,1.1873579614710312,38,
STEM CELL PROLIFERATION%GOBP%GO:0072089,0.5301455301455301,0.7880134162409289,0.07808923069433449,-0.3622590729684963,-0.9592148448655059,17,
STEROID BIOSYNTHESIS%PATHWHIZ%PW000050,3.8789317577938914e-4,0.005082864350543128,0.49849310876659025,-0.7175340885269536,-1.9888949541423213,21,
STEROID BIOSYNTHETIC PROCESS%GOBP%GO:0006694,0.014000253660496537,0.09359390662404965,0.3807304007227924,-0.476873017796577,-1.619311052682904,48,
STEROID HORMONE RECEPTOR SIGNALING PATHWAY%GOBP%GO:0043401,0.9865470852017937,1,0.051530912208538955,-0.1705119809714078,-0.5661860550107962,41,
STEROID METABOLIC PROCESS%GOBP%GO:0008202,0.14182692307692307,0.4008089443618436,0.18302393838448722,-0.30193026612944707,-1.1750667587249952,111,
STEROL BIOSYNTHETIC PROCESS%GOBP%GO:0016126,0.0070860028570643805,0.05730688773486128,0.40701791892395395,-0.5608398632765933,-1.73695318028464,31,
STEROL HOMEOSTASIS%GOBP%GO:0055092,0.6625222024866785,0.8756260790522034,0.05922191938038196,0.27468798425016305,0.8880098146322407,50,
STEROL METABOLIC PROCESS%GOBP%GO:0016125,0.04900425581547962,0.22317020107443014,0.3217759180753611,-0.39956023358323745,-1.437634429348231,60,
STEROL REGULATORY ELEMENT BINDING PROTEINS SREBP SIGNALING%WIKIPATHWAYS_20250810%WP1982%HOMO SAPIENS,0.4108352144469526,0.6813732690947071,0.09688777032754396,-0.2932928695610911,-1.0209795566397755,51,
STEROL TRANSPORT%GOBP%GO:0015918,0.7426636568848759,0.9206120859485958,0.06523530560177027,-0.25761595230882733,-0.8584449881789747,42,
STIMULI-SENSING CHANNELS%REACTOME%R-HSA-2672351.7,0.27124773960216997,0.548549973926647,0.10882012676916121,0.3268191974511858,1.1086364357278145,62,
STING PATHWAY IN KAWASAKI LIKE DISEASE AND COVID 19%WIKIPATHWAYS_20250810%WP4961%HOMO SAPIENS,0.03681386261396281,0.18510210016577136,0.3217759180753611,0.6021128080435009,1.5560048051696753,16,
STRESS FIBER ASSEMBLY%GOBP%GO:0043149,0.8247619047619048,0.9710483455938002,0.052269331749930564,0.29467364001188956,0.7442564263263463,15,
STRESS GRANULE ASSEMBLY%GOBP%GO:0034063,0.3177570093457944,0.5939852866765517,0.10099058745592349,0.38205832708254545,1.102051192647638,25,
STRESS-ACTIVATED MAPK CASCADE%GOBP%GO:0051403,0.06423982869379015,0.255122579144173,0.2616635217115731,-0.5600892662315029,-1.4555754914003853,16,
STRESS-ACTIVATED PROTEIN KINASE SIGNALING CASCADE%GOBP%GO:0031098,0.0861344537815126,0.29872848015610737,0.22205604614524838,-0.5207690130625434,-1.3853994804101413,18,
STRIATED MUSCLE CELL DEVELOPMENT%GOBP%GO:0055002,0.30601092896174864,0.5840593340128737,0.10171390228231093,0.32198570519973546,1.087485093473275,61,
STRIATED MUSCLE CELL DIFFERENTIATION%GOBP%GO:0051146,0.05565217391304348,0.2405346991651153,0.2529611230696109,0.3690195650097299,1.3201625126706822,90,
STRIATED MUSCLE CONTRACTION PATHWAY%WIKIPATHWAYS_20250810%WP383%HOMO SAPIENS,0.7619047619047619,0.9307661403415681,0.05594285930657051,0.30548770615500265,0.7715694843297881,15,
STRIATED MUSCLE CONTRACTION%GOBP%GO:0006941,0.29326047358834245,0.5715002207399443,0.10434395258194858,0.3216989528424923,1.0924310463685982,63,
STRIATED MUSCLE CONTRACTION%PATHWHIZ%PW000564,0.32532347504621073,0.5939852866765517,0.09889030075206362,0.3568782490434134,1.0841541550924358,34,
STRIATED MUSCLE CONTRACTION%REACTOME DATABASE ID RELEASE 93%390522,0.55893536121673,0.8067424242424243,0.07078990945026231,0.34992572114526266,0.9291092622211147,18,
STRIATED MUSCLE TISSUE DEVELOPMENT%GOBP%GO:0014706,3.661660517642119e-5,7.023245965544845e-4,0.557332238758646,0.49922127599038635,1.8266981562281275,108,
SUBSTANTIA NIGRA DEVELOPMENT%GOBP%GO:0021762,0.06973381875891982,0.2658476340734801,0.2878051305355643,-0.44516479596426706,-1.4238607767088487,36,
SUBSTRATE ADHESION-DEPENDENT CELL SPREADING%GOBP%GO:0034446,0.9957081545064378,1,0.049093966819213915,-0.1649627770798996,-0.5191287478767336,33,
SUCCINIC SEMIALDEHYDE DEHYDROGENASE DEFICIENCY%SMPDB%SMP0000567,0.6012658227848101,0.8358167854848086,0.07235708510369071,-0.32597423352472094,-0.8989216538633334,20,
SUDDEN INFANT DEATH SYNDROME SIDS SUSCEPTIBILITY PATHWAYS%WIKIPATHWAYS_20250810%WP706%HOMO SAPIENS,0.06725075002264577,0.2616246901630445,0.2878051305355643,-0.34234669038197785,-1.2919669091758617,89,
SUFENTANIL ACTION PATHWAY%PATHWHIZ%PW000423,0.23106060606060605,0.4977792661003207,0.12267918956880833,0.436121700543469,1.1946677967471409,20,
SULFUR AMINO ACID METABOLIC PROCESS%GOBP%GO:0000096,0.9770114942528736,1,0.04477488932969301,0.20128735650217916,0.5673111543525785,23,
SULFUR AMINO ACID METABOLISM%REACTOME DATABASE ID RELEASE 93%1614635,0.6328871892925431,0.8577401037255099,0.06494076846128988,0.3136354949954375,0.8747867792005581,22,
SULFUR COMPOUND BIOSYNTHETIC PROCESS%GOBP%GO:0044272,0.4200913242009132,0.6923053919076527,0.09624060232812902,-0.2796673765668736,-1.0133769474223793,71,
SULFUR COMPOUND CATABOLIC PROCESS%GOBP%GO:0044273,0.5020833333333333,0.7667880703683342,0.08108020575508663,-0.336902782128523,-0.9638168357752201,23,
SULFUR COMPOUND METABOLIC PROCESS%GOBP%GO:0006790,0.746268656716418,0.9224179436521509,0.06977925170762346,-0.21880228805917004,-0.9022105829987624,172,
SULFUR COMPOUND TRANSPORT%GOBP%GO:0072348,0.583180987202925,0.8240471935146112,0.06674261342419166,0.3005113007595096,0.9355643860587387,40,
SULINDAC ACTION PATHWAY%PATHWHIZ%PW000136,0.20373831775700935,0.4784319921631209,0.13077713797197438,0.4780504855616798,1.235397823648238,16,
SUMO E3 LIGASES SUMOYLATE TARGET PROTEINS%REACTOME DATABASE ID RELEASE 93%3108232,0.002191865515215089,0.02235546914527745,0.4317076958033464,-0.3749843600131368,-1.5107555067412377,147,
SUMOYLATION OF CHROMATIN ORGANIZATION PROTEINS%REACTOME%R-HSA-4551638.7,0.0020384844069269,0.021012651882905114,0.4317076958033464,-0.5027257999845699,-1.7500349229346372,51,
SUMOYLATION OF DNA DAMAGE RESPONSE AND REPAIR PROTEINS%REACTOME%R-HSA-3108214.4,7.98185683498116e-5,0.0013732048270870176,0.5384340963099162,-0.5301684311879516,-1.925579175961602,69,
SUMOYLATION OF DNA METHYLATION PROTEINS%REACTOME%R-HSA-4655427.5,0.44654088050314467,0.715057915057915,0.08783126344801238,-0.392808352658054,-1.0005644026369198,15,
SUMOYLATION OF DNA REPLICATION PROTEINS%REACTOME%R-HSA-4615885.7,9.68557974992589e-7,2.599665753168514e-5,0.6435518361507222,-0.6772296090452647,-2.262456026760345,43,
SUMOYLATION OF INTRACELLULAR RECEPTORS%REACTOME%R-HSA-4090294.5,0.6431297709923665,0.8649791836440542,0.06407037504997216,0.3240610471301554,0.868335160620932,19,
SUMOYLATION OF RNA BINDING PROTEINS%REACTOME%R-HSA-4570464.4,0.00215676945711236,0.022108876575122272,0.4317076958033464,-0.5400827270727524,-1.8042823357022488,43,
SUMOYLATION OF SUMOYLATION PROTEINS%REACTOME DATABASE ID RELEASE 93%4085377,9.795479480677897e-4,0.011506064269481269,0.45505986738722953,-0.6015963434548239,-1.881963049159096,32,
SUMOYLATION OF TRANSCRIPTION COFACTORS%REACTOME DATABASE ID RELEASE 93%3899300,0.945823927765237,1,0.053787280776029955,-0.20289609159062966,-0.6761038335789039,42,
SUMOYLATION OF TRANSCRIPTION FACTORS%REACTOME%R-HSA-3232118.9,0.25523809523809526,0.5288231907040845,0.11623414877971643,0.47504906165753025,1.1998301474969126,15,
SUMOYLATION OF UBIQUITINYLATION PROTEINS%REACTOME%R-HSA-3232142.5,0.0011264203526095678,0.012957332254862855,0.45505986738722953,-0.5932266481846556,-1.8992032455876768,35,
SUMOYLATION%REACTOME DATABASE ID RELEASE 93%2990846,0.002508475728599398,0.024887662764461166,0.4317076958033464,-0.3770967961556425,-1.5182470052361177,153,
SUPEROXIDE METABOLIC PROCESS%GOBP%GO:0006801,0.44886363636363635,0.7159681752967262,0.08197787965012722,0.36396917037572096,0.9970204333212441,20,
SUPROFEN ACTION PATHWAY%SMPDB%SMP0000101,0.20373831775700935,0.4784319921631209,0.13077713797197438,0.4780504855616798,1.235397823648238,16,
SWI SNF CHROMATIN REMODELERS%REACTOME%R-HSA-9932451.1,0.007493332990370428,0.059306208111820656,0.40701791892395395,-0.5400510301863628,-1.6578532748357224,30,
SWITCHING OF ORIGINS TO A POST-REPLICATIVE STATE%REACTOME DATABASE ID RELEASE 93%69052,1.5771140933176743e-7,5.0944452921354646e-6,0.6901324587967956,-0.5965778423958874,-2.1766793306526075,78,
SYMBIONT ENTRY INTO HOST CELL%GOBP%GO:0046718,0.4868913857677903,0.7535288410378391,0.07707367349441024,0.32483861425423066,0.9855740600926383,35,
SYMBIONT ENTRY INTO HOST%GOBP%GO:0044409,0.4868913857677903,0.7535288410378391,0.07707367349441024,0.32483861425423066,0.9855740600926383,35,
SYNAPSE ASSEMBLY%GOBP%GO:0007416,0.8107638888888888,0.9634694913154834,0.04879897016828393,0.23400728352264472,0.8163495444976474,75,
SYNAPSE ORGANIZATION%GOBP%GO:0050808,0.14453781512605043,0.4045602523125119,0.14920754243532175,0.30023258511639317,1.1845448115035369,174,
SYNAPTIC ADHESION-LIKE MOLECULES%REACTOME DATABASE ID RELEASE 93%8849932,0.7907949790794979,0.9520402036502413,0.05859375689456714,-0.2872120083393318,-0.7784775703967467,19,
SYNAPTIC SIGNALING ASSOCIATED WITH AUTISM SPECTRUM DISORDER%WIKIPATHWAYS_20250810%WP4539%HOMO SAPIENS,0.5792349726775956,0.8206384109052531,0.0668966276500666,0.29979038594029894,0.9315540590491826,39,
"SYNAPTIC TRANSMISSION, GLUTAMATERGIC%GOBP%GO:0035249",0.411214953271028,0.6817995465156168,0.08603472424556043,0.3595652493559546,1.03716967750257,25,
SYNAPTIC VESICLE CYCLE%GOBP%GO:0099504,0.29015544041450775,0.5673697706874837,0.10171390228231093,0.3110462138498368,1.0939390982265234,79,
SYNAPTIC VESICLE CYTOSKELETAL TRANSPORT%GOBP%GO:0099514,0.9376299376299376,1,0.05039643224429567,-0.2428490601621927,-0.6430326828266065,17,
SYNAPTIC VESICLE ENDOCYTOSIS%GOBP%GO:0048488,0.9978632478632479,1,0.04879897016828393,-0.15108739693095996,-0.47264399345381364,32,
SYNAPTIC VESICLE EXOCYTOSIS%GOBP%GO:0016079,0.10948905109489052,0.3442677803526948,0.18138312849840757,0.4279046751547071,1.3174584304164567,37,
SYNAPTIC VESICLE LOCALIZATION%GOBP%GO:0097479,0.670863309352518,0.8803380816295006,0.05922191938038196,0.28244674381127804,0.8848235601848548,41,
SYNAPTIC VESICLE PATHWAY%WIKIPATHWAYS_20250810%WP2267%HOMO SAPIENS,0.3,0.57875,0.10512513159700079,0.37383673145412016,1.1069295806857284,30,
SYNAPTIC VESICLE RECYCLING%GOBP%GO:0036465,0.9337748344370861,1,0.05334778506754903,-0.20616250242041737,-0.6770629385529162,39,
SYNAPTIC VESICLE TRANSPORT ALONG MICROTUBULE%GOBP%GO:0099517,0.9376299376299376,1,0.05039643224429567,-0.2428490601621927,-0.6430326828266065,17,
SYNAPTIC VESICLE TRANSPORT%GOBP%GO:0048489,0.8775137111517367,0.993914230701908,0.04754341942013011,0.23571194742286017,0.7222632496374632,36,
SYNAPTIC_VESICLE_TRAFFICKING%PANTHER PATHWAY%P05734,0.34392523364485983,0.6166016773574834,0.09624060232812902,0.4207991672070778,1.0874466004355545,16,
SYNDECAN INTERACTIONS%REACTOME%R-HSA-3000170.4,0.03957986237996102,0.19581987122267447,0.3217759180753611,0.5796395540777266,1.5878061286897889,20,
SYNDECAN-1-MEDIATED SIGNALING EVENTS%PATHWAY INTERACTION DATABASE NCI-NATURE CURATED DATA%SYNDECAN-1-MEDIATED SIGNALING EVENTS,0.49343339587242024,0.7590022002954504,0.0764767053228531,0.3370706604612913,0.9901981917861867,29,
SYNDECAN-2-MEDIATED SIGNALING EVENTS%PATHWAY INTERACTION DATABASE NCI-NATURE CURATED DATA%SYNDECAN-2-MEDIATED SIGNALING EVENTS,0.32892249527410206,0.5976106552462103,0.09957912004959042,0.36616646630220406,1.0903832149910195,31,
SYNDECAN-3-MEDIATED SIGNALING EVENTS%PATHWAY INTERACTION DATABASE NCI-NATURE CURATED DATA%SYNDECAN-3-MEDIATED SIGNALING EVENTS,0.9957173447537473,1,0.048995408986248136,-0.17330902690470204,-0.45040029725666136,16,
SYNDECAN-4-MEDIATED SIGNALING EVENTS%PATHWAY INTERACTION DATABASE NCI-NATURE CURATED DATA%SYNDECAN-4-MEDIATED SIGNALING EVENTS,0.3252336448598131,0.5939852866765517,0.09957912004959042,0.37920641316613235,1.093824817484161,25,
SYNTHESIS OF ACTIVE UBIQUITIN: ROLES OF E1 AND E2 ENZYMES%REACTOME DATABASE ID RELEASE 93%8866652,0.5296610169491526,0.7879686151682699,0.07913166517683488,-0.31298198436362584,-0.9607947744544874,30,
SYNTHESIS OF BILE ACIDS AND BILE SALTS%REACTOME%R-HSA-192105.4,0.8926553672316384,1,0.048118399265797474,0.2541417838503562,0.7036071839067639,21,
SYNTHESIS OF CERAMIDES AND 1 DEOXYCERAMIDES%WIKIPATHWAYS_20250810%WP5194%HOMO SAPIENS,0.9962616822429906,1,0.04275914347386776,0.18292296996034718,0.47271709957321617,16,
SYNTHESIS OF DNA%REACTOME DATABASE ID RELEASE 93%69239,3.5622603304457274e-19,1.413708456854033e-16,1.133089932009015,-0.7107725449542366,-2.7462461044257402,107,
SYNTHESIS OF GLYCOSYLPHOSPHATIDYLINOSITOL (GPI)%REACTOME DATABASE ID RELEASE 93%162710,0.9914346895074947,1,0.04919275210451909,-0.1919523359317652,-0.49885104490441257,16,
SYNTHESIS OF IP3 AND IP4 IN THE CYTOSOL%REACTOME%R-HSA-1855204.5,0.06309751434034416,0.25279117463828477,0.24891111443470243,0.5120760039330883,1.4282736658777575,22,
SYNTHESIS OF PA%REACTOME%R-HSA-1483166.8,0.5794392523364486,0.8206384109052531,0.06815134386794833,0.316108815137284,0.9210711159046718,26,
SYNTHESIS OF PC%REACTOME DATABASE ID RELEASE 93%1483191,0.9252336448598131,1,0.04613791602697367,0.22516203730256895,0.6560723365704886,26,
SYNTHESIS OF PIPS AT THE EARLY ENDOSOME MEMBRANE%REACTOME DATABASE ID RELEASE 93%1660516,0.7158878504672898,0.9055881396709798,0.05797547575714859,0.31330672418128047,0.8096601862733032,16,
SYNTHESIS OF PIPS AT THE GOLGI MEMBRANE%REACTOME DATABASE ID RELEASE 93%1660514,0.9853249475890985,1,0.04850598364694698,-0.20805833176189578,-0.5299677540568891,15,
SYNTHESIS OF PIPS AT THE PLASMA MEMBRANE%REACTOME DATABASE ID RELEASE 93%1660499,0.7643979057591623,0.932585587263484,0.051740545987316304,0.25962652792924534,0.8355328337386575,46,
SYNTHESIS OF SUBSTRATES IN N-GLYCAN BIOSYTHESIS%REACTOME DATABASE ID RELEASE 93%446219,0.8525179856115108,0.9839198022554121,0.048118399265797474,0.23453948896847537,0.7755435735089586,56,
SYNTHESIS OF VERY LONG-CHAIN FATTY ACYL-COAS%REACTOME%R-HSA-75876.10,0.2974683544303797,0.575464546384119,0.11284335567556247,-0.400714287105317,-1.105028289495344,20,
T CELL ACTIVATION INVOLVED IN IMMUNE RESPONSE%GOBP%GO:0002286,0.5433962264150943,0.7951302170034934,0.07182762936038092,0.3246879948729094,0.9470829336589133,27,
T CELL ACTIVATION SARS COV 2%WIKIPATHWAYS_20250810%WP5098%HOMO SAPIENS,0.6289198606271778,0.8557282741738066,0.060771945185353275,0.28008592082748357,0.906998808059637,48,
T CELL ACTIVATION%GOBP%GO:0042110,0.25597269624573377,0.5297861689194021,0.10882012676916121,0.30054328229618876,1.1046697002360781,111,
T CELL ACTIVATION%PANTHER PATHWAY%P00053,0.9982578397212544,1,0.03943665095255928,0.1445068286713495,0.4679546939530818,48,
T CELL ANTIGEN RECEPTOR TCR PATHWAY DURING STAPHYLOCOCCUS AUREUS INFECTION%WIKIPATHWAYS_20250810%WP3863%HOMO SAPIENS,0.33089579524680074,0.6000186156629325,0.09721508088464663,0.35715560421164977,1.0943881722777702,36,
T CELL COSTIMULATION%GOBP%GO:0031295,0.2881002087682672,0.5656129893697853,0.11426650248443287,-0.400277923666584,-1.1329462956045058,22,
T CELL DIFFERENTIATION INVOLVED IN IMMUNE RESPONSE%GOBP%GO:0002292,0.1407563025210084,0.3987975608397362,0.17093233537005617,-0.4859626242088261,-1.2928041995401904,18,
T CELL DIFFERENTIATION%GOBP%GO:0030217,0.41935483870967744,0.6913755145017709,0.09688777032754396,-0.2834931705661051,-1.0084897367516719,58,
T CELL MODULATION AND DESMOPLASIA IN PANCREATIC CANCER%WIKIPATHWAYS_20250810%WP5078%HOMO SAPIENS,0.3596673596673597,0.6336704042862163,0.09992769737310925,-0.4034104355078918,-1.0681782933466517,17,
T CELL RECEPTOR AND CO STIMULATORY SIGNALING%WIKIPATHWAYS_20250810%WP2583%HOMO SAPIENS,0.2841121495327103,0.5598181647764552,0.10797236031734525,0.4481759063397728,1.1581947012420608,16,
T CELL RECEPTOR SIGNALING PATHWAY%GOBP%GO:0050852,0.8271889400921659,0.972173216585672,0.06103637283091772,-0.23013105050955118,-0.8186610001338472,58,
T CELL RECEPTOR SIGNALING PATHWAY%SMPDB%SMP0066977,0.6527272727272727,0.8705119364552873,0.06103637283091772,0.2861675517254412,0.8845552669401213,38,
T CELL RECEPTOR SIGNALING%WIKIPATHWAYS_20250810%WP69%HOMO SAPIENS,0.24377224199288255,0.5130297638304755,0.1147507192270233,0.3492635452910708,1.1426041053169675,52,
T-HELPER CELL DIFFERENTIATION%GOBP%GO:0042093,0.12266112266112267,0.3674536133257923,0.18302393838448722,-0.4993317506677839,-1.3221654431685494,17,
TAIL-ANCHORED MEMBRANE PROTEIN INSERTION INTO ER MEMBRANE%GOBP%GO:0071816,1,1,0.04380020312998911,0.15747783994467845,0.40809475172836945,17,
TAK1-DEPENDENT IKK AND NF-KAPPA-B ACTIVATION%REACTOME DATABASE ID RELEASE 93%445989,0.9499105545617174,1,0.042931109345258275,0.21108244379035918,0.6641821632503951,42,
TAR SYNDROME%WIKIPATHWAYS_20250810%WP5362%HOMO SAPIENS,0.05759162303664921,0.24149362837103622,0.24891111443470243,0.43485583542888157,1.3994576414884032,46,
TARGET OF RAPAMYCIN SIGNALING%WIKIPATHWAYS_20250810%WP1471%HOMO SAPIENS,0.40150093808630394,0.6717070797975021,0.08756971155485113,0.3578548201553014,1.0512549367388302,29,
TARGETED AGENTS IN TRIPLE NEGATIVE BREAST CANCER%WIKIPATHWAYS_20250810%WP5215%HOMO SAPIENS,0.9138576779026217,1,0.046788296531802984,0.2346820250532169,0.7023847611966821,32,
TARGETED THERAPY IN BREAST CANCER%WIKIPATHWAYS_20250810%WP5496%HOMO SAPIENS,1,1,0.04792589670581297,-0.13709909768548545,-0.36472411747616723,18,
TARGETING YAP IN PANCREATIC DUCTAL ADENOCARCINOMA PDAC %WIKIPATHWAYS_20250810%WP5495%HOMO SAPIENS,0.9079229122055674,1,0.053238649475589886,-0.26677589521297984,-0.6933045822876184,16,
TAT-MEDIATED ELONGATION OF THE HIV-1 TRANSCRIPT%REACTOME%R-HSA-167246.4,0.8542600896860987,0.9842947030891671,0.0582216241124161,-0.23340423447554998,-0.7750201598014749,41,
TAT-MEDIATED HIV ELONGATION ARREST AND RECOVERY%REACTOME DATABASE ID RELEASE 93%167243,0.6993603411513859,0.8963116795633415,0.06538341954687732,-0.28283675501751016,-0.8604194836730533,29,
TAXIS%GOBP%GO:0042330,0.010127785887581403,0.07326820103047171,0.3807304007227924,0.38082004723382196,1.446427481566813,135,
TAY-SACHS DISEASE%PATHWHIZ%PW000215,0.27850467289719627,0.5538196000776029,0.10925003948071095,0.4502468991196039,1.1635466463823079,16,
TBC RABGAPS%REACTOME%R-HSA-8854214.2,0.3807829181494662,0.6521670447714039,0.08756971155485113,0.33064146406186756,1.0475967644942785,43,
TCF DEPENDENT SIGNALING IN RESPONSE TO WNT%REACTOME DATABASE ID RELEASE 93%201681,0.3435897435897436,0.6161990365992948,0.11623414877971643,-0.25645006077086685,-1.0355553845454253,155,
TCR SIGNALING IN NAIVE CD4+ T CELLS%PATHWAY INTERACTION DATABASE NCI-NATURE CURATED DATA%TCR SIGNALING IN NAIVE CD4+ T CELLS,0.3403141361256545,0.6127373827042158,0.09284812141598782,0.3379954545009234,1.0877405407774998,46,
TCR SIGNALING IN NAIVE CD8+ T CELLS%PATHWAY INTERACTION DATABASE NCI-NATURE CURATED DATA%TCR SIGNALING IN NAIVE CD8+ T CELLS,0.37294332723948814,0.6459080817152731,0.09026354843400684,0.3464618359737253,1.0616205680776443,36,
TCR SIGNALING%REACTOME%R-HSA-202403.7,0.491725768321513,0.7569138549566323,0.08916471178206781,-0.2658189751890497,-0.9834603382329109,81,
TCR%NETPATH%TCR,0.11442786069651742,0.3545795839541834,0.16823816568963962,0.313124823404147,1.2101996838673026,150,
TELENCEPHALON CELL MIGRATION%GOBP%GO:0022029,0.9243697478991597,1,0.051530912208538955,-0.25637000096918233,-0.68201996898152,18,
TELENCEPHALON DEVELOPMENT%GOBP%GO:0021537,0.1784037558685446,0.4511791073864744,0.1596467019199062,-0.3086067448112025,-1.1611405808110369,88,
TELOMERE C-STRAND (LAGGING STRAND) SYNTHESIS%REACTOME DATABASE ID RELEASE 93%174417,9.01242830860042e-11,7.473589803370736e-9,0.8390889356212738,-0.810073734602629,-2.549257298986956,33,
TELOMERE EXTENSION BY TELOMERASE%REACTOME DATABASE ID RELEASE 93%171319,0.012354224214227013,0.08558612186314873,0.3807304007227924,-0.590602306581051,-1.6716402675602713,22,
TELOMERE MAINTENANCE IN RESPONSE TO DNA DAMAGE%GOBP%GO:0043247,0.07966457023060797,0.28741321571510253,0.23112670967383428,-0.5594637385441391,-1.4250702602567402,15,
TELOMERE MAINTENANCE VIA TELOMERASE%GOBP%GO:0007004,0.16075156576200417,0.42877373949769326,0.15851410542482433,-0.43524646705563297,-1.23192123115031,22,
TELOMERE MAINTENANCE VIA TELOMERE LENGTHENING%GOBP%GO:0010833,0.02250322368017792,0.13105651023801732,0.35248785758361917,-0.5278934827227545,-1.5969719431943243,28,
TELOMERE MAINTENANCE%GOBP%GO:0000723,1.0728794917098674e-6,2.8658261807403955e-5,0.6435518361507222,-0.5377337042700983,-2.0458581188552736,92,
TELOMERE MAINTENANCE%REACTOME DATABASE ID RELEASE 93%157579,4.325849885874819e-12,4.622004224215479e-10,0.8870749883998732,-0.6691815948246654,-2.463527005088137,79,
TELOMERE ORGANIZATION%GOBP%GO:0032200,3.4300139605984635e-6,8.54581056730272e-5,0.6272567397185284,-0.5310885551309041,-2.0352150023048057,94,
TENOXICAM ACTION PATHWAY%SMPDB%SMP0000706,0.20373831775700935,0.4784319921631209,0.13077713797197438,0.4780504855616798,1.235397823648238,16,
TERMINATION OF TRANSLESION DNA SYNTHESIS%REACTOME%R-HSA-5656169.2,2.763461181692661e-6,6.94741643687078e-5,0.6272567397185284,-0.7104223959566549,-2.222401636963899,32,
TERPENOID METABOLIC PROCESS%GOBP%GO:0006721,0.13296903460837886,0.3845788424175705,0.16318012718068908,0.40991749744724704,1.2737576871404763,39,
TETRAHYDROFOLATE METABOLIC PROCESS%GOBP%GO:0046653,0.5942857142857143,0.8316406093712123,0.06783382634794552,0.35518697634646207,0.897094798444178,15,
TETRAPYRROLE BIOSYNTHETIC PROCESS%GOBP%GO:0033014,0.9582463465553236,1,0.04959019569563381,-0.2217356654240951,-0.6276004393259537,22,
TETRAPYRROLE METABOLIC PROCESS%GOBP%GO:0033013,0.5411334552102377,0.7945506548246274,0.07045008506584192,0.30684467365203605,0.9552817081923891,40,
TGF BETA RECEPTOR SIGNALING IN SKELETAL DYSPLASIAS%WIKIPATHWAYS_20250810%WP4816%HOMO SAPIENS,0.008721972449068456,0.06570211715630817,0.3807304007227924,0.5116779501848151,1.6100219503750144,42,
TGF BETA RECEPTOR SIGNALING%WIKIPATHWAYS_20250810%WP560%HOMO SAPIENS,0.0020380523805443394,0.021012651882905114,0.4317076958033464,0.5826289067195725,1.813864749969546,40,
TGF-BETA RECEPTOR SIGNALING ACTIVATES SMADS%REACTOME%R-HSA-2173789.6,0.37544483985765126,0.6482198664540431,0.08835944425009051,0.3313197315973575,1.0497457716602636,43,
TGF-BETA RECEPTOR SIGNALING IN EMT (EPITHELIAL TO MESENCHYMAL TRANSITION)%REACTOME%R-HSA-2173791.3,0.8476190476190476,0.9824435490476766,0.05101141320391501,0.28700735432773905,0.7248937090291613,15,
TGF-BETA RECEPTOR SIGNALING%PATHWAY INTERACTION DATABASE NCI-NATURE CURATED DATA%TGF-BETA RECEPTOR SIGNALING,0.10211267605633803,0.3294645924326447,0.1847064712077387,0.40051617243577864,1.294803723786774,49,
TGF-BETA SIGNALING PATHWAY%PANTHER PATHWAY%P00052,0.1105072463768116,0.3468803733726357,0.1797823162983236,0.37514674260581693,1.280714571685423,65,
TGFBR3 EXPRESSION%REACTOME DATABASE ID RELEASE 93%9839394,0.6751592356687898,0.8832551715036016,0.0668966276500666,-0.30851245597617594,-0.8551494302392604,21,
TGF_BETA_RECEPTOR%IOB%TGF_BETA_RECEPTOR,0.9855072463768116,1,0.05502111171631165,-0.18597688866960968,-0.7295976327926914,120,
TGF_BETA_RECEPTOR%NETPATH%TGF_BETA_RECEPTOR,0.9948453608247423,1,0.038955647996588516,0.1739978336088871,0.6389194742117346,110,
TH17 CELL DIFFERENTIATION PATHWAY%WIKIPATHWAYS_20250810%WP5130%HOMO SAPIENS,0.0012441141022502121,0.01402088834097805,0.45505986738722953,0.5828107197482978,1.8109976740448939,39,
THE ONCOGENIC ACTION OF 2-HYDROXYGLUTARATE%SMPDB%SMP0002291,0.06458333333333334,0.2553914590747331,0.25720646646883816,-0.4970480213894385,-1.4219628825182797,23,
THE ONCOGENIC ACTION OF D-2-HYDROXYGLUTARATE IN HYDROXYGLUTARIC ACIDURIA%SMPDB%SMP0002359,0.1349036402569593,0.3877520047944469,0.17669426893849804,-0.42833665503214713,-1.2487597574504978,26,
THE ONCOGENIC ACTION OF FUMARATE%PATHWHIZ%PW002363,0.03917937943232423,0.19435770725535126,0.3217759180753611,-0.49968054379768306,-1.4836460718782962,27,
THE ONCOGENIC ACTION OF L-2-HYDROXYGLUTARATE IN HYDROXYGLUTARIC ACIDURIA%PATHWHIZ%PW002451,0.10492505353319058,0.33522921071328743,0.20207170902115992,-0.4493437049180534,-1.30206536659544,25,
THE ONCOGENIC ACTION OF SUCCINATE%PATHWHIZ%PW002360,0.03917937943232423,0.19435770725535126,0.3217759180753611,-0.49968054379768306,-1.4836460718782962,27,
THE PHOTOTRANSDUCTION CASCADE%REACTOME DATABASE ID RELEASE 93%2514856,0.5072765072765073,0.7713614517037622,0.08041999687615399,-0.3668460705794375,-0.971360617132085,17,
THE ROLE OF GTSE1 IN G2 M PROGRESSION AFTER G2 CHECKPOINT%REACTOME DATABASE ID RELEASE 93%8852276,0.0014664535718897967,0.016007104214969963,0.45505986738722953,-0.5333199701550485,-1.798279186765987,47,
THE ROLE OF NEF IN HIV-1 REPLICATION AND DISEASE PATHOGENESIS%REACTOME DATABASE ID RELEASE 93%164952,0.9811676082862524,1,0.04380020312998911,0.19537569687073952,0.5409096520703828,21,
THERMOGENESIS%WIKIPATHWAYS_20250810%WP4321%HOMO SAPIENS,0.9533678756476683,1,0.04115440187899028,0.20575273335560731,0.7263404105659936,81,
THIOESTER BIOSYNTHETIC PROCESS%GOBP%GO:0035384,0.8481561822125814,0.9824435490476766,0.05700595265823873,-0.24634970930051958,-0.7836994968738047,34,
THIOESTER METABOLIC PROCESS%GOBP%GO:0035383,0.15753424657534246,0.4234447382547667,0.16823816568963962,-0.32623757122182623,-1.1821244155026154,71,
THIOGUANINE ACTION PATHWAY%PATHWHIZ%PW000429,0.023003845500412623,0.13272000581546473,0.35248785758361917,-0.48835584614978883,-1.585292502559481,38,
THROMBIN SIGNALLING THROUGH PROTEINASE ACTIVATED RECEPTORS (PARS)%REACTOME%R-HSA-456926.4,0.08158995815899582,0.2907378335949764,0.22798720285044224,-0.4692144324213499,-1.3522323507870613,24,
THROMBOXANE A2 RECEPTOR SIGNALING%PATHWAY INTERACTION DATABASE NCI-NATURE CURATED DATA%THROMBOXANE A2 RECEPTOR SIGNALING,0.5557586837294333,0.8049518370179174,0.06911984565510101,0.3048697455296979,0.9491332791262754,40,
THROMBOXANE SIGNALLING THROUGH TP RECEPTOR%REACTOME DATABASE ID RELEASE 93%428930,0.1371308016877637,0.3922317008184588,0.1737478389995708,-0.4722871575759417,-1.3024009541980615,20,
THYMIC STROMAL LYMPHOPOIETIN TSLP SIGNALING%WIKIPATHWAYS_20250810%WP2203%HOMO SAPIENS,0.09532710280373832,0.3167360453144614,0.19782202131510335,0.46111611532256414,1.3435902909487927,26,
THYROID HORMONES PRODUCTION AND PERIPHERAL DOWNSTREAM SIGNALING EFFECTS%WIKIPATHWAYS_20250810%WP4746%HOMO SAPIENS,0.9050772626931567,1,0.054793950077336284,-0.20892385975339736,-0.7556539396641323,61,
THYROID STIMULATING HORMONE TSH SIGNALING%WIKIPATHWAYS_20250810%WP2032%HOMO SAPIENS,0.08377948367464225,0.2945345848980905,0.2878051305355643,-0.39462092758506623,-1.3306057159873537,47,
THYROTROPIN-RELEASING HORMONE RECEPTOR SIGNALING PATHWAY%PANTHER PATHWAY%P04394,0.29422382671480146,0.572176262242715,0.1035763266125924,0.3548635875209514,1.1233374301517982,44,
THYROXINE THYROID HORMONE PRODUCTION%WIKIPATHWAYS_20250810%WP1981%HOMO SAPIENS,0.27044025157232704,0.5479817788971003,0.11881503941226282,-0.4551934550891268,-1.1594722067225607,15,
TIAPROFENIC ACID ACTION PATHWAY%PATHWHIZ%PW000682,0.20373831775700935,0.4784319921631209,0.13077713797197438,0.4780504855616798,1.235397823648238,16,
"TICAM1, RIP1-MEDIATED IKK COMPLEX RECRUITMENT%REACTOME DATABASE ID RELEASE 93%168927",0.6852207293666027,0.8907272027702962,0.06130260753962072,0.3288378366602878,0.8521643131371202,17,
TIGHT JUNCTION ASSEMBLY%GOBP%GO:0120192,0.29678638941398866,0.5747456185375117,0.10592029273625286,0.3765279936821167,1.1212381309280843,31,
TIGHT JUNCTION INTERACTIONS%REACTOME DATABASE ID RELEASE 93%420029,0.08,0.28806221646143876,0.21925034670375515,0.555850162493168,1.4039092722830322,15,
TIGHT JUNCTION ORGANIZATION%GOBP%GO:0120193,0.29678638941398866,0.5747456185375117,0.10592029273625286,0.3765279936821167,1.1212381309280843,31,
TIMOLOL ACTION PATHWAY%PATHWHIZ%PW000636,0.32532347504621073,0.5939852866765517,0.09889030075206362,0.3568782490434134,1.0841541550924358,34,
TISSUE HOMEOSTASIS%GOBP%GO:0001894,0.32608695652173914,0.5947928858945446,0.11573444770168878,-0.27480359537796584,-1.0573990945769594,99,
TISSUE MIGRATION%GOBP%GO:0090130,0.7563025210084033,0.9278023419568755,0.060903934745241806,-0.3033973474141726,-0.8071266087694996,18,
TISSUE REGENERATION%GOBP%GO:0042246,0.0741083761140392,0.2755998244240976,0.2878051305355643,0.5750010925142053,1.5267206968773601,18,
TISSUE REMODELING%GOBP%GO:0048771,0.006254046413862222,0.05170756231461087,0.40701791892395395,0.6006437943535947,1.7520188483195647,27,
TLR4 SIGNALING AND TOLERANCE%WIKIPATHWAYS_20250810%WP3851%HOMO SAPIENS,0.35795454545454547,0.6321663873316766,0.09466462231533423,0.39011197158148453,1.0686333860323076,20,
TNF ALPHA SIGNALING%WIKIPATHWAYS_20250810%WP231%HOMO SAPIENS,1,1,0.04115440187899028,0.14931278863295566,0.5115862800983935,68,
TNF RECEPTOR SIGNALING PATHWAY%PATHWAY INTERACTION DATABASE NCI-NATURE CURATED DATA%TNF RECEPTOR SIGNALING PATHWAY,0.12277580071174377,0.3674536133257923,0.16823816568963962,0.40364518464949556,1.2789000636755732,43,
TNF RELATED WEAK INDUCER OF APOPTOSIS TWEAK SIGNALING%WIKIPATHWAYS_20250810%WP2036%HOMO SAPIENS,0.4782608695652174,0.7457809125187617,0.07850290473486872,0.3386038988615274,1.0083064448190402,31,
TNF SIGNALING%REACTOME%R-HSA-75893.10,0.12321428571428572,0.3680529953917051,0.16823816568963962,0.38043826920602963,1.2483853287373483,53,
TNF STRESS RELATED SIGNALING%PATHWHIZ%PW064784,0.4585987261146497,0.7261255406933581,0.08705158679467351,-0.3572567774102344,-0.990261247912364,21,
TNFALPHA%IOB%TNFALPHA,1,1,0.057246113520288446,-0.1755330652205966,-0.7092290046325909,157,
TNFALPHA%NETPATH%TNFALPHA,0.8392857142857143,0.9796809209941905,0.06523530560177027,-0.2139574630069147,-0.8677236847917394,159,
TNFR1-INDUCED NF-KAPPA-B SIGNALING PATHWAY%REACTOME%R-HSA-5357956.5,0.1660377358490566,0.4333046784299476,0.1473312136993771,0.4302728087582,1.2550634468388133,27,
TNFR1-INDUCED PROAPOPTOTIC SIGNALING%REACTOME DATABASE ID RELEASE 93%5357786,0.36398467432950193,0.6388277956307673,0.0943563635421779,0.37936027880348033,1.0691944164967386,23,
TNFR2 NON-CANONICAL NF-KB PATHWAY%REACTOME DATABASE ID RELEASE 93%5668541,0.22717149220489977,0.4977792661003207,0.13574094381042484,-0.3100313438163813,-1.1204136436859105,62,
TOCAINIDE ACTION PATHWAY%SMPDB%SMP0000330,0.32532347504621073,0.5939852866765517,0.09889030075206362,0.3568782490434134,1.0841541550924358,34,
TOLL LIKE RECEPTOR 10 (TLR10) CASCADE%REACTOME%R-HSA-168142.3,0.984070796460177,1,0.040822900367777595,0.19234191108745347,0.6850236442598693,91,
TOLL LIKE RECEPTOR 2 (TLR2) CASCADE%REACTOME DATABASE ID RELEASE 93%181438,0.6020408163265306,0.8358167854848086,0.06170540536375225,0.2572534679510319,0.9327079310335656,99,
TOLL LIKE RECEPTOR 3 (TLR3) CASCADE%REACTOME%R-HSA-168164.6,0.8316326530612245,0.974761821217575,0.04669480412820537,0.22662710592885624,0.8216678312273084,99,
TOLL LIKE RECEPTOR 4 (TLR4) CASCADE%REACTOME DATABASE ID RELEASE 93%166016,0.54421768707483,0.7957035445757251,0.06658921041039328,0.2578960424449527,0.9651475693475577,119,
TOLL LIKE RECEPTOR 5 (TLR5) CASCADE%REACTOME DATABASE ID RELEASE 93%168176,0.984070796460177,1,0.040822900367777595,0.19234191108745347,0.6850236442598693,91,
TOLL LIKE RECEPTOR 7 8 (TLR7 8) CASCADE%REACTOME DATABASE ID RELEASE 93%168181,0.629059829059829,0.8557282741738066,0.05986031177644726,0.2544753692974763,0.9202598746745949,98,
TOLL LIKE RECEPTOR 9 (TLR9) CASCADE%REACTOME DATABASE ID RELEASE 93%168138,0.6730103806228374,0.8811053463398107,0.057246113520288446,0.24794851460282033,0.9032588823262668,102,
TOLL LIKE RECEPTOR SIGNALING RELATED TO MYD88%WIKIPATHWAYS_20250810%WP3858%HOMO SAPIENS,0.0994263862332696,0.324792256687525,0.19578900214894943,0.49046746833488153,1.3680035065341192,22,
TOLL LIKE RECEPTOR SIGNALING%WIKIPATHWAYS_20250810%WP75%HOMO SAPIENS,0.021163329918440908,0.1262980247334669,0.35248785758361917,0.4620807993703741,1.511682010525115,52,
TOLL LIKE RECEPTOR TLR1:TLR2 CASCADE%REACTOME DATABASE ID RELEASE 93%168179,0.6020408163265306,0.8358167854848086,0.06170540536375225,0.2572534679510319,0.9327079310335656,99,
TOLL LIKE RECEPTOR TLR6:TLR2 CASCADE%REACTOME DATABASE ID RELEASE 93%168188,0.6020408163265306,0.8358167854848086,0.06170540536375225,0.2572534679510319,0.9327079310335656,99,
TOLL RECEPTOR SIGNALING PATHWAY%PANTHER PATHWAY%P00054,0.389413988657845,0.6596293051777399,0.08971046527429813,0.3539859026190006,1.054111509601338,31,
TOLL-LIKE RECEPTOR 4 SIGNALING PATHWAY%GOBP%GO:0034142,0.18129770992366412,0.454963900784046,0.14122511964253093,0.4331976373797889,1.2334482029103808,24,
TOLL-LIKE RECEPTOR CASCADES%REACTOME DATABASE ID RELEASE 93%168898,0.22425249169435216,0.4977792661003207,0.11573444770168878,0.29616135359918694,1.1298462547300303,137,
TOLL-LIKE RECEPTOR PATHWAY 1%PATHWHIZ%PW064909,0.02272339036434201,0.13220016425579498,0.35248785758361917,0.5274118657024414,1.5616651501307333,30,
TOLL-LIKE RECEPTOR PATHWAY 2%SMPDB%SMP0069593,0.023349931719393594,0.13393606869123922,0.35248785758361917,0.5506578540795699,1.5883782705724554,25,
TOLL-LIKE RECEPTOR SIGNALING PATHWAY%GOBP%GO:0002224,0.0384540463151401,0.19161496083131693,0.3217759180753611,0.5024798485964603,1.4637071736823293,28,
TOLMETIN ACTION PATHWAY%PATHWHIZ%PW000681,0.20373831775700935,0.4784319921631209,0.13077713797197438,0.4780504855616798,1.235397823648238,16,
TOR SIGNALING%GOBP%GO:0031929,0.23251417769376181,0.4995548226088711,0.12210792028708148,0.391979725216914,1.1672508335063296,31,
TORC1 SIGNALING%GOBP%GO:0038202,0.891588785046729,1,0.047829963311422925,0.2604909647706005,0.6731715178147406,16,
TORSEMIDE ACTION PATHWAY%PATHWHIZ%PW000338,0.22537878787878787,0.4977792661003207,0.12443416863039332,0.441161905676685,1.208474426305242,20,
TP53 REGULATES METABOLIC GENES%REACTOME%R-HSA-5628897.6,0.22522522522522523,0.4977792661003207,0.12098514214525231,0.3311552095004161,1.1413426058906238,70,
TP53 REGULATES TRANSCRIPTION OF ADDITIONAL CELL CYCLE GENES WHOSE EXACT ROLE IN THE P53 PATHWAY REMAIN UNCERTAIN%REACTOME DATABASE ID RELEASE 93%6804115,0.11392405063291139,0.3538077279577729,0.19189224038483796,-0.4784684967768101,-1.3194469016567079,20,
TP53 REGULATES TRANSCRIPTION OF CELL CYCLE GENES%REACTOME%R-HSA-6791312.6,6.391621432313108e-8,2.3210358613027205e-6,0.7049757151672383,-0.6864772151559443,-2.3229105263984446,46,
TP53 REGULATES TRANSCRIPTION OF CELL DEATH GENES%REACTOME%R-HSA-5633008.4,0.5032537960954447,0.767520749686053,0.083129129135339,-0.3037426534944667,-0.9662806804141251,34,
TP53 REGULATES TRANSCRIPTION OF DNA REPAIR GENES%REACTOME%R-HSA-6796648.5,0.09534368070953436,0.3167360453144614,0.21654283673534816,-0.35312795915928286,-1.2705691642536847,60,
TP53 REGULATES TRANSCRIPTION OF GENES INVOLVED IN CYTOCHROME C RELEASE%REACTOME%R-HSA-6803204.3,0.7514018691588785,0.9248097568390063,0.055710422676667086,0.3048551231466421,0.7878192095566541,16,
TP53 REGULATES TRANSCRIPTION OF GENES INVOLVED IN G2 CELL CYCLE ARREST%REACTOME%R-HSA-6804114.3,0.0011150365449374418,0.012852993866540303,0.45505986738722953,-0.6971959519443504,-1.8460840784609338,17,
TRABECULA MORPHOGENESIS%GOBP%GO:0061383,0.04770992366412214,0.2208969465648855,0.2878571172551493,0.5568530267989549,1.4921110289244863,19,
TRAF6 MEDIATED INDUCTION OF NFKB AND MAP KINASES UPON TLR7 8 OR 9 ACTIVATION%REACTOME DATABASE ID RELEASE 93%975138,0.6718213058419243,0.8807548785412297,0.05700595265823873,0.24895417537181092,0.8946700642893117,95,
TRAF6 MEDIATED IRF7 ACTIVATION%REACTOME DATABASE ID RELEASE 93%933541,0.2897196261682243,0.5673697706874837,0.10672988436460558,0.444292744232302,1.1481596732244526,16,
TRAF6 MEDIATED NF-KB ACTIVATION%REACTOME%R-HSA-933542.3,0.9923371647509579,1,0.044064034659756106,0.1705574841420991,0.480701644124768,23,
TRAFFICKING OF AMPA RECEPTORS%REACTOME DATABASE ID RELEASE 93%399719,0.3125,0.5895585738539898,0.10882012676916121,-0.38892721203801217,-1.1126491520344703,23,
TRAIL SIGNALING PATHWAY%PATHWAY INTERACTION DATABASE NCI-NATURE CURATED DATA%TRAIL SIGNALING PATHWAY,0.6666666666666666,0.8779331595164731,0.06170540536375225,0.3092314952902441,0.856126443594023,21,
TRAIL%IOB%TRAIL,0.4900662251655629,0.7554281889302598,0.08553569479878835,-0.30052041790447487,-0.9869459036087221,39,
TRAMADOL ACTION ACTION PATHWAY%SMPDB%SMP0000671,0.23106060606060605,0.4977792661003207,0.12267918956880833,0.436121700543469,1.1946677967471409,20,
TRANS SULFURATION ONE CARBON METABOLISM AND RELATED PATHWAYS%WIKIPATHWAYS_20250810%WP2525%HOMO SAPIENS,0.32229580573951433,0.5939852866765517,0.11056471633661853,-0.33006805846610227,-1.0839839784821261,39,
TRANS-GOLGI NETWORK VESICLE BUDDING%REACTOME DATABASE ID RELEASE 93%199992,0.6368613138686131,0.8609249294048696,0.06238614928936257,0.2640096035902346,0.9051286519170281,69,
TRANSCRIPTION BY RNA POLYMERASE I%GOBP%GO:0006360,0.9603340292275574,1,0.04949048661354951,-0.2208929603266958,-0.6252152475331112,22,
TRANSCRIPTION BY RNA POLYMERASE III%GOBP%GO:0006383,0.2603036876355748,0.5362429694116625,0.12384217120104962,-0.3564395986359983,-1.1339227268020307,34,
TRANSCRIPTION ELONGATION BY RNA POLYMERASE II%GOBP%GO:0006368,0.98068669527897,1,0.0497903187820785,-0.20387933579109585,-0.6415970086143031,33,
TRANSCRIPTION FACTOR REGULATION IN ADIPOGENESIS%WIKIPATHWAYS_20250810%WP3599%HOMO SAPIENS,0.0027903137430855523,0.02698366472526365,0.4317076958033464,0.7110495279151248,1.7958958954244904,15,
TRANSCRIPTION INITIATION AT RNA POLYMERASE II PROMOTER%GOBP%GO:0006367,0.5333333333333333,0.7901648151952341,0.08705158679467351,-0.24312127096052302,-0.9703991028819615,134,
TRANSCRIPTION INITIATION-COUPLED CHROMATIN REMODELING%GOBP%GO:0045815,0.9254079254079254,1,0.05629407497009682,-0.21879871813769927,-0.7403739473116976,46,
TRANSCRIPTION OF E2F TARGETS UNDER NEGATIVE CONTROL BY DREAM COMPLEX%REACTOME DATABASE ID RELEASE 93%1362277,5.487178900601199e-4,0.006887476688172913,0.47727081536286214,-0.7116871099408797,-1.9290016995908013,19,
TRANSCRIPTION OF E2F TARGETS UNDER NEGATIVE CONTROL BY P107 (RBL1) AND P130 (RBL2) IN COMPLEX WITH HDAC1%REACTOME DATABASE ID RELEASE 93%1362300,0.0016785130954178888,0.017934266842580364,0.45505986738722953,-0.7108763471739048,-1.84744513196023,16,
TRANSCRIPTION OF THE HIV GENOME%REACTOME%R-HSA-167172.4,0.5982339955849889,0.8340748003689331,0.07492788183937392,-0.25514735220408485,-0.9264001608720708,67,
TRANSCRIPTION PREINITIATION COMPLEX ASSEMBLY%GOBP%GO:0070897,0.876993166287016,0.993914230701908,0.05773085492998127,-0.22901546771658543,-0.7919284840183506,50,
TRANSCRIPTION REGULATION BY BZIP TRANSCRIPTION FACTOR%PANTHER PATHWAY%P00055,0.35267857142857145,0.626833698930628,0.10552093684319848,-0.3146240705468291,-1.0618279604281298,44,
TRANSCRIPTION-COUPLED NUCLEOTIDE EXCISION REPAIR (TC-NER)%REACTOME%R-HSA-6781827.3,1.2020046391437319e-4,0.0019829390563145277,0.5384340963099162,-0.49645734488212734,-1.8093283364887915,76,
TRANSCRIPTIONAL ACTIVATION OF MITOCHONDRIAL BIOGENESIS%REACTOME%R-HSA-2151201.4,0.6179577464788732,0.8479558506882241,0.06211241889494712,0.2854423415339961,0.9227887216062345,49,
TRANSCRIPTIONAL ACTIVITY OF SMAD2 SMAD3:SMAD4 HETEROTRIMER%REACTOME DATABASE ID RELEASE 93%2173793,0.9310344827586207,1,0.04216194300924518,0.20980348465820509,0.6781149556610512,47,
TRANSCRIPTIONAL AND POST-TRANSLATIONAL REGULATION OF MITF-M EXPRESSION AND ACTIVITY%REACTOME%R-HSA-9856649.3,0.1602787456445993,0.42833511823058856,0.14375898903927542,0.37949829618023234,1.2289246859650025,48,
TRANSCRIPTIONAL REGULATION BY E2F6%REACTOME%R-HSA-8953750.3,6.481093564925988e-4,0.008001990188161952,0.47727081536286214,-0.6023558461093107,-1.9162432741456703,34,
TRANSCRIPTIONAL REGULATION BY MECP2%REACTOME%R-HSA-8986944.4,0.880184331797235,0.993914230701908,0.05809835768732064,-0.22739088269999502,-0.7798866385896926,49,
TRANSCRIPTIONAL REGULATION BY NPAS4%REACTOME%R-HSA-9634815.4,0.23018867924528302,0.4977792661003207,0.12267918956880833,0.39799282675303954,1.1784557154671602,30,
TRANSCRIPTIONAL REGULATION BY RUNX1%REACTOME DATABASE ID RELEASE 93%8878171,0.17223650385604114,0.44137967921168375,0.17093233537005617,-0.2773461731947396,-1.1254756664800796,160,
TRANSCRIPTIONAL REGULATION BY RUNX2%REACTOME%R-HSA-8878166.4,0.46190476190476193,0.7296965758154271,0.09314545753378035,-0.257277515000309,-0.9881263193328699,95,
TRANSCRIPTIONAL REGULATION BY RUNX3%REACTOME%R-HSA-8878159.4,1,1,0.053238649475589886,-0.16316425622958733,-0.6039001368438844,82,
TRANSCRIPTIONAL REGULATION BY SMALL RNAS%REACTOME%R-HSA-5578749.7,1.1024648756411293e-4,0.0018431323419271085,0.5384340963099162,-0.5491544225225834,-1.9758805769214376,60,
TRANSCRIPTIONAL REGULATION BY THE AP-2 (TFAP2) FAMILY OF TRANSCRIPTION FACTORS%REACTOME DATABASE ID RELEASE 93%8864260,0.8192307692307692,0.9682293456384075,0.05302125120430776,0.2658631122201945,0.7744504494283317,28,
TRANSCRIPTIONAL REGULATION BY VENTX%REACTOME%R-HSA-8853884.3,0.9744058500914077,1,0.04275914347386776,0.19928883967550215,0.6106563818009841,36,
TRANSCRIPTIONAL REGULATION OF BROWN AND BEIGE ADIPOCYTE DIFFERENTIATION BY EBF2%REACTOME%R-HSA-9844594.1,0.9083969465648855,1,0.04792589670581297,0.24230402600178758,0.6899148094102671,24,
TRANSCRIPTIONAL REGULATION OF BROWN AND BEIGE ADIPOCYTE DIFFERENTIATION%REACTOME%R-HSA-9843743.1,0.9083969465648855,1,0.04792589670581297,0.24230402600178758,0.6899148094102671,24,
TRANSCRIPTIONAL REGULATION OF GRANULOPOIESIS%REACTOME DATABASE ID RELEASE 93%9616222,0.06053811659192825,0.24822861681531616,0.27650059925447157,-0.4225118097388576,-1.4029529971364851,41,
TRANSCRIPTIONAL REGULATION OF MEMORY B CELL DIFFERENTIATION%WIKIPATHWAYS_20250810%WP5491%HOMO SAPIENS,0.4175365344467641,0.6898105814410411,0.09139243259437684,-0.36075291964853623,-1.0210747577594654,22,
TRANSCRIPTIONAL REGULATION OF WHITE ADIPOCYTE DIFFERENTIATION%REACTOME DATABASE ID RELEASE 93%381340,0.22982456140350876,0.4977792661003207,0.11776578836269024,0.33009521853673285,1.1476254103919632,73,
TRANSEPITHELIAL TRANSPORT%GOBP%GO:0070633,0.6978967495219885,0.895917438853727,0.06024840861580194,0.29855966624002184,0.8327375344844232,22,
TRANSFERRIN ENDOCYTOSIS AND RECYCLING%REACTOME DATABASE ID RELEASE 93%917977,0.7433962264150943,0.9207109750250253,0.056648418361399534,0.27838632701257277,0.8120255243215807,27,
TRANSFORMING GROWTH FACTOR BETA RECEPTOR SIGNALING PATHWAY%GOBP%GO:0007179,0.8028933092224232,0.9593791741260167,0.05111479544164116,0.2421293603489003,0.8213514785414466,62,
TRANSFORMING GROWTH FACTOR BETA RECEPTOR SUPERFAMILY SIGNALING PATHWAY%GOBP%GO:0141091,0.4742268041237113,0.742616720324504,0.07399014391013414,0.27626012750081236,0.9900301925669776,93,
TRANSITION METAL ION TRANSPORT%GOBP%GO:0000041,0.25457875457875456,0.5286221841644696,0.11378726182188,0.3292729209577377,1.1200318605301531,64,
TRANSLATION FACTORS%WIKIPATHWAYS_20250810%WP107%HOMO SAPIENS,0.03469540071956714,0.17744667579861864,0.3217759180753611,0.4626582225311886,1.4557787638252768,42,
TRANSLATION INHIBITORS IN CHRONICALLY ACTIVATED PDGFRA CELLS%WIKIPATHWAYS_20250810%WP4566%HOMO SAPIENS,0.8793418647166362,0.993914230701908,0.04744831936562972,0.23435707987562018,0.718111694961525,36,
TRANSLATION INITIATION COMPLEX FORMATION%REACTOME%R-HSA-72649.4,1.2027546111914971e-4,0.0019829390563145277,0.5384340963099162,0.5657035947159784,1.900422776248336,58,
TRANSLATION OF STRUCTURAL PROTEINS%REACTOME DATABASE ID RELEASE 93%9683701,0.17547169811320754,0.4470063066102618,0.1429011493869481,0.4254139541992627,1.2408906461730493,27,
TRANSLATION OF STRUCTURAL PROTEINS%REACTOME DATABASE ID RELEASE 93%9694635,0.6630824372759857,0.8756260790522034,0.059603704257597284,0.26850720601903544,0.8940376168509558,57,
TRANSLATIONAL ELONGATION%GOBP%GO:0006414,0.2357142857142857,0.5040910590564169,0.11724971674979229,0.35031896741214386,1.1570309831166399,54,
TRANSLATIONAL INITIATION%GOBP%GO:0006413,0.08781362007168458,0.3021959506766655,0.20207170902115992,0.39365007230706534,1.3107207725876264,57,
TRANSLESION SYNTHESIS BY POLH%REACTOME%R-HSA-110320.3,3.2048980670910124e-4,0.004589281871329295,0.49849310876659025,-0.7228723628735987,-1.95931891570472,19,
TRANSLESION SYNTHESIS BY POLI%REACTOME DATABASE ID RELEASE 93%5656121,8.4875807063097e-4,0.010163146207813941,0.47727081536286214,-0.7082113276979303,-1.8752513588219817,17,
TRANSLESION SYNTHESIS BY POLK%REACTOME%R-HSA-5655862.2,4.789135180602412e-4,0.006145135118574365,0.49849310876659025,-0.7206475557518581,-1.908180871023593,17,
TRANSLESION SYNTHESIS BY REV1%REACTOME%R-HSA-110312.3,9.81645481147164e-4,0.011506376146104733,0.45505986738722953,-0.7277845348882362,-1.8913865983028566,16,
TRANSLESION SYNTHESIS BY Y FAMILY DNA POLYMERASES BYPASSES LESIONS ON DNA TEMPLATE%REACTOME%R-HSA-110313.3,7.3341447203048855e-6,1.704958496485939e-4,0.610526878385931,-0.666662448363212,-2.1894012296727743,39,
TRANSLESION SYNTHESIS%GOBP%GO:0019985,4.100189644796764e-5,7.618947714545424e-4,0.557332238758646,-0.7156676702504748,-2.073793573218366,25,
TRANSLOCATION OF SLC2A4 (GLUT4) TO THE PLASMA MEMBRANE%REACTOME%R-HSA-1445148.4,0.8778801843317973,0.993914230701908,0.0582216241124161,-0.22959801135293784,-0.7874564678002576,49,
TRANSMISSION ACROSS CHEMICAL SYNAPSES%REACTOME%R-HSA-112315.8,0.42016806722689076,0.6923053919076527,0.07913166517683488,0.2552491042114139,1.0106971822619817,179,
TRANSMISSION OF NERVE IMPULSE%GOBP%GO:0019226,0.3068181818181818,0.5842092945162964,0.10395847155995677,0.40818496152500183,1.1181407117387547,20,
TRANSPORT ACROSS BLOOD-BRAIN BARRIER%GOBP%GO:0150104,0.012877966133351118,0.08800735527293826,0.3807304007227924,0.448596312434943,1.5370131443234991,68,
TRANSPORT ALONG MICROTUBULE%GOBP%GO:0010970,0.3034825870646766,0.5815877471109032,0.09656295543094219,0.2807775980156504,1.077056723363751,141,
"TRANSPORT OF BILE SALTS AND ORGANIC ACIDS, METAL IONS AND AMINE COMPOUNDS%REACTOME%R-HSA-425366.5",0.005076374728404898,0.04379555588667331,0.40701791892395395,0.512836422802885,1.6575608773938924,47,
TRANSPORT OF INORGANIC CATIONS ANIONS AND AMINO ACIDS OLIGOPEPTIDES%REACTOME DATABASE ID RELEASE 93%425393,0.05574912891986063,0.24056975633062594,0.2529611230696109,0.38944338908951065,1.3583049999207815,74,
TRANSPORT OF MATURE MRNA DERIVED FROM AN INTRON-CONTAINING TRANSCRIPT%REACTOME%R-HSA-159236.5,7.536054015795105e-6,1.7445965046565667e-4,0.610526878385931,-0.5682617951660953,-2.065021914586035,68,
TRANSPORT OF MATURE MRNA DERIVED FROM AN INTRONLESS TRANSCRIPT%REACTOME%R-HSA-159231.4,1.7324288078757972e-4,0.0027328473373775647,0.5188480777437918,-0.6134686335815667,-2.014706219057044,39,
TRANSPORT OF MATURE MRNAS DERIVED FROM INTRONLESS TRANSCRIPTS%REACTOME%R-HSA-159234.4,7.593888669982087e-5,0.001326781303472342,0.5384340963099162,-0.6187233928550743,-2.052271620812598,40,
TRANSPORT OF MATURE TRANSCRIPT TO CYTOPLASM%REACTOME%R-HSA-72202.4,8.166441126699466e-7,2.2686373449971118e-5,0.6594443980379349,-0.5684054828349511,-2.071954321759476,77,
TRANSPORT OF RIBONUCLEOPROTEINS INTO THE HOST NUCLEUS%REACTOME DATABASE ID RELEASE 93%168271,2.3474628313701652e-4,0.003563525544014382,0.5188480777437918,-0.6449090291187476,-1.9618818417574124,29,
TRANSPORT OF THE SLBP DEPENDANT MATURE MRNA%REACTOME DATABASE ID RELEASE 93%159230,1.4175561968105148e-4,0.0022796017448381634,0.5188480777437918,-0.6393183171069015,-2.011899431673706,33,
TRANSPORT OF THE SLBP INDEPENDENT MATURE MRNA%REACTOME DATABASE ID RELEASE 93%159227,2.594469826464152e-4,0.0038542444801697396,0.49849310876659025,-0.6333985249008568,-1.9814492428755994,32,
"TRANSPORT OF VITAMINS, NUCLEOSIDES, AND RELATED MOLECULES%REACTOME%R-HSA-425397.5",0.8050847457627118,0.9606587558700785,0.058345277674361214,-0.2699460821814465,-0.8015209905983454,27,
TRANSPORT TO THE GOLGI AND SUBSEQUENT MODIFICATION%REACTOME%R-HSA-948021.4,0.9669421487603306,1,0.03847869176354318,0.1928177852822508,0.7478610747183653,152,
TRANSPOSABLE ELEMENT SILENCING%GOBP%GO:0010526,0.06355140186915888,0.2531122500251231,0.24504178543099617,0.49418554071789406,1.4254832990976947,25,
TRIAMTERENE ACTION PATHWAY%SMPDB%SMP0000132,0.22537878787878787,0.4977792661003207,0.12443416863039332,0.441161905676685,1.208474426305242,20,
TRICARBOXYLIC ACID CYCLE%GOBP%GO:0006099,0.2288135593220339,0.4977792661003207,0.13145761164276346,-0.39363937860390275,-1.168789789899764,27,
TRICHLORMETHIAZIDE ACTION PATHWAY%SMPDB%SMP0000121,0.22537878787878787,0.4977792661003207,0.12443416863039332,0.441161905676685,1.208474426305242,20,
TRIF (TICAM1)-MEDIATED TLR4 SIGNALING%REACTOME DATABASE ID RELEASE 93%937061,0.6470588235294118,0.866010470062166,0.05909547987173424,0.25182119089929067,0.9173667678635712,102,
TRIGLYCERIDE HOMEOSTASIS%GOBP%GO:0070328,0.12121212121212122,0.36600790513834,0.17520404755855126,0.4909636762323724,1.3448963732749266,20,
TRIGLYCERIDE METABOLIC PROCESS%GOBP%GO:0006641,0.017197940577460862,0.108705071499855,0.35248785758361917,0.5749469092837861,1.6752680278465866,26,
TRIGLYCERIDE METABOLISM%REACTOME%R-HSA-8979227.2,0.8747390396659708,0.993914230701908,0.053787280776029955,-0.2513725572113589,-0.7114846727007138,22,
TRIOSEPHOSPHATE ISOMERASE DEFICIENCY%PATHWHIZ%PW000539,0.3492723492723493,0.6218736181928992,0.10171390228231093,-0.4067109350892221,-1.076917586383378,17,
TRISALICYLATE-CHOLINE ACTION PATHWAY%PATHWHIZ%PW000680,0.20373831775700935,0.4784319921631209,0.13077713797197438,0.4780504855616798,1.235397823648238,16,
"TRISTETRAPROLIN (TTP, ZFP36) BINDS AND DESTABILIZES MRNA%REACTOME DATABASE ID RELEASE 93%450513",0.5509355509355509,0.8020203343016333,0.07608371609517249,-0.3553049875467611,-0.9408013323637188,17,
TRK RECEPTOR SIGNALING MEDIATED BY PI3K AND PLC-GAMMA%PATHWAY INTERACTION DATABASE NCI-NATURE CURATED DATA%TRK RECEPTOR SIGNALING MEDIATED BY PI3K AND PLC-GAMMA,0.9291044776119403,1,0.04586203431179851,0.22794199468530438,0.6868365492739821,33,
TRK RECEPTOR SIGNALING MEDIATED BY THE MAPK PATHWAY%PATHWAY INTERACTION DATABASE NCI-NATURE CURATED DATA%TRK RECEPTOR SIGNALING MEDIATED BY THE MAPK PATHWAY,0.6944444444444444,0.8930876357806398,0.06583119583688658,-0.2762522106736083,-0.8641948349463093,32,
TRNA 5'-END PROCESSING%GOBP%GO:0099116,0.013186266988872151,0.08956807451351023,0.3807304007227924,-0.6352732691671074,-1.618172869222864,15,
TRNA AMINOACYLATION FOR PROTEIN TRANSLATION%GOBP%GO:0006418,0.0013918723441530884,0.01525294426847053,0.45505986738722953,0.5835517400859249,1.803781603164854,38,
TRNA AMINOACYLATION%GOBP%GO:0043039,0.0010470717575919303,0.012145158006640427,0.45505986738722953,0.5766829299192316,1.806580016691249,41,
TRNA AMINOACYLATION%REACTOME%R-HSA-379724.3,7.711266736931659e-4,0.009354541045937184,0.47727081536286214,0.5781775411108433,1.8192664586505674,42,
TRNA METABOLIC PROCESS%GOBP%GO:0006399,0.9983498349834984,1,0.03691605933168489,0.1546691155000893,0.6142989687902486,184,
TRNA METHYLATION%GOBP%GO:0030488,1,1,0.050294806366235845,-0.12740778043560366,-0.4135889857461766,38,
TRNA MODIFICATION IN THE NUCLEUS AND CYTOSOL%REACTOME%R-HSA-6782315.8,0.990909090909091,1,0.051951247619708235,-0.16857519218842526,-0.5631678745804726,43,
TRNA MODIFICATION%GOBP%GO:0006400,1,1,0.04008456334770882,0.09978528376349877,0.3553842131478953,91,
TRNA PROCESSING IN THE NUCLEUS%REACTOME%R-HSA-6784531.6,5.393697640248803e-4,0.006826283391622403,0.47727081536286214,-0.5412746444816996,-1.9138153784766705,55,
TRNA PROCESSING%GOBP%GO:0008033,0.9880952380952381,1,0.05423159354958409,-0.18248753052267963,-0.7220614900669742,123,
TRNA PROCESSING%REACTOME DATABASE ID RELEASE 93%72306,0.00315192336331658,0.029884106154585182,0.4317076958033464,-0.40532918769088166,-1.5660898983904943,107,
TRNA THREONYLCARBAMOYLADENOSINE METABOLIC PROCESS%GOBP%GO:0070525,0.8130252100840336,0.9647945466097588,0.0574877409561325,-0.288790416881727,-0.7682678566885519,18,
TRNA WOBBLE BASE MODIFICATION%GOBP%GO:0002097,0.6916488222698073,0.8930876357806398,0.06613262047584399,-0.29721808376887054,-0.8612502388831399,25,
TRNA WOBBLE URIDINE MODIFICATION%GOBP%GO:0002098,0.7733887733887734,0.9394525972398954,0.05934876803356285,-0.29342857583926096,-0.7769606529005836,17,
TROP2 REGULATORY SIGNALING%WIKIPATHWAYS_20250810%WP5300%HOMO SAPIENS,0.7547169811320755,0.9270854625624169,0.05594285930657051,0.27910662225395877,0.8264339759671295,30,
TRYPTOPHAN METABOLISM%WIKIPATHWAYS_20250810%WP465%HOMO SAPIENS,0.7794392523364486,0.9443010218014193,0.0540088272801684,0.2980997096947118,0.7703615908983378,16,
TSH%NETPATH%TSH,0.4760914760914761,0.7442780644806531,0.08383610571599288,-0.3762877617664002,-0.9963609857162503,17,
TSLP%NETPATH%TSLP,0.37714285714285717,0.6497067783033486,0.09196861400004266,0.42595956820781716,1.0758449448721379,15,
TUBE CLOSURE%GOBP%GO:0060606,0.9700214132762313,1,0.05019342526494341,-0.20694100170410584,-0.6033095511641132,26,
TUBE FORMATION%GOBP%GO:0035148,0.6636363636363637,0.8756260790522034,0.07113273993278939,-0.27197215635976707,-0.9085914674265736,43,
TUMOR NECROSIS FACTOR-MEDIATED SIGNALING PATHWAY%GOBP%GO:0033209,0.871268656716418,0.9935842695383114,0.04879897016828393,0.24629278228901258,0.7421312818290416,33,
TUMOR SUPPRESSOR ACTIVITY OF SMARCB1%WIKIPATHWAYS_20250810%WP4204%HOMO SAPIENS,0.0017963021894083972,0.018901998038547453,0.45505986738722953,-0.6287099048970383,-1.8218156476705019,25,
"TURBULENT (OSCILLATORY, DISTURBED) FLOW SHEAR STRESS ACTIVATES SIGNALING BY PIEZO1 AND INTEGRINS IN ENDOTHELIAL CELLS%REACTOME%R-HSA-9860927.2",0.7584905660377359,0.9287202114128768,0.055710422676667086,0.27468336520750064,0.8012243490858061,27,
TYPE 2 PAPILLARY RENAL CELL CARCINOMA%WIKIPATHWAYS_20250810%WP4241%HOMO SAPIENS,0.7131931166347992,0.9052079834956581,0.05922191938038196,0.29540270197905727,0.823932183553271,22,
TYPE I COLLAGEN SYNTHESIS IN THE CONTEXT OF OSTEOGENESIS IMPERFECTA%WIKIPATHWAYS_20250810%WP4786%HOMO SAPIENS,0.43021032504780116,0.7013640158349715,0.0847985102819124,0.3655459890870692,1.0195746449164225,22,
TYPE I INTERFERON INDUCTION AND SIGNALING DURING SARS COV 2 INFECTION%WIKIPATHWAYS_20250810%WP4868%HOMO SAPIENS,0.6359832635983264,0.8601565269114657,0.06911984565510101,-0.3109792203427484,-0.8962131876463314,24,
TYPE I INTERFERON-MEDIATED SIGNALING PATHWAY%GOBP%GO:0060337,0.1905781584582441,0.4687260949065977,0.14641623786055022,-0.408293964298809,-1.1903279017482575,26,
TYPE II INTERFERON SIGNALING%WIKIPATHWAYS_20250810%WP619%HOMO SAPIENS,0.8625235404896422,0.9891806300664099,0.049690139272460555,0.26151429074615534,0.7240184233995222,21,
TYROBP CAUSAL NETWORK IN MICROGLIA%WIKIPATHWAYS_20250810%WP3945%HOMO SAPIENS,0.007773880345075522,0.06049254789529356,0.40701791892395395,0.5521984920794029,1.677514085625419,34,
TYROSINE KINASE INHIBITORS IN GLIOBLASTOMA%WIKIPATHWAYS_20250810%WP5494%HOMO SAPIENS,0.11487758945386065,0.35518079410442394,0.1797823162983236,0.4891804890669699,1.3543263178525997,21,
U12 DEPENDENT SPLICING%REACTOME%R-HSA-72165.3,0.0017438036202373545,0.018489642965722787,0.45505986738722953,-0.5218337258190732,-1.8044850660871676,50,
U2-TYPE PRESPLICEOSOME ASSEMBLY%GOBP%GO:1903241,0.004163520074862866,0.03707134220502898,0.40701791892395395,-0.6038103125255893,-1.7496639817756379,25,
UB-SPECIFIC PROCESSING PROTEASES%REACTOME DATABASE ID RELEASE 93%5689880,0.0497300743647129,0.22555125973089377,0.3217759180753611,-0.31579591781389704,-1.2751962784747997,155,
UBIQUINONE BIOSYNTHETIC PROCESS%GOBP%GO:0006744,0.1496881496881497,0.41261975330313194,0.16440575583821013,-0.48617462787696464,-1.2873270955924498,17,
UBIQUINONE METABOLIC PROCESS%GOBP%GO:0006743,0.7803347280334728,0.9451798013852136,0.05922191938038196,-0.2929704468778983,-0.7940856059684557,19,
UBIQUITIN PROTEASOME PATHWAY%PANTHER PATHWAY%P00060,0.5139186295503212,0.7762561525840854,0.08130273453844984,-0.331219903699999,-0.9656285114710667,26,
UBIQUITIN-DEPENDENT DEGRADATION OF CYCLIN D%REACTOME DATABASE ID RELEASE 93%75815,0.019650526953064237,0.11919031413889182,0.35248785758361917,-0.48884335258741285,-1.605421514141044,39,
UBIQUITIN-DEPENDENT PROTEIN CATABOLIC PROCESS VIA THE C-END DEGRON RULE PATHWAY%GOBP%GO:0140627,0.9433962264150944,1,0.05049830441007088,-0.2511157206612609,-0.6396438602589946,15,
UBIQUITIN-DEPENDENT PROTEIN CATABOLIC PROCESS VIA THE MULTIVESICULAR BODY SORTING PATHWAY%GOBP%GO:0043162,0.7486136783733827,0.9237792944507244,0.05536428377253621,0.27506271777573754,0.8356081918326922,34,
UBIQUITIN-MEDIATED DEGRADATION OF PHOSPHORYLATED CDC25A%REACTOME DATABASE ID RELEASE 93%69601,0.0019543411030481695,0.02033393102722028,0.4317076958033464,-0.5401626607447254,-1.82300043147091,44,
UBIQUITIN–PROTEASOME PATHWAY%SMPDB%SMP0063816,0.06991525423728813,0.2659352967361181,0.24891111443470243,-0.46024602049697333,-1.3665575113615591,27,
UCH PROTEINASES%REACTOME%R-HSA-5689603.4,0.4131455399061033,0.6843877816691443,0.09889030075206362,-0.2785724492000559,-1.0161244087120973,75,
UMP SYNTHASE DEFICIENCY (OROTIC ACIDURIA)%SMPDB%SMP0000219,3.729045284081586e-5,7.023245965544845e-4,0.557332238758646,-0.7711379822810549,-2.051454931417729,18,
"UNBLOCKING OF NMDA RECEPTORS, GLUTAMATE BINDING AND ACTIVATION%REACTOME DATABASE ID RELEASE 93%438066",0.7949790794979079,0.95418098200267365,0.058345277674361214,-0.2853871304228532,-0.7735313060155844,19,
UNFOLDED PROTEIN RESPONSE (UPR)%REACTOME DATABASE ID RELEASE 93%381119,0.019973778586595017,0.12071959279702962,0.35248785758361917,0.41085588934275796,1.4584575685881493,87,
UNFOLDED PROTEIN RESPONSE%WIKIPATHWAYS_20250810%WP4925%HOMO SAPIENS,0.014960863065603033,0.09790642543285095,0.3807304007227924,0.6452639099038157,1.6675176661254,16,
UNSATURATED FATTY ACID BIOSYNTHETIC PROCESS%GOBP%GO:0006636,0.256120527306968,0.5297861689194021,0.11524000314778066,0.41898685694124904,1.1599909233342118,21,
UNSATURATED FATTY ACID METABOLIC PROCESS%GOBP%GO:0033559,0.21071428571428572,0.4861268767082982,0.12503336755527242,0.35742118628646774,1.1804881408810974,54,
UNTITLED%PANTHER PATHWAY%P00019,0.8327526132404182,0.9752895276483481,0.0477342401407188,0.2402442238617437,0.7779799285949416,48,
UNTITLED%PANTHER PATHWAY%P05916,0.3235294117647059,0.5939852866765517,0.10714023727672473,-0.4067109150092956,-1.0819712313861138,18,
UPTAKE AND ACTIONS OF BACTERIAL TOXINS%REACTOME DATABASE ID RELEASE 93%5339562,0.9915074309978769,1,0.04879897016828393,-0.19150012831748237,-0.5308091211529117,21,
URETERIC BUD DEVELOPMENT%GOBP%GO:0001657,0.27388535031847133,0.5507444829422464,0.11881503941226282,-0.4132539926891645,-1.145476980091619,21,
UROKINASE-TYPE PLASMINOGEN ACTIVATOR (UPA) AND UPAR-MEDIATED SIGNALING%PATHWAY INTERACTION DATABASE NCI-NATURE CURATED DATA%UROKINASE-TYPE PLASMINOGEN ACTIVATOR (UPA) AND UPAR-MEDIATED SIGNALING,0.011756727763910312,0.08247522658621931,0.3807304007227924,0.5834504084435664,1.6829687325125686,25,
UROTENSIN II MEDIATED SIGNALING%WIKIPATHWAYS_20250810%WP5158%HOMO SAPIENS,0.34977578475336324,0.6224709353266131,0.1063232559327084,-0.32036199667280685,-1.0637639304769655,41,
UTERINE NATURAL KILLER CELLS AND PROGESTERONE ESTROGEN AND CHORIONIC GONADOTROPIN%WIKIPATHWAYS_20250810%WP5569%HOMO SAPIENS,0.0841300191204589,0.2945345848980905,0.21392785549235627,0.500704224288722,1.3965556918358897,22,
VACUOLAR ACIDIFICATION%GOBP%GO:0007035,0.23782771535580524,0.5053043160676306,0.11988784511542344,0.38620667043291856,1.1558860544307923,32,
VACUOLAR LOCALIZATION%GOBP%GO:1990849,0.37294332723948814,0.6459080817152731,0.09026354843400684,0.336387474994026,1.0472555964625443,40,
VACUOLAR TRANSPORT%GOBP%GO:0007034,9.288898839351512e-4,0.011051203843990791,0.47727081536286214,0.41900144552047763,1.61017957829764,142,
VACUOLE ORGANIZATION%GOBP%GO:0007033,0.06765676567656766,0.2622594048705957,0.22205604614524838,0.3254911412060354,1.2654165073913095,158,
VALDECOXIB ACTION PATHWAY%SMPDB%SMP0000116,0.20373831775700935,0.4784319921631209,0.13077713797197438,0.4780504855616798,1.235397823648238,16,
VALIDATED NUCLEAR ESTROGEN RECEPTOR ALPHA NETWORK%PATHWAY INTERACTION DATABASE NCI-NATURE CURATED DATA%VALIDATED NUCLEAR ESTROGEN RECEPTOR ALPHA NETWORK,0.8767857142857143,0.993914230701908,0.04650840487191565,0.23096486953176665,0.7628291212258316,54,
VALIDATED TARGETS OF C-MYC TRANSCRIPTIONAL ACTIVATION%PATHWAY INTERACTION DATABASE NCI-NATURE CURATED DATA%VALIDATED TARGETS OF C-MYC TRANSCRIPTIONAL ACTIVATION,0.06074766355140187,0.24842102035810643,0.28201335001172506,-0.36495593472787913,-1.325524279293589,74,
VALIDATED TARGETS OF C-MYC TRANSCRIPTIONAL REPRESSION%PATHWAY INTERACTION DATABASE NCI-NATURE CURATED DATA%VALIDATED TARGETS OF C-MYC TRANSCRIPTIONAL REPRESSION,0.44107142857142856,0.7110027712394913,0.07977059186284526,0.3062898936077466,1.0050718880580325,53,
VALIDATED TRANSCRIPTIONAL TARGETS OF AP1 FAMILY MEMBERS FRA1 AND FRA2%PATHWAY INTERACTION DATABASE NCI-NATURE CURATED DATA%VALIDATED TRANSCRIPTIONAL TARGETS OF AP1 FAMILY MEMBERS FRA1 AND FRA2,0.23653846153846153,0.5041551970451933,0.12210792028708148,0.4021198063444964,1.1713616911608316,28,
VALIDATED TRANSCRIPTIONAL TARGETS OF DELTANP63 ISOFORMS%PATHWAY INTERACTION DATABASE NCI-NATURE CURATED DATA%VALIDATED TRANSCRIPTIONAL TARGETS OF DELTANP63 ISOFORMS,0.21161048689138576,0.48683555493521297,0.1281429168984153,0.3902978450507074,1.1841801279541793,35,
VALIDATED TRANSCRIPTIONAL TARGETS OF TAP63 ISOFORMS%PATHWAY INTERACTION DATABASE NCI-NATURE CURATED DATA%VALIDATED TRANSCRIPTIONAL TARGETS OF TAP63 ISOFORMS,0.010529667969065374,0.07548752933693835,0.3807304007227924,0.5208077824316593,1.650115327631013,43,
"VALINE, LEUCINE, AND ISOLEUCINE DEGRADATION%PATHWHIZ%PW000051",0.9850467289719627,1,0.0432768714901103,0.1839286959036956,0.5359275068280955,26,
VASCULAR ENDOTHELIAL CELL RESPONSE TO FLUID SHEAR STRESS%GOBP%GO:0097699,0.9426386233269598,1,0.04632277857946331,0.2323480785932825,0.6480613022738785,22,
VASCULAR ENDOTHELIAL CELL RESPONSE TO LAMINAR FLUID SHEAR STRESS%GOBP%GO:0097700,0.8859315589353612,0.997211454911845,0.04889707722601022,0.2618755714021932,0.6953219047256611,18,
VASCULAR ENDOTHELIAL GROWTH FACTOR RECEPTOR SIGNALING PATHWAY%GOBP%GO:0048010,0.4091778202676864,0.6800454589911055,0.08756971155485113,0.3683082442264757,1.0272790798904254,22,
VASCULAR PROCESS IN CIRCULATORY SYSTEM%GOBP%GO:0003018,0.004207157696791754,0.037340204733825856,0.40701791892395395,0.39385261581713954,1.5108100178868464,141,
VASCULAR TRANSPORT%GOBP%GO:0010232,0.012877966133351118,0.08800735527293826,0.3807304007227924,0.448596312434943,1.5370131443234991,68,
VASCULOGENESIS%GOBP%GO:0001570,0.14579439252336449,0.4064393601905736,0.15740289930528326,0.43966533238778516,1.2810874576564495,26,
VASODILATION%GOBP%GO:0042311,0.2691588785046729,0.546182150829789,0.11146266692298015,0.4541361131917544,1.1735973141371823,16,
VASOPRESSIN REGULATED WATER REABSORPTION%WIKIPATHWAYS_20250810%WP5085%HOMO SAPIENS,0.5018867924528302,0.7667880703683342,0.07588869006061172,0.33210194563312545,0.98335298940443,30,
VASOPRESSIN REGULATES RENAL WATER HOMEOSTASIS VIA AQUAPORINS%REACTOME DATABASE ID RELEASE 93%432040,0.5341880341880342,0.790862232950946,0.07913166517683488,-0.2984743738079297,-0.9555597362246613,35,
VEGF SIGNALING PATHWAY%PANTHER PATHWAY%P00056,0.20572450805008943,0.4803749658708249,0.12687572992985735,0.3578771000434862,1.1614345641711112,51,
VEGFA-VEGFR2 PATHWAY%REACTOME DATABASE ID RELEASE 93%4420097,0.3229706390328152,0.5939852866765517,0.09528798461948437,0.3051532522961189,1.073213750156317,79,
VEGFR1 SPECIFIC SIGNALS%PATHWAY INTERACTION DATABASE NCI-NATURE CURATED DATA%VEGFR1 SPECIFIC SIGNALS,0.02782412095773471,0.15111516719567353,0.35248785758361917,0.5440918452353372,1.5694385502083492,25,
VEGFR2 MEDIATED VASCULAR PERMEABILITY%REACTOME DATABASE ID RELEASE 93%5218920,0.21374045801526717,0.4897080349413709,0.12878871306171366,0.42350607878490976,1.2058533258825217,24,
VEGFR3 SIGNALING IN LYMPHATIC ENDOTHELIUM%PATHWAY INTERACTION DATABASE NCI-NATURE CURATED DATA%VEGFR3 SIGNALING IN LYMPHATIC ENDOTHELIUM,0.38413361169102295,0.6544760339022765,0.09624060232812902,-0.3714225707067464,-1.0512741290639416,22,
VENTRICULAR CARDIAC MUSCLE TISSUE DEVELOPMENT%GOBP%GO:0003229,0.012591515582130435,0.08668954222344077,0.3807304007227924,0.5858294874573886,1.7069774517610279,26,
VENTRICULAR CARDIAC MUSCLE TISSUE MORPHOGENESIS%GOBP%GO:0055010,0.004917109862994575,0.04275346228293875,0.40701791892395395,0.660997719589781,1.8300129046202365,21,
VENTRICULAR SEPTUM DEVELOPMENT%GOBP%GO:0003281,0.9382022471910112,1,0.04558782025712307,0.22079789614742568,0.6699101320375026,35,
VENTRICULAR SEPTUM MORPHOGENESIS%GOBP%GO:0060412,0.594392523364486,0.8316406093712123,0.0668966276500666,0.31313550118608957,0.9124075372006987,26,
VERAPAMIL ACTION PATHWAY%SMPDB%SMP0000375,0.32532347504621073,0.5939852866765517,0.09889030075206362,0.3568782490434134,1.0841541550924358,34,
VERY LONG-CHAIN FATTY ACID METABOLIC PROCESS%GOBP%GO:0000038,0.37687366167023556,0.6497067783033486,0.09889030075206362,-0.3616122463982148,-1.054233430172988,26,
VESICLE BUDDING FROM MEMBRANE%GOBP%GO:0006900,0.5549738219895288,0.8040246557949992,0.0668966276500666,0.2735446353156645,0.9502590596461622,72,
VESICLE CARGO LOADING%GOBP%GO:0035459,0.3384615384615385,0.6101532471422153,0.09889030075206362,0.37224276637922815,1.0843308622674779,28,
VESICLE COATING%GOBP%GO:0006901,0.898876404494382,1,0.04754341942013011,0.2305368493926616,0.6994585270551203,35,
VESICLE CYTOSKELETAL TRAFFICKING%GOBP%GO:0099518,0.11846689895470383,0.3618483180826468,0.16957064440562838,0.3965868857587938,1.2842624563655443,48,
VESICLE DOCKING INVOLVED IN EXOCYTOSIS%GOBP%GO:0006904,0.021876567040919125,0.12848436202890767,0.35248785758361917,0.5295039905008488,1.56785992616795,30,
VESICLE DOCKING%GOBP%GO:0048278,0.01715331526435506,0.10854649158172747,0.35248785758361917,0.4795221756345029,1.5498844521034736,47,
VESICLE FUSION%GOBP%GO:0006906,0.03628154051496427,0.18301756075404585,0.3217759180753611,0.3956396962595447,1.3997684875407745,83,
VESICLE LOCALIZATION%GOBP%GO:0051648,0.10847457627118644,0.34204582619904195,0.17520404755855126,0.31971390177195474,1.2280169798859635,147,
VESICLE TARGETING%GOBP%GO:0006903,0.5089928057553957,0.7735131369740095,0.072714107793444685,0.2899130926068624,0.9586455433847246,56,
"VESICLE TARGETING, ROUGH ER TO CIS-GOLGI%GOBP%GO:0048207",0.9445506692160612,1,0.046230252407761636,0.2303483838510879,0.6424837877679578,22,
"VESICLE TARGETING, TO, FROM OR WITHIN GOLGI%GOBP%GO:0048199",0.8780487804878049,0.993914230701908,0.04870108645215302,0.24800028712013733,0.7285399314575347,29,
VESICLE TETHERING%GOBP%GO:0099022,0.6597353497164461,0.8752279947525645,0.06238614928936257,0.294588567344458,0.8772360626151502,31,
VESICLE TRANSPORT ALONG MICROTUBULE%GOBP%GO:0047496,0.18884892086330934,0.46606290268461537,0.13355495455759195,0.3839459381473961,1.202791037085158,41,
VESICLE-MEDIATED TRANSPORT BETWEEN ENDOSOMAL COMPARTMENTS%GOBP%GO:0098927,0.7339622641509433,0.9151261982153677,0.057246113520288446,0.2818830677887893,0.8222251731071177,27,
VESICLE-MEDIATED TRANSPORT IN SYNAPSE%GOBP%GO:0099003,0.25734024179620035,0.5315176146541595,0.10925003948071095,0.3131017498137789,1.1052997926186405,81,
VESICLE-MEDIATED TRANSPORT TO THE PLASMA MEMBRANE%GOBP%GO:0098876,0.24190800681431004,0.511173170711849,0.11237851911047504,0.2983827722805633,1.1138526721454536,118,
VIF-MEDIATED DEGRADATION OF APOBEC3G%REACTOME DATABASE ID RELEASE 93%180585,0.013005875601351077,0.08866336790319826,0.3807304007227924,-0.4948412890031897,-1.6413614645170638,40,
VIRAL BUDDING VIA HOST ESCRT COMPLEX%GOBP%GO:0039702,0.4128787878787879,0.6841498793482093,0.08653997374441245,0.37547660338727584,1.0285427346077844,20,
VIRAL BUDDING%GOBP%GO:0046755,0.3065134099616858,0.5842092945162964,0.10473282158065095,0.39636382317154073,1.1171174482815251,23,
VIRAL GENE EXPRESSION%GOBP%GO:0019080,0.15492957746478872,0.42030699823943657,0.1473312136993771,0.38101096165432913,1.2317465458469334,49,
VIRAL LIFE CYCLE%GOBP%GO:0019058,0.43127147766323026,0.7026816216706473,0.07892096381800347,0.28286834909408487,1.0165478995941835,95,
VIRAL MESSENGER RNA SYNTHESIS%REACTOME%R-HSA-168325.6,3.129532130160352e-4,0.004528041800825759,0.49849310876659025,-0.5895326936887655,-1.9575468435587573,41,
VIRAL MRNA TRANSLATION%REACTOME DATABASE ID RELEASE 93%192823,4.691122403773112e-7,1.34349876677131e-5,0.674962860011025,0.5841245517059683,2.0683506704556307,85,
VIRAL PROCESS%GOBP%GO:0016032,0.19402985074626866,0.4731106529540112,0.12563992130984047,0.29494706834667417,1.1399442720324595,150,
VIRAL PROTEIN PROCESSING%GOBP%GO:0019082,0.18076923076923077,0.4547886668676857,0.14205664357582118,0.42140552822723076,1.2275403609089808,28,
VIRAL RELEASE FROM HOST CELL%GOBP%GO:0019076,0.7177570093457943,0.9065373821153065,0.057852975703250924,0.28862558497729324,0.8325434825141909,25,
VIRAL TRANSLATION%GOBP%GO:0019081,0.16,0.4277959576515881,0.15114876138548375,0.5103117915209314,1.288893130224473,15,
VIRION ASSEMBLY%GOBP%GO:0019068,0.23134328358208955,0.4979796434897157,0.12154328203546907,0.3874817640649273,1.1675629938413803,33,
VISUAL PERCEPTION%GOBP%GO:0007601,0.10471204188481675,0.33474114195169263,0.18138312849840757,0.36688937091664897,1.2745267265033513,72,
VISUAL PHOTOTRANSDUCTION%REACTOME%R-HSA-2187338.3,0.08035714285714286,0.2885567545732587,0.2114001893849227,0.3961568533782246,1.3084240254491926,54,
VISUAL SYSTEM DEVELOPMENT%GOBP%GO:0150063,0.06835443037974684,0.2640009978439444,0.27650059925447157,-0.3087998591922224,-1.2302207092530948,142,
VITAMIN A AND CAROTENOID METABOLISM%WIKIPATHWAYS_20250810%WP716%HOMO SAPIENS,0.23142250530785563,0.4979796434897157,0.13077713797197438,-0.4245617014570977,-1.1768202225536226,21,
VITAMIN A DEFICIENCY%SMPDB%SMP0000336,0.549618320610687,0.8006010347467288,0.07182762936038092,0.3461194285177567,0.9274415182497386,19,
VITAMIN B12 METABOLISM%WIKIPATHWAYS_20250810%WP1533%HOMO SAPIENS,0.7044145873320538,0.8988809019790746,0.059989249649032995,0.3240623647779531,0.8397889528140942,17,
VITAMIN B5 (PANTOTHENATE) METABOLISM%REACTOME%R-HSA-199220.5,0.23076923076923078,0.4977792661003207,0.12944288774504625,-0.4446749511816234,-1.1774413565905388,17,
VITAMIN D IN INFLAMMATORY DISEASES%WIKIPATHWAYS_20250810%WP4482%HOMO SAPIENS,0.9459459459459459,1,0.04999139140245922,-0.23731690450744955,-0.6283842551567279,17,
VITAMIN D RECEPTOR PATHWAY%WIKIPATHWAYS_20250810%WP2877%HOMO SAPIENS,0.0072636774899583045,0.058403751279606855,0.40701791892395395,0.43580143515525904,1.526340074524458,76,
VITAMIN D SENSITIVE CALCIUM SIGNALING IN DEPRESSION%WIKIPATHWAYS_20250810%WP4698%HOMO SAPIENS,0.16195856873822975,0.4306125192771561,0.14920754243532175,0.46438919806548007,1.2856901015535815,21,
VITAMIN METABOLIC PROCESS%GOBP%GO:0006766,0.2635514018691589,0.5393339185211958,0.11284335567556247,0.4550792014308644,1.1760344817445656,16,
VITAMIN TRANSPORT%GOBP%GO:0051180,0.3657505285412262,0.6402362749133752,0.09992769737310925,-0.3421679049885824,-1.0597136004010133,31,
VLDLR INTERNALISATION AND DEGRADATION%REACTOME%R-HSA-8866427.5,0.4057142857142857,0.6765151774995712,0.08783126344801238,0.41658845412205975,1.0521763470298575,15,
VOLTAGE GATED POTASSIUM CHANNELS%REACTOME%R-HSA-1296072.4,0.07850467289719626,0.2851863258392362,0.21925034670375515,0.47667175859922223,1.388915992179946,26,
VPR-MEDIATED NUCLEAR IMPORT OF PICS%REACTOME%R-HSA-180910.4,0.0027075080706452643,0.026484005000889238,0.4317076958033464,-0.5901786405824617,-1.8278170540638095,31,
VPU MEDIATED DEGRADATION OF CD4%REACTOME%R-HSA-180534.3,0.007725868432418304,0.06038327938738438,0.40701791892395395,-0.5203757973852194,-1.708977929511981,39,
VXPX CARGO-TARGETING TO CILIUM%REACTOME%R-HSA-5620916.4,1,1,0.04380020312998911,0.17561096145766442,0.4550856916885694,17,
WARBURG EFFECT MODULATED BY DEUBIQUITINATING ENZYMES AND THEIR SUBSTRATES%WIKIPATHWAYS_20250810%WP5216%HOMO SAPIENS,0.22648752399232247,0.4977792661003207,0.12503336755527242,0.46141826210592396,1.1957388492450929,17,
WARBURG EFFECT%PATHWHIZ%PW000630,0.9049360146252285,1,0.04613791602697367,0.22601499706257627,0.7036393687441901,40,
WARBURG EFFECT%SMPDB%SMP0087270,0.9836065573770492,1,0.04216194300924518,0.19349464881907188,0.6012558573095741,39,
WHITE FAT CELL DIFFERENTIATION%WIKIPATHWAYS_20250810%WP4149%HOMO SAPIENS,0.04637114517564615,0.2188562949122869,0.3217759180753611,0.5377391883498434,1.5155717924094532,23,
WNT BETA CATENIN SIGNALING IN LEUKEMIA%WIKIPATHWAYS_20250810%WP3658%HOMO SAPIENS,0.7232824427480916,0.909690603013162,0.05846932103863807,0.3034617834416607,0.8131385700339805,19,
WNT LIGAND BIOGENESIS AND TRAFFICKING%REACTOME DATABASE ID RELEASE 93%3238698,0.25363825363825365,0.5277955570090401,0.12267918956880833,-0.4317158588602742,-1.1431273679062532,17,
WNT SIGNALING AND PLURIPOTENCY%WIKIPATHWAYS_20250810%WP399%HOMO SAPIENS,0.30662020905923343,0.5842092945162964,0.09889030075206362,0.31111721136740283,1.0851180828868152,74,
WNT SIGNALING IN KIDNEY DISEASE%WIKIPATHWAYS_20250810%WP4150%HOMO SAPIENS,0.42887029288702927,0.6997954030191879,0.08998607949971373,-0.3519345737675519,-1.0142427068006041,24,
WNT SIGNALING NETPATH%WIKIPATHWAYS_20250810%WP363%HOMO SAPIENS,0.8652094717668488,0.9898268563096336,0.04802204159682506,0.2371286459696018,0.7368420170545742,39,
WNT SIGNALING NETWORK%PATHWAY INTERACTION DATABASE NCI-NATURE CURATED DATA%WNT SIGNALING NETWORK,0.6238003838771593,0.8528137137848172,0.06583119583688658,0.34343447352871903,0.8899906568371875,17,
WNT SIGNALING PATHWAY%GOBP%GO:0016055,0.3543123543123543,0.6289327286132398,0.10797236031734525,-0.2790551955385597,-1.0449596387392666,86,
"WNT SIGNALING PATHWAY, PLANAR CELL POLARITY PATHWAY%GOBP%GO:0060071",0.5374732334047109,0.7933584709874001,0.07892096381800347,-0.3274743762847204,-0.9547089138795964,26,
WNT SIGNALING%WIKIPATHWAYS_20250810%WP428%HOMO SAPIENS,0.5923344947735192,0.8300705529712838,0.06364240816510186,0.26650859595770016,0.9295316560836742,74,
WNT%IOB%WNT,0.9190140845070423,1,0.043712583357955095,0.22249104204250952,0.7192773964502869,49,
WNT%NETPATH%WNT,0.5409836065573771,0.7945506548246274,0.07028128417173922,0.3066961778395234,0.9530127807973597,39,
WOLMAN DISEASE%PATHWHIZ%PW000487,3.8789317577938914e-4,0.005082864350543128,0.49849310876659025,-0.7175340885269536,-1.9888949541423213,21,
WOUND HEALING%GOBP%GO:0042060,0.006317751044735462,0.0520021108215559,0.40701791892395395,0.3732543087136019,1.4639370739007358,166,
"WOUND HEALING, SPREADING OF CELLS%GOBP%GO:0044319",0.12429378531073447,0.3700837466165277,0.1723243449009459,0.48523873251750416,1.3434133220303595,21,
XANTHINE DEHYDROGENASE DEFICIENCY (XANTHINURIA)%SMPDB%SMP0000220,0.05753197716714412,0.24149362837103622,0.3217759180753611,-0.46114145939614276,-1.4281815129539124,31,
XANTHINURIA TYPE I%SMPDB%SMP0000512,0.05753197716714412,0.24149362837103622,0.3217759180753611,-0.46114145939614276,-1.4281815129539124,31,
XANTHINURIA TYPE II%PATHWHIZ%PW000489,0.05753197716714412,0.24149362837103622,0.3217759180753611,-0.46114145939614276,-1.4281815129539124,31,
XBP1(S) ACTIVATES CHAPERONE GENES%REACTOME%R-HSA-381038.5,0.4048865619546248,0.6759464357631897,0.083129129135339,0.3235548506480775,1.0412676369710219,46,
XENOBIOTIC METABOLIC PROCESS%GOBP%GO:0006805,0.5913978494623656,0.8293302502808944,0.06508775669173134,0.2815989223469544,0.9284351973521137,55,
XENOBIOTIC TRANSPORT%GOBP%GO:0042908,0.49433962264150944,0.7599753578849547,0.07667468724900914,0.33387007009325065,0.9885884012903451,30,
ZBP1(DAI) MEDIATED INDUCTION OF TYPE I IFNS%REACTOME DATABASE ID RELEASE 93%1606322,0.9942965779467681,1,0.043625124000060564,0.173732402684458,0.4612875668406511,18,
ZINC HOMEOSTASIS%WIKIPATHWAYS_20250810%WP3529%HOMO SAPIENS,0.5585774058577406,0.8065739479532583,0.07569463079327488,-0.32427762236086743,-0.9345379453266842,24,
ZINC ION TRANSMEMBRANE TRANSPORT%GOBP%GO:0071577,0.17590822179732313,0.4475027840228605,0.14375898903927542,0.4529306561387748,1.263306469475332,22,
ZINC ION TRANSPORT%GOBP%GO:0006829,0.394392523364486,0.6650212017642136,0.08835944425009051,0.3630029254035662,1.0470856895867358,25,
ZOLEDRONATE ACTION PATHWAY%PATHWHIZ%PW000270,3.8789317577938914e-4,0.005082864350543128,0.49849310876659025,-0.7175340885269536,-1.9888949541423213,21,
ZYMOGEN ACTIVATION%GOBP%GO:0031638,0.12205567451820129,0.3674536133257923,0.18643255843407516,-0.507471483781449,-1.3188309416227093,16,
