pathway	pval	padj	log2err	ES	NES	size	leadingEdge
HALLMARK_E2F_TARGETS%MSIGDBHALLMARK%HALLMARK_E2F_TARGETS	8.019197228371991e-46	7.895701591055062e-42	1.7624392879180957	-0.792000968198222	-3.297624529795696	160	
DNA REPLICATION%GOBP%GO:0006260	9.692325408734462e-38	4.7715317987199755e-34	1.5959566534683016	-0.7744804754547936	-3.157554371973202	144	
CHROMOSOME ORGANIZATION%GOBP%GO:0051276	2.033115539308999e-36	6.672685200012135e-33	1.5697916570638113	-0.636167965541236	-2.8202366371938554	308	
CELL CYCLE CHECKPOINTS%REACTOME%R-HSA-69620.5	5.356386805025817e-35	1.3184746120571048e-31	1.536458950032153	-0.6698262877635061	-2.909596828246446	246	
DNA-TEMPLATED DNA REPLICATION%GOBP%GO:0006261	2.903398067808122e-31	5.717371475127755e-28	1.453344668564937	-0.7837317240835057	-3.097865988548045	115	
M PHASE%REACTOME DATABASE ID RELEASE 93%68886	9.940584301408446e-31	1.631249883861126e-27	1.4390256526778213	-0.5957059231952125	-2.6501346450858896	330	
CHROMOSOME SEGREGATION%GOBP%GO:0007059	9.910342000818965e-27	1.3939603905723362e-23	1.3422337729644571	-0.6274500904185798	-2.7084396177850336	230	
REGULATION OF CELL CYCLE PHASE TRANSITION%GOBP%GO:1901987	1.0470600642352887e-25	1.2886691740575817e-22	1.3110147627406066	-0.565686629657266	-2.5136036367355707	328	
NUCLEAR DIVISION%GOBP%GO:0000280	1.4340952069119137e-25	1.3722961593834504e-22	1.3110147627406066	-0.6414351816484395	-2.721297448434711	202	
MITOTIC PROMETAPHASE%REACTOME%R-HSA-68877.8	1.5619695748477242e-25	1.3722961593834504e-22	1.3110147627406066	-0.6676381454661815	-2.813989190292495	181	
HALLMARK_G2M_CHECKPOINT%MSIGDBHALLMARK%HALLMARK_G2M_CHECKPOINT	1.6550494559969544e-25	1.3722961593834504e-22	1.3110147627406066	-0.7090898091382474	-2.8888741044894757	143	
POSITIVE REGULATION OF CELL CYCLE PROCESS%GOBP%GO:0090068	1.6725120772497871e-25	1.3722961593834504e-22	1.3110147627406066	-0.6764334769140129	-2.845907199925477	173	
ORGANELLE FISSION%GOBP%GO:0048285	3.0742349051474176e-25	2.3283782212370362e-22	1.303093150865724	-0.623177122847763	-2.6850281135772804	225	
DNA RECOMBINATION%GOBP%GO:0006310	7.4028148785216995e-25	5.206293949566047e-22	1.2951230874100392	-0.6748026845761119	-2.8248345894869815	167	
DOUBLE-STRAND BREAK REPAIR%GOBP%GO:0006302	8.131098837898067e-25	5.337253277196291e-22	1.2951230874100392	-0.6516005239665306	-2.7576261256589683	195	
DNA REPAIR%REACTOME%R-HSA-73894.5	1.1535666201103184e-24	7.098760588503872e-22	1.2871036723014444	-0.5832009889552855	-2.5515939211491845	286	
MITOTIC G1 PHASE AND G1 S TRANSITION%REACTOME DATABASE ID RELEASE 93%453279	2.763255666132257e-23	1.6004126640434237e-20	1.2462327719164756	-0.7017876736867394	-2.834408935153319	133	
NUCLEAR CHROMOSOME SEGREGATION%GOBP%GO:0098813	3.5905790572221125e-23	1.9640467443004955e-20	1.2462327719164756	-0.6722847819482268	-2.7860358157201386	158	
DNA REPLICATION%REACTOME%R-HSA-69306.9	2.3882563299133304e-22	1.2376195697014028e-19	1.221053756771862	-0.6941244304894526	-2.803458313184518	133	
SYNTHESIS OF DNA%REACTOME DATABASE ID RELEASE 93%69239	3.230622423691282e-22	1.590435419183218e-19	1.221053756771862	-0.7322559356500539	-2.892264616787449	106	
RETINOBLASTOMA GENE IN CANCER%WIKIPATHWAYS_20250810%WP2446%HOMO SAPIENS	1.04175963488585e-21	4.884364459564799e-19	1.2039752407526414	-0.8088085673442733	-2.982128139087331	68	
HOMOLOGY DIRECTED REPAIR%REACTOME%R-HSA-5693538.4	1.3328260546901024e-21	5.651987446037877e-19	1.2039752407526414	-0.7254694382757232	-2.8666478308104635	108	
G2 M CHECKPOINTS%REACTOME%R-HSA-69481.5	1.3622362215593172e-21	5.651987446037877e-19	1.2039752407526414	-0.7027443839852853	-2.8150432537475245	126	
CHROMOSOME MAINTENANCE%REACTOME DATABASE ID RELEASE 93%73886	1.3776934664321455e-21	5.651987446037877e-19	1.2039752407526414	-0.7407708243642249	-2.879788526087977	100	
DNA DOUBLE-STRAND BREAK REPAIR%REACTOME DATABASE ID RELEASE 93%5693532	3.246964562361018e-21	1.2787845232402632e-18	1.1953444825884847	-0.6788252306010283	-2.7594697651784803	138	
G1 S TRANSITION%REACTOME DATABASE ID RELEASE 93%69206	3.623872691019364e-21	1.326834226169114e-18	1.1866509527928102	-0.7080017725429486	-2.807498168715697	118	
REGULATION OF MITOTIC CELL CYCLE PHASE TRANSITION%GOBP%GO:1901990	3.638485080902506e-21	1.326834226169114e-18	1.1866509527928102	-0.5816109133040123	-2.5221861475740073	250	
MITOTIC METAPHASE AND ANAPHASE%REACTOME DATABASE ID RELEASE 93%2555396	1.0169209425413158e-20	3.567642384022471e-18	1.1778932614941966	-0.6044119671305475	-2.5642259592446925	202	
S PHASE%REACTOME%R-HSA-69242.5	1.0507985896470817e-20	3.567642384022471e-18	1.1778932614941966	-0.6580853946869062	-2.69341229027783	148	
REGULATION OF CHROMOSOME SEGREGATION%GOBP%GO:0051983	6.539704989299945e-20	2.146331177488242e-17	1.1512205221422571	-0.7010819413509325	-2.7801370739038394	116	
RESOLUTION OF SISTER CHROMATID COHESION%REACTOME DATABASE ID RELEASE 93%2500257	8.650269707400033e-20	2.747437275453572e-17	1.1512205221422571	-0.7208198493557774	-2.8046408115506285	101	
MITOTIC ANAPHASE%REACTOME%R-HSA-68882.5	1.427509185438129e-19	4.3922673249449427e-17	1.142191202168377	-0.6007680593808314	-2.5470671561572638	201	
HDR THROUGH HOMOLOGOUS RECOMBINATION (HRR) OR SINGLE STRAND ANNEALING (SSA)%REACTOME%R-HSA-5693567.4	1.728289304115107e-19	5.085049357782784e-17	1.142191202168377	-0.7132439153587274	-2.778008730597166	102	
MITOTIC SISTER CHROMATID SEGREGATION%GOBP%GO:0000070	1.7559585432116054e-19	5.085049357782784e-17	1.142191202168377	-0.6848674377518653	-2.73500204151429	122	
REGULATION OF CHROMOSOME SEPARATION%GOBP%GO:1905818	2.3635386587695e-19	6.648971895498427e-17	1.133089932009015	-0.795183720529204	-2.9110518609713094	67	
SISTER CHROMATID SEGREGATION%GOBP%GO:0000819	3.879838155964534e-19	1.0611357356563e-16	1.133089932009015	-0.6814557272009557	-2.7297654613840803	126	
POSITIVE REGULATION OF CELL CYCLE%GOBP%GO:0045787	5.708230686483853e-19	1.5190064686248654e-16	1.1239149637448316	-0.5807869546804058	-2.4853712392351306	219	
DNA STRAND ELONGATION%REACTOME DATABASE ID RELEASE 93%69190	9.694853456861939e-19	2.5119875562174383e-16	1.114664477517292	-0.915777536983077	-2.8427305026077563	31	
MITOTIC NUCLEAR DIVISION%GOBP%GO:0140014	1.2273882441446906e-18	3.0986832440637497e-16	1.114664477517292	-0.6577501323581877	-2.6735444790282763	139	
DOUBLE-STRAND BREAK REPAIR VIA HOMOLOGOUS RECOMBINATION%GOBP%GO:0000724	1.6648722510030545e-18	4.098083045844019e-16	1.114664477517292	-0.6959775658909555	-2.740391933239669	110	
RECOMBINATIONAL REPAIR%GOBP%GO:0000725	4.182808774964114e-18	1.0044862243486992e-15	1.095929286431201	-0.6828429525920615	-2.6990817053225267	115	
REGULATION OF CHROMOSOME ORGANIZATION%GOBP%GO:0033044	5.420599091427553e-18	1.2707433012903733e-15	1.095929286431201	-0.5712338429067565	-2.4444904497199946	219	
ACTIVATION OF ATR IN RESPONSE TO REPLICATION STRESS%REACTOME%R-HSA-176187.4	9.333923341980486e-18	2.137251377328834e-15	1.0864405425824981	-0.8774496843393721	-2.8401081409248303	36	
FANCONI ANEMIA PATHWAY%PATHWAY INTERACTION DATABASE NCI-NATURE CURATED DATA%FANCONI ANEMIA PATHWAY	9.606484141182044e-17	2.149669155774509e-14	1.0574635727508575	-0.8361426451654176	-2.8483855678610848	46	
AMPLIFICATION OF SIGNAL FROM THE KINETOCHORES%REACTOME%R-HSA-141424.4	1.1261297320111147e-16	2.410407248126399e-14	1.047626488498816	-0.7131189367794707	-2.7259749979483585	88	
AMPLIFICATION OF SIGNAL FROM UNATTACHED KINETOCHORES VIA A MAD2 INHIBITORY SIGNAL%REACTOME%R-HSA-141444.4	1.1261297320111147e-16	2.410407248126399e-14	1.047626488498816	-0.7131189367794707	-2.7259749979483585	88	
NEGATIVE REGULATION OF CELL CYCLE PROCESS%GOBP%GO:0010948	1.4741693041119108e-16	3.0882278655927395e-14	1.047626488498816	-0.5630232334214985	-2.4023669593721646	207	
REGULATION OF NUCLEAR DIVISION%GOBP%GO:0051783	1.9120317987502678e-16	3.9220552271864866e-14	1.047626488498816	-0.7116110855734005	-2.7293507235702577	90	
DNA REPAIR PATHWAYS FULL NETWORK%WIKIPATHWAYS_20250810%WP4946%HOMO SAPIENS	2.03330138432938e-16	4.085690904103485e-14	1.047626488498816	-0.7023489318742567	-2.6980097856753638	92	
HDR THROUGH HOMOLOGOUS RECOMBINATION (HRR)%REACTOME%R-HSA-5685942.4	2.3301700081437704e-16	4.5885707800367127e-14	1.0376961554875836	-0.7635546086158498	-2.7815625884842103	66	
SEPARATION OF SISTER CHROMATIDS%REACTOME%R-HSA-2467813.4	2.428480829337452e-16	4.688396518756187e-14	1.0376961554875836	-0.620427900789172	-2.5474981708648206	152	
MEIOTIC CELL CYCLE%GOBP%GO:0051321	5.181162618440394e-16	9.810332142531561e-14	1.027669870543582	-0.6825278673360544	-2.655650386795177	101	
MITOTIC SPINDLE CHECKPOINT%REACTOME%R-HSA-69618.4	5.974915509085843e-16	1.109981473631306e-13	1.027669870543582	-0.6778307947355078	-2.6630241798275764	105	
CELL CYCLE CHECKPOINT SIGNALING%GOBP%GO:0000075	7.495332529058043e-16	1.3666489644649166e-13	1.027669870543582	-0.6376439846261348	-2.562257525666594	128	
EML4 AND NUDC IN MITOTIC SPINDLE FORMATION%REACTOME DATABASE ID RELEASE 93%9648025	1.0284374037035916e-15	1.8410899412482842e-13	1.0175447973098848	-0.6943445243228625	-2.6672615793036885	92	
REGULATION OF MITOTIC NUCLEAR DIVISION%GOBP%GO:0007088	2.018934804972171e-15	3.5497200160278567e-13	1.0073179568744748	-0.7064249299204548	-2.684032673932059	86	
MEIOTIC CELL CYCLE PROCESS%GOBP%GO:1903046	4.451247066596875e-15	7.688943617142602e-13	0.9969862175331805	-0.6927363186141703	-2.6397228746184056	87	
REGULATION OF SISTER CHROMATID SEGREGATION%GOBP%GO:0033045	5.121072925180694e-15	8.693462762298123e-13	0.9969862175331805	-0.6805301040452659	-2.62849911736912	94	
PID_FANCONI_PATHWAY%MSIGDB_C2%PID_FANCONI_PATHWAY	6.131502345303707e-15	1.0232334252857677e-12	0.9969862175331805	-0.8333992434021807	-2.7480697462398136	40	
DNA-TEMPLATED DNA REPLICATION MAINTENANCE OF FIDELITY%GOBP%GO:0045005	6.709391601778691e-15	1.1010111618518832e-12	0.9969862175331805	-0.7880935296282834	-2.7585221789679633	53	
RHO GTPASES ACTIVATE FORMINS%REACTOME DATABASE ID RELEASE 93%5663220	7.005045431589745e-15	1.1306832347447971e-12	0.9969862175331805	-0.656501078732922	-2.579192082487706	111	
DNA REPLICATION%WIKIPATHWAYS_20250810%WP466%HOMO SAPIENS	1.185410662005212e-14	1.882508609371503e-12	0.9865462835875821	-0.8772355454628179	-2.723089552157238	31	
NEGATIVE REGULATION OF CELL CYCLE%GOBP%GO:0045786	1.487502565687185e-14	2.324754009802543e-12	0.9759946830643197	-0.5159003299012916	-2.2419763081640114	257	
REGULATION OF MITOTIC SISTER CHROMATID SEGREGATION%GOBP%GO:0033047	1.5132878791304573e-14	2.328098821549763e-12	0.9759946830643197	-0.7899154346817113	-2.724272099375971	49	
REGULATION OF MITOTIC SISTER CHROMATID SEPARATION%GOBP%GO:0010965	1.8248917001246164e-14	2.764289796834919e-12	0.9759946830643197	-0.7796276599489982	-2.74298567883967	54	
RHO GTPASE EFFECTORS%REACTOME%R-HSA-195258.6	3.4074122066061077e-14	5.0832394827642025e-12	0.9653277542260832	-0.5363058235891671	-2.295394849890865	220	
CELL CYCLE%WIKIPATHWAYS_20250810%WP179%HOMO SAPIENS	3.5230953752737195e-14	5.1773726962604535e-12	0.9653277542260832	-0.680579451939249	-2.5933982368259563	87	
ACTIVATION OF THE PRE-REPLICATIVE COMPLEX%REACTOME%R-HSA-68962.6	3.688003551511135e-14	5.34001220120274e-12	0.9653277542260832	-0.8655142763653789	-2.720865346197867	32	
REPLICATION FORK PROCESSING%GOBP%GO:0031297	4.586253371049355e-14	6.544384158166949e-12	0.9653277542260832	-0.788567325401333	-2.7029460039928366	47	
REGULATION OF MITOTIC METAPHASE/ANAPHASE TRANSITION%GOBP%GO:0030071	7.658537794224189e-14	1.0772280445990195e-11	0.9545416307257243	-0.6879656283046408	-2.59036906544649	82	
NEGATIVE REGULATION OF CELL CYCLE PHASE TRANSITION%GOBP%GO:1901988	1.263943106781493e-13	1.7527864548409267e-11	0.9436322252328375	-0.5684960511283067	-2.3742285384766535	169	
ATR SIGNALING PATHWAY%PATHWAY INTERACTION DATABASE NCI-NATURE CURATED DATA%ATR SIGNALING PATHWAY	1.2946085632912128e-13	1.7703772103007335e-11	0.9436322252328375	-0.8209792047277926	-2.686877083393289	39	
G1 TO S CELL CYCLE CONTROL%WIKIPATHWAYS_20250810%WP45%HOMO SAPIENS	1.3579834632981618e-13	1.8316034492648907e-11	0.9436322252328375	-0.7760735067126284	-2.6765338523281224	49	
REGULATION OF METAPHASE/ANAPHASE TRANSITION OF CELL CYCLE%GOBP%GO:1902099	1.5481610934446146e-13	2.059891098115632e-11	0.9436322252328375	-0.6847522768404474	-2.5879940565606434	83	
MITOTIC CELL CYCLE CHECKPOINT SIGNALING%GOBP%GO:0007093	2.1230283181912806e-13	2.7871115761215134e-11	0.9436322252328375	-0.6506853583246935	-2.5359030619552096	99	
POSITIVE REGULATION OF CELL CYCLE PHASE TRANSITION%GOBP%GO:1901989	5.314795980016507e-13	6.79603652197955e-11	0.9214260034948982	-0.6874919723537436	-2.5721199888738857	79	
PROCESSING OF DNA DOUBLE-STRAND BREAK ENDS%REACTOME%R-HSA-5693607.4	8.373190819455779e-13	1.0569543180559179e-10	0.9214260034948982	-0.7080987218991855	-2.610804594665607	68	
MITOTIC G2-G2 M PHASES%REACTOME DATABASE ID RELEASE 93%453274	1.0241841712521666e-12	1.276470550651751e-10	0.9101197347744591	-0.5522004111131393	-2.3152765732437115	174	
DNA IR DAMAGE AND CELLULAR RESPONSE VIA ATR%WIKIPATHWAYS_20250810%WP4016%HOMO SAPIENS	1.0446858971918871e-12	1.2857471679689152e-10	0.9101197347744591	-0.7132745319033108	-2.61119424338657	67	
TELOMERE MAINTENANCE%REACTOME DATABASE ID RELEASE 93%157579	1.1799667629975942e-12	1.4343151541326312e-10	0.9101197347744591	-0.6843682835977741	-2.530396632283071	74	
EXTENSION OF TELOMERES%REACTOME DATABASE ID RELEASE 93%180786	1.8843681025424197e-12	2.2626205289795933e-10	0.8986712320616942	-0.7715332149123423	-2.6525470979314965	48	
HOMOLOGOUS DNA PAIRING AND STRAND EXCHANGE%REACTOME%R-HSA-5693579.5	2.009056931548471e-12	2.383274041930873e-10	0.8986712320616942	-0.7930628692045908	-2.6625233736385963	42	
POSITIVE REGULATION OF CHROMOSOME SEPARATION%GOBP%GO:1905820	2.0914852142611746e-12	2.4515194547161336e-10	0.8986712320616942	-0.8483179632633315	-2.6467272737646788	30	
NEGATIVE REGULATION OF MITOTIC CELL CYCLE%GOBP%GO:0045930	2.5688455393600947e-12	2.9756297859458224e-10	0.8986712320616942	-0.5670996882058107	-2.350135069020179	158	
CHROMOSOME LOCALIZATION%GOBP%GO:0050000	2.993464080328539e-12	3.427168294757535e-10	0.8986712320616942	-0.6686562139458604	-2.5083897175837135	81	
G2 M DNA DAMAGE CHECKPOINT%REACTOME DATABASE ID RELEASE 93%69473	3.0601935343694026e-12	3.4632948895863377e-10	0.8986712320616942	-0.7128534384674454	-2.5968626646204456	66	
MEIOTIC NUCLEAR DIVISION%GOBP%GO:0140013	3.9165159195524765e-12	4.3820472436265553e-10	0.8870749883998732	-0.67575829832484	-2.4985619048990007	74	
POSITIVE REGULATION OF CHROMOSOME SEGREGATION%GOBP%GO:0051984	4.3504344999605105e-12	4.812851470405751e-10	0.8870749883998732	-0.8565557309873769	-2.623243267806531	28	
METAPHASE CHROMOSOME ALIGNMENT%GOBP%GO:0051310	4.523716344214963e-12	4.94894568057117e-10	0.8870749883998732	-0.6746654857060276	-2.494521318219819	74	
SPINDLE ORGANIZATION%GOBP%GO:0007051	5.1485034938983e-12	5.570567626475018e-10	0.8870749883998732	-0.5842078596867627	-2.3728463066472876	137	
G2 M TRANSITION%REACTOME DATABASE ID RELEASE 93%69275	6.236543791833423e-12	6.570006127186495e-10	0.8870749883998732	-0.5454861108632537	-2.290104146242255	172	
DISEASES OF DNA REPAIR%REACTOME%R-HSA-9675135.6	6.272400730809775e-12	6.570006127186495e-10	0.8870749883998732	-0.7513990812404207	-2.5914363267820453	49	
MICROTUBULE CYTOSKELETON ORGANIZATION INVOLVED IN MITOSIS%GOBP%GO:1902850	6.9688108009026e-12	7.22262222586179e-10	0.8870749883998732	-0.6089516533822764	-2.3994535358701237	113	
INTERSTRAND CROSS-LINK REPAIR%GOBP%GO:0036297	7.351533705950696e-12	7.539916757165683e-10	0.8753251320246591	-0.8020565107857676	-2.6048939169537744	38	
PROCESSING OF CAPPED INTRON-CONTAINING PRE-MRNA%REACTOME DATABASE ID RELEASE 93%72203	8.794188441015861e-12	8.926554576313626e-10	0.8753251320246591	-0.47658435489300666	-2.084424206707316	272	
TELOMERE C-STRAND (LAGGING STRAND) SYNTHESIS%REACTOME DATABASE ID RELEASE 93%174417	1.0946713641919781e-11	1.0998096175341038e-9	0.8753251320246591	-0.8319739745203487	-2.615426709905941	32	
POSITIVE REGULATION OF MITOTIC CELL CYCLE PHASE TRANSITION%GOBP%GO:1901992	1.2240174202455503e-11	1.2173409615896656e-9	0.8753251320246591	-0.7038733013556693	-2.5641488113508597	66	
DNA REPLICATION INITIATION%GOBP%GO:0006270	1.2581125991534848e-11	1.238737665126521e-9	0.8753251320246591	-0.8752898865153125	-2.5675159076745135	24	
PRESYNAPTIC PHASE OF HOMOLOGOUS DNA PAIRING AND STRAND EXCHANGE%REACTOME%R-HSA-5693616.6	1.3146047400984337e-11	1.2815443832682357e-9	0.8753251320246591	-0.7937539100788686	-2.597774923607064	39	
UNWINDING OF DNA%REACTOME%R-HSA-176974.4	1.4049952549416406e-11	1.3562336549171953e-9	0.8753251320246591	-0.9615384615384616	-2.364754634069026	12	
DEFECTIVE HOMOLOGOUS RECOMBINATION REPAIR (HRR) DUE TO BRCA2 LOSS OF FUNCTION%REACTOME%R-HSA-9701190.3	1.6033997925639167e-11	1.5179879189984926e-9	0.8634153916066928	-0.7853113209101588	-2.589503529620298	40	
DISEASES OF DNA DOUBLE-STRAND BREAK REPAIR%REACTOME%R-HSA-9675136.4	1.6033997925639167e-11	1.5179879189984926e-9	0.8634153916066928	-0.7853113209101588	-2.589503529620298	40	
IMPAIRED BRCA2 BINDING TO RAD51%REACTOME%R-HSA-9709570.2	1.865040086612379e-11	1.7488747326462366e-9	0.8634153916066928	-0.813208923411732	-2.620112422890262	34	
DEPOSITION OF NEW CENPA-CONTAINING NUCLEOSOMES AT THE CENTROMERE%REACTOME DATABASE ID RELEASE 93%606279	2.7700868414128444e-11	2.5489976673412024e-9	0.8634153916066928	-0.7927724037416108	-2.574741286012622	38	
NUCLEOSOME ASSEMBLY%REACTOME DATABASE ID RELEASE 93%774815	2.7700868414128444e-11	2.5489976673412024e-9	0.8634153916066928	-0.7927724037416108	-2.574741286012622	38	
PID_ATR_PATHWAY%MSIGDB_C2%PID_ATR_PATHWAY	3.310224963184727e-11	3.0178217581034095e-9	0.851339057116899	-0.8258193265186833	-2.596078711931719	32	
HDR THROUGH SINGLE STRAND ANNEALING (SSA)%REACTOME DATABASE ID RELEASE 93%5685938	3.5249534791206996e-11	3.1841001793965512e-9	0.851339057116899	-0.7954470035881337	-2.5746838261909333	36	
DNA REPLICATION PRE-INITIATION%REACTOME%R-HSA-69002.4	5.1641795385650146e-11	4.622410157882831e-9	0.851339057116899	-0.6128564858279879	-2.38456573207975	101	
REGULATION OF DNA REPLICATION%GOBP%GO:0006275	5.824378824288736e-11	5.166381432788008e-9	0.8390889356212738	-0.6296994738386472	-2.4189334750144713	92	
NEGATIVE REGULATION OF MITOTIC CELL CYCLE PHASE TRANSITION%GOBP%GO:1901991	7.851253687718612e-11	6.902093197256916e-9	0.8390889356212738	-0.5845772045484463	-2.3337314438867764	123	
REGULATION OF G2/M TRANSITION OF MITOTIC CELL CYCLE%GOBP%GO:0010389	8.382817548518554e-11	7.304178901125105e-9	0.8390889356212738	-0.6470926358762119	-2.4456609380241736	83	
REGULATION OF DNA-TEMPLATED DNA REPLICATION%GOBP%GO:0090329	9.486700446460237e-11	8.193513385600657e-9	0.8390889356212738	-0.8239897072073822	-2.5708238252761975	30	
POSITIVE REGULATION OF MITOTIC CELL CYCLE%GOBP%GO:0045931	1.0679521409965099e-10	9.143527635001422e-9	0.8390889356212738	-0.6239532036259935	-2.3851292473813945	88	
REGULATION OF CELL CYCLE CHECKPOINT%GOBP%GO:1901976	1.5755856515072788e-10	1.3373462348914368e-8	0.826657301178302	-0.773706982181544	-2.532165915669258	39	
G1 S-SPECIFIC TRANSCRIPTION%REACTOME%R-HSA-69205.5	1.696686144178234e-10	1.4278266474853755e-8	0.826657301178302	-0.8368473755483701	-2.5394162898642536	27	
E2F TRANSCRIPTION FACTOR NETWORK%PATHWAY INTERACTION DATABASE NCI-NATURE CURATED DATA%E2F TRANSCRIPTION FACTOR NETWORK	2.2569424688458416e-10	1.8832080973098438e-8	0.826657301178302	-0.6844271298041946	-2.493308110939291	66	
NUCLEAR DNA REPLICATION%GOBP%GO:0033260	3.1436644213018016e-10	2.6010520917762637e-8	0.8140358378479079	-0.882524129910846	-2.478576412779347	20	
CELL CYCLE PHASE TRANSITION%GOBP%GO:0044770	3.183206851885172e-10	2.6118212219717836e-8	0.8140358378479079	-0.5840263141440538	-2.294460883921291	111	
CELL CYCLE DNA REPLICATION%GOBP%GO:0044786	3.974056539325046e-10	3.202691407031728e-8	0.8140358378479079	-0.869049135070839	-2.47043831020291	21	
NEGATIVE REGULATION OF NUCLEAR DIVISION%GOBP%GO:0051784	4.517772806906934e-10	3.475155551312943e-8	0.8140358378479079	-0.7842813728280332	-2.526909517134934	34	
PID_E2F_PATHWAY%MSIGDB_C2%PID_E2F_PATHWAY	4.897696746327391e-10	3.560397961594347e-8	0.8012155746177786	-0.7127685010640016	-2.4818776161283336	52	
REGULATION OF SPINDLE CHECKPOINT%GOBP%GO:0090231	6.477327361447659e-10	4.615163982705636e-8	0.8012155746177786	-0.8642487217325205	-2.4567922175515156	21	
POSITIVE REGULATION OF DNA METABOLIC PROCESS%GOBP%GO:0051054	7.322033221189579e-10	5.149481363988042e-8	0.8012155746177786	-0.4758170541129598	-2.053325821905776	229	
LAGGING STRAND SYNTHESIS%REACTOME%R-HSA-69186.4	8.286071314523345e-10	5.7339332252357434e-8	0.8012155746177786	-0.8848116274030822	-2.4524381586098363	19	
MITOTIC SPINDLE ORGANIZATION%GOBP%GO:0007052	1.1465427141293974e-9	7.627607813052735e-8	0.7881868108002371	-0.6212743572402858	-2.360506550210271	86	
DNA STRAND ELONGATION%GOBP%GO:0022616	1.2858890906933815e-9	8.329515780899364e-8	0.7881868108002371	-0.87035082267816	-2.444387577426483	20	
CELL CYCLE G2/M PHASE TRANSITION%GOBP%GO:0044839	1.3122460371949162e-9	8.444689204066108e-8	0.7881868108002371	-0.7424499336587025	-2.461107142180249	41	
REGULATION OF CELL CYCLE G2/M PHASE TRANSITION%GOBP%GO:1902749	1.699247370610783e-9	1.0724865135278058e-7	0.7881868108002371	-0.6059878270133358	-2.3227504379854103	91	
BASE EXCISION REPAIR%REACTOME%R-HSA-73884.4	1.8573007723297003e-9	1.1647760130164478e-7	0.7881868108002371	-0.6996408547657869	-2.4489159504885536	53	
DOUBLE-STRAND BREAK REPAIR VIA BREAK-INDUCED REPLICATION%GOBP%GO:0000727	2.132716106935294e-9	1.3206743892380445e-7	0.7749390301364363	-0.9469960566335441	-2.2611015632581455	11	
POLYMERASE SWITCHING ON THE C-STRAND OF THE TELOMERE%REACTOME DATABASE ID RELEASE 93%174411	2.1847335729581064e-9	1.3444304224590947e-7	0.7749390301364363	-0.8355196448420505	-2.4508565817514403	24	
PYRIMIDINE METABOLISM%WIKIPATHWAYS_20250810%WP4022%HOMO SAPIENS	2.489194520887545e-9	1.5222738666247683e-7	0.7749390301364363	-0.6611671267058146	-2.3573937455200165	61	
FANCONI ANEMIA PATHWAY%REACTOME DATABASE ID RELEASE 93%6783310	3.1163151765394422e-9	1.8824073146139476e-7	0.7749390301364363	-0.7712989004570422	-2.482000461807348	35	
HOMOLOGOUS RECOMBINATION%GOBP%GO:0035825	3.1815777314153467e-9	1.910110630702165e-7	0.7749390301364363	-0.7322889581974233	-2.4591705278939013	43	
RESOLUTION OF D-LOOP STRUCTURES THROUGH HOLLIDAY JUNCTION INTERMEDIATES%REACTOME%R-HSA-5693568.6	3.603106546546647e-9	2.1500719428665625e-7	0.7749390301364363	-0.7627275650327809	-2.4574643869364095	34	
DNA STRAND ELONGATION INVOLVED IN DNA REPLICATION%GOBP%GO:0006271	3.6474980029722728e-9	2.1634497191123492e-7	0.7749390301364363	-0.9125406086306536	-2.3460282871929636	15	
DNA SYNTHESIS INVOLVED IN DNA REPAIR%GOBP%GO:0000731	3.9517494789102874e-9	2.3298757706198018e-7	0.7614608014455848	-0.7762358739518438	-2.4764291311972317	33	
BIOCARTA_MCM_PATHWAY%MSIGDB_C2%BIOCARTA_MCM_PATHWAY	4.057540812360947e-9	2.378008740387255e-7	0.7614608014455848	-0.9239242404937433	-2.3344066000040025	14	
MICROTUBULE ORGANIZING CENTER ORGANIZATION%GOBP%GO:0031023	4.788013394758056e-9	2.7408592956271987e-7	0.7614608014455848	-0.5973575470028626	-2.306504894541918	95	
CENTROSOME CYCLE%GOBP%GO:0007098	4.823225497144367e-9	2.7450565459470194e-7	0.7614608014455848	-0.6152138240614095	-2.3251762338511526	83	
MEIOSIS I CELL CYCLE PROCESS%GOBP%GO:0061982	5.1716610724067175e-9	2.926446834420491e-7	0.7614608014455848	-0.6845724360623042	-2.4280532261575556	57	
CYCLIN A B1 B2 ASSOCIATED EVENTS DURING G2 M TRANSITION%REACTOME%R-HSA-69273.10	5.3556685497238155e-9	3.0132521451760396e-7	0.7614608014455848	-0.7869042327965687	-2.4551182280423296	30	
MITOTIC CELL CYCLE PHASE TRANSITION%GOBP%GO:0044772	5.925806542164764e-9	3.315084728076947e-7	0.7614608014455848	-0.5812764932613033	-2.259745282510615	100	
RESOLUTION OF D-LOOP STRUCTURES%REACTOME%R-HSA-5693537.3	6.197823142257804e-9	3.44767043269324e-7	0.7614608014455848	-0.7638182925930276	-2.4579282478289777	35	
REGULATION OF DNA-TEMPLATED DNA REPLICATION INITIATION%GOBP%GO:0030174	6.319391147861672e-9	3.4955463619014623e-7	0.7614608014455848	-0.9329815379760984	-2.2945233120470188	12	
NEGATIVE REGULATION OF MITOTIC NUCLEAR DIVISION%GOBP%GO:0045839	8.276495727999726e-9	4.502230770048912e-7	0.7477396631498854	-0.7797492607311483	-2.4512510078472136	32	
RESOLUTION OF ABASIC SITES (AP SITES)%REACTOME DATABASE ID RELEASE 93%73933	9.029612178150407e-9	4.884920961871918e-7	0.7477396631498854	-0.7592439422814807	-2.4432082221955946	35	
SWITCHING OF ORIGINS TO A POST-REPLICATIVE STATE%REACTOME DATABASE ID RELEASE 93%69052	9.331489684695028e-9	4.993361273668871e-7	0.7477396631498854	-0.6162265050135642	-2.2920880935862464	78	
REGULATION OF MITOTIC CELL CYCLE SPINDLE ASSEMBLY CHECKPOINT%GOBP%GO:0090266	9.532427350293345e-9	5.046036542526252e-7	0.7477396631498854	-0.8523784097071467	-2.3939119050217146	20	
REGULATION OF MITOTIC SPINDLE CHECKPOINT%GOBP%GO:1903504	9.532427350293345e-9	5.046036542526252e-7	0.7477396631498854	-0.8523784097071467	-2.3939119050217146	20	
DNA INTEGRITY CHECKPOINT SIGNALING%GOBP%GO:0031570	9.609926759645323e-9	5.059857693875286e-7	0.7477396631498854	-0.591907754782148	-2.268781542103385	91	
DNA BIOSYNTHETIC PROCESS%GOBP%GO:0071897	1.1725686918517812e-8	6.141016670198212e-7	0.7477396631498854	-0.6624925300277222	-2.3389999726066537	58	
PROTEIN-DNA COMPLEX ASSEMBLY%GOBP%GO:0065004	1.2262022867889682e-8	6.387930008319672e-7	0.7477396631498854	-0.552299246010064	-2.183079996814072	115	
MEIOSIS I%GOBP%GO:0007127	1.2799851499743769e-8	6.633017782446166e-7	0.7477396631498854	-0.6753468738080362	-2.374357355470522	55	
RESOLUTION OF AP SITES VIA THE MULTIPLE-NUCLEOTIDE PATCH REPLACEMENT PATHWAY%REACTOME%R-HSA-110373.4	1.314005679863107e-8	6.750550909595923e-7	0.7477396631498854	-0.817948941216619	-2.3993158730532818	24	
PLK1 SIGNALING EVENTS%PATHWAY INTERACTION DATABASE NCI-NATURE CURATED DATA%PLK1 SIGNALING EVENTS	1.3163779957773891e-8	6.750550909595923e-7	0.7477396631498854	-0.714283445227266	-2.4332626358806677	46	
REGULATION OF ATTACHMENT OF SPINDLE MICROTUBULES TO KINETOCHORE%GOBP%GO:0051988	1.531080487962762e-8	7.810890406467022e-7	0.7337619883564803	-0.8381295607568776	-2.4115365515800486	22	
MITOTIC DNA REPLICATION%GOBP%GO:1902969	1.5520067263965064e-8	7.876834138195878e-7	0.7337619883564803	-0.9353152522834914	-2.2332118114571653	11	
G0 AND EARLY G1%REACTOME DATABASE ID RELEASE 93%1538133	1.7318109285126274e-8	8.744313026736065e-7	0.7337619883564803	-0.806602892871993	-2.4122461422713832	26	
REGULATION OF DNA REPAIR%GOBP%GO:0006282	1.85966024003584e-8	9.341946287445348e-7	0.7337619883564803	-0.45796909456292173	-1.9626772680129516	212	
TP53 REGULATES TRANSCRIPTION OF CELL CYCLE GENES%REACTOME%R-HSA-6791312.6	1.9158999650369244e-8	9.560492511293537e-7	0.7337619883564803	-0.7090874373841951	-2.415562027215064	46	
REGULATION OF TP53 ACTIVITY THROUGH PHOSPHORYLATION%REACTOME%R-HSA-6804756.4	1.9225853313387366e-8	9.560492511293537e-7	0.7337619883564803	-0.5956617631371249	-2.2631925448214973	86	
REGULATION OF TP53 ACTIVITY%REACTOME DATABASE ID RELEASE 93%5633007	1.9802408522895476e-8	9.797714287257732e-7	0.7337619883564803	-0.5173165036593027	-2.111006726310609	146	
POSITIVE REGULATION OF SPINDLE CHECKPOINT%GOBP%GO:0090232	2.1163616737811397e-8	1.041884852002455e-6	0.7337619883564803	-0.9332903812326784	-2.228377114346952	11	
G2/M TRANSITION OF MITOTIC CELL CYCLE%GOBP%GO:0000086	2.3229789405588177e-8	1.1379129675991105e-6	0.7337619883564803	-0.7309437050820137	-2.36668177538773	37	
MITOTIC PROPHASE%REACTOME DATABASE ID RELEASE 93%68875	2.9364137876207404e-8	1.4242330124588083e-6	0.7337619883564803	-0.5837314951883272	-2.2126578910493393	84	
RECOGNITION OF DNA DAMAGE BY PCNA-CONTAINING REPLICATION COMPLEX%REACTOME%R-HSA-110314.5	4.251740135363254e-8	2.0420796767212975e-6	0.7195128263389107	-0.7686596930258219	-2.3783882799718863	29	
NEGATIVE REGULATION OF CHROMOSOME SEGREGATION%GOBP%GO:0051985	4.4111668059332565e-8	2.0880936716932134e-6	0.7195128263389107	-0.7877678278015376	-2.3904842304599843	27	
NEGATIVE REGULATION OF CHROMOSOME SEPARATION%GOBP%GO:1905819	4.4111668059332565e-8	2.0880936716932134e-6	0.7195128263389107	-0.7877678278015376	-2.3904842304599843	27	
NEGATIVE REGULATION OF METAPHASE/ANAPHASE TRANSITION OF CELL CYCLE%GOBP%GO:1902100	4.4111668059332565e-8	2.0880936716932134e-6	0.7195128263389107	-0.7877678278015376	-2.3904842304599843	27	
NEGATIVE REGULATION OF MITOTIC METAPHASE/ANAPHASE TRANSITION%GOBP%GO:0045841	5.0217850388342066e-8	2.3322875232246038e-6	0.7195128263389107	-0.7953646026686892	-2.378636639468685	26	
NEGATIVE REGULATION OF MITOTIC SISTER CHROMATID SEGREGATION%GOBP%GO:0033048	5.0217850388342066e-8	2.3322875232246038e-6	0.7195128263389107	-0.7953646026686892	-2.378636639468685	26	
NEGATIVE REGULATION OF MITOTIC SISTER CHROMATID SEPARATION%GOBP%GO:2000816	5.0217850388342066e-8	2.3322875232246038e-6	0.7195128263389107	-0.7953646026686892	-2.378636639468685	26	
NEGATIVE REGULATION OF SISTER CHROMATID SEGREGATION%GOBP%GO:0033046	5.0217850388342066e-8	2.3322875232246038e-6	0.7195128263389107	-0.7953646026686892	-2.378636639468685	26	
SUMOYLATION OF DNA REPLICATION PROTEINS%REACTOME%R-HSA-4615885.7	5.3515695519870647e-8	2.4550322994225858e-6	0.7195128263389107	-0.703133191862307	-2.36125972303079	43	
ORC1 REMOVAL FROM CHROMATIN%REACTOME%R-HSA-68949.5	5.360876948769611e-8	2.4550322994225858e-6	0.7195128263389107	-0.6627859082851437	-2.350780396768773	57	
PROTEIN LOCALIZATION TO CHROMOSOME%GOBP%GO:0034502	5.429451021558602e-8	2.4749247573271293e-6	0.7195128263389107	-0.6112923573366633	-2.2485202553136023	72	
MEIOTIC CHROMOSOME SEGREGATION%GOBP%GO:0045132	5.500569551525689e-8	2.4957883780793516e-6	0.7195128263389107	-0.7752376784668134	-2.3742028071469434	28	
SEXUAL REPRODUCTION%GOBP%GO:0019953	5.644914562236378e-8	2.547057160937774e-6	0.7195128263389107	-0.4056364380102388	-1.7980677287040296	314	
AURORA B SIGNALING%PATHWAY INTERACTION DATABASE NCI-NATURE CURATED DATA%AURORA B SIGNALING	5.665300815004799e-8	2.547057160937774e-6	0.7195128263389107	-0.7278029087609813	-2.3637354030271465	38	
MEMBRANELESS ORGANELLE ASSEMBLY%GOBP%GO:0140694	6.567963477384776e-8	2.9261614659878055e-6	0.7049757151672383	-0.43235055046502957	-1.885457104448432	261	
SPINDLE ASSEMBLY%GOBP%GO:0051225	6.659648972884548e-8	2.953644314730688e-6	0.7049757151672383	-0.5833487241486012	-2.1964592811504287	82	
APC C-MEDIATED DEGRADATION OF CELL CYCLE PROTEINS%REACTOME DATABASE ID RELEASE 93%174143	6.874964379043248e-8	3.0219151462526707e-6	0.7049757151672383	-0.5962402327961487	-2.2045502593538893	74	
REGULATION OF MITOTIC CELL CYCLE%REACTOME DATABASE ID RELEASE 93%453276	6.874964379043248e-8	3.0219151462526707e-6	0.7049757151672383	-0.5962402327961487	-2.2045502593538893	74	
LEADING STRAND SYNTHESIS%REACTOME%R-HSA-69109.5	6.974271703069879e-8	3.03843713223124e-6	0.7049757151672383	-0.8975734068258374	-2.2226338030584127	13	
POLYMERASE SWITCHING%REACTOME%R-HSA-69091.4	6.974271703069879e-8	3.03843713223124e-6	0.7049757151672383	-0.8975734068258374	-2.2226338030584127	13	
NEGATIVE REGULATION OF CHROMOSOME ORGANIZATION%GOBP%GO:2001251	7.727657002359547e-8	3.3518286715961276e-6	0.7049757151672383	-0.6240356612154654	-2.2845037266165025	67	
MITOTIC METAPHASE CHROMOSOME ALIGNMENT%GOBP%GO:0007080	8.91572188042287e-8	3.8501841067826124e-6	0.7049757151672383	-0.6633348034583096	-2.3097482538082006	52	
PCNA-DEPENDENT LONG PATCH BASE EXCISION REPAIR%REACTOME%R-HSA-5651801.3	1.0687806697804659e-7	4.595290163606317e-6	0.7049757151672383	-0.8296415389760459	-2.3300552130803704	20	
TRANSPORT OF MATURE TRANSCRIPT TO CYTOPLASM%REACTOME%R-HSA-72202.4	1.0752844061077304e-7	4.6031522880594405e-6	0.7049757151672383	-0.5982539045480334	-2.2211079609092192	75	
TRANSCRIPTIONAL REGULATION BY TP53%REACTOME DATABASE ID RELEASE 93%3700989	1.1178685622812142e-7	4.764733274554474e-6	0.7049757151672383	-0.4029322207283774	-1.7867987022464946	320	
HALLMARK_DNA_REPAIR%MSIGDBHALLMARK%HALLMARK_DNA_REPAIR	1.1232124098980267e-7	4.7668747361448146e-6	0.7049757151672383	-0.5295299991970893	-2.1016835909435865	117	
PROCESSIVE SYNTHESIS ON THE LAGGING STRAND%REACTOME%R-HSA-69183.4	1.309497803563832e-7	5.533611748450425e-6	0.6901324587967956	-0.893810397570795	-2.258320325188605	14	
DNA DAMAGE BYPASS%REACTOME%R-HSA-73893.3	1.5343751856083512e-7	6.456178665598217e-6	0.6901324587967956	-0.6874271688745915	-2.341774621949369	46	
RESOLUTION OF D-LOOP STRUCTURES THROUGH SYNTHESIS-DEPENDENT STRAND ANNEALING (SDSA)%REACTOME%R-HSA-5693554.3	1.5659466914850663e-7	6.560983457175303e-6	0.6901324587967956	-0.7752459003667713	-2.3524863978354786	27	
FANCONI ANEMIA%WIKIPATHWAYS_20250810%WP5465%HOMO SAPIENS	1.5855210251286294e-7	6.6148474633120695e-6	0.6901324587967956	-0.7102296800322968	-2.3244192303960376	39	
POSITIVE REGULATION OF MITOTIC CELL CYCLE SPINDLE ASSEMBLY CHECKPOINT%GOBP%GO:0090267	1.650173428147824e-7	6.855530621748302e-6	0.6901324587967956	-0.9311660908250549	-2.1629138399054493	10	
REGULATION OF DOUBLE-STRAND BREAK REPAIR%GOBP%GO:2000779	1.752994364958241e-7	7.250925654296312e-6	0.6901324587967956	-0.5012677702294166	-2.0245408976459855	133	
REMOVAL OF THE FLAP INTERMEDIATE%REACTOME%R-HSA-69166.4	1.7600764080609573e-7	7.250925654296312e-6	0.6901324587967956	-0.8887080270553434	-2.2006807320282307	13	
DNA REPLICATION%PANTHER PATHWAY%P00017	1.9722687244037233e-7	8.091232441866274e-6	0.6901324587967956	-0.8776077205318634	-2.256220181276355	15	
POSITIVE REGULATION OF CHROMOSOME ORGANIZATION%GOBP%GO:2001252	2.0551757656169558e-7	8.396373688076575e-6	0.6901324587967956	-0.5618824212472403	-2.1695290555316498	95	
GAP-FILLING DNA REPAIR SYNTHESIS AND LIGATION IN GG-NER%REACTOME%R-HSA-5696397.3	2.0802388847098452e-7	8.444077946827159e-6	0.6901324587967956	-0.7890816519759334	-2.3146385273204575	24	
SISTER CHROMATID COHESION%GOBP%GO:0007062	2.084004612105423e-7	8.444077946827159e-6	0.6901324587967956	-0.6998057570333147	-2.307555525604968	40	
ATTACHMENT OF SPINDLE MICROTUBULES TO KINETOCHORE%GOBP%GO:0008608	2.1774822567201722e-7	8.786676352322464e-6	0.6901324587967956	-0.7485637386200709	-2.335497005787187	30	
SPINDLE CHECKPOINT SIGNALING%GOBP%GO:0031577	2.222011546223652e-7	8.929765585354319e-6	0.6901324587967956	-0.7782776083027043	-2.327535860378247	26	
PRE-MRNA SPLICING%REACTOME DATABASE ID RELEASE 93%72163	2.305028313483264e-7	9.225735274209843e-6	0.6901324587967956	-0.4441287797013803	-1.886867207689432	203	
POSITIVE REGULATION OF CHROMOSOME CONDENSATION%GOBP%GO:1905821	2.34669229041319e-7	9.35446651474019e-6	0.6901324587967956	-0.9527068594278684	-2.059856618690172	8	
MITOTIC SPINDLE ASSEMBLY CHECKPOINT SIGNALING%GOBP%GO:0007094	2.6801596586537996e-7	1.0555540799642125e-5	0.674962860011025	-0.786595641335347	-2.329530768187755	25	
MITOTIC SPINDLE CHECKPOINT SIGNALING%GOBP%GO:0071174	2.6801596586537996e-7	1.0555540799642125e-5	0.674962860011025	-0.786595641335347	-2.329530768187755	25	
SPINDLE ASSEMBLY CHECKPOINT SIGNALING%GOBP%GO:0071173	2.6801596586537996e-7	1.0555540799642125e-5	0.674962860011025	-0.786595641335347	-2.329530768187755	25	
MRNA SPLICING%REACTOME%R-HSA-72172.5	2.7706760102699225e-7	1.0868556174150461e-5	0.674962860011025	-0.44264652420230866	-1.8967817816754433	211	
NEGATIVE REGULATION OF G2/M TRANSITION OF MITOTIC CELL CYCLE%GOBP%GO:0010972	3.2805037874286375e-7	1.2716472555520615e-5	0.674962860011025	-0.6185596886368717	-2.1880852049132797	59	
BIOCARTA_ATRBRCA_PATHWAY%MSIGDB_C2%BIOCARTA_ATRBRCA_PATHWAY	3.4252930626762404e-7	1.3225660978474612e-5	0.674962860011025	-0.8290025730408879	-2.2977518386351727	19	
DUAL INCISION IN GG-NER%REACTOME DATABASE ID RELEASE 93%5696400	3.701035383865112e-7	1.4234529058412458e-5	0.674962860011025	-0.6912754419257776	-2.2794274692640255	40	
RECIPROCAL HOMOLOGOUS RECOMBINATION%GOBP%GO:0140527	4.128826683346598e-7	1.5756754854352947e-5	0.674962860011025	-0.7168228065091503	-2.3066991742572065	35	
RECIPROCAL MEIOTIC RECOMBINATION%GOBP%GO:0007131	4.128826683346598e-7	1.5756754854352947e-5	0.674962860011025	-0.7168228065091503	-2.3066991742572065	35	
REGULATION OF CELL DIVISION%GOBP%GO:0051302	4.5102702317497804e-7	1.708004642377244e-5	0.674962860011025	-0.5357767980419336	-2.0846560690764946	101	
CENTROMERE COMPLEX ASSEMBLY%GOBP%GO:0034508	5.056290013553656e-7	1.9001615066202024e-5	0.6594443980379349	-0.8495326633572454	-2.2627854064642747	17	
IMPAIRED BRCA2 BINDING TO PALB2%REACTOME%R-HSA-9709603.2	5.386789332467528e-7	2.0166664550370828e-5	0.6594443980379349	-0.778407584411047	-2.2833279424563435	24	
CENTROSOME DUPLICATION%GOBP%GO:0051298	5.517836597880669e-7	2.0579022402550407e-5	0.6594443980379349	-0.7129245097844801	-2.294154654531896	35	
HALLMARK_MYC_TARGETS_V1%MSIGDBHALLMARK%HALLMARK_MYC_TARGETS_V1	6.25303140183188e-7	2.3232961200919504e-5	0.6594443980379349	-0.47125267921182085	-1.933434465688798	151	
2'-DEOXYRIBONUCLEOTIDE BIOSYNTHETIC PROCESS%GOBP%GO:0009265	6.539811873192678e-7	2.4026487949050414e-5	0.6594443980379349	-0.8912524187190253	-2.1918970187826847	12	
DEOXYRIBONUCLEOTIDE BIOSYNTHETIC PROCESS%GOBP%GO:0009263	6.539811873192678e-7	2.4026487949050414e-5	0.6594443980379349	-0.8912524187190253	-2.1918970187826847	12	
DEOXYRIBOSE PHOSPHATE BIOSYNTHETIC PROCESS%GOBP%GO:0046385	6.539811873192678e-7	2.4026487949050414e-5	0.6594443980379349	-0.8912524187190253	-2.1918970187826847	12	
ASSEMBLY OF THE PRE-REPLICATIVE COMPLEX%REACTOME%R-HSA-68867.10	7.475707636834175e-7	2.7362757394895648e-5	0.6594443980379349	-0.555882119643826	-2.1084300975984154	85	
E2F MEDIATED REGULATION OF DNA REPLICATION%REACTOME DATABASE ID RELEASE 93%113510	7.566139584053943e-7	2.7591189016516713e-5	0.6594443980379349	-0.7880797771304267	-2.2402674306332275	21	
PROTEIN-DNA COMPLEX ORGANIZATION%GOBP%GO:0071824	8.157903789564261e-7	2.963938033654971e-5	0.6594443980379349	-0.48921323971955283	-1.9771480559949834	135	
PID_BARD1_PATHWAY%MSIGDB_C2%PID_BARD1_PATHWAY	8.715041083777895e-7	3.1547167099587186e-5	0.6594443980379349	-0.7625118120234157	-2.28038628827699	26	
TERMINATION OF TRANSLESION DNA SYNTHESIS%REACTOME%R-HSA-5656169.2	9.308545342872793e-7	3.3572138258580775e-5	0.6594443980379349	-0.7292301299090725	-2.2751767111669383	30	
FOXM1 TRANSCRIPTION FACTOR NETWORK%PATHWAY INTERACTION DATABASE NCI-NATURE CURATED DATA%FOXM1 TRANSCRIPTION FACTOR NETWORK	9.420945949931686e-7	3.3805771186391946e-5	0.6594443980379349	-0.6945775495790172	-2.2558271261690583	38	
TELOMERE MAINTENANCE%GOBP%GO:0000723	9.614208244502816e-7	3.429764288962852e-5	0.6435518361507222	-0.5446933228187755	-2.0891455247094637	90	
REGULATION OF DNA RECOMBINATION%GOBP%GO:0000018	1.0210539978813295e-6	3.629349336873491e-5	0.6435518361507222	-0.5242605572879108	-2.0380926028694266	100	
CENTRIOLE ASSEMBLY%GOBP%GO:0098534	1.0544627176484077e-6	3.734618675527418e-5	0.6435518361507222	-0.7410254060468094	-2.2694260716055394	28	
TRANSLESION SYNTHESIS BY Y FAMILY DNA POLYMERASES BYPASSES LESIONS ON DNA TEMPLATE%REACTOME%R-HSA-110313.3	1.0587931600206804e-6	3.736515216331046e-5	0.6435518361507222	-0.6834373670581974	-2.212863658295169	37	
TRANSPORT OF MATURE MRNA DERIVED FROM AN INTRON-CONTAINING TRANSCRIPT%REACTOME%R-HSA-159236.5	1.2758187090332134e-6	4.4863253604075064e-5	0.6435518361507222	-0.5992626111394641	-2.183061225764296	66	
REGULATION OF CYTOKINESIS%GOBP%GO:0032465	1.2846243292423795e-6	4.501213930861377e-5	0.6435518361507222	-0.5755966485924527	-2.1172205209461916	72	
BARD1 SIGNALING EVENTS%PATHWAY INTERACTION DATABASE NCI-NATURE CURATED DATA%BARD1 SIGNALING EVENTS	1.3333232063317973e-6	4.6388340245734545e-5	0.6435518361507222	-0.7357212249011773	-2.253181760840767	28	
DEFECTIVE HDR THROUGH HOMOLOGOUS RECOMBINATION REPAIR (HRR) DUE TO PALB2 LOSS OF BRCA1 BINDING FUNCTION%REACTOME%R-HSA-9704331.4	1.3598382732676911e-6	4.6651455186737584e-5	0.6435518361507222	-0.7654408563909885	-2.266880125554371	25	
DEFECTIVE HDR THROUGH HOMOLOGOUS RECOMBINATION REPAIR (HRR) DUE TO PALB2 LOSS OF BRCA2 RAD51 RAD51C BINDING FUNCTION%REACTOME DATABASE ID RELEASE 93%9704646	1.3598382732676911e-6	4.6651455186737584e-5	0.6435518361507222	-0.7654408563909885	-2.266880125554371	25	
DEFECTIVE HOMOLOGOUS RECOMBINATION REPAIR (HRR) DUE TO BRCA1 LOSS OF FUNCTION%REACTOME%R-HSA-9701192.4	1.3598382732676911e-6	4.6651455186737584e-5	0.6435518361507222	-0.7654408563909885	-2.266880125554371	25	
DEFECTIVE HOMOLOGOUS RECOMBINATION REPAIR (HRR) DUE TO PALB2 LOSS OF FUNCTION%REACTOME DATABASE ID RELEASE 93%9701193	1.3598382732676911e-6	4.6651455186737584e-5	0.6435518361507222	-0.7654408563909885	-2.266880125554371	25	
TELOMERE ORGANIZATION%GOBP%GO:0032200	1.400420393461349e-6	4.787687220145987e-5	0.6435518361507222	-0.5379787769763619	-2.0665967283449205	92	
MEIOTIC RECOMBINATION%REACTOME%R-HSA-912446.7	1.4408426490792944e-6	4.908836236274994e-5	0.6435518361507222	-0.7014243758033556	-2.2571478108360425	35	
CONDENSATION OF PROMETAPHASE CHROMOSOMES%REACTOME DATABASE ID RELEASE 93%2514853	1.5303826101483108e-6	5.195912820524231e-5	0.6435518361507222	-0.891607447186755	-2.128852573909615	11	
POSITIVE REGULATION OF DNA-DIRECTED DNA POLYMERASE ACTIVITY%GOBP%GO:1900264	1.6035609885961512e-6	5.4256568706933695e-5	0.6435518361507222	-0.9413894204007061	-2.0353870754555166	8	
SIGNAL TRANSDUCTION IN RESPONSE TO DNA DAMAGE%GOBP%GO:0042770	1.642236772033038e-6	5.53748741693058e-5	0.6435518361507222	-0.4888009724462842	-1.9481237952217814	121	
POSITIVE REGULATION OF MITOTIC SISTER CHROMATID SEPARATION%GOBP%GO:1901970	1.7097121658317166e-6	5.7453331006071945e-5	0.6435518361507222	-0.7956598116725152	-2.234617247244196	20	
GLOBAL GENOME NUCLEOTIDE EXCISION REPAIR (GG-NER)%REACTOME%R-HSA-5696399.2	1.7199597372430184e-6	5.760110058807742e-5	0.6435518361507222	-0.552835273342813	-2.0815682229414327	82	
PID_AURORA_B_PATHWAY%MSIGDB_C2%PID_AURORA_B_PATHWAY	1.8476832541635218e-6	6.16687773576069e-5	0.6435518361507222	-0.7749598102927747	-2.2029714166377876	21	
PID_FOXM1_PATHWAY%MSIGDB_C2%PID_FOXM1_PATHWAY	1.9481757401597613e-6	6.458497756772057e-5	0.6272567397185284	-0.6965084093555405	-2.241328481926749	35	
GASTRIC CANCER NETWORK 2%WIKIPATHWAYS_20250810%WP2363%HOMO SAPIENS	1.967152860820804e-6	6.49952586162471e-5	0.6272567397185284	-0.7629064103886858	-2.2378578513434526	24	
MITOTIC CYTOKINESIS%GOBP%GO:0000281	2.1239648188567196e-6	6.994166423566308e-5	0.6272567397185284	-0.5495768092650152	-2.0555061172461224	80	
POSTREPLICATION REPAIR%GOBP%GO:0006301	2.1368895540627446e-6	7.013271516433927e-5	0.6272567397185284	-0.6941211072126151	-2.2364183220814358	34	
MRNA PROCESSING%WIKIPATHWAYS_20250810%WP411%HOMO SAPIENS	2.3435484363316875e-6	7.640588709974103e-5	0.6272567397185284	-0.5286290130041573	-2.0445463308953116	93	
POSITIVE REGULATION OF CELL CYCLE G1/S PHASE TRANSITION%GOBP%GO:1902808	2.3931387545901526e-6	7.776516230262258e-5	0.6272567397185284	-0.6671719506625186	-2.199948065312428	40	
ATM SIGNALING%WIKIPATHWAYS_20250810%WP2516%HOMO SAPIENS	2.6947665200329946e-6	8.670807567400283e-5	0.6272567397185284	-0.7180554103733452	-2.240311912526927	30	
RNA SPLICING, VIA TRANSESTERIFICATION REACTIONS%GOBP%GO:0000375	2.756716706564417e-6	8.841248434147638e-5	0.6272567397185284	-0.41215774832393637	-1.7748692688018124	226	
NUCLEOTIDE EXCISION REPAIR IN XERODERMA PIGMENTOSUM %WIKIPATHWAYS_20250810%WP5114%HOMO SAPIENS	2.7792205164139224e-6	8.884482209289442e-5	0.6272567397185284	-0.6592131208360413	-2.213154102392371	42	
POSITIVE REGULATION OF DNA REPLICATION%GOBP%GO:0045740	2.884827647343475e-6	9.192237221923579e-5	0.6272567397185284	-0.7128620033673242	-2.2409815465187455	32	
PID_PLK1_PATHWAY%MSIGDB_C2%PID_PLK1_PATHWAY	2.954012023209289e-6	9.352155106276096e-5	0.6272567397185284	-0.6997067005320025	-2.232277732372424	33	
MRNA SPLICING, VIA SPLICEOSOME%GOBP%GO:0000398	3.0840630113341448e-6	9.670600130444583e-5	0.6272567397185284	-0.4112650238021749	-1.7603739368057676	221	
RNA SPLICING, VIA TRANSESTERIFICATION REACTIONS WITH BULGED ADENOSINE AS NUCLEOPHILE%GOBP%GO:0000377	3.0840630113341448e-6	9.670600130444583e-5	0.6272567397185284	-0.4112650238021749	-1.7603739368057676	221	
NEGATIVE REGULATION OF CELL CYCLE G2/M PHASE TRANSITION%GOBP%GO:1902750	3.209613612508761e-6	1.0000587224291538e-4	0.6272567397185284	-0.5826054357018341	-2.0772817563880093	61	
MITOTIC DNA INTEGRITY CHECKPOINT SIGNALING%GOBP%GO:0044774	3.2805435862116504e-06	1.0189347681337511e-4	0.6272567397185284	-0.5823606027605152	-2.0764088036635773	61	
CENTROSOME MATURATION%REACTOME DATABASE ID RELEASE 93%380287	3.4363099327889253e-6	1.0606240626407447e-4	0.6272567397185284	-0.5448584097892685	-2.0378585403787888	80	
RECRUITMENT OF MITOTIC CENTROSOME PROTEINS AND COMPLEXES%REACTOME DATABASE ID RELEASE 93%380270	3.4363099327889253e-6	1.0606240626407447e-4	0.6272567397185284	-0.5448584097892685	-2.0378585403787888	80	
DEOXYRIBONUCLEOTIDE METABOLIC PROCESS%GOBP%GO:0009262	3.652665825914467e-6	1.1203784337057273e-4	0.6272567397185284	-0.7124851306687019	-2.211676014983779	31	
NUCLEOTIDE EXCISION REPAIR%WIKIPATHWAYS_20250810%WP4753%HOMO SAPIENS	3.652665825914467e-6	1.1203784337057273e-4	0.6272567397185284	-0.71209339632179	-2.2104600044005163	31	
ANCHORING OF THE BASAL BODY TO THE PLASMA MEMBRANE%REACTOME%R-HSA-5620912.4	3.6987006354951375e-6	1.130975355810097e-4	0.6272567397185284	-0.5266616081873983	-2.0335351635655	95	
REGULATION OF DOUBLE-STRAND BREAK REPAIR VIA HOMOLOGOUS RECOMBINATION%GOBP%GO:0010569	3.875880326588019e-6	1.1814835199871714e-4	0.610526878385931	-0.5567052544115144	-2.0668523231579328	75	
AURKA ACTIVATION BY TPX2%REACTOME DATABASE ID RELEASE 93%8854518	4.061037722167965e-6	1.2341042411254872e-4	0.610526878385931	-0.5785653434372608	-2.128344080471017	71	
DNA IR DOUBLE STRAND BREAKS AND CELLULAR RESPONSE VIA ATM%WIKIPATHWAYS_20250810%WP3959%HOMO SAPIENS	4.105253236247526e-6	1.243702257356712e-4	0.610526878385931	-0.6540424980988859	-2.216607088990601	44	
DNA REPLICATION CHECKPOINT SIGNALING%GOBP%GO:0000076	5.002180102940639e-6	1.4879596765424028e-4	0.610526878385931	-0.8197845693582525	-2.183549426643282	17	
PROTEIN LOCALIZATION TO CHROMOSOME, CENTROMERIC REGION%GOBP%GO:0071459	5.020865332347096e-6	1.4890192789846236e-4	0.610526878385931	-0.7930866017329753	-2.1648304418262554	18	
RECRUITMENT OF NUMA TO MITOTIC CENTROSOMES%REACTOME DATABASE ID RELEASE 93%380320	5.132892753555652e-6	1.513127606332603e-4	0.610526878385931	-0.5507294458653299	-2.0604491006955103	79	
POSITIVE REGULATION OF DNA REPAIR%GOBP%GO:0045739	5.247878662221917e-6	1.5405144494840128e-4	0.610526878385931	-0.4638378298491573	-1.8719767666905294	130	
G1/S TRANSITION OF MITOTIC CELL CYCLE%GOBP%GO:0000082	5.679332187897154e-6	1.6593087454609906e-4	0.610526878385931	-0.5926269561676935	-2.085031785738715	56	
RESPONSE TO RADIATION%GOBP%GO:0009314	5.922848475315891e-6	1.7253362747917235e-4	0.610526878385931	-0.40845595684627956	-1.759523310758095	228	
2'-DEOXYRIBONUCLEOTIDE METABOLIC PROCESS%GOBP%GO:0009394	5.968104255701051e-6	1.7333909882487474e-4	0.610526878385931	-0.7071430502603135	-2.2062656676246046	30	
CENP-A CONTAINING CHROMATIN ASSEMBLY%GOBP%GO:0034080	6.406172647997265e-6	1.8461292778707697e-4	0.610526878385931	-0.9276376499538603	-2.0056542409604923	8	
CHROMATIN REMODELING AT CENTROMERE%GOBP%GO:0031055	6.406172647997265e-6	1.8461292778707697e-4	0.610526878385931	-0.9276376499538603	-2.0056542409604923	8	
REGULATION OF PLK1 ACTIVITY AT G2 M TRANSITION%REACTOME%R-HSA-2565942.5	6.412514859148926e-6	1.8461292778707697e-4	0.610526878385931	-0.5292357856658265	-2.0073620283720275	85	
POSITIVE REGULATION OF MITOTIC SISTER CHROMATID SEGREGATION%GOBP%GO:0062033	6.864613356145639e-6	1.9705242887641387e-4	0.610526878385931	-0.9412728199777314	-1.9719922793976485	7	
INTERACTIONS OF REV WITH HOST CELLULAR PROTEINS%REACTOME%R-HSA-177243.4	7.088254467796121e-6	2.028806787497692e-4	0.610526878385931	-0.6750643719762462	-2.1750186161816756	34	
GASTRIC CANCER NETWORK 1%WIKIPATHWAYS_20250810%WP2361%HOMO SAPIENS	7.345431510219296e-6	2.096322279699107e-4	0.610526878385931	-0.7888699367659185	-2.153320520130793	18	
LOSS OF NLP FROM MITOTIC CENTROSOMES%REACTOME DATABASE ID RELEASE 93%380259	7.448888292053371e-6	2.1093783708607864e-4	0.610526878385931	-0.5594100884128616	-2.062580236288762	68	
LOSS OF PROTEINS REQUIRED FOR INTERPHASE MICROTUBULE ORGANIZATION FROM THE CENTROSOME%REACTOME%R-HSA-380284.3	7.448888292053371e-6	2.1093783708607864e-4	0.610526878385931	-0.5594100884128616	-2.062580236288762	68	
POSITIVE REGULATION OF G1/S TRANSITION OF MITOTIC CELL CYCLE%GOBP%GO:1900087	7.4554506709278255e-6	2.1093783708607864e-4	0.610526878385931	-0.6987888330546134	-2.196740564641711	32	
POSITIVE REGULATION OF CELL CYCLE G2/M PHASE TRANSITION%GOBP%GO:1902751	7.727343445447336e-6	2.1676189049536887e-4	0.5933254763964051	-0.7556527925819876	-2.202546812200239	23	
CELL CYCLE G1/S PHASE TRANSITION%GOBP%GO:0044843	8.244558570567911e-6	2.3061341956196493e-4	0.5933254763964051	-0.5807933462032289	-2.05055235989247	58	
REGULATION OF APC C ACTIVATORS BETWEEN G1 S AND EARLY ANAPHASE%REACTOME DATABASE ID RELEASE 93%176408	8.402601033508125e-6	2.343682996485014e-4	0.5933254763964051	-0.5678249169728589	-2.0787243734814527	67	
BASE EXCISION REPAIR%WIKIPATHWAYS_20250810%WP4752%HOMO SAPIENS	8.561289942872769e-6	2.3811994569922397e-4	0.5933254763964051	-0.7294718351101716	-2.181576133299828	26	
ATTACHMENT OF MITOTIC SPINDLE MICROTUBULES TO KINETOCHORE%GOBP%GO:0051315	9.138009127119018e-6	2.534446137059545e-4	0.5933254763964051	-0.8149443003607032	-2.1321199143055436	16	
REGULATION OF MEIOTIC NUCLEAR DIVISION%GOBP%GO:0040020	9.796053791040484e-6	2.7017351716130143e-4	0.5933254763964051	-0.9086726578618872	-2.0540246995711526	9	
POSTMITOTIC NUCLEAR PORE COMPLEX (NPC) REFORMATION%REACTOME DATABASE ID RELEASE 93%9615933	9.915517861662927e-6	2.7194481578254366e-4	0.5933254763964051	-0.7428727544054329	-2.1790924854705995	24	
MITOTIC SPINDLE ASSEMBLY%GOBP%GO:0090307	1.005376315198188e-5	2.7497042220670447e-4	0.5933254763964051	-0.643788254524005	-2.1818545628682373	44	
REGULATION OF CELL CYCLE G1/S PHASE TRANSITION%GOBP%GO:1902806	1.0318935749668087e-5	2.8066365025202205e-4	0.5933254763964051	-0.4630364502648272	-1.8643952609485117	129	
HDR THROUGH MMEJ (ALT-NHEJ)%REACTOME%R-HSA-5685939.3	1.0807866103991964e-5	2.923468397250134e-4	0.5933254763964051	-0.8569550321831837	-2.107547918885713	12	
REGULATION OF CHROMOSOME CONDENSATION%GOBP%GO:0060623	1.1079758565802715e-5	2.9888028175039326e-4	0.5933254763964051	-0.8566767347630934	-2.106863489567353	12	
NUCLEOTIDE EXCISION REPAIR%REACTOME%R-HSA-5696398.4	1.1158753976274343e-5	3.001887750010852e-4	0.5933254763964051	-0.48894545131602074	-1.9312368251751884	106	
G2 M DNA REPLICATION CHECKPOINT%REACTOME DATABASE ID RELEASE 93%69478	1.1509664834079956e-5	3.087851769927827e-4	0.5933254763964051	-0.9515608180839612	-1.9212535946392548	6	
ACTIVATION OF APC C AND APC C:CDC20 MEDIATED DEGRADATION OF MITOTIC PROTEINS%REACTOME DATABASE ID RELEASE 93%176814	1.2548386682762335e-5	3.357375415176031e-4	0.5933254763964051	-0.565700873419191	-2.0316870325208636	63	
MISMATCH REPAIR%GOBP%GO:0006298	1.2869032538253311e-5	3.4338345358168594e-4	0.5933254763964051	-0.7386467933957744	-2.1666963384515734	24	
KINETOCHORE ORGANIZATION%GOBP%GO:0051383	1.3964527862534198e-5	3.706057717911367e-4	0.5933254763964051	-0.8360871157373202	-2.070377165374243	13	
CYCLIN E ASSOCIATED EVENTS DURING G1 S TRANSITION%REACTOME%R-HSA-69202.5	1.4601936942616326e-5	3.73936823832309e-4	0.5933254763964051	-0.540936425752995	-1.9897296204419632	72	
ALENDRONATE ACTION PATHWAY%PATHWHIZ%PW000137	1.500152807371136e-5	3.73936823832309e-4	0.5933254763964051	-0.7421538798587911	-2.1097142875810304	21	
ATORVASTATIN ACTION PATHWAY%SMPDB%SMP0000131	1.500152807371136e-5	3.73936823832309e-4	0.5933254763964051	-0.7421538798587911	-2.1097142875810304	21	
CERIVASTATIN ACTION PATHWAY%PATHWHIZ%PW000271	1.500152807371136e-5	3.73936823832309e-4	0.5933254763964051	-0.7421538798587911	-2.1097142875810304	21	
CHILD SYNDROME%PATHWHIZ%PW000096	1.500152807371136e-5	3.73936823832309e-4	0.5933254763964051	-0.7421538798587911	-2.1097142875810304	21	
CHOLESTERYL ESTER STORAGE DISEASE%SMPDB%SMP0000508	1.500152807371136e-5	3.73936823832309e-4	0.5933254763964051	-0.7421538798587911	-2.1097142875810304	21	
CHONDRODYSPLASIA PUNCTATA II, X-LINKED DOMINANT (CDPX2)%SMPDB%SMP0000388	1.500152807371136e-5	3.73936823832309e-4	0.5933254763964051	-0.7421538798587911	-2.1097142875810304	21	
DESMOSTEROLOSIS%PATHWHIZ%PW000097	1.500152807371136e-5	3.73936823832309e-4	0.5933254763964051	-0.7421538798587911	-2.1097142875810304	21	
FLUVASTATIN ACTION PATHWAY%PATHWHIZ%PW000274	1.500152807371136e-5	3.73936823832309e-4	0.5933254763964051	-0.7421538798587911	-2.1097142875810304	21	
HYPER-IGD SYNDROME%SMPDB%SMP0000509	1.500152807371136e-5	3.73936823832309e-4	0.5933254763964051	-0.7421538798587911	-2.1097142875810304	21	
HYPERCHOLESTEROLEMIA%PATHWHIZ%PW000221	1.500152807371136e-5	3.73936823832309e-4	0.5933254763964051	-0.7421538798587911	-2.1097142875810304	21	
IBANDRONATE ACTION PATHWAY%SMPDB%SMP0000079	1.500152807371136e-5	3.73936823832309e-4	0.5933254763964051	-0.7421538798587911	-2.1097142875810304	21	
LOVASTATIN ACTION PATHWAY%SMPDB%SMP0000099	1.500152807371136e-5	3.73936823832309e-4	0.5933254763964051	-0.7421538798587911	-2.1097142875810304	21	
LYSOSOMAL ACID LIPASE DEFICIENCY (WOLMAN DISEASE)%PATHWHIZ%PW000099	1.500152807371136e-5	3.73936823832309e-4	0.5933254763964051	-0.7421538798587911	-2.1097142875810304	21	
MEVALONIC ACIDURIA%SMPDB%SMP0000510	1.500152807371136e-5	3.73936823832309e-4	0.5933254763964051	-0.7421538798587911	-2.1097142875810304	21	
PAMIDRONATE ACTION PATHWAY%PATHWHIZ%PW000273	1.500152807371136e-5	3.73936823832309e-4	0.5933254763964051	-0.7421538798587911	-2.1097142875810304	21	
PRAVASTATIN ACTION PATHWAY%SMPDB%SMP0000089	1.500152807371136e-5	3.73936823832309e-4	0.5933254763964051	-0.7421538798587911	-2.1097142875810304	21	
RISEDRONATE ACTION PATHWAY%PATHWHIZ%PW000272	1.500152807371136e-5	3.73936823832309e-4	0.5933254763964051	-0.7421538798587911	-2.1097142875810304	21	
ROSUVASTATIN ACTION PATHWAY%SMPDB%SMP0000092	1.500152807371136e-5	3.73936823832309e-4	0.5933254763964051	-0.7421538798587911	-2.1097142875810304	21	
SIMVASTATIN ACTION PATHWAY%PATHWHIZ%PW000127	1.500152807371136e-5	3.73936823832309e-4	0.5933254763964051	-0.7421538798587911	-2.1097142875810304	21	
SMITH-LEMLI-OPITZ SYNDROME (SLOS)%PATHWHIZ%PW000095	1.500152807371136e-5	3.73936823832309e-4	0.5933254763964051	-0.7421538798587911	-2.1097142875810304	21	
STEROID BIOSYNTHESIS%PATHWHIZ%PW000050	1.500152807371136e-5	3.73936823832309e-4	0.5933254763964051	-0.7421538798587911	-2.1097142875810304	21	
WOLMAN DISEASE%PATHWHIZ%PW000487	1.500152807371136e-5	3.73936823832309e-4	0.5933254763964051	-0.7421538798587911	-2.1097142875810304	21	
ZOLEDRONATE ACTION PATHWAY%PATHWHIZ%PW000270	1.500152807371136e-5	3.73936823832309e-4	0.5933254763964051	-0.7421538798587911	-2.1097142875810304	21	
BETA-UREIDOPROPIONASE DEFICIENCY%PATHWHIZ%PW000187	1.5281922379672558e-5	3.752264532425337e-4	0.5756102610711286	-0.8089086251075025	-2.116328916812912	16	
DIHYDROPYRIMIDINASE DEFICIENCY%SMPDB%SMP0000178	1.5281922379672558e-5	3.752264532425337e-4	0.5756102610711286	-0.8089086251075025	-2.116328916812912	16	
MNGIE (MITOCHONDRIAL NEUROGASTROINTESTINAL ENCEPHALOPATHY)%PATHWHIZ%PW000190	1.5281922379672558e-5	3.752264532425337e-4	0.5756102610711286	-0.8089086251075025	-2.116328916812912	16	
PYRIMIDINE METABOLISM%PATHWHIZ%PW000160	1.5281922379672558e-5	3.752264532425337e-4	0.5756102610711286	-0.8089086251075025	-2.116328916812912	16	
UMP SYNTHASE DEFICIENCY (OROTIC ACIDURIA)%SMPDB%SMP0000219	1.5281922379672558e-5	3.752264532425337e-4	0.5756102610711286	-0.8089086251075025	-2.116328916812912	16	
SUMOYLATION OF DNA DAMAGE RESPONSE AND REPAIR PROTEINS%REACTOME%R-HSA-3108214.4	1.5810834734049083e-5	3.86526546464052e-4	0.5756102610711286	-0.5488337884328891	-2.0241759670780763	69	
REGULATION OF MEIOTIC CELL CYCLE%GOBP%GO:0051445	1.613549253146282e-5	3.922717517648961e-4	0.5756102610711286	-0.6445043097691118	-2.086804487793295	37	
DNA DAMAGE CHECKPOINT SIGNALING%GOBP%GO:0000077	1.6239793378460973e-5	3.938349891732185e-4	0.5756102610711286	-0.532082097682961	-2.0109831730091208	83	
POSITIVE REGULATION OF DOUBLE-STRAND BREAK REPAIR%GOBP%GO:2000781	1.6853793036408822e-5	4.077209981240326e-4	0.5756102610711286	-0.50917922719913	-1.9515586099428845	89	
CYCLIN A:CDK2-ASSOCIATED EVENTS AT S PHASE ENTRY%REACTOME%R-HSA-69656.6	1.7455845591416052e-5	4.212506266987315e-4	0.5756102610711286	-0.5321517586639894	-1.9675882858099945	74	
CENTRIOLE REPLICATION%GOBP%GO:0007099	1.7769650901759838e-5	4.277750190188933e-4	0.5756102610711286	-0.7426506782597732	-2.1646487646665244	23	
REGULATION OF G1/S TRANSITION OF MITOTIC CELL CYCLE%GOBP%GO:2000045	1.8977883769205134e-5	4.557469355892531e-4	0.5756102610711286	-0.4722754842246282	-1.8609081266689287	113	
REGULATION OF CENTROSOME DUPLICATION%GOBP%GO:0010824	1.9430136702474853e-5	4.654723259673173e-4	0.5756102610711286	-0.6399173956139755	-2.1100782714902313	40	
CHOLESTEROL BIOSYNTHESIS%REACTOME DATABASE ID RELEASE 93%191273	1.9928964183396995e-5	4.7445719466187946e-4	0.5756102610711286	-0.7257293835490831	-2.149273196436095	25	
TP53 REGULATES TRANSCRIPTION OF GENES INVOLVED IN G1 CELL CYCLE ARREST%REACTOME%R-HSA-6804116.5	1.9968126087580148e-5	4.7445719466187946e-4	0.5756102610711286	-0.8319483307222617	-2.0601284175747825	13	
TRANSPORT OF MATURE MRNAS DERIVED FROM INTRONLESS TRANSCRIPTS%REACTOME%R-HSA-159234.4	2.001449086584239e-5	4.7445719466187946e-4	0.5756102610711286	-0.6380679224277073	-2.1039797762613213	40	
REV-MEDIATED NUCLEAR EXPORT OF HIV RNA%REACTOME%R-HSA-165054.4	2.0803612534759233e-5	4.912047218638835e-4	0.5756102610711286	-0.6821701618763698	-2.144497444287158	32	
SPINDLE ELONGATION%GOBP%GO:0051231	2.2145360051243884e-5	5.20389534760256e-4	0.5756102610711286	-0.8818411685802645	-2.048341844611904	10	
PYRIMIDINE NUCLEOTIDE METABOLIC PROCESS%GOBP%GO:0006220	2.256477375441332e-5	5.277262764511961e-4	0.5756102610711286	-0.650852604018492	-2.1066641338035983	36	
RESPONSE TO IONIZING RADIATION%GOBP%GO:0010212	2.378239880425564e-5	5.548850678357845e-4	0.5756102610711286	-0.5061790375305631	-1.918692157109697	84	
NUCLEOSOME ASSEMBLY%GOBP%GO:0006334	2.4652205290001877e-5	5.738194167502564e-4	0.5756102610711286	-0.6198566619673568	-2.081600736382891	43	
POSITIVE REGULATION OF G2/M TRANSITION OF MITOTIC CELL CYCLE%GOBP%GO:0010971	2.5656573256764903e-5	5.957891987879888e-4	0.5756102610711286	-0.7533775204425404	-2.115867078077184	20	
REPRODUCTION%REACTOME%R-HSA-1474165.7	2.6254565742058387e-5	6.082410689324868e-4	0.5756102610711286	-0.5515273339375952	-2.0010663942486246	65	
GAP-FILLING DNA REPAIR SYNTHESIS AND LIGATION IN TC-NER%REACTOME%R-HSA-6782210.3	2.6635066694841844e-5	6.141659641157208e-4	0.5756102610711286	-0.5537718898294874	-1.9744756458675166	61	
DNA MISMATCH REPAIR%WIKIPATHWAYS_20250810%WP531%HOMO SAPIENS	2.717459281667558e-5	6.251426188621209e-4	0.5756102610711286	-0.7951577532039318	-2.117954302870811	17	
POSITIVE REGULATION OF CELL CYCLE CHECKPOINT%GOBP%GO:1901978	2.9587657924744565e-5	6.774885579698488e-4	0.5756102610711286	-0.7963345500439559	-2.0834316552024017	16	
APC C:CDC20 MEDIATED DEGRADATION OF MITOTIC PROTEINS%REACTOME%R-HSA-176409.5	3.0895743854049064e-5	7.05799289992963e-4	0.557332238758646	-0.5614506646873576	-2.0062056687000567	62	
NUCLEAR ENVELOPE BREAKDOWN%REACTOME DATABASE ID RELEASE 93%2980766	3.29349566351677e-5	7.506425533098639e-4	0.557332238758646	-0.6088827938578264	-2.080801862161074	45	
PROCESSIVE SYNTHESIS ON THE C-STRAND OF THE TELOMERE%REACTOME DATABASE ID RELEASE 93%174414	3.410953199612192e-5	7.756176721335253e-4	0.557332238758646	-0.7646082190411979	-2.0870950852454935	18	
PRIMARY OVARIAN INSUFFICIENCY%WIKIPATHWAYS_20250810%WP5461%HOMO SAPIENS	3.508409005315398e-5	7.941102314100093e-4	0.557332238758646	-0.5481860808682278	-1.9889435694666573	65	
CDK-MEDIATED PHOSPHORYLATION AND REMOVAL OF CDC6%REACTOME%R-HSA-69017.4	3.6645897162609834e-5	8.27558494181322e-4	0.557332238758646	-0.5564799646639308	-1.9684851759336426	59	
NS1 MEDIATED EFFECTS ON HOST PATHWAYS%REACTOME DATABASE ID RELEASE 93%168276	3.817008904326932e-5	8.560881474260359e-4	0.557332238758646	-0.6314426812800913	-2.0445129708311485	37	
CYCLIN D ASSOCIATED EVENTS IN G1%REACTOME%R-HSA-69231.11	3.866467103435482e-5	8.632479614609015e-4	0.557332238758646	-0.6120062037108109	-2.055237351603089	43	
G1 PHASE%REACTOME%R-HSA-69236.6	3.866467103435482e-5	8.632479614609015e-4	0.557332238758646	-0.6120062037108109	-2.055237351603089	43	
HALLMARK_MITOTIC_SPINDLE%MSIGDBHALLMARK%HALLMARK_MITOTIC_SPINDLE	3.880866911298695e-5	8.645026155802478e-4	0.557332238758646	-0.433085986958289	-1.7753854627864674	149	
DISEASES OF MITOTIC CELL CYCLE%REACTOME%R-HSA-9675126.4	3.8984213770175936e-5	8.664527511989894e-4	0.557332238758646	-0.6389713955032629	-2.0752312073662544	38	
TRANSPORT OF THE SLBP DEPENDANT MATURE MRNA%REACTOME DATABASE ID RELEASE 93%159230	3.9647779367572e-5	8.792162965160224e-4	0.557332238758646	-0.6606538371315683	-2.107687189952452	33	
TRANSPORT OF MATURE MRNA DERIVED FROM AN INTRONLESS TRANSCRIPT%REACTOME%R-HSA-159231.4	4.1638467902475585e-5	9.212861909388193e-4	0.557332238758646	-0.6327645377342594	-2.070893544966029	39	
FLUOROPYRIMIDINE ACTIVITY%WIKIPATHWAYS_20250810%WP1601%HOMO SAPIENS	4.298338125758809e-5	9.487084123090616e-4	0.557332238758646	-0.7600775187488628	-2.0747279643103944	18	
ABERRANT REGULATION OF MITOTIC CELL CYCLE DUE TO RB1 DEFECTS%REACTOME DATABASE ID RELEASE 93%9687139	4.307055253932059e-5	9.487084123090616e-4	0.557332238758646	-0.6416569103595191	-2.0768997326209107	36	
MRNA PROCESSING%GOBP%GO:0006397	4.333587421820758e-5	9.507606579196451e-4	0.557332238758646	-0.37140812291166614	-1.6262214624837634	284	
SUMOYLATION%REACTOME DATABASE ID RELEASE 93%2990846	4.335684901542968e-5	9.507606579196451e-4	0.557332238758646	-0.42887377372365754	-1.7610854883748182	150	
NUCLEAR IMPORT OF REV PROTEIN%REACTOME%R-HSA-180746.3	4.609905658542452e-5	0.0010086473580890884	0.557332238758646	-0.6719383178832542	-2.085811755560643	31	
APC C:CDH1 MEDIATED DEGRADATION OF CDC20 AND OTHER APC C:CDH1 TARGETED PROTEINS IN LATE MITOSIS EARLY G1%REACTOME DATABASE ID RELEASE 93%174178	4.7167146084918235e-5	0.0010297288699603214	0.557332238758646	-0.5463315657004829	-1.947947143681168	61	
TRANSCRIPTION-COUPLED NUCLEOTIDE EXCISION REPAIR (TC-NER)%REACTOME%R-HSA-6781827.3	5.017935318913976e-5	0.0010930661758855533	0.557332238758646	-0.5178580199537852	-1.9226260990456894	75	
PROTEIN LOCALIZATION TO CONDENSED CHROMOSOME%GOBP%GO:1903083	5.0798143783738385e-5	0.0010992495026256883	0.557332238758646	-0.8153606588064586	-2.0190528687297165	13	
PROTEIN LOCALIZATION TO KINETOCHORE%GOBP%GO:0034501	5.0798143783738385e-5	0.0010992495026256883	0.557332238758646	-0.8153606588064586	-2.0190528687297165	13	
PYRIMIDINE DEOXYRIBONUCLEOTIDE BIOSYNTHETIC PROCESS%GOBP%GO:0009221	5.2304709392643714e-5	0.0011293687909648465	0.557332238758646	-0.9150318730996356	-1.9170167786189125	7	
CYTOSKELETON-DEPENDENT CYTOKINESIS%GOBP%GO:0061640	5.343954359025356e-5	0.001148833506964272	0.557332238758646	-0.48025736786109036	-1.8678723302977744	98	
TRANSPORT OF RIBONUCLEOPROTEINS INTO THE HOST NUCLEUS%REACTOME DATABASE ID RELEASE 93%168271	5.5394648843555516e-5	0.001188269526173524	0.557332238758646	-0.670056388310041	-2.0732897475129564	29	
SUMO E3 LIGASES SUMOYLATE TARGET PROTEINS%REACTOME DATABASE ID RELEASE 93%3108232	5.574121277831134e-5	0.0011931043065548988	0.557332238758646	-0.42753467312287197	-1.7430574676482669	144	
REGULATION OF CENTRIOLE REPLICATION%GOBP%GO:0046599	6.160868343505415e-5	0.0013101492378003092	0.5384340963099162	-0.7197959575357233	-2.098032730465842	23	
GEMCITABINE ACTION PATHWAY%SMPDB%SMP0000446	6.40971181445757e-5	0.0013572047854870804	0.5384340963099162	-0.8385779747711921	-2.0022363941085803	11	
GEMCITABINE METABOLISM PATHWAY%PATHWHIZ%PW000579	6.40971181445757e-5	0.0013572047854870804	0.5384340963099162	-0.8385779747711921	-2.0022363941085803	11	
ATR SIGNALING%WIKIPATHWAYS_20250810%WP3875%HOMO SAPIENS	6.486937258005254e-5	0.0013706091039124406	0.5384340963099162	-0.884581087047274	-1.9995664949839023	9	
CYTOKINESIS%GOBP%GO:0000910	6.73076864244819e-5	0.001414891415887309	0.5384340963099162	-0.4717291179779303	-1.8338736579432333	100	
CHOLESTEROL SYNTHESIS DISORDERS%WIKIPATHWAYS_20250810%WP5193%HOMO SAPIENS	6.739631058817264e-5	0.001414891415887309	0.5384340963099162	-0.7782463940822542	-2.036108031340085	16	
NON-CODING RNA METABOLISM%REACTOME%R-HSA-194441.4	6.922684652619829e-5	0.0014445365871597706	0.5384340963099162	-0.5755755428806192	-1.9850534927003531	49	
SNRNP ASSEMBLY%REACTOME DATABASE ID RELEASE 93%191859	6.922684652619829e-5	0.0014445365871597706	0.5384340963099162	-0.5755755428806192	-1.9850534927003531	49	
CHK1 CHK2(CDS1) MEDIATED INACTIVATION OF CYCLIN B:CDK1 COMPLEX%REACTOME%R-HSA-75035.6	6.938191455505723e-5	0.0014445365871597706	0.5384340963099162	-0.8102948483447772	-2.006508555934357	13	
HCMV EARLY EVENTS%REACTOME%R-HSA-9609690.2	7.269980425207515e-5	0.0015069521529809092	0.5384340963099162	-0.538855369656879	-1.9212907400555301	61	
APC:CDC20 MEDIATED DEGRADATION OF CELL CYCLE PROTEINS PRIOR TO SATISFATION OF THE CELL CYCLE CHECKPOINT%REACTOME DATABASE ID RELEASE 93%179419	7.719267625267818e-5	0.0015867204392147585	0.5384340963099162	-0.5481831900574476	-1.9460884870168191	60	
RNA SPLICING%GOBP%GO:0008380	7.854057391638899e-5	0.001611063522459929	0.5384340963099162	-0.37258421136794206	-1.6273729917277273	270	
VIRAL MESSENGER RNA SYNTHESIS%REACTOME%R-HSA-168325.6	7.900639205530552e-5	0.0016172493475603705	0.5384340963099162	-0.6088638319499765	-2.018289796381286	41	
ABERRANT REGULATION OF MITOTIC G1 S TRANSITION IN CANCER DUE TO RB1 DEFECTS%REACTOME DATABASE ID RELEASE 93%9659787	7.937576696350733e-5	0.0016180824048088885	0.5384340963099162	-0.7752456773724272	-2.0649171960621335	17	
DEFECTIVE BINDING OF RB1 MUTANTS TO E2F1,(E2F2, E2F3)%REACTOME DATABASE ID RELEASE 93%9661069	7.937576696350733e-5	0.0016180824048088885	0.5384340963099162	-0.7752456773724272	-2.0649171960621335	17	
G1 S DNA DAMAGE CHECKPOINTS%REACTOME DATABASE ID RELEASE 93%69615	8.066905848226102e-5	0.0016410486566453347	0.5384340963099162	-0.5468931515157797	-1.9308641357218732	58	
ATM PATHWAY%PATHWAY INTERACTION DATABASE NCI-NATURE CURATED DATA%ATM PATHWAY	8.490012630342295e-5	0.0017235600898628915	0.5384340963099162	-0.6312847252365382	-2.0339631100379254	34	
KINETOCHORE ASSEMBLY%GOBP%GO:0051382	8.750598935899256e-5	0.0017691662653565518	0.5384340963099162	-0.8340860931178737	-1.9915113223861127	11	
TRANSLESION SYNTHESIS%GOBP%GO:0019985	9.099929057987247e-5	0.0018322679244364506	0.5384340963099162	-0.7137393784598521	-2.0803792538065187	23	
BIOCARTA_BARD1_PATHWAY%MSIGDB_C2%BIOCARTA_BARD1_PATHWAY	9.285828062572751e-5	0.0018658829204916594	0.5384340963099162	-0.8905710620064705	-1.9255122164120977	8	
CDC20:PHOSPHO-APC C MEDIATED DEGRADATION OF CYCLIN A%REACTOME DATABASE ID RELEASE 93%174184	9.420787918419748e-5	0.0018891461882843347	0.5384340963099162	-0.5412678957482803	-1.9146741961011104	59	
TRANSLESION SYNTHESIS BY POLH%REACTOME%R-HSA-110320.3	1.0128445465294793e-4	0.0020228128610809844	0.5384340963099162	-0.7465239667381804	-2.069145347602285	19	
POLO-LIKE KINASE MEDIATED EVENTS%REACTOME%R-HSA-156711.4	1.0250966983020135e-4	0.002039010523531641	0.5384340963099162	-0.7681160125758707	-2.0096041486333616	16	
PYRIMIDINE DEOXYRIBONUCLEOTIDE METABOLIC PROCESS%GOBP%GO:0009219	1.0688022543374675e-4	0.0021216586685900616	0.5384340963099162	-0.7448008526977431	-2.0643693811778747	19	
MITOTIC SPINDLE ELONGATION%GOBP%GO:0000022	1.1677496791899923e-4	0.002284662374788412	0.5384340963099162	-0.8733180221576073	-1.9741067067135214	9	
MITOTIC SPINDLE MIDZONE ASSEMBLY%GOBP%GO:0051256	1.1677496791899923e-4	0.002284662374788412	0.5384340963099162	-0.8733180221576073	-1.9741067067135214	9	
SPINDLE MIDZONE ASSEMBLY%GOBP%GO:0051255	1.1677496791899923e-4	0.002284662374788412	0.5384340963099162	-0.8733180221576073	-1.9741067067135214	9	
TRANSPORT OF THE SLBP INDEPENDENT MATURE MRNA%REACTOME DATABASE ID RELEASE 93%159227	1.169479826217103e-4	0.002284662374788412	0.5384340963099162	-0.6546955786709154	-2.058127244064842	32	
MEIOSIS%REACTOME%R-HSA-1500620.4	1.1819905289362116e-4	0.002304530445129889	0.5384340963099162	-0.564711988989694	-2.0029301422114014	57	
MITOTIC G2/M TRANSITION CHECKPOINT%GOBP%GO:0044818	1.230392456311655e-4	0.0023847330954418415	0.5188480777437918	-0.5813799343000424	-1.9987961991997865	48	
TRANSCRIPTIONAL REGULATION BY SMALL RNAS%REACTOME%R-HSA-5578749.7	1.2379563443627514e-4	0.0023946794040462967	0.5188480777437918	-0.5428487140889575	-1.9098976378701662	56	
NUCLEAR ENVELOPE (NE) REASSEMBLY%REACTOME DATABASE ID RELEASE 93%2995410	1.2481873885310384e-4	0.0024052468486335317	0.5188480777437918	-0.541139269739626	-1.9210820795190993	60	
TRANSCRIPTIONAL REGULATION BY E2F6%REACTOME%R-HSA-8953750.3	1.2483050372249997e-4	0.0024052468486335317	0.5188480777437918	-0.6221963464704622	-2.0046808758870447	34	
OXIDATIVE PHOSPHORYLATION%GOBP%GO:0006119	1.2635203154594607e-4	0.00242980879414333	0.5188480777437918	-0.47880324956764353	-1.839279301385686	92	
NEP NS2 INTERACTS WITH THE CELLULAR EXPORT MACHINERY%REACTOME DATABASE ID RELEASE 93%168333	1.273792838349375e-4	0.0024447883599196772	0.5188480777437918	-0.6575145147572702	-2.0344826585795217	29	
NUCLEAR PORE COMPLEX (NPC) DISASSEMBLY%REACTOME DATABASE ID RELEASE 93%3301854	1.3711691861257168e-4	0.0026163821330608154	0.5188480777437918	-0.6389265650105076	-2.0383705667099368	33	
REMOVAL OF THE FLAP INTERMEDIATE FROM THE C-STRAND%REACTOME DATABASE ID RELEASE 93%174437	1.3773480224934888e-4	0.0026230887097622615	0.5188480777437918	-0.7628856646296451	-1.9959201103377888	16	
MISMATCH REPAIR (MMR) DIRECTED BY MSH2:MSH6 (MUTSALPHA)%REACTOME%R-HSA-5358565.3	1.394490645303878e-4	0.0026506090528304986	0.5188480777437918	-0.7982248004008791	-1.9766198623070408	13	
NUCLEOTIDE-EXCISION REPAIR, DNA GAP FILLING%GOBP%GO:0006297	1.4171647944002862e-4	0.0026885172573536064	0.5188480777437918	-0.9440703966681193	-1.803419301694508	5	
REGULATION OF METAPHASE PLATE CONGRESSION%GOBP%GO:0090235	1.4398389512363708e-4	0.0027262796757448666	0.5188480777437918	-0.79696462981551075	-1.973499340108679	13	
NEGATIVE REGULATION OF REPRODUCTIVE PROCESS%GOBP%GO:2000242	1.4456447534590982e-4	0.002732018856537098	0.5188480777437918	-0.7618454331750274	-1.9931985768551987	16	
CONDENSATION OF PROPHASE CHROMOSOMES%REACTOME%R-HSA-2299718.4	1.4573979628368142e-4	0.002748954088523232	0.5188480777437918	-0.6952788561553758	-2.0394837766898357	24	
RNA POLYMERASE II TRANSCRIPTION TERMINATION%REACTOME DATABASE ID RELEASE 93%73856	1.4620133502343816e-4	0.00275238689223857	0.5188480777437918	-0.536156183484919	-1.9158220699854358	62	
NEGATIVE REGULATION OF CELL DIVISION%GOBP%GO:0051782	1.537678313475033e-4	0.0028893092890219805	0.5188480777437918	-0.8824864447681097	-1.9080323881068675	8	
MITOTIC DNA DAMAGE CHECKPOINT SIGNALING%GOBP%GO:0044773	1.6410035729748064e-4	0.003054314022591672	0.5188480777437918	-0.5583587954872196	-1.980396526822478	57	
CDC6 ASSOCIATION WITH THE ORC:ORIGIN COMPLEX%REACTOME%R-HSA-68689.6	1.7020073093319327e-4	0.0031618799939023036	0.5188480777437918	-0.8801723285463067	-1.9030290152763603	8	
MMR%REACTOME%R-HSA-5358508.3	1.8438126978399767e-4	0.0034060374902312213	0.5188480777437918	-0.7889360388321208	-1.9933425440234336	14	
TRANSCRIPTION OF E2F TARGETS UNDER NEGATIVE CONTROL BY DREAM COMPLEX%REACTOME DATABASE ID RELEASE 93%1362277	1.85574345744418e-4	0.003415261697569233	0.5188480777437918	-0.7350411290321633	-2.0373182914389156	19	
DEFECTIVE TPR MAY CONFER SUSCEPTIBILITY TOWARDS THYROID PAPILLARY CARCINOMA (TPC)%REACTOME DATABASE ID RELEASE 93%5619107	1.8703696708541329e-4	0.0034293593629850638	0.5188480777437918	-0.6668537780504384	-2.0235701233204435	27	
REGULATION OF GLUCOKINASE BY GLUCOKINASE REGULATORY PROTEIN%REACTOME%R-HSA-170822.5	1.8703696708541329e-4	0.0034293593629850638	0.5188480777437918	-0.6668537780504384	-2.0235701233204435	27	
MEVALONATE PATHWAY%SMPDB%SMP0121055	2.0724227887707107e-4	0.003764773944324062	0.5188480777437918	-0.8167512101416048	-1.9501215713708069	11	
MITOTIC SISTER CHROMATID COHESION%GOBP%GO:0007064	2.105848962783142e-4	0.003818450992184681	0.5188480777437918	-0.6915868790911297	-1.965967920560818	21	
SCF(SKP2)-MEDIATED DEGRADATION OF P27 P21%REACTOME%R-HSA-187577.5	2.219283644146585e-4	0.004002026879169831	0.5188480777437918	-0.5515835442118551	-1.9023095308635827	49	
TRANSLESION SYNTHESIS BY REV1%REACTOME%R-HSA-110312.3	2.242443281380029e-4	0.00402903221687368	0.5188480777437918	-0.7519716816221498	-1.9673661091571268	16	
BASE-EXCISION REPAIR%GOBP%GO:0006284	2.2936668081512658e-4	0.0041060806169195205	0.5188480777437918	-0.5884504208816556	-1.9506224837465722	41	
MITOTIC DNA REPLICATION CHECKPOINT SIGNALING%GOBP%GO:0033314	2.3018975046507087e-4	0.004113336266931194	0.5188480777437918	-0.8518348847051762	-1.9786432083352596	10	
NEGATIVE REGULATION OF GENE EXPRESSION, EPIGENETIC%GOBP%GO:0045814	2.3948952244284483e-4	0.00427176419922509	0.5188480777437918	-0.4360885806822404	-1.7415095136690169	122	
MITOTIC CHROMOSOME CONDENSATION%GOBP%GO:0007076	2.4932482110579527e-4	0.00440727502443027	0.49849310876659025	-0.7674746799655603	-1.9730818463031512	15	
BIOMARKERS FOR PYRIMIDINE METABOLISM DISORDERS%WIKIPATHWAYS_20250810%WP4584%HOMO SAPIENS	2.529461704069325e-4	0.004463275974599744	0.49849310876659025	-0.8931218367984937	-1.8711146538468446	7	
MISMATCH REPAIR (MMR) DIRECTED BY MSH2:MSH3 (MUTSBETA)%REACTOME%R-HSA-5358606.3	2.5748927645173397e-4	0.004527213242756736	0.49849310876659025	-0.7813672056541342	-1.9348759117427332	13	
POSITIVE REGULATION OF DNA-TEMPLATED DNA REPLICATION%GOBP%GO:2000105	2.769387559626026e-4	0.004826086710102275	0.49849310876659025	-0.811192457523363	-1.9368491779465378	11	
DE NOVO PYRIMIDINE DEOXYRIBONUCLEOTIDE BIOSYNTHESIS%PANTHER PATHWAY%P02739	2.831358120560697e-4	0.004916675847449844	0.49849310876659025	-0.8046095860672383	-1.9788124171596173	12	
SUMOYLATION OF UBIQUITINYLATION PROTEINS%REACTOME%R-HSA-3232142.5	2.953199351158596e-4	0.00510126330026448	0.49849310876659025	-0.6128385943074551	-1.9720832911639632	35	
POSITIVE REGULATION OF CELL DIVISION%GOBP%GO:0051781	2.9874617781270343e-4	0.005151409573982273	0.49849310876659025	-0.6026358312592902	-1.950597237562552	36	
NUCLEOSIDE TRIPHOSPHATE BIOSYNTHETIC PROCESS%GOBP%GO:0009142	3.0064666692087715e-4	0.0051751172771030704	0.49849310876659025	-0.46940868690062465	-1.7804411557068518	85	
PROTON MOTIVE FORCE-DRIVEN ATP SYNTHESIS%GOBP%GO:0015986	3.073821319639111e-4	0.005281822812070975	0.49849310876659025	-0.5146485896854192	-1.8748197537307187	66	
REGULATION OF MEIOTIC CELL CYCLE PHASE TRANSITION%GOBP%GO:1901993	3.107385955516235e-4	0.005330195490943005	0.49849310876659025	-0.8456056646305989	-1.9641739676231305	10	
KINESINS%REACTOME%R-HSA-983189.5	3.126410767488783e-4	0.00535350268116427	0.49849310876659025	-0.6015780799123912	-1.9471735333148676	36	
CHOLESTEROL BIOSYNTHETIC PROCESS%GOBP%GO:0006695	3.2455376759390504e-4	0.005528644283269185	0.49849310876659025	-0.6527397196433476	-1.9807409636883473	27	
SECONDARY ALCOHOL BIOSYNTHETIC PROCESS%GOBP%GO:1902653	3.2455376759390504e-4	0.005528644283269185	0.49849310876659025	-0.6527397196433476	-1.9807409636883473	27	
DNA DAMAGE RESPONSE%WIKIPATHWAYS_20250810%WP707%HOMO SAPIENS	3.3429087077912036e-4	0.005665108285182821	0.49849310876659025	-0.5517511428286762	-1.9412413910012976	54	
CHOLESTEROL BIOSYNTHESIS%PANTHER PATHWAY%P00014	3.534894285001329e-4	0.0059494989966022375	0.49849310876659025	-0.8056103967324322	-1.9235211326055213	11	
POSITIVE REGULATION OF CYTOKINESIS%GOBP%GO:0032467	3.5847312593018267e-4	0.0060128218022292654	0.49849310876659025	-0.6340121753941967	-1.9931060690781202	32	
TRNA PROCESSING IN THE NUCLEUS%REACTOME%R-HSA-6784531.6	3.7067573798969913e-4	0.006185886976689114	0.49849310876659025	-0.5488224478698404	-1.930937282075375	54	
PYRIMIDINE NUCLEOTIDE BIOSYNTHETIC PROCESS%GOBP%GO:0006221	3.820233420274314e-4	0.006364470094081369	0.49849310876659025	-0.7236434584501469	-2.0057272935486177	19	
TRANSLESION SYNTHESIS BY POLK%REACTOME%R-HSA-5655862.2	3.843200755466344e-4	0.006384909827428951	0.49849310876659025	-0.7450866151715353	-1.9845865757524483	17	
DNA REPLICATION INITIATION%REACTOME%R-HSA-68952.4	3.8454717932819097e-4	0.006384909827428951	0.49849310876659025	-0.8626576438019071	-1.865160347765465	8	
PROTON MOTIVE FORCE-DRIVEN MITOCHONDRIAL ATP SYNTHESIS%GOBP%GO:0042776	3.868526881632166e-4	0.0064123763765236205	0.49849310876659025	-0.5189993184093562	-1.842483711002116	60	
DNA STRAND RESECTION INVOLVED IN REPLICATION FORK PROCESSING%GOBP%GO:0110025	3.892654907920932e-4	0.006430718158286828	0.49849310876659025	-0.8622193327763015	-1.864212671302129	8	
PYRIMIDINE-CONTAINING COMPOUND METABOLIC PROCESS%GOBP%GO:0072527	3.905819097714268e-4	0.006441657426481521	0.49849310876659025	-0.5534667278028572	-1.9028300198351256	48	
POSITIVE REGULATION OF DNA BIOSYNTHETIC PROCESS%GOBP%GO:2000573	3.915417545908116e-4	0.006446689156690855	0.49849310876659025	-0.5910050224747788	-1.9194475292338695	38	
DUAL INCISION IN TC-NER%REACTOME%R-HSA-6782135.4	4.0851626628853066e-4	0.0066623304827086	0.49849310876659025	-0.5174062229331144	-1.848823703943997	62	
MIRNA REGULATION OF DNA DAMAGE RESPONSE%WIKIPATHWAYS_20250810%WP1530%HOMO SAPIENS	4.2843223660224633e-4	0.006926672909007746	0.49849310876659025	-0.5403517661284469	-1.899746989594044	55	
THE ROLE OF GTSE1 IN G2 M PROGRESSION AFTER G2 CHECKPOINT%REACTOME DATABASE ID RELEASE 93%8852276	4.4979650891206584e-4	0.007236432069850001	0.49849310876659025	-0.5502097917749309	-1.8859358105902904	47	
BIOCARTA_CELLCYCLE_PATHWAY%MSIGDB_C2%BIOCARTA_CELLCYCLE_PATHWAY	4.6163808053502207e-4	0.007390713074711913	0.49849310876659025	-0.7399240967403248	-1.9708358727240545	17	
E2F-ENABLED INHIBITION OF PRE-REPLICATION COMPLEX FORMATION%REACTOME%R-HSA-113507.5	4.62565064632482e-4	0.007393531860992561	0.49849310876659025	-0.8465198482282202	-1.9135303146782596	9	
DISEASES OF PROGRAMMED CELL DEATH%REACTOME%R-HSA-9645723.8	4.644302463447097e-4	0.007411313136969225	0.49849310876659025	-0.5451925203919492	-1.890035723826694	50	
POSITIVE REGULATION OF MITOTIC CYTOKINESIS%GOBP%GO:1903490	4.794529779284067e-4	0.007614022614004988	0.49849310876659025	-0.7951009589248874	-1.955427424257168	12	
REGULATION OF MITF-M-DEPENDENT GENES INVOLVED IN DNA REPLICATION, DAMAGE REPAIR AND SENESCENCE%REACTOME%R-HSA-9825895.3	4.808838859980861e-4	0.0076244488591580605	0.49849310876659025	-0.9255016529561005	-1.7679481854126513	5	
PYRIMIDINE-CONTAINING COMPOUND BIOSYNTHETIC PROCESS%GOBP%GO:0072528	4.960194426129248e-4	0.007826614474305861	0.47727081536286214	-0.6696315697691705	-1.9642517686434204	24	
REGULATION OF SISTER CHROMATID SEPARATION AT THE METAPHASE ANAPHASE TRANSITION%WIKIPATHWAYS_20250810%WP4240%HOMO SAPIENS	5.02310226499286e-4	0.007900553498581422	0.47727081536286214	-0.7995080593828157	-1.9089508454072865	11	
HOST INTERACTIONS OF HIV FACTORS%REACTOME DATABASE ID RELEASE 93%162909	5.083084330401885e-4	0.007982144867166979	0.47727081536286214	-0.44058148734673075	-1.730932207714994	105	
REGULATION OF ATTACHMENT OF MITOTIC SPINDLE MICROTUBULES TO KINETOCHORE%GOBP%GO:1902423	5.175215898562068e-4	0.008100981834219733	0.47727081536286214	-0.8449189445638031	-1.9099115245233054	9	
P53-DEPENDENT G1 DNA DAMAGE RESPONSE%REACTOME%R-HSA-69563.6	5.224843654357316e-4	0.008152743363043127	0.47727081536286214	-0.5297464466210413	-1.8471746648034992	51	
P53-DEPENDENT G1 S DNA DAMAGE CHECKPOINT%REACTOME DATABASE ID RELEASE 93%69580	5.224843654357316e-4	0.008152743363043127	0.47727081536286214	-0.5297464466210413	-1.8471746648034992	51	
PRADER WILLI AND ANGELMAN SYNDROME%WIKIPATHWAYS_20250810%WP3998%HOMO SAPIENS	5.256255540054855e-4	0.008188780387243688	0.47727081536286214	-0.5427612503466781	-1.9096120022568779	54	
NEGATIVE REGULATION OF MEIOTIC CELL CYCLE%GOBP%GO:0051447	5.320226195714752e-4	0.008262294498897075	0.47727081536286214	-0.8358797459104643	-1.9415825906251392	10	
HOMOLOGOUS CHROMOSOME SEGREGATION%GOBP%GO:0045143	5.439077289523714e-4	0.008420307388781523	0.47727081536286214	-0.7364735470573718	-1.9616451096096494	17	
ANTIVIRAL MECHANISM BY IFN-STIMULATED GENES%REACTOME DATABASE ID RELEASE 93%1169410	5.453979489139296e-4	0.00842161039515513	0.47727081536286214	-0.41425473132807433	-1.6510186044527835	121	
COHESIN COMPLEX CORNELIA DE LANGE SYNDROME%WIKIPATHWAYS_20250810%WP5117%HOMO SAPIENS	5.457025626761094e-4	0.00842161039515513	0.47727081536286214	-0.6333208499734219	-1.9395756702709779	28	
CHROMOSOME CONDENSATION%GOBP%GO:0030261	5.609174027448138e-4	0.008615901322036563	0.47727081536286214	-0.668166376432179	-1.9599538700174908	24	
TRANSCRIPTION OF E2F TARGETS UNDER NEGATIVE CONTROL BY P107 (RBL1) AND P130 (RBL2) IN COMPLEX WITH HDAC1%REACTOME DATABASE ID RELEASE 93%1362300	5.747866492424376e-4	0.008801476436144698	0.47727081536286214	-0.7343569537151758	-1.9212811041587365	16	
U12 DEPENDENT SPLICING%REACTOME%R-HSA-72165.3	5.747866492424376e-4	0.008801476436144698	0.47727081536286214	-0.5381711553516403	-1.8656945411071086	50	
ID SIGNALING%WIKIPATHWAYS_20250810%WP53%HOMO SAPIENS	5.816377275808394e-4	0.008892554449939355	0.47727081536286214	-0.8415950310120044	-1.9023979271067188	9	
DNA GEOMETRIC CHANGE%GOBP%GO:0032392	5.927113888238026e-4	0.009033802375168978	0.47727081536286214	-0.8528272639238625	-1.8439059893490797	8	
CHOLESTEROL BIOSYNTHESIS PATHWAY%WIKIPATHWAYS_20250810%WP197%HOMO SAPIENS	5.999566532993736e-4	0.00913009769456821	0.47727081536286214	-0.7653981091185729	-1.895332122349774	13	
INTERCONVERSION OF NUCLEOTIDE DI- AND TRIPHOSPHATES%REACTOME DATABASE ID RELEASE 93%499943	6.103417060523622e-4	0.009259513771635683	0.47727081536286214	-0.6720508046647209	-1.9588670510872013	23	
MITOCHONDRIAL DNA METABOLIC PROCESS%GOBP%GO:0032042	6.32240746951873e-4	0.009547611034491015	0.47727081536286214	-0.7512086440751036	-1.9312638932623865	15	
CILIUM ASSEMBLY%REACTOME%R-HSA-5617833.5	6.407601552793188e-4	0.009646673530397817	0.47727081536286214	-0.3802213598501792	-1.598486071415185	175	
DNA REPLICATION-DEPENDENT CHROMATIN ASSEMBLY%GOBP%GO:0006335	6.575542722523655e-4	0.009854306491014903	0.47727081536286214	-0.8959526856427418	-1.8089777187167957	6	
RESOLUTION OF DNA RECOMBINATION INTERMEDIATES%GOBP%GO:0071139	6.5909371961599e-4	0.009862365901731061	0.47727081536286214	-0.8498684356332308	-1.8375086783843138	8	
SUMOYLATION OF CHROMATIN ORGANIZATION PROTEINS%REACTOME%R-HSA-4551638.7	6.860410577627054e-4	0.010203565339473713	0.47727081536286214	-0.5204117724259861	-1.8146255579859207	51	
TRANSLESION SYNTHESIS BY POLI%REACTOME DATABASE ID RELEASE 93%5656121	6.99306685947067e-4	0.010338398843595827	0.47727081536286214	-0.732063621143365	-1.9498989856144064	17	
REGULATION OF MITOTIC CYTOKINESIS%GOBP%GO:1902412	7.465083832372766e-4	0.010986728761366554	0.47727081536286214	-0.7602429874755209	-1.8825666509848804	13	
SUMOYLATION OF SUMOYLATION PROTEINS%REACTOME DATABASE ID RELEASE 93%4085377	7.586575672091753e-4	0.011132253959376365	0.47727081536286214	-0.6175168824404078	-1.9412508054517124	32	
CHOLESTEROL METABOLISM WITH BLOCH AND KANDUTSCH RUSSELL PATHWAYS%WIKIPATHWAYS_20250810%WP4718%HOMO SAPIENS	7.633699688956133e-4	0.011184733204979477	0.47727081536286214	-0.5742357088527407	-1.859285711703542	37	
GENE SILENCING BY RNA%REACTOME DATABASE ID RELEASE 93%211000	7.72584250280669e-4	0.011302919061312729	0.47727081536286214	-0.4688537683990029	-1.7406904151842462	75	
NEGATIVE REGULATION OF ORGANELLE ORGANIZATION%GOBP%GO:0010639	7.73823211383783e-4	0.011304248277870516	0.47727081536286214	-0.35856127982179015	-1.5490870594564572	233	
NUCLEOTIDE BIOSYNTHETIC PROCESS%GOBP%GO:0009165	8.041917185905429e-4	0.011695822247034691	0.47727081536286214	-0.39515293691579395	-1.612303913148815	140	
DNA CONFORMATION CHANGE%GOBP%GO:0071103	8.102019117764721e-4	0.011723150895038842	0.47727081536286214	-0.7456868523932987	-1.9170680543495955	15	
INHIBITION OF REPLICATION INITIATION OF DAMAGED DNA BY RB1 E2F1%REACTOME%R-HSA-113501.5	8.3791429058748e-4	0.012079215380855532	0.47727081536286214	-0.7745928795710496	-1.904990985541811	12	
ATP SYNTHESIS COUPLED ELECTRON TRANSPORT%GOBP%GO:0042773	8.41758004069065e-4	0.012099196070166445	0.47727081536286214	-0.47320016949953814	-1.7453107152766933	73	
MITOCHONDRIAL ATP SYNTHESIS COUPLED ELECTRON TRANSPORT%GOBP%GO:0042775	8.41758004069065e-4	0.012099196070166445	0.47727081536286214	-0.47320016949953814	-1.7453107152766933	73	
BIOCARTA_SKP2E2F_PATHWAY%MSIGDB_C2%BIOCARTA_SKP2E2F_PATHWAY	8.442005454081285e-4	0.012116615991382555	0.47727081536286214	-0.8696799427232688	-1.8220032451780013	7	
SPINDLE LOCALIZATION%GOBP%GO:0051653	8.704048447123006e-4	0.012420298697155526	0.47727081536286214	-0.5509076708620142	-1.8495438474607389	42	
PROTEIN LOCALIZATION TO CHROMATIN%GOBP%GO:0071168	9.001690905985336e-4	0.012734288600622359	0.47727081536286214	-0.6222632300069327	-1.9057111754276375	28	
PYRIMIDINE DEOXYRIBONUCLEOSIDE TRIPHOSPHATE METABOLIC PROCESS%GOBP%GO:0009211	9.022200034205738e-4	0.012744990177444722	0.47727081536286214	-0.9145972350533824	-1.7471179191645951	5	
VPR-MEDIATED NUCLEAR IMPORT OF PICS%REACTOME%R-HSA-180910.4	9.055878373833608e-4	0.01277423760297503	0.47727081536286214	-0.6106091887483264	-1.89543562265769	31	
SCF-BETA-TRCP MEDIATED DEGRADATION OF EMI1%REACTOME DATABASE ID RELEASE 93%174113	9.26259184707436e-4	0.01302849704661345	0.47727081536286214	-0.5494626228167893	-1.844692436121432	42	
NEGATIVE REGULATION OF CYTOKINESIS%GOBP%GO:0032466	9.29698552729491e-4	0.013058219615084975	0.47727081536286214	-0.9129841485775514	-1.7440365056428038	5	
ENTEROCYTE CHOLESTEROL METABOLISM%WIKIPATHWAYS_20250810%WP5333%HOMO SAPIENS	9.374814717703999e-4	0.013128232606668169	0.47727081536286214	-0.6475480989633124	-1.9365730243014554	26	
NEGATIVE REGULATION OF DNA METABOLIC PROCESS%GOBP%GO:0051053	9.437755380927997e-4	0.013180729004342846	0.47727081536286214	-0.4348911744606135	-1.6914289000572664	98	
SUMOYLATION OF RNA BINDING PROTEINS%REACTOME%R-HSA-4570464.4	9.86322795957639e-4	0.013639514394661396	0.45505986738722953	-0.5546812940051872	-1.8627290160831051	43	
NUCLEOSOME ORGANIZATION%GOBP%GO:0034728	9.965331768681735e-4	0.013742108766728343	0.45505986738722953	-0.4917438725039271	-1.753314529133191	61	
REGULATION OF REPRODUCTIVE PROCESS%GOBP%GO:2000241	9.965331768681735e-4	0.013742108766728343	0.45505986738722953	-0.4943611886654146	-1.7626465792305404	61	
PYRIMIDINE NUCLEOSIDE TRIPHOSPHATE METABOLIC PROCESS%GOBP%GO:0009147	9.99664108266508e-4	0.013766003930058794	0.45505986738722953	-0.7706655071705654	-1.8953322225747007	12	
POSITIVE REGULATION OF METAPHASE/ANAPHASE TRANSITION OF CELL CYCLE%GOBP%GO:1902101	0.0010073814329394709	0.013833581016348717	0.45505986738722953	-0.7221297491332487	-1.8892913517623138	16	
POSITIVE REGULATION OF MITOTIC METAPHASE/ANAPHASE TRANSITION%GOBP%GO:0045842	0.0010073814329394709	0.013833581016348717	0.45505986738722953	-0.7221297491332487	-1.8892913517623138	16	
NUCLEOSIDE PHOSPHATE BIOSYNTHETIC PROCESS%GOBP%GO:1901293	0.00106335367451221	0.014521193175100165	0.45505986738722953	-0.3569629917160647	-1.522885614273204	209	
PYRIMIDINE METABOLISM AND RELATED DISEASES%WIKIPATHWAYS_20250810%WP4225%HOMO SAPIENS	0.0010769730484235132	0.014666496037037222	0.45505986738722953	-0.8254358956298002	-1.8658707322895438	9	
VENTRAL SPINAL CORD DEVELOPMENT%GOBP%GO:0021517	0.0010769730484235132	0.014666496037037222	0.45505986738722953	-0.8245098850144233	-1.8637775157064402	9	
REGULATION OF EXIT FROM MITOSIS%GOBP%GO:0007096	0.001082342132985642	0.014698952608795354	0.45505986738722953	-0.7823067857562769	-1.8678801076628648	11	
REGULATION OF CENTROSOME CYCLE%GOBP%GO:0046605	0.0010983530605180969	0.014874482905147285	0.45505986738722953	-0.5422808349792481	-1.8531956931970015	45	
PHOSPHORYLATION OF EMI1%REACTOME DATABASE ID RELEASE 93%176417	0.00109979926416283	0.014874482905147285	0.45505986738722953	-0.8823771997018434	-1.7815680664200106	6	
POSITIVE REGULATION OF CENTRIOLE REPLICATION%GOBP%GO:0046601	0.0011369127516273388	0.015334305414414764	0.45505986738722953	-0.7805599646994157	-1.8637092985082397	11	
P53-INDEPENDENT G1 S DNA DAMAGE CHECKPOINT%REACTOME DATABASE ID RELEASE 93%69613	0.001166677148739706	0.015650004368516546	0.45505986738722953	-0.5571554941079203	-1.8882485794110522	44	
REGULATION OF G0 TO G1 TRANSITION%GOBP%GO:0070316	0.001166677148739706	0.015650004368516546	0.45505986738722953	-0.5980120603603192	-1.8657801658557445	30	
UBIQUITIN-MEDIATED DEGRADATION OF PHOSPHORYLATED CDC25A%REACTOME DATABASE ID RELEASE 93%69601	0.001166677148739706	0.015650004368516546	0.45505986738722953	-0.5571554941079203	-1.8882485794110522	44	
TP53 REGULATES TRANSCRIPTION OF GENES INVOLVED IN G2 CELL CYCLE ARREST%REACTOME%R-HSA-6804114.3	0.001185049640492804	0.01587482824529544	0.45505986738722953	-0.7193210371185328	-1.9159582857264377	17	
AZATHIOPRINE ACTION PATHWAY%SMPDB%SMP0000427	0.0011929751992235927	0.01589449771523071	0.45505986738722953	-0.5824365279730066	-1.874250994712762	35	
MERCAPTOPURINE ACTION PATHWAY%PATHWHIZ%PW000267	0.0011929751992235927	0.01589449771523071	0.45505986738722953	-0.5824365279730066	-1.874250994712762	35	
THIOGUANINE ACTION PATHWAY%PATHWHIZ%PW000429	0.0011929751992235927	0.01589449771523071	0.45505986738722953	-0.5824365279730066	-1.874250994712762	35	
MITOTIC G2 DNA DAMAGE CHECKPOINT SIGNALING%GOBP%GO:0007095	0.0012037899723113	0.016016913604563594	0.45505986738722953	-0.6039789854023044	-1.8748543345947388	31	
INTERACTIONS OF VPR WITH HOST CELLULAR PROTEINS%REACTOME%R-HSA-176033.4	0.0012068158583794066	0.016035504644539324	0.45505986738722953	-0.5928922672874046	-1.8915071199906848	33	
MRNA 3'-END PROCESSING%REACTOME%R-HSA-72187.7	0.0012366643525126217	0.016349811522804143	0.45505986738722953	-0.5100749336380074	-1.785388363789402	53	
ESTABLISHMENT OF SPINDLE ORIENTATION%GOBP%GO:0051294	0.0012371124908073417	0.016349811522804143	0.45505986738722953	-0.6023877873028259	-1.893690376001558	32	
REGULATION OF SISTER CHROMATID COHESION%GOBP%GO:0007063	0.0012952847023371859	0.017049964143331462	0.45505986738722953	-0.7149349499513596	-1.9042756577811646	17	
COPI-DEPENDENT GOLGI-TO-ER RETROGRADE TRAFFIC%REACTOME DATABASE ID RELEASE 93%6811434	0.0013482410756365157	0.017676140653418288	0.45505986738722953	-0.45323999923501807	-1.6827219393811081	75	
TUMOR SUPPRESSOR ACTIVITY OF SMARCB1%WIKIPATHWAYS_20250810%WP4204%HOMO SAPIENS	0.0013696153358740161	0.0179324901556058	0.45505986738722953	-0.639526090402147	-1.8759424000858445	24	
HIV LIFE CYCLE%REACTOME%R-HSA-162587.5	0.0013866864112670623	0.018059939689597217	0.45505986738722953	-0.38841793621383874	-1.5789447753527386	138	
NEGATIVE REGULATION OF GLIAL CELL APOPTOTIC PROCESS%GOBP%GO:0034351	0.001395537380783076	0.018127257323469877	0.45505986738722953	-0.8756906295359177	-1.7680675137249555	6	
REGULATION OF GLIAL CELL APOPTOTIC PROCESS%GOBP%GO:0034350	0.001395537380783076	0.018127257323469877	0.45505986738722953	-0.8756906295359177	-1.7680675137249555	6	
MEIOTIC SPINDLE ASSEMBLY%GOBP%GO:0090306	0.0014009371003118835	0.01817342119851226	0.45505986738722953	-0.8307172218441264	-1.796101655763392	8	
ATM SIGNALING IN DEVELOPMENT AND DISEASE %WIKIPATHWAYS_20250810%WP3878%HOMO SAPIENS	0.0014401528570363088	0.018657559250499337	0.45505986738722953	-0.5581712429626154	-1.807271475327799	37	
TRNA PROCESSING%REACTOME DATABASE ID RELEASE 93%72306	0.0014609347123744247	0.0188771170315467	0.45505986738722953	-0.41416896649830126	-1.6358846529677495	106	
RIBONUCLEOTIDE BIOSYNTHETIC PROCESS%GOBP%GO:0009260	0.0014665321633796908	0.018924607707256142	0.45505986738722953	-0.41062219244137693	-1.6225483185651932	108	
POSITIVE REGULATION OF ATTACHMENT OF SPINDLE MICROTUBULES TO KINETOCHORE%GOBP%GO:0051987	0.0014825277148010907	0.019105978900433952	0.45505986738722953	-0.7754675834860366	-1.851550439934731	11	
REGULATION OF CYCLIN-DEPENDENT PROTEIN SERINE/THREONINE KINASE ACTIVITY%GOBP%GO:0000079	0.0015312146068972897	0.01957966106429963	0.45505986738722953	-0.5966724056736216	-1.852173458262165	31	
MEIOTIC SPINDLE ORGANIZATION%GOBP%GO:0000212	0.0015370986146607966	0.019629407211349162	0.45505986738722953	-0.7748712805808989	-1.8501266732553052	11	
AEROBIC ELECTRON TRANSPORT CHAIN%GOBP%GO:0019646	0.0015595090269931284	0.019889800362401996	0.45505986738722953	-0.46085121989427263	-1.6997639140334135	73	
DOUBLE-STRAND BREAK REPAIR VIA SYNTHESIS-DEPENDENT STRAND ANNEALING%GOBP%GO:0045003	0.0015803742249196656	0.020060155617017943	0.45505986738722953	-0.871619309841418	-1.7598472954800162	6	
FBXL7 DOWN-REGULATES AURKA DURING MITOTIC ENTRY AND IN EARLY MITOSIS%REACTOME DATABASE ID RELEASE 93%8854050	0.0015810157179368194	0.020060155617017943	0.45505986738722953	-0.5369836431408803	-1.802797176166074	42	
MITOTIC RECOMBINATION%GOBP%GO:0006312	0.0015892455522116703	0.02009599993549291	0.45505986738722953	-0.7097458943895842	-1.8904542713825347	17	
CYTOSOLIC IRON-SULFUR CLUSTER ASSEMBLY%REACTOME%R-HSA-2564830.5	0.0015924368083406093	0.02009599993549291	0.45505986738722953	-0.7339269701544909	-1.817401095482921	13	
RESOLUTION OF MEIOTIC RECOMBINATION INTERMEDIATES%GOBP%GO:0000712	0.0015940459018504937	0.02009599993549291	0.45505986738722953	-0.7545047669582292	-1.8555873898553088	12	
SPINDLE ASSEMBLY INVOLVED IN FEMALE MEIOSIS%GOBP%GO:0007056	0.0016029971688346712	0.020183005274099965	0.45505986738722953	-0.855020404413847	-1.791291111828185	7	
NUCLEOTIDE METABOLISM%REACTOME%R-HSA-15869.7	0.0016556023602372096	0.02076568259731919	0.45505986738722953	-0.4705427464669135	-1.7309658803647807	71	
POSITIVE REGULATION OF SISTER CHROMATID COHESION%GOBP%GO:0045876	0.0016844841816339789	0.021101057572987476	0.45505986738722953	-0.8122275757836904	-1.8360137590781092	9	
ELECTRON TRANSPORT CHAIN%GOBP%GO:0022900	0.0017475944394522553	0.021780778292211273	0.45505986738722953	-0.4444559150730282	-1.6886920996866674	86	
NEURON FATE COMMITMENT%GOBP%GO:0048663	0.0017765316051372925	0.022029886881841036	0.45505986738722953	-0.7316185994976632	-1.8116849472405199	13	
PID_AURORA_A_PATHWAY%MSIGDB_C2%PID_AURORA_A_PATHWAY	0.0018540986177547274	0.02287651001304893	0.45505986738722953	-0.6316182486497499	-1.852746074151491	24	
CHROMOSOME ORGANIZATION INVOLVED IN MEIOTIC CELL CYCLE%GOBP%GO:0070192	0.0019194538808105727	0.02350614789858321	0.45505986738722953	-0.6868550126135837	-1.8748578492913137	18	
NEGATIVE REGULATION OF NOTCH4 SIGNALING%REACTOME DATABASE ID RELEASE 93%9604323	0.0019446281990357346	0.023725909848458293	0.45505986738722953	-0.5365717673069942	-1.8019136592055027	43	
FORMATION OF THE EMBRYONIC STEM CELL BAF (ESBAF) COMPLEX%REACTOME DATABASE ID RELEASE 93%9933946	0.001956013812181673	0.023835287122203903	0.4317076958033464	-0.6865660275239768	-1.874069027846281	18	
ESTABLISHMENT OF SPINDLE LOCALIZATION%GOBP%GO:0051293	0.0019770386690196634	0.024003629407653618	0.4317076958033464	-0.5373462349817735	-1.7812199810165719	41	
DTMP METABOLIC PROCESS%GOBP%GO:0046073	0.0019795802436537416	0.024003629407653618	0.4317076958033464	-0.8938563431045186	-1.7074974364050974	5	
PYRIMIDINE DEOXYRIBONUCLEOSIDE MONOPHOSPHATE METABOLIC PROCESS%GOBP%GO:0009176	0.0019795802436537416	0.024003629407653618	0.4317076958033464	-0.8938563431045186	-1.7074974364050974	5	
REGULATION OF MITOTIC CENTROSOME SEPARATION%GOBP%GO:0046602	0.00201123649881191	0.02434332094794345	0.4317076958033464	-0.8209452515359487	-1.774973585237027	8	
MITOCHONDRIAL ELECTRON TRANSPORT, NADH TO UBIQUINONE%GOBP%GO:0006120	0.0020323629326229596	0.024505540162714758	0.4317076958033464	-0.5521882435385946	-1.8207981568390075	40	
HIV INFECTION%REACTOME%R-HSA-162906.4	0.002033417257052403	0.024505540162714758	0.4317076958033464	-0.355586431381099	-1.5102421153500936	198	
POSITIVE REGULATION OF ATTACHMENT OF MITOTIC SPINDLE MICROTUBULES TO KINETOCHORE%GOBP%GO:1902425	0.00204954461816957	0.024669702091072845	0.4317076958033464	-0.8208753368367127	-1.7748224219966873	8	
TELOMERE MAINTENANCE VIA SEMI-CONSERVATIVE REPLICATION%GOBP%GO:0032201	0.002164469096904013	0.025796520439025975	0.4317076958033464	-0.8174110538829188	-1.7673322626672234	8	
MEVALONATE PATHWAY%WIKIPATHWAYS_20250810%WP3963%HOMO SAPIENS	0.002166740036875328	0.025796520439025975	0.4317076958033464	-0.8482122260668974	-1.777027792148706	7	
MEIOTIC SISTER CHROMATID COHESION%GOBP%GO:0051177	0.002226406531533596	0.026411082782505767	0.4317076958033464	-0.7415979128054117	-1.8238449849594154	12	
NUCLEOSIDE MONOPHOSPHATE BIOSYNTHETIC PROCESS%GOBP%GO:0009124	0.0022430878313033273	0.026535328250841424	0.4317076958033464	-0.6303122793859137	-1.837209251762915	23	
ESTABLISHMENT OF MITOTIC SPINDLE LOCALIZATION%GOBP%GO:0040001	0.0022710238968949906	0.0268111526244941	0.4317076958033464	-0.5811822513019189	-1.81327165303849	30	
HETEROCHROMATIN FORMATION%GOBP%GO:0031507	0.002349585318933814	0.027573321871540327	0.4317076958033464	-0.418171420741809	-1.6146350431794383	95	
BIOCARTA_P27_PATHWAY%MSIGDB_C2%BIOCARTA_P27_PATHWAY	0.002358174166885511	0.02760830302872145	0.4317076958033464	-0.7651932409970807	-1.827018836344097	11	
FORMATION OF THE POLYBROMO-BAF (PBAF) COMPLEX%REACTOME DATABASE ID RELEASE 93%9933939	0.00239473427998831	0.02800303292252363	0.4317076958033464	-0.6792761589197781	-1.8541704071448357	18	
NUCLEOTIDE-EXCISION REPAIR%GOBP%GO:0006289	0.0024333590264397345	0.02828672133922742	0.4317076958033464	-0.5088533409651486	-1.7640575698310665	50	
MEVALONATE ARM OF CHOLESTEROL BIOSYNTHESIS PATHWAY%WIKIPATHWAYS_20250810%WP4190%HOMO SAPIENS	0.0025160143760613166	0.029144326525529087	0.4317076958033464	-0.7391648743042969	-1.8178613043262206	12	
BIOCARTA_SM_PATHWAY%MSIGDB_C2%BIOCARTA_SM_PATHWAY	0.0025884164358867005	0.02970343616286766	0.4317076958033464	-0.7380890350695795	-1.8152154446777768	12	
REGULATION OF DNA DAMAGE CHECKPOINT%GOBP%GO:2000001	0.002614095170369703	0.029893590066736465	0.4317076958033464	-0.6762129654157034	-1.8458090320663318	18	
U2-TYPE PRESPLICEOSOME ASSEMBLY%GOBP%GO:1903241	0.002640401706198434	0.03015939118240114	0.4317076958033464	-0.6224239790215647	-1.8433305929932418	25	
FORMATION OF NEURONAL PROGENITOR AND NEURONAL BAF (NPBAF AND NBAF)%REACTOME DATABASE ID RELEASE 93%9934037	0.002799213907190633	0.031825704538336	0.4317076958033464	-0.6253312003801395	-1.8226906000842802	23	
P53 PATHWAY%PANTHER PATHWAY%P00059	0.002898352733070301	0.03283910357860781	0.4317076958033464	-0.5423930820876437	-1.7751284491250274	39	
RESPIRATORY ELECTRON TRANSPORT CHAIN%GOBP%GO:0022904	0.002971429442433905	0.033474478592911014	0.4317076958033464	-0.4359032567626279	-1.6308488317263998	79	
REGULATION OF TRANSFERASE ACTIVITY%GOBP%GO:0051338	0.0029763134967504073	0.033491180216005154	0.4317076958033464	-0.33231688999874787	-1.4224452799456644	221	
BIOCARTA_RANMS_PATHWAY%MSIGDB_C2%BIOCARTA_RANMS_PATHWAY	0.0032218259912886946	0.03600692248607093	0.4317076958033464	-0.8369393191386674	-1.7534107440867384	7	
RIBOSE PHOSPHATE BIOSYNTHETIC PROCESS%GOBP%GO:0046390	0.0032485100428407596	0.036263979457834605	0.4317076958033464	-0.3945165968941435	-1.5545146123165978	113	
APC C:CDC20 MEDIATED DEGRADATION OF SECURIN%REACTOME DATABASE ID RELEASE 93%174154	0.0032528556829586022	0.03627136699253726	0.4317076958033464	-0.4943755260639145	-1.7381055753700247	55	
ENDOTHELIN PATHWAYS%WIKIPATHWAYS_20250810%WP2197%HOMO SAPIENS	0.003272179411300833	0.036445563895552036	0.4317076958033464	-0.6681571042610853	-1.8238195375716126	18	
PROTEASOME ASSEMBLY%REACTOME DATABASE ID RELEASE 93%9907900	0.003324956498579879	0.036991549926573435	0.4317076958033464	-0.5004832846749834	-1.7350408375628406	50	
NF1 COPY NUMBER VARIATION SYNDROME %WIKIPATHWAYS_20250810%WP5366%HOMO SAPIENS	0.003418767382612288	0.037804241573593786	0.4317076958033464	-0.4650610244900646	-1.6702439348846134	63	
STEROL BIOSYNTHETIC PROCESS%GOBP%GO:0016126	0.0034895999258754517	0.03834665275688583	0.4317076958033464	-0.5687430522230363	-1.7744617151477289	30	
DEOXYRIBONUCLEOSIDE MONOPHOSPHATE BIOSYNTHETIC PROCESS%GOBP%GO:0009157	0.00349660715464227	0.03838081833289609	0.4317076958033464	-0.8785660968718072	-1.6782891005849594	5	
DOUBLE-STRAND BREAK REPAIR VIA NONHOMOLOGOUS END JOINING%GOBP%GO:0006303	0.003622156349162026	0.039626390459832565	0.4317076958033464	-0.5100335291462084	-1.737469260711978	46	
REGULATION OF DNA BIOSYNTHETIC PROCESS%GOBP%GO:2000278	0.0036289043919728154	0.0396561516574521	0.4317076958033464	-0.4519502877438137	-1.6545242215567073	67	
NONHOMOLOGOUS END-JOINING (NHEJ)%REACTOME%R-HSA-5693571.3	0.0037045065668055823	0.040392659642046254	0.4317076958033464	-0.5223573745653709	-1.7315342180424063	41	
NEGATIVE REGULATION OF DNA RECOMBINATION%GOBP%GO:0045910	0.0037189499966327894	0.04050528945447616	0.4317076958033464	-0.5428417804595415	-1.7490050240456985	34	
DEFECTIVE PYROPTOSIS%REACTOME DATABASE ID RELEASE 93%9710421	0.0037265088380893595	0.04053575912568526	0.4317076958033464	-0.6139527270039405	-1.8182426810050354	25	
RIBONUCLEOSIDE TRIPHOSPHATE BIOSYNTHETIC PROCESS%GOBP%GO:0009201	0.003733606351370909	0.04053575912568526	0.4317076958033464	-0.43685896246965034	-1.6339231470321123	80	
RESPONSE TO UV%GOBP%GO:0009411	0.00387749171859393	0.04177000378695386	0.4317076958033464	-0.3971209169267356	-1.5636523511697138	110	
AEROBIC RESPIRATION%GOBP%GO:0009060	0.0038890803113621037	0.04184905436685385	0.4317076958033464	-0.3599564267653474	-1.4780900079755526	150	
BIOCARTA_FBW7_PATHWAY%MSIGDB_C2%BIOCARTA_FBW7_PATHWAY	0.003976204243273944	0.04269324643323364	0.40701791892395395	-0.8307698708755721	-1.740485581387092	7	
MITOCHONDRIAL DNA REPAIR%GOBP%GO:0043504	0.004069420729026072	0.04356870750461489	0.40701791892395395	-0.8451413129134697	-1.7063867643086086	6	
MITOCHONDRIAL TRANSLATION TERMINATION%REACTOME%R-HSA-5419276.5	0.004160042871913814	0.04442492637403841	0.40701791892395395	-0.40273398878303207	-1.566999274713316	101	
KALLMANN SYNDROME%WIKIPATHWAYS_20250810%WP5074%HOMO SAPIENS	0.004169304490989912	0.04447559265253161	0.40701791892395395	-0.7041927487071095	-1.7792283481796671	14	
CELL DIVISION%REACTOME DATABASE ID RELEASE 93%68884	0.004201810370627808	0.04467713273131901	0.40701791892395395	-0.7085320010334244	-1.7545163037022535	13	
SPLICEOSOMAL COMPLEX ASSEMBLY%GOBP%GO:0000245	0.004213846934440359	0.044712425789051484	0.40701791892395395	-0.44637705504198927	-1.6420685641357038	71	
CALCIUM-DEPENDENT CELL-CELL ADHESION VIA PLASMA MEMBRANE CELL ADHESION MOLECULES%GOBP%GO:0016339	0.00421875315438034	0.044712425789051484	0.40701791892395395	-0.6360195596976594	-1.786266262081896	20	
ATP BIOSYNTHETIC PROCESS%GOBP%GO:0006754	0.004273320403447041	0.04513726777836317	0.40701791892395395	-0.4382164594773539	-1.6118941673664293	72	
BASE-EXCISION REPAIR, GAP-FILLING%GOBP%GO:0006287	0.004499276163183322	0.0471275245773436	0.40701791892395395	-0.7063497723361013	-1.749112516968167	13	
ENTEROENDOCRINE CELL DIFFERENTIATION%GOBP%GO:0035883	0.004657820157732084	0.048632976959734994	0.40701791892395395	-0.8253134963909302	-1.7290543277390045	7	
OXIDATIVE STRESS INDUCED SENESCENCE%REACTOME DATABASE ID RELEASE 93%2559580	0.0047352891000644265	0.0491391554167858	0.40701791892395395	-0.4361735767790015	-1.604379819981999	72	
ADENINE PHOSPHORIBOSYLTRANSFERASE DEFICIENCY (APRT)%PATHWHIZ%PW000511	0.004960761339877591	0.050297836218711534	0.40701791892395395	-0.5697167984498702	-1.7447851926309008	28	
ADENOSINE DEAMINASE DEFICIENCY%PATHWHIZ%PW000075	0.004960761339877591	0.050297836218711534	0.40701791892395395	-0.5697167984498702	-1.7447851926309008	28	
ADENYLOSUCCINATE LYASE DEFICIENCY%SMPDB%SMP0000167	0.004960761339877591	0.050297836218711534	0.40701791892395395	-0.5697167984498702	-1.7447851926309008	28	
AICA-RIBOSIDURIA%PATHWHIZ%PW000082	0.004960761339877591	0.050297836218711534	0.40701791892395395	-0.5697167984498702	-1.7447851926309008	28	
GOUT OR KELLEY-SEEGMILLER SYNDROME%SMPDB%SMP0000365	0.004960761339877591	0.050297836218711534	0.40701791892395395	-0.5697167984498702	-1.7447851926309008	28	
LESCH-NYHAN SYNDROME (LNS)%SMPDB%SMP0000364	0.004960761339877591	0.050297836218711534	0.40701791892395395	-0.5697167984498702	-1.7447851926309008	28	
MITOCHONDRIAL DNA DEPLETION SYNDROME-3%SMPDB%SMP0000536	0.004960761339877591	0.050297836218711534	0.40701791892395395	-0.5697167984498702	-1.7447851926309008	28	
MOLYBDENUM COFACTOR DEFICIENCY%SMPDB%SMP0000203	0.004960761339877591	0.050297836218711534	0.40701791892395395	-0.5697167984498702	-1.7447851926309008	28	
MYOADENYLATE DEAMINASE DEFICIENCY%PATHWHIZ%PW000513	0.004960761339877591	0.050297836218711534	0.40701791892395395	-0.5697167984498702	-1.7447851926309008	28	
PURINE METABOLISM%PATHWHIZ%PW000052	0.004960761339877591	0.050297836218711534	0.40701791892395395	-0.5697167984498702	-1.7447851926309008	28	
PURINE NUCLEOSIDE PHOSPHORYLASE DEFICIENCY%SMPDB%SMP0000210	0.004960761339877591	0.050297836218711534	0.40701791892395395	-0.5697167984498702	-1.7447851926309008	28	
XANTHINE DEHYDROGENASE DEFICIENCY (XANTHINURIA)%SMPDB%SMP0000220	0.004960761339877591	0.050297836218711534	0.40701791892395395	-0.5697167984498702	-1.7447851926309008	28	
XANTHINURIA TYPE I%SMPDB%SMP0000512	0.004960761339877591	0.050297836218711534	0.40701791892395395	-0.5697167984498702	-1.7447851926309008	28	
XANTHINURIA TYPE II%PATHWHIZ%PW000489	0.004960761339877591	0.050297836218711534	0.40701791892395395	-0.5697167984498702	-1.7447851926309008	28	
INITIATION OF NUCLEAR ENVELOPE (NE) REFORMATION%REACTOME DATABASE ID RELEASE 93%2995383	0.004965417103858177	0.050297836218711534	0.40701791892395395	-0.6746213228200542	-1.7649961553975488	16	
VIRAL GENOME REPLICATION%GOBP%GO:0019079	0.004984118057299466	0.05043538169801699	0.40701791892395395	-0.7196594249876704	-1.769890678598686	12	
ESTABLISHMENT OF SISTER CHROMATID COHESION%REACTOME DATABASE ID RELEASE 93%2468052	0.005033563672947277	0.05072719337138065	0.40701791892395395	-0.737908363447421	-1.761871913240576	11	
TELOMERE C-STRAND SYNTHESIS INITIATION%REACTOME DATABASE ID RELEASE 93%174430	0.005129637204813594	0.05143218728981125	0.40701791892395395	-0.7194807636509155	-1.7694512887657052	12	
TELOMERE EXTENSION BY TELOMERASE%REACTOME DATABASE ID RELEASE 93%171319	0.005135457674423943	0.05143816506854339	0.40701791892395395	-0.6112778478921373	-1.7588198082786475	22	
P53 SIGNALING PATHWAY%PATHWHIZ%PW064774	0.005446358252712911	0.05211355039476318	0.40701791892395395	-0.6967383644528072	-1.7603939426737463	14	
SINGLE STRAND BREAK REPAIR%GOBP%GO:0000012	0.005521479252691045	0.05257687110444491	0.40701791892395395	-0.7739361917449761	-1.7977000202463613	10	
NUCLEOTIDE METABOLISM%WIKIPATHWAYS_20250810%WP404%HOMO SAPIENS	0.005614776306354518	0.053259236524437946	0.40701791892395395	-0.7006852528105358	-1.7350856390773326	13	
PURINE NUCLEOSIDE TRIPHOSPHATE BIOSYNTHETIC PROCESS%GOBP%GO:0009145	0.0056488052536657575	0.05342760473351878	0.40701791892395395	-0.4205970625595028	-1.566070260292728	76	
PURINE RIBONUCLEOSIDE TRIPHOSPHATE BIOSYNTHETIC PROCESS%GOBP%GO:0009206	0.0056488052536657575	0.05342760473351878	0.40701791892395395	-0.4205970625595028	-1.566070260292728	76	
PID_ATM_PATHWAY%MSIGDB_C2%PID_ATM_PATHWAY	0.005758522918621344	0.05418435607468039	0.40701791892395395	-0.5982269279095661	-1.7547982416682422	24	
REGULATION OF NUCLEOTIDE-EXCISION REPAIR%GOBP%GO:2000819	0.005793851280085279	0.054433453915763035	0.40701791892395395	-0.5907092221177208	-1.7665893029269577	26	
REGULATION OF G2/MI TRANSITION OF MEIOTIC CELL CYCLE%GOBP%GO:0110030	0.0059360833517637926	0.055399693536934885	0.40701791892395395	-0.8328569865461892	-1.6815840341600696	6	
HCMV INFECTION%REACTOME DATABASE ID RELEASE 93%9609646	0.005962664087836759	0.05559506686443251	0.40701791892395395	-0.40677259084386036	-1.5418879920174127	84	
REGULATION OF MICROTUBULE-BASED PROCESS%GOBP%GO:0032886	0.0059769638639172	0.05567567285158822	0.40701791892395395	-0.33903064561941293	-1.434169139700511	188	
ESTROGEN METABOLIC PROCESS%GOBP%GO:0008210	0.006021057960071249	0.05592767610835992	0.40701791892395395	-0.8139848331016585	-1.7053204685770371	7	
POSITIVE REGULATION OF DOUBLE-STRAND BREAK REPAIR VIA HOMOLOGOUS RECOMBINATION%GOBP%GO:1905168	0.006107694636919427	0.05656772449230817	0.40701791892395395	-0.5240621956258011	-1.7280546824930156	40	
ERROR-PRONE TRANSLESION SYNTHESIS%GOBP%GO:0042276	0.006135786077175467	0.056627315754133226	0.40701791892395395	-0.7333314093493704	-1.7509437177179334	11	
PURINE RIBONUCLEOTIDE BIOSYNTHETIC PROCESS%GOBP%GO:0009152	0.006379084858898388	0.05847227023515497	0.40701791892395395	-0.3958632557882155	-1.5343618417189213	97	
CRANIAL SKELETAL SYSTEM DEVELOPMENT%GOBP%GO:1904888	0.0063840839430013814	0.05847227023515497	0.40701791892395395	-0.6230502953004964	-1.7498419743639448	20	
AUTODEGRADATION OF CDH1 BY CDH1:APC C%REACTOME DATABASE ID RELEASE 93%174084	0.006419920580441399	0.05874585319240336	0.40701791892395395	-0.4696764258145165	-1.6524756314855487	54	
RAC 1 CELL MOTILITY SIGNALING PATHWAY%SMPDB%SMP0063795	0.006458750745242456	0.05899152118521078	0.40701791892395395	-0.6022096796430024	-1.7118961441044709	21	
REGULATION OF UBIQUITIN PROTEIN LIGASE ACTIVITY%GOBP%GO:1904666	0.006583171799851737	0.05979511950308136	0.40701791892395395	-0.7800269512002774	-1.6865037364709532	8	
INTERLEUKIN-27-MEDIATED SIGNALING PATHWAY%GOBP%GO:0070106	0.0066080843782407766	0.059966081832404323	0.40701791892395395	-0.8289285763377275	-1.673652358022519	6	
INCRETIN SYNTHESIS, SECRETION, AND INACTIVATION%REACTOME%R-HSA-400508.4	0.006948630985176507	0.06257780451188448	0.40701791892395395	-0.705819916038313	-1.7358545539606038	12	
SYNTHESIS, SECRETION, AND INACTIVATION OF GLUCAGON-LIKE PEPTIDE-1 (GLP-1)%REACTOME%R-HSA-381771.6	0.006948630985176507	0.06257780451188448	0.40701791892395395	-0.705819916038313	-1.7358545539606038	12	
CHOLESTEROL BIOSYNTHESIS PATHWAY IN HEPATOCYTES%WIKIPATHWAYS_20250810%WP5329%HOMO SAPIENS	0.007011881488266636	0.06299177475681869	0.40701791892395395	-0.5516374271124416	-1.7341495109693286	32	
CELL CYCLE%PANTHER PATHWAY%P00013	0.007027747790934722	0.06307675911535393	0.40701791892395395	-0.8567609676342978	-1.6366356485948832	5	
NEGATIVE REGULATION OF SUBSTRATE ADHESION-DEPENDENT CELL SPREADING%GOBP%GO:1900025	0.007164529216497651	0.06418740187955949	0.40701791892395395	-0.7276395216492267	-1.7373534434115803	11	
CELLULAR SENESCENCE%REACTOME%R-HSA-2559583.7	0.007209402187730875	0.06453070358218019	0.40701791892395395	-0.35887776038937247	-1.4494502665338986	133	
HOMOLOGOUS RECOMBINATION%WIKIPATHWAYS_20250810%WP186%HOMO SAPIENS	0.0073243868663586545	0.06532238504181821	0.40701791892395395	-0.7640019460921212	-1.7746247411707006	10	
NEGATIVE REGULATION OF DNA-TEMPLATED DNA REPLICATION%GOBP%GO:2000104	0.007353125096579713	0.0654792298007951	0.40701791892395395	-0.7770960955079516	-1.6801669053286974	8	
IMMUNE SYSTEM DEVELOPMENT%GOBP%GO:0002520	0.007414547778438664	0.06588775941020496	0.40701791892395395	-0.44973121281194267	-1.5908734937287652	59	
POLB-DEPENDENT LONG PATCH BASE EXCISION REPAIR%REACTOME%R-HSA-110362.4	0.007430120471034564	0.06596660609360354	0.40701791892395395	-0.7756149320622138	-1.6769644676671305	8	
VPU MEDIATED DEGRADATION OF CD4%REACTOME%R-HSA-180534.3	0.0074605841427992075	0.06617739772072162	0.40701791892395395	-0.5145147743015691	-1.6710249062724574	38	
BONE MORPHOGENESIS%GOBP%GO:0060349	0.007489821731907011	0.06631725249312628	0.40701791892395395	-0.5912885435135331	-1.7344456561022215	24	
CHOLESTEROL BIOSYNTHETIC PROCESS VIA LATHOSTEROL%GOBP%GO:0033490	0.007507115852629556	0.0663510437028641	0.40701791892395395	-0.7744483894911244	-1.6744422748097332	8	
KANDUTSCH-RUSSELL PATHWAY%REACTOME DATABASE ID RELEASE 93%6807062	0.007507115852629556	0.0663510437028641	0.40701791892395395	-0.7744483894911244	-1.6744422748097332	8	
EMBRYONIC DIGESTIVE TRACT DEVELOPMENT%GOBP%GO:0048566	0.007548317011280321	0.06665536259467807	0.40701791892395395	-0.6893337134791483	-1.7069761665341197	13	
CELLULAR RESPIRATION%GOBP%GO:0045333	0.007558860421128082	0.0666839142174616	0.40701791892395395	-0.34742970828545255	-1.44657995940117	160	
POSITIVE REGULATION OF NUCLEAR DIVISION%GOBP%GO:0051785	0.0075650956917433084	0.0666839142174616	0.40701791892395395	-0.5551461131003296	-1.7177341560245125	29	
HALLMARK_SPERMATOGENESIS%MSIGDBHALLMARK%HALLMARK_SPERMATOGENESIS	0.007682357378684121	0.06759650647946724	0.40701791892395395	-0.4653808470004341	-1.6373623770762245	54	
GASTRULATION%REACTOME%R-HSA-9758941.6	0.007847250678159074	0.06867913793524823	0.3807304007227924	-0.4097382671143816	-1.5427708716760977	82	
EXPORT OF VIRAL RIBONUCLEOPROTEINS FROM NUCLEUS%REACTOME DATABASE ID RELEASE 93%168274	0.007980692157016227	0.06972306564151	0.3807304007227924	-0.5492058980770714	-1.7135063647140867	30	
DEGRADATION OF GLI2 BY THE PROTEASOME%REACTOME%R-HSA-5610783.2	0.008179032208644799	0.07102892748107668	0.3807304007227924	-0.4882947760996807	-1.663414491709285	46	
RUNX1 REGULATES TRANSCRIPTION OF GENES INVOLVED IN DIFFERENTIATION OF HSCS%REACTOME DATABASE ID RELEASE 93%8939236	0.008192727123109473	0.07107100551025186	0.3807304007227924	-0.44065535905937486	-1.5825921805645662	63	
BIOCARTA_G1_PATHWAY%MSIGDB_C2%BIOCARTA_G1_PATHWAY	0.008428194923218151	0.07260193107087132	0.3807304007227924	-0.6575533008545313	-1.7514359097930927	17	
BIOCARTA_RACCYCD_PATHWAY%MSIGDB_C2%BIOCARTA_RACCYCD_PATHWAY	0.008462111200575167	0.0728303731476076	0.3807304007227924	-0.593450231328017	-1.7297652149802636	23	
DIOL BIOSYNTHETIC PROCESS%GOBP%GO:0034312	0.008492269771468493	0.07296238060198848	0.3807304007227924	-0.630840815368755	-1.7219599953809117	18	
PURINE-CONTAINING COMPOUND BIOSYNTHETIC PROCESS%GOBP%GO:0072522	0.008533667547844508	0.07306303537050175	0.3807304007227924	-0.3397187681390267	-1.4140752910756444	159	
DEOXYRIBONUCLEOTIDE CATABOLIC PROCESS%GOBP%GO:0009264	0.008674379871680403	0.07401035027431996	0.3807304007227924	-0.6232649463384808	-1.727507516837903	19	
LATE PHASE OF HIV LIFE CYCLE%REACTOME%R-HSA-162599.4	0.008735647844834911	0.07427563789312999	0.3807304007227924	-0.35957015699118505	-1.444867924686796	128	
MODIFIED AMINO ACID BIOSYNTHETIC PROCESS%GOBP%GO:0042398	0.008929381970426007	0.07558187015047779	0.3807304007227924	-0.5908496440427167	-1.6796030711127727	21	
BIOCARTA_G2_PATHWAY%MSIGDB_C2%BIOCARTA_G2_PATHWAY	0.008935333826442834	0.07558187015047779	0.3807304007227924	-0.6278820474331779	-1.7138836631326544	18	
HALLMARK_ESTROGEN_RESPONSE_LATE%MSIGDBHALLMARK%HALLMARK_ESTROGEN_RESPONSE_LATE	0.009083021959791618	0.07637184817771843	0.3807304007227924	-0.36037898747637653	-1.4290811453628511	116	
MITOCHONDRIAL DNA REPLICATION%GOBP%GO:0006264	0.009134702329669755	0.07672019310954752	0.3807304007227924	-0.7571316725099732	-1.7586664605146702	10	
REGULATION OF PROTEIN LOCALIZATION TO CHROMATIN%GOBP%GO:1905634	0.00914003519373342	0.07672019310954752	0.3807304007227924	-0.6955923972538365	-1.7107015586223604	12	
POSITIVE REGULATION OF DNA RECOMBINATION%GOBP%GO:0045911	0.009190629078626916	0.07702886925560724	0.3807304007227924	-0.46390668000417956	-1.6309844327981944	55	
NUCLEOBASE BIOSYNTHETIC PROCESS%GOBP%GO:0046112	0.009192455959307181	0.07702886925560724	0.3807304007227924	-0.6818250540206612	-1.6883827008619285	13	
TETRAHYDROFOLATE BIOSYNTHESIS%PANTHER PATHWAY%P02742	0.009341923521305844	0.07794964321252316	0.3807304007227924	-0.8473654492213551	-1.6186877717044235	5	
MYELOID DENDRITIC CELL ACTIVATION%GOBP%GO:0001773	0.009640858795989887	0.0795007501719568	0.3807304007227924	-0.8458698176978424	-1.6158307276034274	5	
POSITIVE REGULATION OF SPINDLE ASSEMBLY%GOBP%GO:1905832	0.00966607931471063	0.07962495973655621	0.3807304007227924	-0.7943805223693349	-1.6642489018786921	7	
AURORA A SIGNALING%PATHWAY INTERACTION DATABASE NCI-NATURE CURATED DATA%AURORA A SIGNALING	0.009773693095819979	0.08032703023492781	0.3807304007227924	-0.5468537075461735	-1.6975276768929701	31	
NEGATIVE REGULATION OF ADENYLATE CYCLASE-ACTIVATING G PROTEIN-COUPLED RECEPTOR SIGNALING PATHWAY%GOBP%GO:0106072	0.00993979425648532	0.08128506166889905	0.3807304007227924	-0.7546076622672662	-1.7057658369843887	9	
REPLICATION FORK REVERSAL%GOBP%GO:0071932	0.010238729886518947	0.08331449129145913	0.3807304007227924	-0.8451654593507617	-1.6144852204856128	5	
TETRAHYDROBIOPTERIN BIOSYNTHETIC PROCESS%GOBP%GO:0006729	0.010238729886518947	0.08331449129145913	0.3807304007227924	-0.8441306712631432	-1.6125085068666276	5	
TETRAHYDROBIOPTERIN METABOLIC PROCESS%GOBP%GO:0046146	0.010238729886518947	0.08331449129145913	0.3807304007227924	-0.8441306712631432	-1.6125085068666276	5	
PYRIMIDINE NUCLEOSIDE TRIPHOSPHATE BIOSYNTHETIC PROCESS%GOBP%GO:0009148	0.010274953990845197	0.083540212216236	0.3807304007227924	-0.7907809816109928	-1.6567077656276785	7	
ATP-DEPENDENT CHROMATIN REMODELERS%REACTOME DATABASE ID RELEASE 93%9932444	0.01051488309908247	0.08462204148607644	0.3807304007227924	-0.546129377453965	-1.6898345554867256	29	
SWI SNF CHROMATIN REMODELERS%REACTOME%R-HSA-9932451.1	0.01051488309908247	0.08462204148607644	0.3807304007227924	-0.546129377453965	-1.6898345554867256	29	
GLYCEROL METABOLISM INCLUDING LINKED IMDS%WIKIPATHWAYS_20250810%WP5570%HOMO SAPIENS	0.010537665671663842	0.08469702547200178	0.3807304007227924	-0.7524258550999516	-1.7008339335397418	9	
MICROTUBULE POLYMERIZATION OR DEPOLYMERIZATION%GOBP%GO:0031109	0.010558868218286907	0.08472910878341718	0.3807304007227924	-0.4615090658708476	-1.5818992814179893	47	
MITOCHONDRIAL TRANSLATION%REACTOME%R-HSA-5368287.5	0.010580156259049582	0.08483079684576725	0.3807304007227924	-0.3739430111023644	-1.469107797047805	111	
CELL DIVISION%GOBP%GO:0051301	0.010602834626036464	0.08487439815280895	0.3807304007227924	-0.35619506032858417	-1.4478193012054599	139	
FEMALE MEIOTIC NUCLEAR DIVISION%GOBP%GO:0007143	0.010644538548658404	0.08506990791403461	0.3807304007227924	-0.6654564066736329	-1.6813562840647172	14	
RNA 5'-END PROCESSING%GOBP%GO:0000966	0.010644538548658404	0.08506990791403461	0.3807304007227924	-0.5165671784032551	-1.6643497660028415	34	
CELL DIFFERENTIATION INVOLVED IN EMBRYONIC PLACENTA DEVELOPMENT%GOBP%GO:0060706	0.010687133618335917	0.08513391392082155	0.3807304007227924	-0.8403694051084243	-1.6053235130291235	5	
CELLULAR RESPONSE TO RADIATION%GOBP%GO:0071478	0.01092968900266767	0.08657579880954616	0.3807304007227924	-0.36566680523143924	-1.4446067029246827	109	
FBXL10 ENHANCEMENT OF MAP ERK SIGNALING IN DIFFUSE LARGE B CELL LYMPHOMA%WIKIPATHWAYS_20250810%WP4553%HOMO SAPIENS	0.010946506280617087	0.08663930935607382	0.3807304007227924	-0.6640427633133253	-1.6777845427403524	14	
HALLMARK_PANCREAS_BETA_CELLS%MSIGDBHALLMARK%HALLMARK_PANCREAS_BETA_CELLS	0.011002971732832679	0.08700702688334827	0.3807304007227924	-0.6203293835690187	-1.6932677094470343	18	
MEIOTIC CELL CYCLE CHECKPOINT SIGNALING%GOBP%GO:0033313	0.01113553765732464	0.08769121609710652	0.3807304007227924	-0.8381066834947044	-1.6010011279115037	5	
NEGATIVE REGULATION OF MRNA PROCESSING%GOBP%GO:0050686	0.011234214922042742	0.08822353521172227	0.3807304007227924	-0.6667286320558705	-1.7140763007048045	15	
VIF-MEDIATED DEGRADATION OF APOBEC3G%REACTOME DATABASE ID RELEASE 93%180585	0.011337452933496268	0.08859409649460655	0.3807304007227924	-0.5080335121200941	-1.675201334517476	40	
ELECTRON TRANSPORT CHAIN OXPHOS SYSTEM IN MITOCHONDRIA%WIKIPATHWAYS_20250810%WP111%HOMO SAPIENS	0.011374350659116041	0.08880715484179558	0.3807304007227924	-0.40593660350325	-1.4931589842330917	72	
PRC2 METHYLATES HISTONES AND DNA%REACTOME DATABASE ID RELEASE 93%212300	0.011422627753378245	0.08890687182589897	0.3807304007227924	-0.5693292340113705	-1.686088630756637	25	
NUCLEOBASE METABOLIC PROCESS%GOBP%GO:0009112	0.011539903192324633	0.08960716627100027	0.3807304007227924	-0.6644396200051164	-1.7081915357200954	15	
NEGATIVE REGULATION OF PROTEIN LOCALIZATION TO CHROMATIN%GOBP%GO:0120186	0.011583941967817436	0.08980747450010274	0.3807304007227924	-0.7465271368726082	-1.6875000747183668	9	
REGULATION OF MONOCYTE CHEMOTACTIC PROTEIN-1 PRODUCTION%GOBP%GO:0071637	0.011583941967817436	0.08980747450010274	0.3807304007227924	-0.8366264319212732	-1.5981734635039437	5	
BIOCARTA_ATM_PATHWAY%MSIGDB_C2%BIOCARTA_ATM_PATHWAY	0.011709896278321275	0.09049893151989896	0.3807304007227924	-0.6478186586044616	-1.7255070581188572	17	
FEMALE GAMETE GENERATION%GOBP%GO:0007292	0.011709896278321275	0.09049893151989896	0.3807304007227924	-0.4926810135565088	-1.6697389396481053	44	
NEGATIVE REGULATION OF DOUBLE-STRAND BREAK REPAIR VIA HOMOLOGOUS RECOMBINATION%GOBP%GO:2000042	0.011757018597348724	0.09072069365947925	0.3807304007227924	-0.5806087434610782	-1.6923353550725264	23	
GLI3 IS PROCESSED TO GLI3R BY THE PROTEASOME%REACTOME%R-HSA-5610785.2	0.011780722263875637	0.09080796939476213	0.3807304007227924	-0.47742398125399915	-1.6263822755812676	46	
ISG15 ANTIVIRAL MECHANISM%REACTOME DATABASE ID RELEASE 93%1169408	0.012056556472218346	0.09209375874744904	0.3807304007227924	-0.42201384883470494	-1.555991645621175	68	
GOLGI-TO-ER RETROGRADE TRANSPORT%REACTOME DATABASE ID RELEASE 93%8856688	0.012072647511884868	0.09214518403257241	0.3807304007227924	-0.3645824827253442	-1.4365604157803906	107	
DISORDERS IN KETOLYSIS%WIKIPATHWAYS_20250810%WP5195%HOMO SAPIENS	0.012331283008210056	0.09369024291468019	0.3807304007227924	-0.832357140091726	-1.5900180088713813	5	
ESTABLISHMENT OF SISTER CHROMATID COHESION%GOBP%GO:0034085	0.012456346730402856	0.09430291625012423	0.3807304007227924	-0.747373955161874	-1.7360012216211564	10	
FORMATION OF EXTRACHROMOSOMAL CIRCULAR DNA%GOBP%GO:0001325	0.012456346730402856	0.09430291625012423	0.3807304007227924	-0.7476970236446013	-1.7367516455244894	10	
T-CIRCLE FORMATION%GOBP%GO:0090656	0.012456346730402856	0.09430291625012423	0.3807304007227924	-0.7476970236446013	-1.7367516455244894	10	
TELOMERE MAINTENANCE VIA TELOMERE TRIMMING%GOBP%GO:0090737	0.012456346730402856	0.09430291625012423	0.3807304007227924	-0.7476970236446013	-1.7367516455244894	10	
BLOCH PATHWAY (CHOLESTEROL BIOSYNTHESIS)%SMPDB%SMP0121057	0.01263021958572694	0.09521986373741766	0.3807304007227924	-0.7437916946517421	-1.6813166974181963	9	
KANDUTSCH-RUSSELL PATHWAY (CHOLESTEROL BIOSYNTHESIS)%SMPDB%SMP0121060	0.01263021958572694	0.09521986373741766	0.3807304007227924	-0.7437916946517421	-1.6813166974181963	9	
FATTY-ACYL-COA METABOLIC PROCESS%GOBP%GO:0035337	0.012889035560844296	0.09687438483364347	0.3807304007227924	-0.5146977142242544	-1.6562709523361179	35	
UBIQUITIN-DEPENDENT DEGRADATION OF CYCLIN D%REACTOME DATABASE ID RELEASE 93%75815	0.012948779459506074	0.09695337076676563	0.3807304007227924	-0.4992920002871748	-1.6340684706356368	39	
ALCOHOL BIOSYNTHETIC PROCESS%GOBP%GO:0046165	0.013186266988872151	0.09850681697453353	0.3807304007227924	-0.427658892357623	-1.5359160057392671	63	
REGULATION OF ACTIVATED PAK-2P34 BY PROTEASOME MEDIATED DEGRADATION%REACTOME%R-HSA-211733.3	0.01322119057584517	0.09854340833442206	0.3807304007227924	-0.4891390895264293	-1.583756123437793	37	
EPIGENETIC REGULATION OF GENE EXPRESSION%GOBP%GO:0040029	0.013365993723094806	0.09932194279063507	0.3807304007227924	-0.3230070026590642	-1.366380294226574	191	
REGULATION OF RETINOBLASTOMA PROTEIN%PATHWAY INTERACTION DATABASE NCI-NATURE CURATED DATA%REGULATION OF RETINOBLASTOMA PROTEIN	0.01366422076356954	0.10111904059501722	0.3807304007227924	-0.4520251005498574	-1.5821995974324712	53	
OLFACTORY LOBE DEVELOPMENT%GOBP%GO:0021988	0.014252128217765198	0.10476706334413859	0.3807304007227924	-0.7073313462415032	-1.6888644905382597	11	
22Q11 2 COPY NUMBER VARIATION SYNDROME%WIKIPATHWAYS_20250810%WP4657%HOMO SAPIENS	0.014278608206683188	0.1048375662960497	0.3807304007227924	-0.42613239428227745	-1.5304336625247297	63	
CANCER PATHWAYS%WIKIPATHWAYS_20250810%WP5434%HOMO SAPIENS	0.01440945485489896	0.10540526931748526	0.3807304007227924	-0.2935003238321769	-1.2848844012822012	288	
ASSEMBLY OF THE ORC COMPLEX AT THE ORIGIN OF REPLICATION%REACTOME%R-HSA-68616.6	0.014482001253535607	0.10560222332910231	0.3807304007227924	-0.572206683895773	-1.6266068927564805	21	
TYPE B PANCREATIC CELL DIFFERENTIATION%GOBP%GO:0003309	0.014482001253535607	0.10560222332910231	0.3807304007227924	-0.7958337186171791	-1.6068320212124048	6	
SOMATIC DIVERSIFICATION OF IMMUNE RECEPTORS%GOBP%GO:0002200	0.014659331881129918	0.10650716378065891	0.3807304007227924	-0.5207958972046997	-1.6614977154814268	33	
REGULATION OF FAT CELL PROLIFERATION%GOBP%GO:0070344	0.015021714765654632	0.10819590605898721	0.3807304007227924	-0.8274472601993444	-1.5806388649026974	5	
METABOLISM OF COFACTORS%REACTOME%R-HSA-8978934.6	0.015232357463576087	0.10929041224096137	0.3807304007227924	-0.5920071029010181	-1.662656908425305	20	
7-METHYLGUANOSINE CAP HYPERMETHYLATION%GOBP%GO:0036261	0.015243125310892593	0.10929041224096137	0.3807304007227924	-0.7482313134420178	-1.6177580837723278	8	
MITOCHONDRIAL RIBOSOME-ASSOCIATED QUALITY CONTROL%REACTOME%R-HSA-9937383.1	0.015387473120027983	0.10986588857128028	0.3807304007227924	-0.38195844074187074	-1.4639526592050858	89	
GSK3B AND BTRC:CUL1-MEDIATED-DEGRADATION OF NFE2L2%REACTOME%R-HSA-9762114.3	0.015418876126395385	0.109930669326929	0.3807304007227924	-0.4721437026645455	-1.5851122185577	42	
DNA MODIFICATION%GOBP%GO:0006304	0.015502723055165882	0.11020924996473883	0.3807304007227924	-0.5712055901733384	-1.6649274165300452	23	
NUCLEAR TRANSPORT%GOBP%GO:0051169	0.015541867456500238	0.11032820978853737	0.3807304007227924	-0.3282801348523872	-1.3754959309493624	171	
NUCLEOCYTOPLASMIC TRANSPORT%GOBP%GO:0006913	0.015541867456500238	0.11032820978853737	0.3807304007227924	-0.3282801348523872	-1.3754959309493624	171	
NEGATIVE REGULATION OF MRNA SPLICING, VIA SPLICEOSOME%GOBP%GO:0048025	0.015628505798006984	0.11070378999077465	0.35248785758361917	-0.6456485251654303	-1.6313092701449015	14	
DEOXYRIBOSE PHOSPHATE CATABOLIC PROCESS%GOBP%GO:0046386	0.015881074881146075	0.1120896510966052	0.35248785758361917	-0.6057104126841988	-1.6533633747495666	18	
PROTEIN LOCALIZATION TO SITE OF DOUBLE-STRAND BREAK%GOBP%GO:1990166	0.01612824949933841	0.11342767469320429	0.35248785758361917	-0.651955866348654	-1.6760973593827186	15	
MIRNAS INVOLVED IN DNA DAMAGE RESPONSE%WIKIPATHWAYS_20250810%WP1545%HOMO SAPIENS	0.016177908840149205	0.11367612019890273	0.35248785758361917	-0.7008338596661102	-1.6733507226086484	11	
DNA DAMAGE TELOMERE STRESS INDUCED SENESCENCE%REACTOME%R-HSA-2559586.5	0.016186666719364376	0.11367612019890273	0.35248785758361917	-0.49531076202774454	-1.6332490470699543	40	
TETRAHYDROBIOPTERIN (BH4) SYNTHESIS, RECYCLING, SALVAGE AND REGULATION%REACTOME%R-HSA-1474151.7	0.016368224417377553	0.11425004907200025	0.35248785758361917	-0.7708516186621144	-1.6149552056531629	7	
BIOCARTA_PROTEASOME_PATHWAY%MSIGDB_C2%BIOCARTA_PROTEASOME_PATHWAY	0.016372823404488354	0.11425004907200025	0.35248785758361917	-0.7305740642044373	-1.6514386778985484	9	
SOMATIC CELL DNA RECOMBINATION%GOBP%GO:0016444	0.016438842853699998	0.11454836994871209	0.35248785758361917	-0.587646349433005	-1.6504096957753176	20	
SOMATIC DIVERSIFICATION OF IMMUNE RECEPTORS VIA GERMLINE RECOMBINATION WITHIN A SINGLE LOCUS%GOBP%GO:0002562	0.016438842853699998	0.11454836994871209	0.35248785758361917	-0.587646349433005	-1.6504096957753176	20	
NEGATIVE REGULATION OF P38MAPK CASCADE%GOBP%GO:1903753	0.01667323383090457	0.1158536769930038	0.35248785758361917	-0.8248942652372604	-1.5757619824074933	5	
POSITIVE REGULATION OF NUCLEAR CELL CYCLE DNA REPLICATION%GOBP%GO:0010571	0.016740464612480795	0.11612724978531064	0.35248785758361917	-0.7902735961136645	-1.5956058282634118	6	
B CELL ACTIVATION INVOLVED IN IMMUNE RESPONSE%GOBP%GO:0002312	0.016771577208481794	0.11612724978531064	0.35248785758361917	-0.604657112160246	-1.6504882574122393	18	
NEGATIVE REGULATION OF RNA SPLICING%GOBP%GO:0033119	0.01704208651829602	0.1179173463521733	0.35248785758361917	-0.5854115782540571	-1.6441333221959813	20	
PYRIMIDINE NUCLEOSIDE DIPHOSPHATE BIOSYNTHETIC PROCESS%GOBP%GO:0009139	0.017274055115429673	0.1191038842202525	0.35248785758361917	-0.8245958969116751	-1.5751920215239894	5	
FACTORS INVOLVED IN MEGAKARYOCYTE DEVELOPMENT AND PLATELET PRODUCTION%REACTOME DATABASE ID RELEASE 93%983231	0.017712902996457155	0.12170358890657164	0.35248785758361917	-0.3711169793536222	-1.446346797643477	99	
ONCOGENE INDUCED SENESCENCE%REACTOME DATABASE ID RELEASE 93%2559585	0.017758140573686607	0.12192932502686075	0.35248785758361917	-0.5258784479828509	-1.6324168745935315	31	
CROSS-PRESENTATION OF SOLUBLE EXOGENOUS ANTIGENS (ENDOSOMES)%REACTOME%R-HSA-1236978.5	0.01777371786670243	0.12195123771118616	0.35248785758361917	-0.48725844306242516	-1.5825026506850484	38	
APOPTOTIC DNA FRAGMENTATION AND TISSUE HOMEOSTASIS%SMPDB%SMP0063772	0.017884572655891846	0.1222857655346605	0.35248785758361917	-0.7429392567395098	-1.6063160773279834	8	
PYRIMIDINE NUCLEOSIDE MONOPHOSPHATE BIOSYNTHETIC PROCESS%GOBP%GO:0009130	0.017884572655891846	0.1222857655346605	0.35248785758361917	-0.7432039177235791	-1.6068883033745887	8	
NUCLEOSIDE MONOPHOSPHATE METABOLIC PROCESS%GOBP%GO:0009123	0.018072435814041967	0.12299961272796452	0.35248785758361917	-0.5239227458680624	-1.6263460398861864	31	
ACTOMYOSIN CONTRACTILE RING ORGANIZATION%GOBP%GO:0044837	0.01819560093029883	0.12346925345259979	0.35248785758361917	-0.7418622939520063	-1.6039875657780045	8	
FORMATION OF THE CANONICAL BAF (CBAF) COMPLEX%REACTOME DATABASE ID RELEASE 93%9933937	0.018255750414566587	0.12379209268720566	0.35248785758361917	-0.6030609071260515	-1.6461312133745896	18	
NEGATIVE REGULATION OF DNA REPLICATION%GOBP%GO:0008156	0.01843867376541395	0.12454586804586935	0.35248785758361917	-0.6235971564097328	-1.6609915143935807	17	
REGULATION OF MICROTUBULE CYTOSKELETON ORGANIZATION%GOBP%GO:0070507	0.018442806785585773	0.12454586804586935	0.35248785758361917	-0.3431328091617103	-1.3788174024619761	128	
PROCESSING OF CAPPED INTRONLESS PRE-MRNA%REACTOME DATABASE ID RELEASE 93%75067	0.018509802517770155	0.12480178281450709	0.35248785758361917	-0.5315452248386264	-1.6278829060956743	28	
IMPORT INTO THE MITOCHONDRION%GOBP%GO:0170036	0.018817657861101053	0.12629765460150033	0.35248785758361917	-0.7409598673357173	-1.602036420554214	8	
NEGATIVE REGULATION OF GENE EXPRESSION VIA CHROMOSOMAL CPG ISLAND METHYLATION%GOBP%GO:0044027	0.01884942048156558	0.12642465535524164	0.35248785758361917	-0.6939592835165349	-1.6569365941973861	11	
PYRIMIDINE NUCLEOSIDE MONOPHOSPHATE METABOLIC PROCESS%GOBP%GO:0009129	0.019076521933150712	0.12768690343562333	0.35248785758361917	-0.7241496207742317	-1.6369164345224905	9	
U4 SNRNA 3'-END PROCESSING%GOBP%GO:0034475	0.0194397152604823	0.12969964319032326	0.35248785758361917	-0.7387949285688256	-1.5973555857266795	8	
CHOLESTEROL METABOLIC PROCESS%GOBP%GO:0008203	0.0195205534489817	0.13012176285129623	0.35248785758361917	-0.43566157494842944	-1.5191098096195623	51	
DEPOLYMERIZATION OF THE NUCLEAR LAMINA%REACTOME DATABASE ID RELEASE 93%4419969	0.019739926296281615	0.131058202503836	0.35248785758361917	-0.6930140955619455	-1.654679809761248	11	
REGULATION OF RESPIRATORY GASEOUS EXCHANGE%GOBP%GO:0043576	0.020039504767666284	0.13268928308166927	0.35248785758361917	-0.7627443672660603	-1.5979702924368941	7	
MITOCHONDRIAL TRANSLATION ELONGATION%REACTOME%R-HSA-5389840.3	0.02015674235061429	0.13319683569405927	0.35248785758361917	-0.3840217137954939	-1.4590748198008152	86	
ACTOMYOSIN CONTRACTILE RING ASSEMBLY%GOBP%GO:0000915	0.020345445507824	0.1340838396720449	0.35248785758361917	-0.7619290290174425	-1.596262136525827	7	
ASSEMBLY OF ACTOMYOSIN APPARATUS INVOLVED IN CYTOKINESIS%GOBP%GO:0000912	0.020345445507824	0.1340838396720449	0.35248785758361917	-0.7619290290174425	-1.596262136525827	7	
REGULATION OF CALCIUM-MEDIATED SIGNALING%GOBP%GO:0050848	0.0207361969561761	0.13626239050029162	0.35248785758361917	-0.4783978933153472	-1.548977804475761	37	
POSITIVE REGULATION OF MEIOTIC CELL CYCLE%GOBP%GO:0051446	0.02099486053567102	0.13753519416780896	0.35248785758361917	-0.735962761796672	-1.5912321308432347	8	
RESPIRATORY ELECTRON TRANSPORT%REACTOME DATABASE ID RELEASE 93%611105	0.021015616038036443	0.1375796246745391	0.35248785758361917	-0.3362667960028313	-1.3740060606583835	145	
5Q35 COPY NUMBER VARIATION%WIKIPATHWAYS_20250810%WP5380%HOMO SAPIENS	0.021394849733878545	0.13913717997342678	0.35248785758361917	-0.3917105410677622	-1.4409691503239446	71	
MITOTIC INTRA-S DNA DAMAGE CHECKPOINT SIGNALING%GOBP%GO:0031573	0.02147981639229026	0.13934058231614388	0.35248785758361917	-0.6503033027774964	-1.6103263443435016	13	
SPLICEOSOMAL SNRNP ASSEMBLY%GOBP%GO:0000387	0.021482930095426664	0.13934058231614388	0.35248785758361917	-0.48216815433652604	-1.5659705710132026	38	
VALIDATED TARGETS OF C-MYC TRANSCRIPTIONAL ACTIVATION%PATHWAY INTERACTION DATABASE NCI-NATURE CURATED DATA%VALIDATED TARGETS OF C-MYC TRANSCRIPTIONAL ACTIVATION	0.02152519050404782	0.13934058231614388	0.35248785758361917	-0.3867388124043719	-1.4299356237501126	74	
DNA METHYLATION%REACTOME DATABASE ID RELEASE 93%5334118	0.021566428555162397	0.13951580522610313	0.35248785758361917	-0.6151407776271226	-1.609378581456031	16	
CENTROMERIC SISTER CHROMATID COHESION%GOBP%GO:0070601	0.021616919264421008	0.13975061528397192	0.35248785758361917	-0.7332716309306826	-1.5854136110422976	8	
PURINE NUCLEOBASE METABOLIC PROCESS%GOBP%GO:0006144	0.021780228541858952	0.140437544350454	0.35248785758361917	-0.7195642137015864	-1.6265512724332474	9	
DNA TOPOLOGICAL CHANGE%GOBP%GO:0006265	0.021927948746327305	0.1411127995793063	0.35248785758361917	-0.7312825213611489	-1.5811129382051519	8	
PHOSPHATIDYLSERINE METABOLIC PROCESS%GOBP%GO:0006658	0.02216967559888516	0.142276891417205	0.35248785758361917	-0.6145322247309057	-1.6077864385962577	16	
REGULATION OF UBIQUITIN-PROTEIN TRANSFERASE ACTIVITY%GOBP%GO:0051438	0.02216967559888516	0.142276891417205	0.35248785758361917	-0.6136245738686293	-1.6054117726493462	16	
ESTABLISHMENT OF MITOTIC SPINDLE ORIENTATION%GOBP%GO:0000132	0.022181091643856357	0.142276891417205	0.35248785758361917	-0.5476323870661669	-1.637762676971796	26	
GOLGI CISTERNAE PERICENTRIOLAR STACK REORGANIZATION%REACTOME%R-HSA-162658.3	0.022981877771323187	0.1460810642585204	0.35248785758361917	-0.6462050356334194	-1.6001779297190064	13	
PYRIMIDINE DEOXYRIBONUCLEOTIDE CATABOLIC PROCESS%GOBP%GO:0009223	0.023282290224271356	0.1477045293480514	0.35248785758361917	-0.645581476420253	-1.598633828952593	13	
G BETA:GAMMA SIGNALLING THROUGH CDC42%REACTOME%R-HSA-8964616.2	0.02337617042678858	0.14810924969250988	0.35248785758361917	-0.6112978086508121	-1.5993243106539363	16	
HIPPOCAMPAL SYNAPTOGENESIS AND NEUROGENESIS%WIKIPATHWAYS_20250810%WP5231%HOMO SAPIENS	0.02337617042678858	0.14810924969250988	0.35248785758361917	-0.6112907815197115	-1.5993059257334536	16	
DNA DOUBLE STRAND BREAK RESPONSE%REACTOME%R-HSA-5693606.4	0.02339479274908157	0.14813191601765732	0.35248785758361917	-0.42992575968931973	-1.4991095761187985	51	
CROSSLINKING OF COLLAGEN FIBRILS%REACTOME%R-HSA-2243919.5	0.023483097206649747	0.14826093320114636	0.35248785758361917	-0.7304435104419238	-1.579298904666906	8	
NUCLEOSIDE DIPHOSPHATE BIOSYNTHETIC PROCESS%GOBP%GO:0009133	0.023483097206649747	0.14826093320114636	0.35248785758361917	-0.7294854584021897	-1.5772274911827193	8	
ESTABLISHMENT OF MEIOTIC SPINDLE LOCALIZATION%GOBP%GO:0051295	0.023677794274272072	0.14877572586118878	0.35248785758361917	-0.7758335154246235	-1.5664505116473246	6	
GOLGI DISASSEMBLY%GOBP%GO:0090166	0.023677794274272072	0.14877572586118878	0.35248785758361917	-0.7739687387264962	-1.562685424995595	6	
SPINA BIFIDA%WIKIPATHWAYS_20250810%WP5150%HOMO SAPIENS	0.023677794274272072	0.14877572586118878	0.35248785758361917	-0.7739766169152157	-1.5627013314916476	6	
NEGATIVE REGULATION OF CENTRIOLE REPLICATION%GOBP%GO:0046600	0.023710798633307023	0.14879319524763604	0.35248785758361917	-0.7555930890876542	-1.5829881692348502	7	
PLASMA MEMBRANE PHOSPHOLIPID SCRAMBLING%GOBP%GO:0017121	0.023883115289485522	0.14947672219382807	0.35248785758361917	-0.7152314974819415	-1.616757309718089	9	
SECONDARY ALCOHOL METABOLIC PROCESS%GOBP%GO:1902652	0.024223607768154357	0.1513360673129745	0.35248785758361917	-0.4144375590285961	-1.4632156519176012	58	
HALLMARK_ANDROGEN_RESPONSE%MSIGDBHALLMARK%HALLMARK_ANDROGEN_RESPONSE	0.02426484702487386	0.15149758009315664	0.35248785758361917	-0.40748235046738057	-1.4465907114445058	60	
TRNA 5'-END PROCESSING%GOBP%GO:0099116	0.024428796943410273	0.15169304536472175	0.35248785758361917	-0.6224043828915417	-1.5725801268261803	14	
OMEGA 9 FATTY ACID SYNTHESIS%WIKIPATHWAYS_20250810%WP4724%HOMO SAPIENS	0.024489301432153426	0.15169304536472175	0.35248785758361917	-0.6805937491368748	-1.6250242853045052	11	
COLUMNAR/CUBOIDAL EPITHELIAL CELL DIFFERENTIATION%GOBP%GO:0002065	0.024586868370130133	0.15187095732264821	0.35248785758361917	-0.5837347908576475	-1.6179415270672788	19	
ADP SIGNALLING THROUGH P2Y PURINOCEPTOR 12%REACTOME DATABASE ID RELEASE 93%392170	0.024884290164930097	0.1532382433842982	0.35248785758361917	-0.6079085241359758	-1.590457004009628	16	
GDNF RET SIGNALING AXIS%WIKIPATHWAYS_20250810%WP4830%HOMO SAPIENS	0.024884290164930097	0.1532382433842982	0.35248785758361917	-0.6080658581104658	-1.5908686332462008	16	
IMMUNOGLOBULIN PRODUCTION%GOBP%GO:0002377	0.025086601467083997	0.15399169454171385	0.35248785758361917	-0.5125101591249585	-1.5858099063721545	29	
PRODUCTION OF MOLECULAR MEDIATOR OF IMMUNE RESPONSE%GOBP%GO:0002440	0.025086601467083997	0.15399169454171385	0.35248785758361917	-0.5125101591249585	-1.5858099063721545	29	
SOMATIC DIVERSIFICATION OF IMMUNOGLOBULINS%GOBP%GO:0016445	0.025086601467083997	0.15399169454171385	0.35248785758361917	-0.5125101591249585	-1.5858099063721545	29	
NEGATIVE REGULATION OF OXIDOREDUCTASE ACTIVITY%GOBP%GO:0051354	0.025385178793896856	0.15563042989085207	0.35248785758361917	-0.8096636135210389	-1.546667487569651	5	
MRNA EXPORT FROM NUCLEUS%GOBP%GO:0006406	0.025933928335880974	0.15850121563940664	0.35248785758361917	-0.42952555833267597	-1.5112117177566762	54	
CENTROSOME SEPARATION%GOBP%GO:0051299	0.026158332575683382	0.15952644791995677	0.35248785758361917	-0.7507888824328519	-1.5729232250116385	7	
OLFACTORY BULB DEVELOPMENT%GOBP%GO:0021772	0.026249554238548897	0.15973616256659606	0.35248785758361917	-0.7121941537679484	-1.6542855319393868	10	
REGULATION OF PRESYNAPSE ASSEMBLY%GOBP%GO:1905606	0.026249554238548897	0.15973616256659606	0.35248785758361917	-0.7122025748328603	-1.6543050924002156	10	
REGULATION OF PRESYNAPSE ORGANIZATION%GOBP%GO:0099174	0.026249554238548897	0.15973616256659606	0.35248785758361917	-0.7122025748328603	-1.6543050924002156	10	
POSITIVE REGULATION OF MAINTENANCE OF MITOTIC SISTER CHROMATID COHESION%GOBP%GO:0034184	0.02639241102613525	0.16040720923662202	0.35248785758361917	-0.7669158139736485	-1.5484451822527154	6	
POSITIVE REGULATION OF MAINTENANCE OF SISTER CHROMATID COHESION%GOBP%GO:0034093	0.02639241102613525	0.16040720923662202	0.35248785758361917	-0.7669158139736485	-1.5484451822527154	6	
EARLY PHASE OF HIV LIFE CYCLE%REACTOME%R-HSA-162594.4	0.026567157108902114	0.1611708126273877	0.35248785758361917	-0.6776763027440429	-1.6180584246197158	11	
PARKINSON DISEASE%PANTHER PATHWAY%P00049	0.026648801311477444	0.16156656263103872	0.35248785758361917	-0.47679950349930644	-1.5604556753058714	39	
MHC CLASS II ANTIGEN PRESENTATION%REACTOME DATABASE ID RELEASE 93%2132295	0.026726241882009314	0.16182888012270258	0.35248785758361917	-0.3854706737009846	-1.456871114207369	83	
REGULATION OF GLYCOPROTEIN METABOLIC PROCESS%GOBP%GO:1903018	0.026935464750952848	0.16250403550115303	0.35248785758361917	-0.514396607092969	-1.5609383044869032	27	
REGULATION OF T CELL DIFFERENTIATION IN THYMUS%GOBP%GO:0033081	0.027159933433847195	0.1626676015775801	0.35248785758361917	-0.7101495466499431	-1.6495363157938714	10	
MITOCHONDRIAL COMPLEX I ASSEMBLY MODEL OXPHOS SYSTEM%WIKIPATHWAYS_20250810%WP4324%HOMO SAPIENS	0.02727215806033976	0.1631358859429558	0.35248785758361917	-0.46046687757250737	-1.526376755866322	41	
CHEMOKINE RECEPTORS BIND CHEMOKINES%REACTOME%R-HSA-380108.6	0.027297284004499628	0.16318704208154422	0.35248785758361917	-0.7637568641537644	-1.5420670889334067	6	
REGULATION OF OXIDOREDUCTASE ACTIVITY%GOBP%GO:0051341	0.027766853075856017	0.16474723028536362	0.35248785758361917	-0.7095946212950657	-1.6482473344381228	10	
SMC1 SMC3 ROLE IN DNA DAMAGE CORNELIA DE LANGE SYNDROME%WIKIPATHWAYS_20250810%WP5118%HOMO SAPIENS	0.027766853075856017	0.16474723028536362	0.35248785758361917	-0.7087445343840136	-1.6462727514253246	10	
SNRNA PROCESSING%GOBP%GO:0016180	0.027766853075856017	0.16474723028536362	0.35248785758361917	-0.48159184159833673	-1.5516612405586365	34	
HOMOLOGOUS CHROMOSOME PAIRING AT MEIOSIS%GOBP%GO:0007129	0.027775787352600407	0.16474723028536362	0.35248785758361917	-0.6548553119463024	-1.6105150189125257	12	
REGULATION OF NUCLEAR CELL CYCLE DNA REPLICATION%GOBP%GO:0033262	0.028088895612508047	0.16600436146503855	0.35248785758361917	-0.7072438470483319	-1.5987014882512258	9	
PATHWAYS AFFECTED IN ADENOID CYSTIC CARCINOMA%WIKIPATHWAYS_20250810%WP3651%HOMO SAPIENS	0.028145412505088542	0.1661389277728428	0.35248785758361917	-0.4339391845506224	-1.4873989158250662	47	
SKELETAL SYSTEM MORPHOGENESIS%GOBP%GO:0048705	0.028145412505088542	0.1661389277728428	0.35248785758361917	-0.39902641138867745	-1.4712355156528718	68	
ACYL-COA METABOLIC PROCESS%GOBP%GO:0006637	0.02818465230720325	0.16617130935133126	0.35248785758361917	-0.39753252526202	-1.4481761847773826	66	
THIOESTER METABOLIC PROCESS%GOBP%GO:0035383	0.02818465230720325	0.16617130935133126	0.35248785758361917	-0.39753252526202	-1.4481761847773826	66	
STEROID BIOSYNTHETIC PROCESS%GOBP%GO:0006694	0.028357918612370484	0.16679334925770598	0.35248785758361917	-0.4602294841115614	-1.5455412385036131	43	
POSITIVE REGULATION OF MITOTIC NUCLEAR DIVISION%GOBP%GO:0045840	0.02860586915138856	0.16795073802300045	0.35248785758361917	-0.5308935672507971	-1.587703157123025	26	
REGULATION OF ENDOGENOUS RETROELEMENTS BY PIWI-INTERACTING RNAS (PIRNAS)%REACTOME%R-HSA-9845323.1	0.028805406299781247	0.16871982773804053	0.35248785758361917	-0.4431539126788477	-1.5096385963735655	46	
POSITIVE REGULATION OF TRANSFERASE ACTIVITY%GOBP%GO:0051347	0.028848652543387733	0.16877233092227906	0.35248785758361917	-0.35563423823405743	-1.3913451637968315	103	
PATHWAYS INTO METHIONINE AND FOLATE CYCLES%WIKIPATHWAYS_20250810%WP5488%HOMO SAPIENS	0.028922027377918012	0.1691011173176845	0.35248785758361917	-0.5464818318766325	-1.5723832854133202	22	
RESPONSE TO LIGHT STIMULUS%GOBP%GO:0009416	0.028951471307437658	0.1691728109750927	0.35248785758361917	-0.32068077111594484	-1.3198857499492387	154	
HALLMARK_MYC_TARGETS_V2%MSIGDBHALLMARK%HALLMARK_MYC_TARGETS_V2	0.029048465394815794	0.1695383107174356	0.35248785758361917	-0.433053088988664	-1.4843616755271218	47	
NORADRENERGIC NEURON DIFFERENTIATION%GOBP%GO:0003357	0.029290548376765146	0.17054685944271417	0.35248785758361917	-0.8028794762161547	-1.5337080258556164	5	
SENSORY PERCEPTION OF TASTE%REACTOME%R-HSA-9717189.3	0.02959096163752162	0.17209250341585228	0.35248785758361917	-0.6363669516924074	-1.5758161808544235	13	
MRNA TRANSPORT%GOBP%GO:0051028	0.02963915254187339	0.17227101294408817	0.35248785758361917	-0.4030121040249063	-1.4473982703039159	63	
OXYGEN-DEPENDENT PROLINE HYDROXYLATION OF HYPOXIA-INDUCIBLE FACTOR ALPHA%REACTOME DATABASE ID RELEASE 93%1234176	0.030072534772501148	0.17345880338022632	0.35248785758361917	-0.4200489707428029	-1.4626209443993061	52	
NEGATIVE REGULATION OF CDH1 GENE TRANSCRIPTION%REACTOME DATABASE ID RELEASE 93%9764725	0.030197333802224936	0.17397480902089335	0.35248785758361917	-0.4556945867216303	-1.5303121600319223	43	
HEMATOPOIETIC OR LYMPHOID ORGAN DEVELOPMENT%GOBP%GO:0048534	0.030313529318440665	0.1743611856860081	0.35248785758361917	-0.5647455614807446	-1.5860926409450231	20	
REGULATION OF NEURON DIFFERENTIATION%GOBP%GO:0045664	0.030317524872480794	0.1743611856860081	0.35248785758361917	-0.39596143640903125	-1.4424528456378547	66	
EMBRYONIC DIGESTIVE TRACT MORPHOGENESIS%GOBP%GO:0048557	0.030441522929218957	0.17495700273678508	0.35248785758361917	-0.7435431026591671	-1.5577431183851027	7	
BIOCARTA_DNAFRAGMENT_PATHWAY%MSIGDB_C2%BIOCARTA_DNAFRAGMENT_PATHWAY	0.030615153999571005	0.175132057419802	0.35248785758361917	-0.7572986746236829	-1.5290276492951556	6	
TELOMERE MAINTENANCE VIA TELOMERE LENGTHENING%GOBP%GO:0010833	0.030629433564584505	0.175132057419802	0.35248785758361917	-0.50965887774771	-1.546561648207812	27	
CELLULAR RESPONSE TO CADMIUM ION%GOBP%GO:0071276	0.03080145311113026	0.17580933758387743	0.35248785758361917	-0.7029152896553622	-1.6327325739811216	10	
RESPONSE TO CADMIUM ION%GOBP%GO:0046686	0.03080145311113026	0.17580933758387743	0.35248785758361917	-0.7029152896553622	-1.6327325739811216	10	
REGULATION OF UNSATURATED FATTY ACID BIOSYNTHETIC PROCESS%GOBP%GO:2001279	0.03122137505795978	0.17779390330865935	0.35248785758361917	-0.756395426169403	-1.5272039410185454	6	
MULTI-CILIATED EPITHELIAL CELL DIFFERENTIATION%GOBP%GO:1903251	0.03166830680725573	0.17971535955287601	0.3217759180753611	-0.7428305269368077	-1.5562502527746709	7	
REGULATION OF TRIGLYCERIDE BIOSYNTHETIC PROCESS%GOBP%GO:0010866	0.032433818263607084	0.1832147875062968	0.3217759180753611	-0.5966489132973861	-1.560998744732691	16	
THE ONCOGENIC ACTION OF FUMARATE%PATHWHIZ%PW002363	0.03248248530280589	0.18327939844780905	0.3217759180753611	-0.5051658334710247	-1.5329274896256457	27	
THE ONCOGENIC ACTION OF SUCCINATE%PATHWHIZ%PW002360	0.03248248530280589	0.18327939844780905	0.3217759180753611	-0.5051658334710247	-1.5329274896256457	27	
NUCLEOTIDE METABOLIC PROCESS%GOBP%GO:0009117	0.032565129268722896	0.18353535362326595	0.3217759180753611	-0.2911370453119456	-1.269113437700229	262	
RNA EXPORT FROM NUCLEUS%GOBP%GO:0006405	0.033375879374998155	0.1871567563280359	0.3217759180753611	-0.4002845802013982	-1.4688479536147536	70	
PURINE NUCLEOBASE BIOSYNTHETIC PROCESS%GOBP%GO:0009113	0.0334452678976073	0.187422941217895	0.3217759180753611	-0.7177830377970805	-1.5519255755939028	8	
H19 RB E2F1 AND CDK BETA CATENIN IN COLORECTAL CANCER%WIKIPATHWAYS_20250810%WP3969%HOMO SAPIENS	0.03351113723693836	0.18768524302326228	0.3217759180753611	-0.7002973704895858	-1.58299920613323	9	
RIBONUCLEOSIDE MONOPHOSPHATE BIOSYNTHETIC PROCESS%GOBP%GO:0009156	0.03370879525911675	0.18836367657279426	0.3217759180753611	-0.5739325700371692	-1.5666217238535194	18	
NEGATIVE REGULATION OF INTRACELLULAR PROTEIN TRANSPORT%GOBP%GO:0090317	0.03378248247772328	0.18860003015177537	0.3217759180753611	-0.5369737085764041	-1.5450257169071764	22	
OAS ANTIVIRAL RESPONSE%REACTOME DATABASE ID RELEASE 93%8983711	0.03412790663393722	0.18984371113996942	0.3217759180753611	-0.7410574797509062	-1.552535670469311	7	
SIGNAL AMPLIFICATION%REACTOME DATABASE ID RELEASE 93%392518	0.03418356702332966	0.19004596324771533	0.3217759180753611	-0.5394807066674483	-1.5724569833902897	23	
PTDINS 4 5 P2 IN CYTOKINESIS PATHWAY%WIKIPATHWAYS_20250810%WP5199%HOMO SAPIENS	0.034252485505231536	0.19032165478809804	0.3217759180753611	-0.7526069212266445	-1.5195547413023995	6	
EFFECT OF PROGERIN ON GENES INVOLVED IN PROGERIA%WIKIPATHWAYS_20250810%WP4320%HOMO SAPIENS	0.034858708500255416	0.192626152425262	0.3217759180753611	-0.5911812106563695	-1.546693720841791	16	
MAINTENANCE OF DNA REPEAT ELEMENTS%GOBP%GO:0043570	0.03532250231619967	0.19461967420554108	0.3217759180753611	-0.7960230628050939	-1.5206104980340223	5	
MAPK6 MAPK4 SIGNALING%REACTOME%R-HSA-5687128.5	0.03539357374943146	0.194793251613696	0.3217759180753611	-0.3869270054139915	-1.4270410493654588	69	
PROTEIN IMPORT INTO NUCLEUS%GOBP%GO:0006606	0.03539357374943146	0.194793251613696	0.3217759180753611	-0.3930518127623156	-1.44920679414473	68	
DEREGULATED CDK5 TRIGGERS MULTIPLE NEURODEGENERATIVE PATHWAYS IN ALZHEIMER'S DISEASE MODELS%REACTOME DATABASE ID RELEASE 93%8862803	0.03549859725391356	0.19515309244111273	0.3217759180753611	-0.5688749781732089	-1.5528163855644728	18	
NEURODEGENERATIVE DISEASES%REACTOME DATABASE ID RELEASE 93%8863678	0.03549859725391356	0.19515309244111273	0.3217759180753611	-0.5688749781732089	-1.5528163855644728	18	
METABOTROPIC GLUTAMATE RECEPTOR GROUP II PATHWAY%PANTHER PATHWAY%P00040	0.03569166556847656	0.1958863652102677	0.3217759180753611	-0.49539313557896736	-1.5377852375940668	31	
ACTIVATED NTRK2 SIGNALS THROUGH CDK5%REACTOME DATABASE ID RELEASE 93%9032845	0.0359262911967318	0.19695448948943278	0.3217759180753611	-0.7955834205679404	-1.5197706673401237	5	
FATTY ACID DERIVATIVE CATABOLIC PROCESS%GOBP%GO:1901569	0.0359262911967318	0.19695448948943278	0.3217759180753611	-0.6932261202067311	-1.5670148771098287	9	
FATTY ACYL-COA BIOSYNTHESIS%REACTOME%R-HSA-75105.12	0.035972609720792303	0.19709867296100225	0.3217759180753611	-0.5162220926613087	-1.5438262899648725	26	
MITOCHONDRIAL RESPIRATORY CHAIN COMPLEX I ASSEMBLY%GOBP%GO:0032981	0.03634422758980875	0.198692540171714	0.3217759180753611	-0.4615733411695939	-1.499083384364991	38	
NADH DEHYDROGENASE COMPLEX ASSEMBLY%GOBP%GO:0010257	0.03634422758980875	0.198692540171714	0.3217759180753611	-0.4615733411695939	-1.499083384364991	38	
CELLULAR RESPONSE TO IONIZING RADIATION%GOBP%GO:0071479	0.0364384786476017	0.19886669189321304	0.3217759180753611	-0.4245970776844818	-1.4643567164610396	49	
NUCLEOSIDE DIPHOSPHATE METABOLIC PROCESS%GOBP%GO:0009132	0.03645687374235725	0.19886669189321304	0.3217759180753611	-0.4508423968354159	-1.5279442173065096	44	
COMPLEX I BIOGENESIS%REACTOME DATABASE ID RELEASE 93%6799198	0.03651284288973966	0.19893538207560055	0.3217759180753611	-0.39930163533822194	-1.44875699621126	65	
BIOCARTA_CDC42RAC_PATHWAY%MSIGDB_C2%BIOCARTA_CDC42RAC_PATHWAY	0.036587511280107225	0.19912121898965082	0.3217759180753611	-0.7342794379791397	-1.5383354877383633	7	
PROTEIN O-LINKED GLYCOSYLATION VIA GLUCOSE%GOBP%GO:0180059	0.03667737902708925	0.19912121898965082	0.3217759180753611	-0.7486279764952704	-1.511521033185438	6	
VERY-LOW-DENSITY LIPOPROTEIN PARTICLE ASSEMBLY%GOBP%GO:0034379	0.03667737902708925	0.19912121898965082	0.3217759180753611	-0.7480942418741121	-1.510443393648379	6	
FATTY ACID DERIVATIVE METABOLIC PROCESS%GOBP%GO:1901568	0.037208585698303896	0.2014991065264769	0.3217759180753611	-0.4271362507665114	-1.4640807258685749	47	
GLUCAGON-TYPE LIGAND RECEPTORS%REACTOME%R-HSA-420092.5	0.03735519506660425	0.20194254102188794	0.3217759180753611	-0.6154025711067311	-1.5821233884529757	15	
ADHERENS JUNCTIONS INTERACTIONS%REACTOME DATABASE ID RELEASE 93%418990	0.037369420042847844	0.20194254102188794	0.3217759180753611	-0.3124950885311316	-1.3007570517667992	159	
MITOTIC CYTOKINETIC PROCESS%GOBP%GO:1902410	0.03758672173182325	0.202894113032638	0.3217759180753611	-0.49214590914372314	-1.522798805458137	29	
POSITIVE REGULATION OF SMAD PROTEIN SIGNAL TRANSDUCTION%GOBP%GO:0060391	0.03781731511668106	0.20380365880615312	0.3217759180753611	-0.5072453791046182	-1.5534634557033522	28	
BIOCARTA_MPR_PATHWAY%MSIGDB_C2%BIOCARTA_MPR_PATHWAY	0.037885003173390476	0.20385969326492018	0.3217759180753611	-0.6632545401217003	-1.5836242051930394	11	
ISOPRENOID BIOSYNTHETIC PROCESS%GOBP%GO:0008299	0.03788982720645988	0.20385969326492018	0.3217759180753611	-0.5814841813145933	-1.521323607375073	16	
BIOCARTA_BTG2_PATHWAY%MSIGDB_C2%BIOCARTA_BTG2_PATHWAY	0.038432217370969524	0.20621450258014493	0.3217759180753611	-0.7333154522729762	-1.5363159113417464	7	
BUNDLE OF HIS DEVELOPMENT%GOBP%GO:0003166	0.03894523896031733	0.2085126823291378	0.3217759180753611	-0.7900912882756101	-1.5092792702807474	5	
HIS-PURKINJE SYSTEM DEVELOPMENT%GOBP%GO:0003164	0.03894523896031733	0.2085126823291378	0.3217759180753611	-0.7900912882756101	-1.5092792702807474	5	
REGULATION OF APOPTOSIS%REACTOME DATABASE ID RELEASE 93%169911	0.0391528214466752	0.2092826709902085	0.3217759180753611	-0.4586937955280713	-1.5011998360027885	39	
PYRIMIDINE NUCLEOTIDE CATABOLIC PROCESS%GOBP%GO:0006244	0.039708501004980044	0.2115202722153696	0.3217759180753611	-0.5774426763461838	-1.5107499114511962	16	
PROTEIN LOCALIZATION TO MICROTUBULE CYTOSKELETON%GOBP%GO:0072698	0.03974329713573367	0.2115202722153696	0.3217759180753611	-0.4710781458051654	-1.515905409359377	35	
ADP SIGNALLING THROUGH P2Y PURINOCEPTOR 1%REACTOME DATABASE ID RELEASE 93%418592	0.04086801489399086	0.21645318700711888	0.3217759180753611	-0.5604016996755049	-1.5296874975038	18	
MERCAPTOPURINE METABOLISM PATHWAY%SMPDB%SMP0000609	0.04086801489399086	0.21645318700711888	0.3217759180753611	-0.6554594095260221	-1.5650121087094004	11	
INWARDLY RECTIFYING K+ CHANNELS%REACTOME DATABASE ID RELEASE 93%1296065	0.0412536417774059	0.21797437096830222	0.3217759180753611	-0.5095530619169624	-1.4946883454629862	24	
NEGATIVE REGULATION OF CILIUM ASSEMBLY%GOBP%GO:1902018	0.0412536417774059	0.21797437096830222	0.3217759180753611	-0.5116865698357419	-1.500946632694459	24	
MICROTUBULE DEPOLYMERIZATION%GOBP%GO:0007019	0.04136040061560522	0.21835630266018713	0.3217759180753611	-0.6158942483429575	-1.5251202465069569	13	
MULTICELLULAR ORGANISMAL REPRODUCTIVE PROCESS%GOBP%GO:0048609	0.04154705235908433	0.21922415730307843	0.3217759180753611	-0.28750233107673046	-1.2442575382432561	238	
SNRNA 3'-END PROCESSING%GOBP%GO:0034472	0.04169530264488137	0.21988856445715158	0.3217759180753611	-0.5266272237863004	-1.5152559445235725	22	
HCMV LATE EVENTS%REACTOME DATABASE ID RELEASE 93%9610379	0.04186479574506381	0.22058710311126944	0.3217759180753611	-0.39442317453996517	-1.395227539944771	59	
LYMPHOCYTE COSTIMULATION%GOBP%GO:0031294	0.042133401888345606	0.22136898345392253	0.3217759180753611	-0.5752929104716679	-1.5051255287417014	16	
HALLMARK OF CANCER METASTASIS AND EPITHELIAL TO MESENCHYMAL TRANSITION%WIKIPATHWAYS_20250810%WP5469%HOMO SAPIENS	0.042294619110002867	0.22209750387044705	0.3217759180753611	-0.6074798069813238	-1.561754948325303	15	
AZATHIOPRINE ADME%REACTOME%R-HSA-9748787.3	0.042482675834290023	0.22264439553420784	0.3217759180753611	-0.5818616575012042	-1.5498263032897308	17	
BIOCARTA_EFP_PATHWAY%MSIGDB_C2%BIOCARTA_EFP_PATHWAY	0.04265782384427341	0.2230530714661264	0.3217759180753611	-0.651272501022758	-1.5550152081989554	11	
GOLGI INHERITANCE%GOBP%GO:0048313	0.04265782384427341	0.2230530714661264	0.3217759180753611	-0.6496248363039263	-1.5510811503479442	11	
ORGANELLE INHERITANCE%GOBP%GO:0048308	0.04265782384427341	0.2230530714661264	0.3217759180753611	-0.6496248363039263	-1.5510811503479442	11	
DOUBLE-STRAND BREAK REPAIR VIA ALTERNATIVE NONHOMOLOGOUS END JOINING%GOBP%GO:0097681	0.04273653852069411	0.22322756407148764	0.3217759180753611	-0.7277705247496224	-1.5246991366577265	7	
NEGATIVE REGULATION OF CATION CHANNEL ACTIVITY%GOBP%GO:2001258	0.04273653852069411	0.22322756407148764	0.3217759180753611	-0.7265432616140766	-1.522127986852144	7	
REGULATION OF FIBROBLAST APOPTOTIC PROCESS%GOBP%GO:2000269	0.04335144221126937	0.22536426779166852	0.3217759180753611	-0.72478757087122	-1.5184497667692516	7	
LONG-CHAIN FATTY ACID BIOSYNTHETIC PROCESS%GOBP%GO:0042759	0.04342027381685915	0.22536426779166852	0.3217759180753611	-0.6273627484003732	-1.5429013251829455	12	
MIR 517 RELATIONSHIP WITH ARCN1 AND USP1%WIKIPATHWAYS_20250810%WP3596%HOMO SAPIENS	0.04498314768353498	0.23310740636425548	0.3217759180753611	-0.784308005234056	-1.4982316997805913	5	
REGULATION OF ANAPHASE-PROMOTING COMPLEX-DEPENDENT CATABOLIC PROCESS%GOBP%GO:1905784	0.04498314768353498	0.23310740636425548	0.3217759180753611	-0.7851702893633734	-1.4998788861004295	5	
NEGATIVE REGULATION OF CENTROSOME CYCLE%GOBP%GO:0046606	0.04504423765996015	0.23317852996843724	0.3217759180753611	-0.646087145515448	-1.5426343589213907	11	
NEGATIVE REGULATION OF CENTROSOME DUPLICATION%GOBP%GO:0010826	0.04504423765996015	0.23317852996843724	0.3217759180753611	-0.646087145515448	-1.5426343589213907	11	
PID_ARF6_DOWNSTREAM_PATHWAY%MSIGDB_C2%PID_ARF6_DOWNSTREAM_PATHWAY	0.045192503090498166	0.23382311373044926	0.3217759180753611	-0.6265593214061801	-1.5409254211669852	12	
TRNA 5'-LEADER REMOVAL%GOBP%GO:0001682	0.045783246407618446	0.23658711213627656	0.3217759180753611	-0.6234362670379018	-1.533244753585556	12	
CHOLESTEROL METABOLISM%WIKIPATHWAYS_20250810%WP5304%HOMO SAPIENS	0.04579880517283599	0.23658711213627656	0.3217759180753611	-0.4564864474947381	-1.505228863428911	40	
THROMBIN SIGNALLING THROUGH PROTEINASE ACTIVATED RECEPTORS (PARS)%REACTOME%R-HSA-456926.4	0.0459560643332387	0.23716237644280178	0.3217759180753611	-0.5217122123229788	-1.5011140619910779	22	
PID_RB_1PATHWAY%MSIGDB_C2%PID_RB_1PATHWAY	0.04749368374994726	0.24393469494104367	0.3217759180753611	-0.4143463962081161	-1.42024136661961	47	
NEGATIVE REGULATION OF DOUBLE-STRAND BREAK REPAIR%GOBP%GO:2000780	0.04775342709319219	0.2451408984147916	0.3217759180753611	-0.4588385669813264	-1.4765190699323474	35	
CYTOKINETIC PROCESS%GOBP%GO:0032506	0.048785814852592604	0.24845566860465115	0.3217759180753611	-0.4361202401123564	-1.4641718558588446	42	
NUCLEOLAR CHROMATIN ORGANIZATION%GOBP%GO:1990700	0.04907351522603698	0.24944647956404753	0.3217759180753611	-0.7021890459920452	-1.5182096566692798	8	
G BETA:GAMMA SIGNALLING THROUGH BTK%REACTOME%R-HSA-8964315.2	0.050200803212851405	0.253866003304435	0.2878571172551493	-0.6091643676013946	-1.508455246950378	13	
INACTIVATION OF APC C VIA DIRECT INHIBITION OF THE APC C COMPLEX%REACTOME DATABASE ID RELEASE 93%141430	0.05040322580645161	0.25423676295610786	0.2878571172551493	-0.5342312586552308	-1.5186544864143066	21	
INHIBITION OF THE PROTEOLYTIC ACTIVITY OF APC C REQUIRED FOR THE ONSET OF ANAPHASE BY MITOTIC SPINDLE CHECKPOINT COMPONENTS%REACTOME%R-HSA-141405.6	0.05040322580645161	0.25423676295610786	0.2878571172551493	-0.5342312586552308	-1.5186544864143066	21	
MITOCHONDRIAL TRANSMEMBRANE TRANSPORT%GOBP%GO:1990542	0.05040322580645161	0.25423676295610786	0.2878571172551493	-0.5412523355907769	-1.52011171920314	20	
NEGATIVE REGULATION OF KERATINOCYTE PROLIFERATION%GOBP%GO:0010839	0.05040322580645161	0.25423676295610786	0.2878571172551493	-0.7460931696526353	-1.506403118843468	6	
OLFACTORY SIGNALING PATHWAY%REACTOME%R-HSA-381753.8	0.05040322580645161	0.25423676295610786	0.2878571172551493	-0.7440193015553944	-1.5022158651641344	6	
HYDROGEN PEROXIDE CATABOLIC PROCESS%GOBP%GO:0042744	0.05070993914807302	0.25565287294005473	0.2878571172551493	-0.6596148788214028	-1.5321543218420428	10	
SPINAL CORD DEVELOPMENT%GOBP%GO:0021510	0.0508130081300813	0.2559734036022351	0.2878571172551493	-0.5019847304540375	-1.486645505393253	25	
ORGANELLE BIOGENESIS AND MAINTENANCE%REACTOME DATABASE ID RELEASE 93%1852241	0.050825513309198614	0.2559734036022351	0.3217759180753611	-0.2815567699624035	-1.2273514689684768	262	
RETINA DEVELOPMENT IN CAMERA-TYPE EYE%GOBP%GO:0060041	0.05102040816326531	0.25641017073975253	0.2878571172551493	-0.4355511960283117	-1.462261423239651	42	
NEURONAL ACTION POTENTIAL%GOBP%GO:0019228	0.05112474437627812	0.25641017073975253	0.2878571172551493	-0.719323478423896	-1.507002343778441	7	
CENTRAL NERVOUS SYSTEM NEURON DIFFERENTIATION%GOBP%GO:0021953	0.05113605616037498	0.25641017073975253	0.3217759180753611	-0.38042398316038506	-1.385851263787538	66	
METANEPHROS DEVELOPMENT%GOBP%GO:0001656	0.051440329218107	0.25641017073975253	0.2878571172551493	-0.48444338919601787	-1.4700451599496116	27	
DRUG ADME%REACTOME%R-HSA-9748784.5	0.051538523855274805	0.25641017073975253	0.3217759180753611	-0.458756214592665	-1.4780861625196127	34	
SLBP DEPENDENT PROCESSING OF REPLICATION-DEPENDENT HISTONE PRE-MRNAS%REACTOME DATABASE ID RELEASE 93%77588	0.051587301587301584	0.25641017073975253	0.28201335001172506	-0.6408268256743538	-1.5300745205433746	11	
PID_P73PATHWAY%MSIGDB_C2%PID_P73PATHWAY	0.051854065838062194	0.25733625617014133	0.3217759180753611	-0.40649614700476483	-1.4291427917167405	55	
SPECIFICATION OF THE NEURAL PLATE BORDER%REACTOME%R-HSA-9834899.2	0.05220883534136546	0.25847842681109373	0.28201335001172506	-0.6760308792816564	-1.528145599741797	9	
REGULATION OF GLYCOPROTEIN BIOSYNTHETIC PROCESS%GOBP%GO:0010559	0.052313883299798795	0.25847842681109373	0.28201335001172506	-0.5089607199692953	-1.4834985357139157	23	
ANAPHASE-PROMOTING COMPLEX-DEPENDENT CATABOLIC PROCESS%GOBP%GO:0031145	0.05241935483870968	0.25847842681109373	0.28201335001172506	-0.5359871907025656	-1.5053245156723938	20	
FATTY-ACYL-COA BIOSYNTHETIC PROCESS%GOBP%GO:0046949	0.05241935483870968	0.25847842681109373	0.28201335001172506	-0.5285054838406043	-1.5023778768570168	21	
MATURATION OF 5.8S RRNA FROM TRICISTRONIC RRNA TRANSCRIPT (SSU-RRNA, 5.8S RRNA, LSU-RRNA)%GOBP%GO:0000466	0.05241935483870968	0.25847842681109373	0.28201335001172506	-0.5316395535068945	-1.4931141401831693	20	
NEGATIVE REGULATION OF NEURON DIFFERENTIATION%GOBP%GO:0045665	0.05241935483870968	0.25847842681109373	0.28201335001172506	-0.5316845106426397	-1.4932404026755675	20	
SIRT1 NEGATIVELY REGULATES RRNA EXPRESSION%REACTOME%R-HSA-427359.4	0.05241935483870968	0.25847842681109373	0.28201335001172506	-0.5271701440480893	-1.4805617662727055	20	
REGULATION OF TP53 DEGRADATION%REACTOME DATABASE ID RELEASE 93%6804757	0.05246771630222015	0.25847842681109373	0.3217759180753611	-0.46920280708899487	-1.4969000260181056	33	
REGULATION OF TP53 EXPRESSION AND DEGRADATION%REACTOME DATABASE ID RELEASE 93%6806003	0.05246771630222015	0.25847842681109373	0.3217759180753611	-0.46920280708899487	-1.4969000260181056	33	
ACTIVATION OF G PROTEIN GATED POTASSIUM CHANNELS%REACTOME%R-HSA-1296041.4	0.05263157894736842	0.25847842681109373	0.28201335001172506	-0.5136935482461531	-1.4780420902798732	22	
G PROTEIN GATED POTASSIUM CHANNELS%REACTOME%R-HSA-1296059.4	0.05263157894736842	0.25847842681109373	0.28201335001172506	-0.5136935482461531	-1.4780420902798732	22	
INHIBITION OF VOLTAGE GATED CA2+ CHANNELS VIA GBETA GAMMA SUBUNITS%REACTOME DATABASE ID RELEASE 93%997272	0.05263157894736842	0.25847842681109373	0.28201335001172506	-0.5136935482461531	-1.4780420902798732	22	
MITOCHONDRIAL TRANSLATION INITIATION%REACTOME DATABASE ID RELEASE 93%5368286	0.05263157894736842	0.25847842681109373	0.28201335001172506	-0.35145227485666725	-1.339234834881721	87	
METABOLISM OF NITRIC OXIDE: NOS3 ACTIVATION AND REGULATION%REACTOME DATABASE ID RELEASE 93%202131	0.05273833671399594	0.25847842681109373	0.28201335001172506	-0.5927780600101465	-1.497725630497326	14	
FATTY ACID ELONGATION, MONOUNSATURATED FATTY ACID%GOBP%GO:0034625	0.05283244691136664	0.25847842681109373	0.3217759180753611	-0.7791878583426997	-1.488450891311253	5	
FATTY ACID ELONGATION, POLYUNSATURATED FATTY ACID%GOBP%GO:0034626	0.05283244691136664	0.25847842681109373	0.3217759180753611	-0.7791878583426997	-1.488450891311253	5	
FATTY ACID ELONGATION, UNSATURATED FATTY ACID%GOBP%GO:0019368	0.05283244691136664	0.25847842681109373	0.3217759180753611	-0.7791878583426997	-1.488450891311253	5	
CLEAVAGE OF THE DAMAGED PYRIMIDINE%REACTOME%R-HSA-110329.4	0.052845528455284556	0.25847842681109373	0.28201335001172506	-0.490667318654577	-1.4531285907071538	25	
DEPYRIMIDINATION%REACTOME%R-HSA-73928.3	0.052845528455284556	0.25847842681109373	0.28201335001172506	-0.490667318654577	-1.4531285907071538	25	
KIDNEY DEVELOPMENT%REACTOME%R-HSA-9830369.1	0.052845528455284556	0.25847842681109373	0.28201335001172506	-0.4899457197779095	-1.4509915501527046	25	
RECOGNITION AND ASSOCIATION OF DNA GLYCOSYLASE WITH SITE CONTAINING AN AFFECTED PYRIMIDINE%REACTOME%R-HSA-110328.4	0.052845528455284556	0.25847842681109373	0.28201335001172506	-0.490667318654577	-1.4531285907071538	25	
DNA DAMAGE RESPONSE, SIGNAL TRANSDUCTION BY P53 CLASS MEDIATOR%GOBP%GO:0030330	0.053061224489795916	0.25901874879847825	0.28201335001172506	-0.4507502594080494	-1.4380307722830814	33	
P53 PATHWAY FEEDBACK LOOPS 2%PANTHER PATHWAY%P04398	0.053155841549477986	0.25929133355819106	0.3217759180753611	-0.48568660905002636	-1.526823877736592	32	
ADHERENS JUNCTION ORGANIZATION%GOBP%GO:0034332	0.053169734151329244	0.25929133355819106	0.28201335001172506	-0.478961925332783	-1.4668440134263645	28	
BIOCARTA_RAC1_PATHWAY%MSIGDB_C2%BIOCARTA_RAC1_PATHWAY	0.053388090349075976	0.2596906301956526	0.28201335001172506	-0.5717781626012408	-1.4699704657249475	15	
NEGATIVE REGULATION OF DNA REPAIR%GOBP%GO:0045738	0.053388090349075976	0.2596906301956526	0.28201335001172506	-0.4377615194800669	-1.4174035605153321	37	
NEGATIVE REGULATION OF UBIQUITIN-PROTEIN TRANSFERASE ACTIVITY%GOBP%GO:0051444	0.05343623977009874	0.2596906301956526	0.3217759180753611	-0.7769989205236842	-1.4842694523772992	5	
SPINAL CORD DORSAL/VENTRAL PATTERNING%GOBP%GO:0021513	0.05343623977009874	0.2596906301956526	0.3217759180753611	-0.7763969972322646	-1.483119622782264	5	
SPINAL CORD PATTERNING%GOBP%GO:0021511	0.05343623977009874	0.2596906301956526	0.3217759180753611	-0.7763969972322646	-1.483119622782264	5	
PID_MYC_ACTIV_PATHWAY%MSIGDB_C2%PID_MYC_ACTIV_PATHWAY	0.05371900826446281	0.26040926745960974	0.28201335001172506	-0.38192538970509404	-1.3558617215653848	60	
PARKINSON 39 S DISEASE PATHWAY%WIKIPATHWAYS_20250810%WP2371%HOMO SAPIENS	0.05380482323488873	0.2605815492231748	0.3217759180753611	-0.49793890754537584	-1.4891481538534244	26	
SOMITOGENESIS%REACTOME%R-HSA-9824272.2	0.05416666666666667	0.26220501474926255	0.28201335001172506	-0.4249618017430284	-1.4086828996934548	41	
DEOXYRIBONUCLEOSIDE METABOLIC PROCESS%GOBP%GO:0009120	0.05443548387096774	0.2623454597129458	0.27650059925447157	-0.7398329289559135	-1.4937633487801083	6	
NEURON FATE SPECIFICATION%GOBP%GO:0048665	0.05443548387096774	0.2623454597129458	0.27650059925447157	-0.7359983642921127	-1.486021151955487	6	
PROTEIN K6-LINKED UBIQUITINATION%GOBP%GO:0085020	0.05443548387096774	0.2623454597129458	0.27650059925447157	-0.5708757292070186	-1.4935689596175445	16	
MASTL FACILITATES MITOTIC PROGRESSION%REACTOME DATABASE ID RELEASE 93%2465910	0.05458810605539172	0.2628237125776953	0.3217759180753611	-0.6749131419967115	-1.5676891479857578	10	
IMMUNOGLOBULIN PRODUCTION INVOLVED IN IMMUNOGLOBULIN-MEDIATED IMMUNE RESPONSE%GOBP%GO:0002381	0.05476673427991886	0.26292559177523034	0.27650059925447157	-0.5884269966840785	-1.4867321415290307	14	
PROSTACYCLIN SIGNALLING THROUGH PROSTACYCLIN RECEPTOR%REACTOME%R-HSA-392851.5	0.05476673427991886	0.26292559177523034	0.27650059925447157	-0.58880240618072	-1.4876806591328071	14	
SOMATIC DIVERSIFICATION OF IMMUNOGLOBULINS INVOLVED IN IMMUNE RESPONSE%GOBP%GO:0002208	0.05476673427991886	0.26292559177523034	0.27650059925447157	-0.5884269966840785	-1.4867321415290307	14	
REGULATION OF HOMOTYPIC CELL-CELL ADHESION%REACTOME DATABASE ID RELEASE 93%9759476	0.054901960784313725	0.26292559177523034	0.27128855468895297	-0.3081794741906458	-1.2613171331531454	148	
PALLIUM DEVELOPMENT%GOBP%GO:0021543	0.054989816700611	0.26292559177523034	0.27650059925447157	-0.4018896055341296	-1.3860428487854601	49	
REGULATION OF ENDOGENOUS RETROELEMENTS%REACTOME%R-HSA-9842860.2	0.054989816700611	0.26292559177523034	0.27650059925447157	-0.3461924301514135	-1.326870346764602	89	
T CELL COSTIMULATION%GOBP%GO:0031295	0.055260649456484845	0.2638682611777642	0.3217759180753611	-0.5975541110386344	-1.5362372198742174	15	
CEREBRAL CORTEX DEVELOPMENT%GOBP%GO:0021987	0.055441478439425054	0.2644945889937831	0.27650059925447157	-0.4368754322827542	-1.414534548296328	37	
AEROBIC RESPIRATION AND RESPIRATORY ELECTRON TRANSPORT%REACTOME DATABASE ID RELEASE 93%1428517	0.05555555555555555	0.2647628267182962	0.27128855468895297	-0.28250395315681476	-1.2204977020888024	233	
GLYCOSYLATION AND RELATED CONGENITAL DEFECTS%WIKIPATHWAYS_20250810%WP4521%HOMO SAPIENS	0.056451612903225805	0.2682541412380122	0.27128855468895297	-0.5194761994008903	-1.4767104096294357	21	
REGULATION OF PROTEIN ADP-RIBOSYLATION%GOBP%GO:0010835	0.056451612903225805	0.2682541412380122	0.27128855468895297	-0.7345580311483368	-1.4831130401697057	6	
HALLMARK_OXIDATIVE_PHOSPHORYLATION%MSIGDBHALLMARK%HALLMARK_OXIDATIVE_PHOSPHORYLATION	0.056530214424951264	0.26836860714950345	0.26635065708852557	-0.30420998887697503	-1.249096614186998	152	
POSITIVE EPIGENETIC REGULATION OF RRNA EXPRESSION%REACTOME DATABASE ID RELEASE 93%5250913	0.056910569105691054	0.26959757510042137	0.27128855468895297	-0.385626679282436	-1.3677473024036966	57	
EMBRYO DEVELOPMENT ENDING IN BIRTH OR EGG HATCHING%GOBP%GO:0009792	0.05697445972495088	0.26969737040955116	0.26635065708852557	-0.3100604595495981	-1.266925416531712	145	
APC-CDC20 MEDIATED DEGRADATION OF NEK2A%REACTOME%R-HSA-179409.5	0.05725971370143149	0.2705274189559954	0.27128855468895297	-0.48524828401126713	-1.4511952678252429	26	
PROGERIA ASSOCIATED LIPODYSTROPHY%WIKIPATHWAYS_20250810%WP5103%HOMO SAPIENS	0.057494866529774126	0.2715081323031923	0.27128855468895297	-0.5702350615705489	-1.4660033451017545	15	
PID_BETA_CATENIN_NUC_PATHWAY%MSIGDB_C2%PID_BETA_CATENIN_NUC_PATHWAY	0.05811623246492986	0.2731449116149006	0.26635065708852557	-0.4088677766164142	-1.3856885672446688	44	
ADENINE AND HYPOXANTHINE SALVAGE PATHWAY%PANTHER PATHWAY%P02723	0.05823293172690763	0.2731449116149006	0.26635065708852557	-0.7637765527795337	-1.4590113007732863	5	
METALLOTHIONEINS BIND METALS%REACTOME DATABASE ID RELEASE 93%5661231	0.05823293172690763	0.2731449116149006	0.26635065708852557	-0.7641281454867573	-1.4596829340294288	5	
TFAP2A ACTS AS A TRANSCRIPTIONAL REPRESSOR DURING RETINOIC ACID INDUCED CELL DIFFERENTIATION%REACTOME DATABASE ID RELEASE 93%8869496	0.05823293172690763	0.2731449116149006	0.26635065708852557	-0.7652076410470104	-1.461745050516001	5	
ABC-FAMILY PROTEINS MEDIATED TRANSPORT%REACTOME DATABASE ID RELEASE 93%382556	0.05835010060362173	0.2731449116149006	0.26635065708852557	-0.3703532158937765	-1.3659145897026497	69	
EMBRYONIC CRANIAL SKELETON MORPHOGENESIS%GOBP%GO:0048701	0.058823529411764705	0.2741380800138253	0.26635065708852557	-0.5827262528807802	-1.4723285212146207	14	
BASE-EXCISION REPAIR, AP SITE FORMATION%GOBP%GO:0006285	0.05893909626719057	0.2741380800138253	0.2616635217115731	-0.6086214921316149	-1.4968101136687313	12	
DOPA-RESPONSIVE DYSTONIA%SMPDB%SMP0000486	0.05930470347648262	0.2741380800138253	0.26635065708852557	-0.7074853406405612	-1.4822011216293367	7	
HYPERPHENYLALANINEMIA DUE TO 6-PYRUVOYLTETRAHYDROPTERIN SYNTHASE DEFICIENCY (PTPS)%SMPDB%SMP0000488	0.05930470347648262	0.2741380800138253	0.26635065708852557	-0.7074853406405612	-1.4822011216293367	7	
HYPERPHENYLALANINEMIA DUE TO DHPR-DEFICIENCY%PATHWHIZ%PW000465	0.05930470347648262	0.2741380800138253	0.26635065708852557	-0.7074853406405612	-1.4822011216293367	7	
HYPERPHENYLALANINEMIA DUE TO GUANOSINE TRIPHOSPHATE CYCLOHYDROLASE DEFICIENCY%SMPDB%SMP0000487	0.05930470347648262	0.2741380800138253	0.26635065708852557	-0.7074853406405612	-1.4822011216293367	7	
METAPHASE/ANAPHASE TRANSITION OF CELL CYCLE%GOBP%GO:0044784	0.05930470347648262	0.2741380800138253	0.26635065708852557	-0.7093658712984098	-1.486140884745556	7	
PTERINE BIOSYNTHESIS%PATHWHIZ%PW000140	0.05930470347648262	0.2741380800138253	0.26635065708852557	-0.7074853406405612	-1.4822011216293367	7	
SEGAWA SYNDROME%PATHWHIZ%PW000466	0.05930470347648262	0.2741380800138253	0.26635065708852557	-0.7074853406405612	-1.4822011216293367	7	
SEPIAPTERIN REDUCTASE DEFICIENCY%PATHWHIZ%PW000467	0.05930470347648262	0.2741380800138253	0.26635065708852557	-0.7074853406405612	-1.4822011216293367	7	
SENSORY PERCEPTION OF SWEET, BITTER, AND UMAMI (GLUTAMATE) TASTE%REACTOME%R-HSA-9717207.2	0.05952380952380952	0.2747639140044203	0.2616635217115731	-0.6357098778485247	-1.5178570053308804	11	
ANTIGEN PROCESSING: UB, ATP-INDEPENDENT PROTEASOMAL DEGRADATION%REACTOME%R-HSA-9912633.1	0.05976095617529881	0.2754711491114195	0.2616635217115731	-0.5299472527009421	-1.4688582567441437	19	
REGULATION OF CDH1 GENE TRANSCRIPTION%REACTOME DATABASE ID RELEASE 93%9764560	0.05976095617529881	0.2754711491114195	0.2616635217115731	-0.3936341219384133	-1.3725641424961808	51	
RRNA 3'-END PROCESSING%GOBP%GO:0031125	0.06007735831360741	0.27667130767724674	0.3217759180753611	-0.6697846171236496	-1.5557766035583545	10	
NEGATIVE REGULATION OF NUCLEOCYTOPLASMIC TRANSPORT%GOBP%GO:0046823	0.06012024048096192	0.2767386104607532	0.2616635217115731	-0.5552329834313832	-1.4788991009846837	17	
DENDRITE SELF-AVOIDANCE%GOBP%GO:0070593	0.060240963855421686	0.2770352779637935	0.2616635217115731	-0.6696263280232281	-1.513668321966723	9	
PLK3 SIGNALING EVENTS%PATHWAY INTERACTION DATABASE NCI-NATURE CURATED DATA%PLK3 SIGNALING EVENTS	0.060240963855421686	0.2770352779637935	0.2616635217115731	-0.7621600518414802	-1.4559233647431113	5	
MEASLES VIRUS INFECTION%WIKIPATHWAYS_20250810%WP4630%HOMO SAPIENS	0.060362173038229376	0.2771227089615048	0.2616635217115731	-0.35546587474926034	-1.3334908531114609	81	
THE ONCOGENIC ACTION OF 2-HYDROXYGLUTARATE%SMPDB%SMP0002291	0.060362173038229376	0.2771227089615048	0.2616635217115731	-0.5020064765754607	-1.4632285826763334	23	
AUTODEGRADATION OF THE E3 UBIQUITIN LIGASE COP1%REACTOME%R-HSA-349425.4	0.06041666666666667	0.2771227089615048	0.26635065708852557	-0.42189100378595507	-1.3807527197209888	39	
POSITIVE REGULATION OF EPITHELIAL TO MESENCHYMAL TRANSITION%GOBP%GO:0010718	0.06041666666666667	0.2771227089615048	0.26635065708852557	-0.42055478050102413	-1.3940743032578833	41	
PROTEIN LOCALIZATION TO NUCLEUS%GOBP%GO:0034504	0.06042884990253411	0.2771227089615048	0.25720646646883816	-0.31758635638924315	-1.2787470564258236	129	
SOMATIC RECOMBINATION OF IMMUNOGLOBULIN GENE SEGMENTS%GOBP%GO:0016447	0.06048387096774194	0.27724590016219136	0.2616635217115731	-0.5628107025598814	-1.4724686170344319	16	
ARF6 DOWNSTREAM PATHWAY%PATHWAY INTERACTION DATABASE NCI-NATURE CURATED DATA%ARF6 DOWNSTREAM PATHWAY	0.06081753110597218	0.2781345794256263	0.3217759180753611	-0.5916682986469841	-1.5211055290395015	15	
ONE CARBON METABOLISM%WIKIPATHWAYS_20250810%WP241%HOMO SAPIENS	0.06081753110597218	0.2781345794256263	0.3217759180753611	-0.5916235414613332	-1.5209904638877711	15	
NUCLEOTIDE BIOSYNTHESIS%REACTOME DATABASE ID RELEASE 93%8956320	0.060851926977687626	0.2781345794256263	0.2616635217115731	-0.5822585862825445	-1.471146904859432	14	
BIOCARTA_STATHMIN_PATHWAY%MSIGDB_C2%BIOCARTA_STATHMIN_PATHWAY	0.06134969325153374	0.27926448439879853	0.2616635217115731	-0.7054487044747064	-1.4779343132080516	7	
REGULATION OF RUNX3 EXPRESSION AND ACTIVITY%REACTOME%R-HSA-8941858.3	0.06147540983606557	0.27958038198068846	0.2616635217115731	-0.41161396120330607	-1.3822807389483258	43	
TGF BETA SIGNALING IN THYROID CELLS FOR EPITHELIAL MESENCHYMAL TRANSITION%WIKIPATHWAYS_20250810%WP3859%HOMO SAPIENS	0.061507936507936505	0.27958038198068846	0.25720646646883816	-0.6345428382821914	-1.5150705153879327	11	
RECRUITMENT AND ATM-MEDIATED PHOSPHORYLATION OF REPAIR AND SIGNALING PROTEINS AT DNA DOUBLE STRAND BREAKS%REACTOME%R-HSA-5693565.6	0.06153267192282672	0.27958038198068846	0.3217759180753611	-0.40588002909035054	-1.4070768139245156	50	
STABILIZATION OF P53%REACTOME DATABASE ID RELEASE 93%69541	0.06192523778773496	0.280845643140506	0.3217759180753611	-0.42656293003647733	-1.432482320121189	43	
PURINE NUCLEOTIDE BIOSYNTHETIC PROCESS%GOBP%GO:0006164	0.062	0.2809259088817303	0.25720646646883816	-0.3313458127948437	-1.3046649651350537	114	
KSRP (KHSRP) BINDS AND DESTABILIZES MRNA%REACTOME%R-HSA-450604.4	0.06212424849699399	0.28105481189687376	0.25720646646883816	-0.5517517019542002	-1.4696264817410238	17	
PID_AMB2_NEUTROPHILS_PATHWAY%MSIGDB_C2%PID_AMB2_NEUTROPHILS_PATHWAY	0.06212424849699399	0.28105481189687376	0.25720646646883816	-0.5453940312234973	-1.4526924129652716	17	
THROMBOXANE SIGNALLING THROUGH TP RECEPTOR%REACTOME DATABASE ID RELEASE 93%428930	0.06212424849699399	0.28105481189687376	0.25720646646883816	-0.5461310661800198	-1.4546555534254424	17	
NUCLEIC ACID TRANSPORT%GOBP%GO:0050657	0.0625	0.2817651098901099	0.25720646646883816	-0.3406637451332973	-1.3086289111905498	92	
OXIDATIVE PHOSPHORYLATION%WIKIPATHWAYS_20250810%WP623%HOMO SAPIENS	0.0625	0.2817651098901099	0.2616635217115731	-0.4205754058250422	-1.37644706862559	39	
RNA TRANSPORT%GOBP%GO:0050658	0.0625	0.2817651098901099	0.25720646646883816	-0.3406637451332973	-1.3086289111905498	92	
ACTIVATION OF NF-KAPPAB IN B CELLS%REACTOME%R-HSA-1169091.2	0.06262626262626263	0.2822051175369253	0.25720646646883816	-0.3900972140507479	-1.3583281840054815	52	
MEIOTIC SYNAPSIS%REACTOME%R-HSA-1221632.3	0.06288032454361055	0.2829614604462475	0.25720646646883816	-0.4392733301839366	-1.4153134284737532	34	
FGFR2 ALTERNATIVE SPLICING%REACTOME%R-HSA-6803529.3	0.06300813008130081	0.28335443766547713	0.25720646646883816	-0.4936516788224977	-1.4480443082382395	24	
GPCRS CLASS A RHODOPSIN LIKE%WIKIPATHWAYS_20250810%WP455%HOMO SAPIENS	0.06302521008403361	0.28335443766547713	0.2616635217115731	-0.45222131425149803	-1.4037725015478921	31	
V(D)J RECOMBINATION%GOBP%GO:0033151	0.06313295379341702	0.28370929395252575	0.2878051305355643	-0.6681264674784466	-1.5519250513470126	10	
RESPONSE TO HYDROPEROXIDE%GOBP%GO:0033194	0.06339468302658487	0.28415584415584416	0.25720646646883816	-0.7051709360245763	-1.477352380714633	7	
RNA LOCALIZATION%GOBP%GO:0006403	0.06349206349206349	0.28415584415584416	0.2529611230696109	-0.32637650072084906	-1.2942444473132466	116	
TELOMERE MAINTENANCE VIA RECOMBINATION%GOBP%GO:0000722	0.06349206349206349	0.28415584415584416	0.2529611230696109	-0.6304226054607225	-1.5052328135217505	11	
UBIQUITIN–PROTEASOME PATHWAY%SMPDB%SMP0063816	0.06378600823045268	0.28521209674706494	0.25720646646883816	-0.4725499366015485	-1.4339544364274965	27	
CELL DIFFERENTIATION IN SPINAL CORD%GOBP%GO:0021515	0.0642570281124498	0.286278144251213	0.2529611230696109	-0.6648587147310797	-1.5028912887024901	9	
THYMUS DEVELOPMENT%GOBP%GO:0048538	0.0642570281124498	0.286278144251213	0.2529611230696109	-0.6657928033475129	-1.5050027653416755	9	
REGULATION OF INTRACELLULAR CHOLESTEROL TRANSPORT%GOBP%GO:0032383	0.06451612903225806	0.2865249465275656	0.2529611230696109	-0.7262313101124973	-1.4663009327167342	6	
REGULATION OF INTRACELLULAR LIPID TRANSPORT%GOBP%GO:0032377	0.06451612903225806	0.2865249465275656	0.2529611230696109	-0.7262313101124973	-1.4663009327167342	6	
REGULATION OF INTRACELLULAR STEROL TRANSPORT%GOBP%GO:0032380	0.06451612903225806	0.2865249465275656	0.2529611230696109	-0.7262313101124973	-1.4663009327167342	6	
CELL MIGRATION INVOLVED IN HEART DEVELOPMENT%GOBP%GO:0060973	0.065439672801636	0.2874179988535762	0.2529611230696109	-0.7044392457994781	-1.475819469698634	7	
ANGIOTENSIN_II-STIMULATED_SIGNALING_THROUGH_G_PROTEINS_AND_BETA-ARRESTIN%PANTHER PATHWAY%P05911	0.06600715669461266	0.2887726274837937	0.2878051305355643	-0.4646994530934132	-1.4498487240262243	30	
STRAND-ASYNCHRONOUS MITOCHONDRIAL DNA REPLICATION%REACTOME%R-HSA-9913635.2	0.06626506024096386	0.28925594127161874	0.24891111443470243	-0.6635572418112843	-1.4999493519115528	9	
RNA POLYMERASE III TRANSCRIPTION TERMINATION%REACTOME%R-HSA-73980.5	0.06639839034205232	0.28963399259714984	0.24891111443470243	-0.4903808647812626	-1.429342710158486	23	
CELLULAR RESPONSE TO HYDROXYUREA%GOBP%GO:0072711	0.06652806652806653	0.28963399259714984	0.2529611230696109	-0.6887402678156844	-1.4891319246620713	8	
PYRIMIDINE NUCLEOSIDE DIPHOSPHATE METABOLIC PROCESS%GOBP%GO:0009138	0.06652806652806653	0.28963399259714984	0.2529611230696109	-0.6876479811368432	-1.486770281179973	8	
REGULATION OF ADENYLATE CYCLASE-ACTIVATING G PROTEIN-COUPLED RECEPTOR SIGNALING PATHWAY%GOBP%GO:0106070	0.06679764243614932	0.28985878687806355	0.24504178543099617	-0.6009972517361467	-1.478059477550034	12	
DE NOVO PURINE BIOSYNTHESIS%PANTHER PATHWAY%P02738	0.06707317073170732	0.29041444108372483	0.24891111443470243	-0.4895638679692434	-1.436053401505523	24	
MUSCARINIC ACETYLCHOLINE RECEPTOR 2 AND 4 SIGNALING PATHWAY%PANTHER PATHWAY%P00043	0.06707317073170732	0.29041444108372483	0.24891111443470243	-0.4869933848451483	-1.428513320884007	24	
BIOCARTA_CFTR_PATHWAY%MSIGDB_C2%BIOCARTA_CFTR_PATHWAY	0.06827309236947791	0.2939295441494882	0.24504178543099617	-0.7551291499499503	-1.4424925186703446	5	
ERROR-FREE TRANSLESION SYNTHESIS%GOBP%GO:0070987	0.06827309236947791	0.2939295441494882	0.24504178543099617	-0.7549776529248258	-1.4422031200616994	5	
NEGATIVE REGULATION OF MEIOTIC CELL CYCLE PHASE TRANSITION%GOBP%GO:1901994	0.06827309236947791	0.2939295441494882	0.24504178543099617	-0.7555300064687849	-1.4432582585832023	5	
PODOCYTE CELL MIGRATION%GOBP%GO:0090521	0.06827309236947791	0.2939295441494882	0.24504178543099617	-0.7568314926058712	-1.4457444346446413	5	
REGULATION OF MONOATOMIC ANION TRANSPORT%GOBP%GO:0044070	0.06854838709677419	0.29449038661210014	0.24504178543099617	-0.7223267607908069	-1.4584174330210984	6	
SYNAPTONEMAL COMPLEX ASSEMBLY%GOBP%GO:0007130	0.06854838709677419	0.29449038661210014	0.24504178543099617	-0.7199223091710176	-1.4535627130390816	6	
SYNAPTONEMAL COMPLEX ORGANIZATION%GOBP%GO:0070193	0.06854838709677419	0.29449038661210014	0.24504178543099617	-0.7199223091710176	-1.4535627130390816	6	
NEGATIVE REGULATION OF ION TRANSMEMBRANE TRANSPORTER ACTIVITY%GOBP%GO:0032413	0.06860706860706861	0.29449038661210014	0.24891111443470243	-0.6813576530657033	-1.4731699026555112	8	
CITRIC ACID CYCLE (TCA CYCLE)%REACTOME DATABASE ID RELEASE 93%71403	0.06890705270002451	0.29485390738133044	0.2878051305355643	-0.47305436965976766	-1.487112664021937	32	
PROTEIN-CONTAINING COMPLEX LOCALIZATION%GOBP%GO:0031503	0.06932773109243698	0.296010772045158	0.24891111443470243	-0.44340343909196134	-1.3764003050570477	31	
TELOMERE MAINTENANCE IN RESPONSE TO DNA DAMAGE%GOBP%GO:0043247	0.07011551558861721	0.29859747685360083	0.2878051305355643	-0.5782856533938697	-1.4867004143253326	15	
EPITHELIAL CELL MORPHOGENESIS%GOBP%GO:0003382	0.07028112449799197	0.2989148819901637	0.24133997681509095	-0.6611933307864316	-1.4946058086777758	9	
TRAFFICKING OF GLUR2-CONTAINING AMPA RECEPTORS%REACTOME DATABASE ID RELEASE 93%416993	0.07028112449799197	0.2989148819901637	0.24133997681509095	-0.6615852565794462	-1.495491744060871	9	
DEFECTIVE INTRINSIC PATHWAY FOR APOPTOSIS%REACTOME%R-HSA-9734009.2	0.07056451612903226	0.2998611246467206	0.24133997681509095	-0.5145226881264127	-1.4450412803543196	20	
SKELETAL SYSTEM DEVELOPMENT%GOBP%GO:0001501	0.07072691552062868	0.3002920268288529	0.2377938344236881	-0.2928377232167492	-1.2311171101259428	175	
REGULATION OF SPINDLE ORGANIZATION%GOBP%GO:0090224	0.07083333333333333	0.30048470486859113	0.24504178543099617	-0.4118007930593306	-1.3650561835994446	41	
ENOS ACTIVATION%REACTOME DATABASE ID RELEASE 93%203615	0.07099391480730223	0.3004882185014933	0.24133997681509095	-0.6337958193094674	-1.4721817759107074	10	
ID%IOB%ID	0.07099391480730223	0.3004882185014933	0.24133997681509095	-0.5728878809888629	-1.4474706819338674	14	
POSITIVE REGULATION OF DOUBLE-STRAND BREAK REPAIR VIA NONHOMOLOGOUS END JOINING%GOBP%GO:2001034	0.07099391480730223	0.3004882185014933	0.24133997681509095	-0.5724061560055024	-1.446253545364377	14	
REGULATION OF LIPOPROTEIN PARTICLE CLEARANCE%GOBP%GO:0010984	0.07099391480730223	0.3004882185014933	0.24133997681509095	-0.6366474094695461	-1.4788054533445665	10	
NOTCH%NETPATH%NOTCH	0.07128712871287128	0.30124166064675134	0.2377938344236881	-0.3939833053127265	-1.3464023020931666	45	
G-PROTEIN ACTIVATION%REACTOME%R-HSA-202040.3	0.07135646605486243	0.3013220712449504	0.2878051305355643	-0.5763839294674997	-1.481811318888374	15	
LIPID TRANSLOCATION%GOBP%GO:0034204	0.0720164609053498	0.3035419837645865	0.24133997681509095	-0.46484525771831753	-1.410574561391826	27	
INSULIN PROCESSING%GOBP%GO:0030070	0.07228915662650602	0.3041705282669138	0.2377938344236881	-0.7498145526958676	-1.4323402595776207	5	
DEGRADATION OF GLI1 BY THE PROTEASOME%REACTOME%R-HSA-5610780.2	0.07258064516129033	0.30487586700429375	0.2377938344236881	-0.3947018506614916	-1.3445828430504656	46	
MITOCHONDRIAL ELECTRON TRANSPORT CHAIN%SMPDB%SMP0000355	0.07258064516129033	0.30487586700429375	0.2377938344236881	-0.5121706952304389	-1.4384356886006142	20	
PHOSPHORYLATION OF THE APC C%REACTOME DATABASE ID RELEASE 93%176412	0.07258064516129033	0.30487586700429375	0.2377938344236881	-0.5123816308731217	-1.4390281031203405	20	
SIGNALING BY NOTCH%REACTOME DATABASE ID RELEASE 93%157118	0.07269155206286837	0.30508142438661634	0.2343926472946861	-0.2974087746622744	-1.2436000244329168	165	
POSITIVE REGULATION OF CALCIUM-MEDIATED SIGNALING%GOBP%GO:0050850	0.0728744939271255	0.30568779235832266	0.2377938344236881	-0.49406499215643096	-1.4215651651343648	22	
BONE DEVELOPMENT%GOBP%GO:0060348	0.07302231237322515	0.30568779235832266	0.2377938344236881	-0.38377690686674526	-1.3433140478478125	53	
MIR 509 3P ALTERATION OF YAP1 ECM AXIS%WIKIPATHWAYS_20250810%WP3967%HOMO SAPIENS	0.07302231237322515	0.30568779235832266	0.2377938344236881	-0.6279413720351191	-1.4585830579596866	10	
ACTIVATION OF BH3-ONLY PROTEINS%REACTOME%R-HSA-114452.5	0.07317073170731707	0.3059189063228212	0.2377938344236881	-0.4756312874922462	-1.4085988534655174	25	
PID_FOXO_PATHWAY%MSIGDB_C2%PID_FOXO_PATHWAY	0.07346938775510205	0.30651677620200624	0.2377938344236881	-0.4240622832725435	-1.3725946506987425	36	
BASE-EXCISION REPAIR, AP SITE FORMATION%REACTOME%R-HSA-73929.5	0.0736196319018405	0.3070135094051341	0.2377938344236881	-0.47143238849627744	-1.4098771161640296	26	
NUCLEAR PORE ORGANIZATION%GOBP%GO:0006999	0.07392197125256673	0.30801342740278126	0.2377938344236881	-0.5584596447781599	-1.4357302146490876	15	
NUCLEOSIDE PHOSPHATE CATABOLIC PROCESS%GOBP%GO:1901292	0.07407407407407407	0.308516638465877	0.2377938344236881	-0.3515699561462049	-1.3049793613507017	77	
BIOCARTA_SHH_PATHWAY%MSIGDB_C2%BIOCARTA_SHH_PATHWAY	0.07429718875502007	0.30905370531555876	0.2343926472946861	-0.6587347556525595	-1.4890482803346126	9	
MAMMALIAN DISORDER OF SEXUAL DEVELOPMENT%WIKIPATHWAYS_20250810%WP4842%HOMO SAPIENS	0.07429718875502007	0.30905370531555876	0.2343926472946861	-0.6571006155368541	-1.4853543602731056	9	
TP53 REGULATES TRANSCRIPTION OF DNA REPAIR GENES%REACTOME%R-HSA-6796648.5	0.0743801652892562	0.3092682041545678	0.2377938344236881	-0.37146243487240505	-1.3187175035204295	60	
ENKEPHALIN RELEASE%PANTHER PATHWAY%P05913	0.07489878542510121	0.31068190121898565	0.2343926472946861	-0.4927536812582325	-1.4177921516176537	22	
REGULATION OF CELLULAR RESPONSE TO OXIDATIVE STRESS%GOBP%GO:1900407	0.07505070993914807	0.31068190121898565	0.2343926472946861	-0.6246518375967796	-1.4509421229711434	10	
GLYCOLYSIS%REACTOME DATABASE ID RELEASE 93%70171	0.07520325203252033	0.3109832925292714	0.2343926472946861	-0.3743610822733335	-1.3277902902285046	57	
CHROMATIN LOOPING%GOBP%GO:0140588	0.07539682539682539	0.3112608565438754	0.23112670967383428	-0.618480923937426	-1.4767201765671227	11	
REGULATION OF MESENCHYMAL STEM CELL DIFFERENTIATION%GOBP%GO:2000739	0.07539682539682539	0.3112608565438754	0.23112670967383428	-0.6188905412320252	-1.4776982020812397	11	
SOMITE DEVELOPMENT%GOBP%GO:0061053	0.07539682539682539	0.3112608565438754	0.23112670967383428	-0.6208526409878528	-1.482383022882861	11	
INTRINSIC APOPTOTIC SIGNALING PATHWAY IN RESPONSE TO DNA DAMAGE%GOBP%GO:0008630	0.07615230460921844	0.3133287050490451	0.23112670967383428	-0.3908292563307675	-1.3245544481984473	44	
GPCR LIGAND BINDING%REACTOME DATABASE ID RELEASE 93%500792	0.07632093933463796	0.3138913820755411	0.22798720285044224	-0.3288064808113875	-1.2814509360209634	99	
EXOCRINE SYSTEM DEVELOPMENT%GOBP%GO:0035272	0.07692307692307693	0.3154454874571493	0.2343926472946861	-0.6775677575244922	-1.4649757332345037	8	
PHOSPHOLIPID TRANSLOCATION%GOBP%GO:0045332	0.07723577235772358	0.31633253520555177	0.23112670967383428	-0.47301018048306787	-1.4008363525009457	25	
STEROL METABOLIC PROCESS%GOBP%GO:0016125	0.07755102040816327	0.31735966206931654	0.23112670967383428	-0.38170768406667355	-1.3419925114822382	55	
SYNTHESIS, SECRETION, AND INACTIVATION OF GLUCOSE-DEPENDENT INSULINOTROPIC POLYPEPTIDE (GIP)%REACTOME%R-HSA-400511.5	0.077709611451942745	0.3177445325397958	0.23112670967383428	-0.6946182252182694	-1.4552441632084208	7	
PYRIMIDINE NUCLEOSIDE BIOSYNTHETIC PROCESS%GOBP%GO:0046134	0.0783132530120482	0.3192845917832822	0.22798720285044224	-0.7468990468055481	-1.4267708871925076	5	
TELOMERIC LOOP DISASSEMBLY%GOBP%GO:0090657	0.0783132530120482	0.3192845917832822	0.22798720285044224	-0.6539866036295754	-1.4783152386301595	9	
PRE-NOTCH EXPRESSION AND PROCESSING%REACTOME DATABASE ID RELEASE 93%1912422	0.07851239669421488	0.31978092227160854	0.23112670967383428	-0.36705828789477335	-1.3030824751508059	60	
PURINE RIBONUCLEOSIDE MONOPHOSPHATE BIOSYNTHETIC PROCESS%GOBP%GO:0009168	0.07858546168958742	0.31978092227160854	0.22496609354031374	-0.5897445466800924	-1.450385195665833	12	
REGULATION OF TRIGLYCERIDE METABOLIC PROCESS%GOBP%GO:0090207	0.07894736842105263	0.3206638513499408	0.22798720285044224	-0.4911928428207335	-1.4133011765710979	22	
FORMATION OF AXIAL MESODERM%REACTOME%R-HSA-9796292.3	0.079002079002079	0.3206638513499408	0.23112670967383428	-0.6761918210083948	-1.4620008077245912	8	
PURINE METABOLISM AND RELATED DISORDERS%WIKIPATHWAYS_20250810%WP4224%HOMO SAPIENS	0.07936507936507936	0.3210470712524944	0.22496609354031374	-0.616327148906018	-1.4715777009925834	11	
TP53 REGULATES TRANSCRIPTION OF SEVERAL ADDITIONAL CELL DEATH GENES WHOSE SPECIFIC ROLES IN P53-DEPENDENT APOPTOSIS REMAIN UNCERTAIN%REACTOME%R-HSA-6803205.2	0.07936507936507936	0.3210470712524944	0.22496609354031374	-0.6156789728322953	-1.4700300789900473	11	
GLYCOSAMINOGLYCAN-PROTEIN LINKAGE REGION BIOSYNTHESIS%REACTOME%R-HSA-1971475.6	0.07975460122699386	0.3221416419020502	0.22798720285044224	-0.46602435942916715	-1.3937037334874829	26	
ADHD AND AUTISM ASD PATHWAYS%WIKIPATHWAYS_20250810%WP5420%HOMO SAPIENS	0.07976653696498054	0.3221416419020502	0.22205604614524838	-0.29818459762169613	-1.244045043528112	163	
PROTEIN ALKYLATION%GOBP%GO:0008213	0.08008213552361396	0.3227542801332391	0.22798720285044224	-0.41808598373623557	-1.3536972428575438	37	
PROTEIN METHYLATION%GOBP%GO:0006479	0.08008213552361396	0.3227542801332391	0.22798720285044224	-0.41808598373623557	-1.3536972428575438	37	
NUCLEAR EXPORT%GOBP%GO:0051168	0.08015267175572519	0.3229063854774428	0.21925034670375515	-0.32285225189250577	-1.2752018783840833	106	
SYNAPTIC MEMBRANE ADHESION%GOBP%GO:0099560	0.08055009823182711	0.32356652732865365	0.22205604614524838	-0.5880671657371106	-1.446259937533497	12	
CHOLESTEROL BIOSYNTHESIS WITH SKELETAL DYSPLASIAS%WIKIPATHWAYS_20250810%WP4804%HOMO SAPIENS	0.08064516129032258	0.32356652732865365	0.22496609354031374	-0.7049535478661085	-1.4233399612004114	6	
CELL-CELL ADHESION MEDIATED BY CADHERIN%GOBP%GO:0044331	0.08097165991902834	0.3246119558480265	0.22496609354031374	-0.4895092908787077	-1.4084571199541085	22	
MIDBODY ABSCISSION%GOBP%GO:0061952	0.08097165991902834	0.3246119558480265	0.22496609354031374	-0.4899635135634471	-1.4097640474962139	22	
METHIONINE DE NOVO AND SALVAGE PATHWAY%WIKIPATHWAYS_20250810%WP3580%HOMO SAPIENS	0.08134920634920635	0.32519865437039613	0.22205604614524838	-0.6059227312375738	-1.446735522516635	11	
PEPTIDE GPCRS%WIKIPATHWAYS_20250810%WP24%HOMO SAPIENS	0.08134920634920635	0.32519865437039613	0.22205604614524838	-0.606349398762137	-1.4477542581280702	11	
HAIR FOLLICLE DEVELOPMENT ORGANOGENESIS STAGE 2 OF 3%WIKIPATHWAYS_20250810%WP2839%HOMO SAPIENS	0.08167330677290836	0.3263617607492109	0.22205604614524838	-0.5157878447556985	-1.4296125333915284	19	
FRUCTOSE METABOLISM%REACTOME DATABASE ID RELEASE 93%5652084	0.0823293172690763	0.32844994239518854	0.22205604614524838	-0.7426188014686216	-1.4185945085200653	5	
POSITIVE REGULATION OF UBIQUITIN PROTEIN LIGASE ACTIVITY%GOBP%GO:1904668	0.0823293172690763	0.32844994239518854	0.22205604614524838	-0.7413757437749298	-1.4162199459388898	5	
RESPONSE TO HYDROXYUREA%GOBP%GO:0072710	0.0823293172690763	0.32844994239518854	0.22205604614524838	-0.6509252860928045	-1.4713952308811054	9	
METABOLISM OF STEROIDS%REACTOME%R-HSA-8957322.4	0.08316831683168317	0.33072505958188714	0.21925034670375515	-0.32581540004426013	-1.2666258170676656	100	
DIGESTIVE TRACT DEVELOPMENT%GOBP%GO:0048565	0.08333333333333333	0.3312474767864352	0.22205604614524838	-0.4427081158941099	-1.3698282918233036	29	
REGULATION OF ENDOGENOUS RETROELEMENTS BY KRAB-ZFP PROTEINS%REACTOME%R-HSA-9843940.1	0.0835030549898167	0.3316543281281707	0.22205604614524838	-0.3716641186509919	-1.3121994949998441	58	
CHROMOSOME SEPARATION%GOBP%GO:0051304	0.08384458077709611	0.33287650900455173	0.22205604614524838	-0.6916775001838247	-1.449083263901997	7	
PROTEIN DEPOLYMERIZATION%GOBP%GO:0051261	0.0841683366733467	0.33389260390240594	0.21925034670375515	-0.4426651128077073	-1.3811022257565815	30	
RENAL SYSTEM DEVELOPMENT%GOBP%GO:0072001	0.08464566929133858	0.3349674049689602	0.21654283673534816	-0.32305914735752367	-1.2521738784183227	97	
EYELID DEVELOPMENT IN CAMERA-TYPE EYE%GOBP%GO:0061029	0.0846774193548387	0.3349674049689602	0.21925034670375515	-0.7043299857660761	-1.4220809550461013	6	
FGFR3 SIGNALING IN CHONDROCYTE PROLIFERATION AND TERMINAL DIFFERENTIATION%WIKIPATHWAYS_20250810%WP4767%HOMO SAPIENS	0.0846774193548387	0.3349674049689602	0.21925034670375515	-0.5031997580402909	-1.4132407363421733	20	
REGULATION OF CELL COMMUNICATION BY ELECTRICAL COUPLING%GOBP%GO:0010649	0.08519269776876268	0.336195311515526	0.21925034670375515	-0.6184289078161745	-1.4364874933622576	10	
SLBP INDEPENDENT PROCESSING OF HISTONE PRE-MRNAS%REACTOME%R-HSA-111367.5	0.08519269776876268	0.336195311515526	0.21925034670375515	-0.6181064154251097	-1.4357384076054078	10	
MEDIUM-CHAIN FATTY ACID METABOLIC PROCESS%GOBP%GO:0051791	0.08523908523908524	0.33623604138920193	0.22205604614524838	-0.6666801995270486	-1.4414356398883978	8	
ORGANOPHOSPHATE CATABOLIC PROCESS%GOBP%GO:0046434	0.08527131782945736	0.33623604138920193	0.21392785549235627	-0.3194031247932131	-1.2548533513717244	105	
POSITIVE REGULATION OF CALCIUM ION IMPORT%GOBP%GO:0090280	0.08531746031746032	0.3362833123641771	0.21654283673534816	-0.603279137222416	-1.4404235273204329	11	
PROTEIN LOCALIZATION TO CYTOSKELETON%GOBP%GO:0044380	0.08541666666666667	0.3365396158463385	0.22205604614524838	-0.4056302565537867	-1.3275350147592044	39	
RHO GTPASES ACTIVATE PKNS%REACTOME DATABASE ID RELEASE 93%5625740	0.08571428571428572	0.33757714285714285	0.21925034670375515	-0.3943432597288307	-1.3239154007019671	42	
EXONUCLEOLYTIC TRIMMING TO GENERATE MATURE 3'-END OF 5.8S RRNA FROM TRICISTRONIC RRNA TRANSCRIPT (SSU-RRNA, 5.8S RRNA, LSU-RRNA)%GOBP%GO:0000467	0.08588957055214724	0.3378620502023339	0.21925034670375515	-0.6898896830533741	-1.445337738159198	7	
INHIBITORY SYNAPSE ASSEMBLY%GOBP%GO:1904862	0.08588957055214724	0.3378620502023339	0.21925034670375515	-0.6895809304113802	-1.4446908929371403	7	
DIGESTIVE SYSTEM DEVELOPMENT%GOBP%GO:0055123	0.08617234468937876	0.3380173555898513	0.21654283673534816	-0.43773978555356796	-1.3657353485474748	30	
FORMATION OF THE NON-CANONICAL BAF (NCBAF) COMPLEX%REACTOME%R-HSA-9933947.1	0.08617234468937876	0.3380173555898513	0.21654283673534816	-0.5343223896868243	-1.4232023768838078	17	
OLIGODENDROCYTE SPECIFICATION AND DIFFERENTIATION LEADING TO MYELIN COMPONENTS FOR CNS%WIKIPATHWAYS_20250810%WP4304%HOMO SAPIENS	0.08644400785854617	0.3380173555898513	0.21392785549235627	-0.5836684258577627	-1.4354419193991947	12	
TP53 REGULATES TRANSCRIPTION OF ADDITIONAL CELL CYCLE GENES WHOSE EXACT ROLE IN THE P53 PATHWAY REMAIN UNCERTAIN%REACTOME DATABASE ID RELEASE 93%6804115	0.08669354838709678	0.33885854601800514	0.21654283673534816	-0.5009083828853836	-1.406805390022118	20	
NEGATIVE EPIGENETIC REGULATION OF RRNA EXPRESSION%REACTOME%R-HSA-5250941.4	0.08695652173913043	0.33894454198079105	0.21925034670375515	-0.36411274870129967	-1.2982453025594394	61	
PROTEIN ACETYLATION%GOBP%GO:0006473	0.08739837398373984	0.34025473933649286	0.21654283673534816	-0.4631839319607658	-1.3717355705163132	25	
NEGATIVE REGULATION OF MYELOID CELL DIFFERENTIATION%GOBP%GO:0045638	0.0875	0.34025473933649286	0.21925034670375515	-0.404630973817743	-1.3242645910166242	39	
DEGRADATION OF CRY AND PER PROTEINS%REACTOME DATABASE ID RELEASE 93%9932298	0.08757637474541752	0.34041728612056094	0.21654283673534816	-0.38604170251298203	-1.327219331442115	48	
REGULATION OF MYOBLAST DIFFERENTIATION%GOBP%GO:0045661	0.08775510204081632	0.34069511685076137	0.21654283673534816	-0.39134554700316937	-1.3138512803031237	42	
REGULATION OF CDH11 GENE TRANSCRIPTION%REACTOME DATABASE ID RELEASE 93%9762293	0.08793456032719836	0.34100184363197916	0.21654283673534816	-0.6868320320253566	-1.4389318757010796	7	
PURINE-CONTAINING COMPOUND METABOLIC PROCESS%GOBP%GO:0072521	0.08817635270541083	0.3416703536944018	0.21392785549235627	-0.26726248576070394	-1.182713678884759	305	
EMBRYONIC PLACENTA DEVELOPMENT%GOBP%GO:0001892	0.08829568788501027	0.341998167944851	0.21654283673534816	-0.5461725995692679	-1.4041417512388565	15	
PURINE NUCLEOSIDE MONOPHOSPHATE BIOSYNTHETIC PROCESS%GOBP%GO:0009127	0.08835341365461848	0.34208718475948624	0.21392785549235627	-0.5672274165811965	-1.4046080471271065	13	
NEURAL RETINA DEVELOPMENT%GOBP%GO:0003407	0.08906882591093117	0.34406832697705225	0.21392785549235627	-0.48604375990342513	-1.3984858040516128	22	
POSITIVE REGULATION OF HOMOTYPIC CELL-CELL ADHESION%GOBP%GO:0034112	0.08924949290060852	0.34406832697705225	0.21392785549235627	-0.6160918007989867	-1.4310588580601098	10	
PYRIMIDINE RIBONUCLEOTIDE BIOSYNTHETIC PROCESS%GOBP%GO:0009220	0.08924949290060852	0.34406832697705225	0.21392785549235627	-0.6152846449975242	-1.4291839954860266	10	
REGULATION OF CHOLESTEROL BIOSYNTHESIS BY SREBP (SREBF)%REACTOME DATABASE ID RELEASE 93%1655829	0.08924949290060852	0.34406832697705225	0.21392785549235627	-0.37776173081344894	-1.3222594446445084	53	
TCA CYCLE AKA KREBS OR CITRIC ACID CYCLE %WIKIPATHWAYS_20250810%WP78%HOMO SAPIENS	0.08924949290060852	0.34406832697705225	0.21392785549235627	-0.5601385845534754	-1.415258038905613	14	
TCA CYCLE AND DEFICIENCY OF PYRUVATE DEHYDROGENASE COMPLEX PDHC %WIKIPATHWAYS_20250810%WP2453%HOMO SAPIENS	0.08924949290060852	0.34406832697705225	0.21392785549235627	-0.6156745116135979	-1.4300895781827458	10	
RESPONSE TO METAL IONS%REACTOME DATABASE ID RELEASE 93%5660526	0.0893970893970894	0.3442329848274315	0.21654283673534816	-0.6623036163222409	-1.431972987455009	8	
NEURAL CREST DIFFERENTIATION%WIKIPATHWAYS_20250810%WP2064%HOMO SAPIENS	0.08979591836734693	0.3452286654607177	0.21392785549235627	-0.35871168064589065	-1.3014874244585592	65	
BIOCARTA_NPC_PATHWAY%MSIGDB_C2%BIOCARTA_NPC_PATHWAY	0.09036144578313253	0.3463210569017995	0.2114001893849227	-0.6452691818618681	-1.4586097930304398	9	
P73 TRANSCRIPTION FACTOR NETWORK%PATHWAY INTERACTION DATABASE NCI-NATURE CURATED DATA%P73 TRANSCRIPTION FACTOR NETWORK	0.09054325955734406	0.34688285354148235	0.2114001893849227	-0.35591478404753696	-1.3122802298081588	68	
NIK-->NONCANONICAL NF-KB SIGNALING%REACTOME DATABASE ID RELEASE 93%5676590	0.0907258064516129	0.34732715543817355	0.2114001893849227	-0.38394602465621785	-1.3079422773037135	46	
PURINE RIBONUCLEOSIDE MONOPHOSPHATE BIOSYNTHESIS%REACTOME DATABASE ID RELEASE 93%73817	0.09126984126984126	0.34834190291994904	0.2089550275493539	-0.5966625303589238	-1.4246253410262992	11	
PRESYNAPTIC MEMBRANE ORGANIZATION%GOBP%GO:0097090	0.09147609147609148	0.34841038303360095	0.21392785549235627	-0.6598720824474459	-1.4267157447932173	8	
REGULATION OF TRANSPORTER ACTIVITY%GOBP%GO:0032409	0.09164969450101833	0.34841038303360095	0.2114001893849227	-0.3819973110163928	-1.3133146301022052	48	
HH MUTANTS ARE DEGRADED BY ERAD%REACTOME DATABASE ID RELEASE 93%5362768	0.09183673469387756	0.3489866807394513	0.2114001893849227	-0.38865308031414036	-1.3048119521859556	42	
ACTIVATION OF NIMA KINASES NEK9, NEK6, NEK7%REACTOME DATABASE ID RELEASE 93%2980767	0.09202453987730061	0.3495654396728016	0.2114001893849227	-0.6857092028705287	-1.4365795179389	7	
UB-SPECIFIC PROCESSING PROTEASES%REACTOME DATABASE ID RELEASE 93%5689880	0.09215686274509804	0.3499330777432454	0.20658792269689108	-0.2975919728033629	-1.217984601250643	148	
DRUG-MEDIATED INHIBITION OF CDK4 CDK6 ACTIVITY%REACTOME%R-HSA-9754119.3	0.09236947791164658	0.35006538857508557	0.2089550275493539	-0.7288038407894409	-1.3922043507215434	5	
GLOMERULUS MORPHOGENESIS%GOBP%GO:0072102	0.09236947791164658	0.35006538857508557	0.2089550275493539	-0.7316655505282514	-1.3976709585052765	5	
PRESYNAPTIC MODULATION OF CHEMICAL SYNAPTIC TRANSMISSION%GOBP%GO:0099171	0.09236947791164658	0.35006538857508557	0.2089550275493539	-0.7326583172008801	-1.399567400323404	5	
REGULATION OF RESPIRATORY SYSTEM PROCESS%GOBP%GO:0044065	0.09236947791164658	0.35006538857508557	0.2089550275493539	-0.7320253260728925	-1.3983582231031002	5	
REGULATION OF TELOMERE MAINTENANCE%GOBP%GO:0032204	0.09288537549407115	0.3513886610901536	0.20658792269689108	-0.3188564837628728	-1.2419118854386109	102	
ESTABLISHMENT OF RNA LOCALIZATION%GOBP%GO:0051236	0.09306930693069307	0.3513886610901536	0.20658792269689108	-0.33058668740959063	-1.2768675638371048	94	
RNA CAPPING%GOBP%GO:0036260	0.09330628803245436	0.3514513052668499	0.2089550275493539	-0.5533502803212613	-1.398106565323702	14	
MITOCHONDRIAL RESPIRATORY CHAIN COMPLEX ASSEMBLY%GOBP%GO:0033108	0.09362549800796813	0.352249389906937	0.20658792269689108	-0.33662695392375735	-1.2768073953709658	85	
DEGRADATION OF DVL%REACTOME DATABASE ID RELEASE 93%4641258	0.0942622950819672	0.353429762900628	0.2089550275493539	-0.3881542497136264	-1.3034984079538432	43	
FORMATION OF THE URETERIC BUD%REACTOME%R-HSA-9830674.1	0.09430255402750491	0.35344611608481663	0.20429475651688608	-0.5781834967376993	-1.4219525873828165	12	
OPIOID PROENKEPHALIN PATHWAY%PANTHER PATHWAY%P05915	0.0944558521560575	0.35361685183594754	0.2089550275493539	-0.5452540680375458	-1.4017803210343067	15	
QUINONE BIOSYNTHETIC PROCESS%GOBP%GO:1901663	0.0944558521560575	0.35361685183594754	0.2089550275493539	-0.5438173420511051	-1.3980866774054572	15	
UBIQUINONE BIOSYNTHETIC PROCESS%GOBP%GO:0006744	0.0944558521560575	0.35361685183594754	0.2089550275493539	-0.5438173420511051	-1.3980866774054572	15	
CLEAVAGE OF THE DAMAGED PURINE%REACTOME DATABASE ID RELEASE 93%110331	0.09475806451612903	0.3542095304577853	0.20658792269689108	-0.49809645642806516	-1.3989080710079806	20	
DEPURINATION%REACTOME DATABASE ID RELEASE 93%73927	0.09475806451612903	0.3542095304577853	0.20658792269689108	-0.49809645642806516	-1.3989080710079806	20	
RECOGNITION AND ASSOCIATION OF DNA GLYCOSYLASE WITH SITE CONTAINING AN AFFECTED PURINE%REACTOME DATABASE ID RELEASE 93%110330	0.09475806451612903	0.3542095304577853	0.20658792269689108	-0.49809645642806516	-1.3989080710079806	20	
RNA 3'-END PROCESSING%GOBP%GO:0031123	0.09484536082474226	0.354389374797538	0.2089550275493539	-0.3489789331713301	-1.287143815087636	73	
CHORDATE EMBRYONIC DEVELOPMENT%GOBP%GO:0043009	0.09496124031007752	0.354389374797538	0.20207170902115992	-0.30024978681652037	-1.2204196097912539	139	
PKR-MEDIATED SIGNALING%REACTOME DATABASE ID RELEASE 93%9833482	0.09533468559837728	0.3544808589129995	0.20658792269689108	-0.3749110939169717	-1.3122815107984762	53	
MATURE B CELL DIFFERENTIATION INVOLVED IN IMMUNE RESPONSE%GOBP%GO:0002313	0.09563409563409564	0.35519174108385726	0.2089550275493539	-0.6585324011976513	-1.4238192071415605	8	
MATURE B CELL DIFFERENTIATION%GOBP%GO:0002335	0.09563409563409564	0.35519174108385726	0.2089550275493539	-0.6585324011976513	-1.4238192071415605	8	
MITOTIC NUCLEAR MEMBRANE DISASSEMBLY%GOBP%GO:0007077	0.09563409563409564	0.35519174108385726	0.2089550275493539	-0.6588925728527121	-1.4245979377240054	8	
ACTIVATION OF RRNA EXPRESSION BY ERCC6 (CSB) AND EHMT2 (G9A)%REACTOME DATABASE ID RELEASE 93%427389	0.09611451942740286	0.3557682549933115	0.20658792269689108	-0.4460246480902856	-1.3659720121537096	28	
ATRIOVENTRICULAR CANAL DEVELOPMENT%GOBP%GO:0036302	0.09611451942740286	0.3557682549933115	0.20658792269689108	-0.6748016411925778	-1.413727878159817	7	
POSITIVE REGULATION OF CENTRIOLE ELONGATION%GOBP%GO:1903724	0.09611451942740286	0.3557682549933115	0.20658792269689108	-0.6763092046164857	-1.4168862647290998	7	
POSITIVE REGULATION OF MITOTIC CYTOKINETIC PROCESS%GOBP%GO:1903438	0.09611451942740286	0.3557682549933115	0.20658792269689108	-0.6753437535442675	-1.4148636183505552	7	
REGULATION OF CYTOKINETIC PROCESS%GOBP%GO:0032954	0.09611451942740286	0.3557682549933115	0.20658792269689108	-0.6753437535442675	-1.4148636183505552	7	
REGULATION OF MITOTIC CYTOKINETIC PROCESS%GOBP%GO:1903436	0.09611451942740286	0.3557682549933115	0.20658792269689108	-0.6753437535442675	-1.4148636183505552	7	
PID_HES_HEY_PATHWAY%MSIGDB_C2%PID_HES_HEY_PATHWAY	0.09623430962343096	0.35593194079973917	0.2089550275493539	-0.42503997187480147	-1.3361726799926916	32	
MRNA DECAY BY 3' TO 5' EXORIBONUCLEASE%REACTOME%R-HSA-429958.5	0.0967741935483871	0.3576393110135241	0.20429475651688608	-0.5324980488797547	-1.3931623226800331	16	
IMPORT INTO NUCLEUS%GOBP%GO:0051170	0.09690721649484536	0.35776094998434477	0.20658792269689108	-0.3479601682518237	-1.283386290376174	73	
THE ONCOGENIC ACTION OF L-2-HYDROXYGLUTARATE IN HYDROXYGLUTARIC ACIDURIA%PATHWHIZ%PW002451	0.0975609756097561	0.3588736911948918	0.20429475651688608	-0.45356713420114964	-1.343255084361529	25	
ALTERNATIVE MRNA SPLICING, VIA SPLICEOSOME%GOBP%GO:0000380	0.09760956175298804	0.3588736911948918	0.20207170902115992	-0.5009376762587835	-1.3884522245125526	19	
ASYMMETRIC LOCALIZATION OF PCP PROTEINS%REACTOME%R-HSA-4608870.3	0.09760956175298804	0.3588736911948918	0.20207170902115992	-0.3732707712624965	-1.3015591065983738	51	
PEPTIDYL-PROLINE MODIFICATION%GOBP%GO:0018208	0.09771309771309772	0.3589862537623732	0.20658792269689108	-0.6549547955346933	-1.416084031698053	8	
NUCLEAR ENVELOPE ORGANIZATION%GOBP%GO:0006998	0.09775967413441955	0.3590234060154774	0.20429475651688608	-0.3769560611792683	-1.300051670183067	49	
NUCLEAR PORE LOCALIZATION%GOBP%GO:0051664	0.09839357429718876	0.36027636018226866	0.20207170902115992	-0.727275234528272	-1.3892843163196467	5	
MATURATION OF 5.8S RRNA%GOBP%GO:0000460	0.09873949579831932	0.3604889997034369	0.20658792269689108	-0.4305109807709187	-1.3363799037666149	31	
C21-STEROID HORMONE METABOLIC PROCESS%GOBP%GO:0008207	0.09879032258064516	0.3604889997034369	0.20207170902115992	-0.6954113006728322	-1.404073639623685	6	
PURINERGIC NUCLEOTIDE RECEPTOR SIGNALING PATHWAY%GOBP%GO:0035590	0.09879032258064516	0.3604889997034369	0.20207170902115992	-0.6927627250924491	-1.3987260199468565	6	
NEGATIVE REGULATION OF AXON EXTENSION%GOBP%GO:0030517	0.0992063492063492	0.3604889997034369	0.19991523130966152	-0.590460800971595	-1.4098177397545029	11	
EPITHELIAL CELL MIGRATION%GOBP%GO:0010631	0.09939148073022312	0.3604889997034369	0.20207170902115992	-0.543650815289716	-1.373599691065216	14	
EPITHELIUM MIGRATION%GOBP%GO:0090132	0.09939148073022312	0.3604889997034369	0.20207170902115992	-0.543650815289716	-1.373599691065216	14	
ISOTYPE SWITCHING%GOBP%GO:0045190	0.09939148073022312	0.3604889997034369	0.20207170902115992	-0.6118482001652554	-1.4212018168381766	10	
NUCLEAR MEMBRANE DISASSEMBLY%GOBP%GO:0051081	0.09939148073022312	0.3604889997034369	0.20207170902115992	-0.6116125978713118	-1.4206545595150148	10	
POSITIVE REGULATION OF ANIMAL ORGAN MORPHOGENESIS%GOBP%GO:0110110	0.09939148073022312	0.3604889997034369	0.20207170902115992	-0.6104975698363344	-1.418064570905573	10	
PROTEASOME ASSEMBLY%GOBP%GO:0043248	0.09939148073022312	0.3604889997034369	0.20207170902115992	-0.6091667393944967	-1.4149733161771414	10	
RIBOFLAVIN AND COQ DISORDERS%WIKIPATHWAYS_20250810%WP5037%HOMO SAPIENS	0.09939148073022312	0.3604889997034369	0.20207170902115992	-0.6082393583703992	-1.412819194295288	10	
SOMATIC RECOMBINATION OF IMMUNOGLOBULIN GENES INVOLVED IN IMMUNE RESPONSE%GOBP%GO:0002204	0.09939148073022312	0.3604889997034369	0.20207170902115992	-0.6118482001652554	-1.4212018168381766	10	
COBALAMIN (CBL) METABOLISM%REACTOME%R-HSA-9759218.2	0.10020449897750511	0.36113231952141844	0.20207170902115992	-0.6732728069396008	-1.4105249286223804	7	
MARGINAL ZONE B CELL DIFFERENTIATION%GOBP%GO:0002315	0.10020449897750511	0.36113231952141844	0.20207170902115992	-0.673574563839633	-1.4111571175738604	7	
POSITIVE REGULATION OF EPITHELIAL CELL DIFFERENTIATION%GOBP%GO:0030858	0.10020449897750511	0.36113231952141844	0.20207170902115992	-0.43735690322732546	-1.3394266251622355	28	
MACROMOLECULE DEPALMITOYLATION%GOBP%GO:0098734	0.10080645161290322	0.36250559626758405	0.19991523130966152	-0.6887798697201081	-1.3906844160308331	6	
PROTEIN DEPALMITOYLATION%GOBP%GO:0002084	0.10080645161290322	0.36250559626758405	0.19991523130966152	-0.6887798697201081	-1.3906844160308331	6	
PRE-NOTCH TRANSCRIPTION AND TRANSLATION%REACTOME DATABASE ID RELEASE 93%1912408	0.100990099009901	0.3629009178290092	0.19782202131510335	-0.37135748927327705	-1.269080622744163	45	
NEUROTRANSMITTER RECEPTORS AND POSTSYNAPTIC SIGNAL TRANSMISSION%REACTOME DATABASE ID RELEASE 93%112314	0.1017274472168906	0.3646190190380432	0.19381330272531053	-0.31513300340984945	-1.2449673925160396	109	
BIOCARTA_PRC2_PATHWAY%MSIGDB_C2%BIOCARTA_PRC2_PATHWAY	0.10216110019646366	0.3657738881943204	0.19578900214894943	-0.5731987668540008	-1.4096934177670757	12	
ALCOHOL METABOLIC PROCESS%GOBP%GO:0006066	0.10236220472440945	0.3663606934629355	0.19578900214894943	-0.2981310924010604	-1.2135769605467814	142	
REGULATION OF CHROMATIN ORGANIZATION%GOBP%GO:1902275	0.1028225806451613	0.36747409402259823	0.19782202131510335	-0.4888672388501753	-1.3896985874799181	21	
FOXO FAMILY SIGNALING%PATHWAY INTERACTION DATABASE NCI-NATURE CURATED DATA%FOXO FAMILY SIGNALING	0.10297029702970296	0.36773505424535924	0.19578900214894943	-0.37011885503415315	-1.2648477022916476	45	
DEGRADATION OF AXIN%REACTOME%R-HSA-4641257.3	0.10408163265306122	0.37011624690587475	0.19782202131510335	-0.37777187507102605	-1.2682808467488698	42	
CLASS A 1 (RHODOPSIN-LIKE RECEPTORS)%REACTOME%R-HSA-373076.10	0.10450819672131148	0.3710738207421683	0.19782202131510335	-0.3657380488332136	-1.2867714658182465	56	
INHIBITION OF DNA RECOMBINATION AT TELOMERE%REACTOME DATABASE ID RELEASE 93%9670095	0.10460251046025104	0.3712384432170328	0.19991523130966152	-0.4211976314253202	-1.3240937446558994	32	
REGULATION OF MITF-M-DEPENDENT GENES INVOLVED IN CELL CYCLE AND PROLIFERATION%REACTOME DATABASE ID RELEASE 93%9825892	0.10472279260780287	0.3712384432170328	0.19782202131510335	-0.5371464849228215	-1.3809367342963386	15	
BIOCARTA_CREB_PATHWAY%MSIGDB_C2%BIOCARTA_CREB_PATHWAY	0.10483870967741936	0.3713655095341203	0.19578900214894943	-0.5254306804172746	-1.3746721301185054	16	
GLIOBLASTOMA SIGNALING%WIKIPATHWAYS_20250810%WP2261%HOMO SAPIENS	0.10537190082644628	0.372796167997553	0.19782202131510335	-0.35834755215420916	-1.272158756865352	60	
REGULATION OF RUNX2 EXPRESSION AND ACTIVITY%REACTOME%R-HSA-8939902.4	0.10547667342799188	0.3728988605285487	0.19578900214894943	-0.37111590093998686	-1.298997397166159	53	
P53 PATHWAY%PATHWAY INTERACTION DATABASE NCI-NATURE CURATED DATA%P53 PATHWAY	0.10569105691056911	0.3733886423901914	0.19578900214894943	-0.36438135601315685	-1.2923940264210239	57	
NUCLEOSIDE TRIPHOSPHATE METABOLIC PROCESS%GOBP%GO:0009141	0.10609037328094302	0.3743963495785537	0.19189224038483796	-0.2930831072396252	-1.1975549486617922	145	
REGULATION OF TELOMERASE RNA LOCALIZATION TO CAJAL BODY%GOBP%GO:1904872	0.10609037328094302	0.3743963495785537	0.19189224038483796	-0.5676923076923077	-1.396151135954353	12	
CARTILAGE DEVELOPMENT INVOLVED IN ENDOCHONDRAL BONE MORPHOGENESIS%GOBP%GO:0060351	0.10642570281124498	0.3749078604220101	0.19381330272531053	-0.7224358580828896	-1.3800398522197554	5	
SUCCINYL-COA CATABOLIC PROCESS%GOBP%GO:1901289	0.10642570281124498	0.3749078604220101	0.19381330272531053	-0.7225616347982783	-1.3802801183662592	5	
REGULATION OF MONOATOMIC ION TRANSMEMBRANE TRANSPORTER ACTIVITY%GOBP%GO:0032412	0.10655737704918032	0.3749439564987469	0.19578900214894943	-0.38264908461724234	-1.2850109794535653	43	
2-KETOGLUTARATE DEHYDROGENASE COMPLEX DEFICIENCY%PATHWHIZ%PW000525	0.10685483870967742	0.3749439564987469	0.19381330272531053	-0.487158368791808	-1.3848407976392954	21	
ABERRANT REGULATION OF MITOTIC EXIT IN CANCER DUE TO RB1 DEFECTS%REACTOME DATABASE ID RELEASE 93%9687136	0.10685483870967742	0.3749439564987469	0.19381330272531053	-0.4875071546119146	-1.3691679281385005	20	
CITRIC ACID CYCLE%SMPDB%SMP0000057	0.10685483870967742	0.3749439564987469	0.19381330272531053	-0.487158368791808	-1.3848407976392954	21	
CONGENITAL LACTIC ACIDOSIS%PATHWHIZ%PW000522	0.10685483870967742	0.3749439564987469	0.19381330272531053	-0.487158368791808	-1.3848407976392954	21	
FUMARASE DEFICIENCY%SMPDB%SMP0000547	0.10685483870967742	0.3749439564987469	0.19381330272531053	-0.487158368791808	-1.3848407976392954	21	
MITOCHONDRIAL COMPLEX II DEFICIENCY%PATHWHIZ%PW000524	0.10685483870967742	0.3749439564987469	0.19381330272531053	-0.487158368791808	-1.3848407976392954	21	
OPIOID PROOPIOMELANOCORTIN PATHWAY%PANTHER PATHWAY%P05917	0.10685483870967742	0.3749439564987469	0.19381330272531053	-0.5215178689448137	-1.3644351320099666	16	
PYRUVATE DEHYDROGENASE DEFICIENCY (E2)%SMPDB%SMP0000551	0.10685483870967742	0.3749439564987469	0.19381330272531053	-0.487158368791808	-1.3848407976392954	21	
PYRUVATE DEHYDROGENASE DEFICIENCY (E3)%SMPDB%SMP0000550	0.10685483870967742	0.3749439564987469	0.19381330272531053	-0.487158368791808	-1.3848407976392954	21	
TELENCEPHALON DEVELOPMENT%GOBP%GO:0021537	0.10699588477366255	0.37528586674797987	0.19578900214894943	-0.34021451802892816	-1.2628295356244708	77	
PROTEIN LOCALIZATION TO CENTROSOME%GOBP%GO:0071539	0.10728744939271255	0.37552514280861987	0.19381330272531053	-0.4758892498491698	-1.3692683974526738	22	
PROTEIN LOCALIZATION TO MICROTUBULE ORGANIZING CENTER%GOBP%GO:1905508	0.10728744939271255	0.37552514280861987	0.19381330272531053	-0.4758892498491698	-1.3692683974526738	22	
COHESIN LOADING ONTO CHROMATIN%REACTOME DATABASE ID RELEASE 93%2470946	0.1075050709939148	0.37588598331182005	0.19381330272531053	-0.6025676784727311	-1.3996450086510164	10	
NETWORK MAP OF SARS COV 2 SIGNALING%WIKIPATHWAYS_20250810%WP5115%HOMO SAPIENS	0.10763209393346379	0.3761965200102536	0.19002330527910832	-0.31489501795142966	-1.2398902052349512	110	
RHOF GTPASE CYCLE%REACTOME%R-HSA-9035034.5	0.10816326530612246	0.3776508901432914	0.19381330272531053	-0.4000508363304073	-1.2948749738296472	36	
REGULATION OF TRANSMEMBRANE TRANSPORTER ACTIVITY%GOBP%GO:0022898	0.10821643286573146	0.3777025870244566	0.19189224038483796	-0.3713097600829298	-1.2584011724063584	44	
PHOSPHATIDYLSERINE ACYL-CHAIN REMODELING%GOBP%GO:0036150	0.1083844580777096	0.3781549873257012	0.19381330272531053	-0.669257248295889	-1.4021122235332697	7	
GLUTAMATE BINDING, ACTIVATION OF AMPA RECEPTORS AND SYNAPTIC PLASTICITY%REACTOME%R-HSA-399721.5	0.10887096774193548	0.3793147729607561	0.19189224038483796	-0.48353202097314313	-1.3580037320097216	20	
TRAFFICKING OF AMPA RECEPTORS%REACTOME DATABASE ID RELEASE 93%399719	0.10887096774193548	0.3793147729607561	0.19189224038483796	-0.48353202097314313	-1.3580037320097216	20	
PTERIDINE-CONTAINING COMPOUND BIOSYNTHETIC PROCESS%GOBP%GO:0042559	0.10953346855983773	0.3808144531921477	0.19189224038483796	-0.5990344892245979	-1.3914381119447357	10	
POSITIVE REGULATION OF TRIGLYCERIDE BIOSYNTHETIC PROCESS%GOBP%GO:0010867	0.1100196463654224	0.3819652461614771	0.1882041463084906	-0.5628091180372113	-1.384141688773789	12	
REGULATION OF BICELLULAR TIGHT JUNCTION ASSEMBLY%GOBP%GO:2000810	0.1100196463654224	0.3819652461614771	0.1882041463084906	-0.5636811012645376	-1.3862861962065451	12	
RIBONUCLEOSIDE DIPHOSPHATE BIOSYNTHETIC PROCESS%GOBP%GO:0009188	0.11044176706827309	0.38243302914336175	0.19002330527910832	-0.7197736017873937	-1.374954252240877	5	
FORMATION OF INCISION COMPLEX IN GG-NER%REACTOME%R-HSA-5696395.2	0.11065573770491803	0.38263744954728923	0.19189224038483796	-0.3773061274223939	-1.2670682770294934	43	
MRNA DECAY BY 5' TO 3' EXORIBONUCLEASE%REACTOME%R-HSA-430039.4	0.11088295687885011	0.38281709496448446	0.19189224038483796	-0.5296327194353652	-1.3616197787436883	15	
DNA DOUBLE-STRAND BREAK PROCESSING%GOBP%GO:0000729	0.11088709677419355	0.38281709496448446	0.19002330527910832	-0.5196844323158593	-1.3596383541854198	16	
REGULATION OF RESPONSE TO OXIDATIVE STRESS%GOBP%GO:1902882	0.11155378486055777	0.3840414565514167	0.1882041463084906	-0.48820682766089346	-1.3531660484203765	19	
REGULATION OF NUCLEAR BETA CATENIN SIGNALING AND TARGET GENE TRANSCRIPTION%PATHWAY INTERACTION DATABASE NCI-NATURE CURATED DATA%REGULATION OF NUCLEAR BETA CATENIN SIGNALING AND TARGET GENE TRANSCRIPTION	0.1120162932790224	0.385095119980885	0.19002330527910832	-0.3578378448792369	-1.263384372553054	58	
PURINE-CONTAINING COMPOUND SALVAGE%GOBP%GO:0043101	0.11226611226611227	0.38550860824915256	0.19189224038483796	-0.6423988325967218	-1.388936664062492	8	
NEGATIVE REGULATION OF T CELL DIFFERENTIATION IN THYMUS%GOBP%GO:0033085	0.11244979919678715	0.38550860824915256	0.1882041463084906	-0.7179891789612773	-1.3715455418540672	5	
URATE METABOLIC PROCESS%GOBP%GO:0046415	0.11244979919678715	0.38550860824915256	0.1882041463084906	-0.7185984585120175	-1.372709423812246	5	
RIBONUCLEOSIDE DIPHOSPHATE METABOLIC PROCESS%GOBP%GO:0009185	0.1125	0.38551768764399674	0.19189224038483796	-0.39039607276307275	-1.2776770170465308	39	
G BETA:GAMMA SIGNALLING THROUGH PLC BETA%REACTOME%R-HSA-418217.5	0.11290322580645161	0.3862561366540384	0.1882041463084906	-0.5166994861887322	-1.3518289087080297	16	
NIPBL ROLE IN DNA DAMAGE CORNELIA DE LANGE SYNDROME%WIKIPATHWAYS_20250810%WP5119%HOMO SAPIENS	0.11434511434511435	0.38902625979336414	0.19002330527910832	-0.6407318104184133	-1.3853323794564651	8	
NUCLEOSIDE TRIPHOSPHATE CATABOLIC PROCESS%GOBP%GO:0009143	0.11434511434511435	0.38902625979336414	0.19002330527910832	-0.6401236011474604	-1.3840173643708453	8	
TP53 REGULATES TRANSCRIPTION OF CASPASE ACTIVATORS AND CASPASES%REACTOME DATABASE ID RELEASE 93%6803207	0.11434511434511435	0.38902625979336414	0.19002330527910832	-0.6414478387799404	-1.3868805112297025	8	
MALE MEIOTIC NUCLEAR DIVISION%GOBP%GO:0007140	0.1144578313253012	0.3891408174132996	0.18643255843407516	-0.5504659497651836	-1.3631021352420178	13	
NEGATIVE REGULATION OF TRANSPORTER ACTIVITY%GOBP%GO:0032410	0.1144578313253012	0.3891408174132996	0.18643255843407516	-0.6295090612095449	-1.4229845579053244	9	
REGULATION OF LOW-DENSITY LIPOPROTEIN PARTICLE CLEARANCE%GOBP%GO:0010988	0.11451942740286299	0.3891699604743083	0.1882041463084906	-0.6657240672347672	-1.3947101126613006	7	
CELLULAR RESPONSE TO HYPOXIA%GOBP%GO:0071456	0.11530398322851153	0.39054835076229927	0.19002330527910832	-0.35179342906272343	-1.26344890300913	63	
TNFR2 NON-CANONICAL NF-KB PATHWAY%REACTOME DATABASE ID RELEASE 93%5668541	0.11608961303462322	0.39278980410271486	0.18643255843407516	-0.35516180763934774	-1.2539363399382057	58	
IN UTERO EMBRYONIC DEVELOPMENT%GOBP%GO:0001701	0.11632653061224489	0.39345620762904954	0.18643255843407516	-0.3977041629791709	-1.2872793176821886	36	
KIDNEY DEVELOPMENT%GOBP%GO:0001822	0.11646586345381527	0.3936570173588277	0.1847064712077387	-0.3191926831687303	-1.2324603409206047	95	
ACTIVATION OF ANTERIOR HOX GENES IN HINDBRAIN DEVELOPMENT DURING EARLY EMBRYOGENESIS%REACTOME DATABASE ID RELEASE 93%5617472	0.11691022964509394	0.3941064159371735	0.1882041463084906	-0.3426191587836515	-1.2603787397995423	71	
ACTIVATION OF HOX GENES DURING DIFFERENTIATION%REACTOME DATABASE ID RELEASE 93%5619507	0.11691022964509394	0.3941064159371735	0.1882041463084906	-0.3426191587836515	-1.2603787397995423	71	
HISTONE MODIFICATIONS%WIKIPATHWAYS_20250810%WP2369%HOMO SAPIENS	0.11836734693877551	0.39798497983746656	0.1847064712077387	-0.4141288464516683	-1.3211972981883089	33	
LGI-ADAM INTERACTIONS%REACTOME%R-HSA-5682910.3	0.11847389558232932	0.39798497983746656	0.18302393838448722	-0.6227569596009274	-1.4077216539782398	9	
VERY LONG-CHAIN FATTY ACID BIOSYNTHETIC PROCESS%GOBP%GO:0042761	0.11847389558232932	0.39798497983746656	0.18302393838448722	-0.6254331467633508	-1.4137710871649138	9	
NUCLEOLUS ORGANIZATION%GOBP%GO:0007000	0.11904761904761904	0.39895944763201396	0.18138312849840757	-0.5770265128682794	-1.3777412705666043	11	
METASTATIC BRAIN TUMOR%WIKIPATHWAYS_20250810%WP2249%HOMO SAPIENS	0.12048192771084337	0.4026697421048757	0.18138312849840757	-0.7120853513381697	-1.3602676999399834	5	
'DE NOVO' AMP BIOSYNTHETIC PROCESS%GOBP%GO:0044208	0.12065439672801637	0.40286631894136965	0.18302393838448722	-0.6566617933522412	-1.3757244012386007	7	
POSITIVE REGULATION OF FIBROBLAST GROWTH FACTOR RECEPTOR SIGNALING PATHWAY%GOBP%GO:0045743	0.12096774193548387	0.40286631894136965	0.18138312849840757	-0.6788435004716241	-1.3706223403615632	6	
G BETA:GAMMA SIGNALLING THROUGH PI3KGAMMA%REACTOME%R-HSA-392451.5	0.12103174603174603	0.40286631894136965	0.1797823162983236	-0.5024568530860999	-1.3715196914034378	18	
ESTABLISHMENT OF CELL POLARITY%GOBP%GO:0030010	0.12170385395537525	0.40449116576165284	0.18138312849840757	-0.33388480820534194	-1.2395977692645226	75	
SUBSTANTIA NIGRA DEVELOPMENT%GOBP%GO:0021762	0.12170385395537525	0.40449116576165284	0.18138312849840757	-0.40374179058953735	-1.3008328496021815	34	
PROTEIN SUMOYLATION%GOBP%GO:0016925	0.12244897959183673	0.4063411510509787	0.18138312849840757	-0.3729247014637663	-1.2520075933580546	42	
FATTY-ACYL-COA CATABOLIC PROCESS%GOBP%GO:0036115	0.12248995983935743	0.4063411510509787	0.1797823162983236	-0.7100857712963144	-1.3564479834702245	5	
SOMITOGENESIS%GOBP%GO:0001756	0.12248995983935743	0.4063411510509787	0.1797823162983236	-0.709808804265776	-1.3559189046106723	5	
UBIQUINOL BIOSYNTHESIS%REACTOME%R-HSA-2142789.6	0.12301587301587301	0.40655017827181206	0.17821987495197314	-0.5724302495398937	-1.3667669712290722	11	
DISORDERS OF FOLATE METABOLISM AND TRANSPORT%WIKIPATHWAYS_20250810%WP4259%HOMO SAPIENS	0.12373225152129817	0.40798798723742635	0.1797823162983236	-0.5940718421678165	-1.3799108687306192	10	
INTEGRATED CANCER PATHWAY%WIKIPATHWAYS_20250810%WP1971%HOMO SAPIENS	0.12373225152129817	0.40798798723742635	0.1797823162983236	-0.4021098577613182	-1.295574855803244	34	
G ALPHA (S) SIGNALLING EVENTS%REACTOME%R-HSA-418555.12	0.12396694214876033	0.40849347804440905	0.18138312849840757	-0.35265247420682544	-1.2519408336836773	60	
POSITIVE REGULATION OF UBIQUITIN-PROTEIN TRANSFERASE ACTIVITY%GOBP%GO:0051443	0.12449799196787148	0.4094473532044326	0.17821987495197314	-0.6133938299830604	-1.3865566069902098	9	
SUCCINYL-COA METABOLIC PROCESS%GOBP%GO:0006104	0.12474012474012475	0.40984015984015987	0.18138312849840757	-0.6331676161366294	-1.36897776260638	8	
THE ONCOGENIC ACTION OF D-2-HYDROXYGLUTARATE IN HYDROXYGLUTARIC ACIDURIA%SMPDB%SMP0002359	0.12474437627811862	0.40984015984015987	0.1797823162983236	-0.4319836895989846	-1.2919008820424371	26	
5HT1 TYPE RECEPTOR MEDIATED SIGNALING PATHWAY%PANTHER PATHWAY%P04373	0.125	0.40984015984015987	0.17821987495197314	-0.47169981730879434	-1.3408969097016266	21	
ACETYL-COA METABOLIC PROCESS%GOBP%GO:0006084	0.125	0.40984015984015987	0.17821987495197314	-0.4701724967801617	-1.3365552091076942	21	
PID_P53_REGULATION_PATHWAY%MSIGDB_C2%PID_P53_REGULATION_PATHWAY	0.125	0.40984015984015987	0.17821987495197314	-0.36843644493973027	-1.255107676313718	46	
DEVELOPMENTAL PROCESS INVOLVED IN REPRODUCTION%GOBP%GO:0003006	0.12525252525252525	0.4102582713361157	0.17821987495197314	-0.2663052465945107	-1.1562200254562685	247	
MITOCHONDRIAL TRANSLATION%GOBP%GO:0032543	0.12595419847328243	0.41163928257870314	0.1723243449009459	-0.3035125151463873	-1.1988137829579586	106	
ACTIVATION OF GABAB RECEPTORS%REACTOME DATABASE ID RELEASE 93%991365	0.12605042016806722	0.41163928257870314	0.18138312849840757	-0.41334340344209386	-1.283088800023993	31	
GABA B RECEPTOR ACTIVATION%REACTOME DATABASE ID RELEASE 93%977444	0.12605042016806722	0.41163928257870314	0.18138312849840757	-0.41334340344209386	-1.283088800023993	31	
PROTEIN MONOUBIQUITINATION%GOBP%GO:0006513	0.12605042016806722	0.41163928257870314	0.18138312849840757	-0.38225573606621926	-1.260458816019438	40	
THYROID STIMULATING HORMONE TSH SIGNALING%WIKIPATHWAYS_20250810%WP2032%HOMO SAPIENS	0.12673267326732673	0.41222740332532615	0.17520404755855126	-0.3635501325063422	-1.2423996873275722	45	
DECTIN-1 MEDIATED NONCANONICAL NF-KB SIGNALING%REACTOME DATABASE ID RELEASE 93%5607761	0.1267605633802817	0.41222740332532615	0.17669426893849804	-0.3635791869885278	-1.2462282914213483	47	
BIOCARTA_RB_PATHWAY%MSIGDB_C2%BIOCARTA_RB_PATHWAY	0.12678936605316973	0.41222740332532615	0.17821987495197314	-0.6534756828856886	-1.3690494127464243	7	
RNA LOCALIZATION TO CAJAL BODY%GOBP%GO:0090670	0.12698412698412698	0.41222740332532615	0.17520404755855126	-0.5703381870908146	-1.3617718441206634	11	
RNA LOCALIZATION TO NUCLEUS%GOBP%GO:0090685	0.12698412698412698	0.41222740332532615	0.17520404755855126	-0.5703381870908146	-1.3617718441206634	11	
RMTS METHYLATE HISTONE ARGININES%REACTOME DATABASE ID RELEASE 93%3214858	0.12704918032786885	0.412302646508964	0.17821987495197314	-0.40167882533854926	-1.292581941187454	35	
FORMATION OF PARAXIAL MESODERM%REACTOME%R-HSA-9793380.5	0.12778904665314403	0.4141576541628888	0.17669426893849804	-0.35723215448743995	-1.250400852369525	53	
NEGATIVE REGULATION OF FIBROBLAST MIGRATION%GOBP%GO:0010764	0.1285140562248996	0.41518742776311474	0.17520404755855126	-0.7075840031732206	-1.3516689575231398	5	
REGULATION OF STORE-OPERATED CALCIUM CHANNEL ACTIVITY%GOBP%GO:1901339	0.1285140562248996	0.41518742776311474	0.17520404755855126	-0.7064485989349937	-1.3495000409617575	5	
SEGMENT SPECIFICATION%GOBP%GO:0007379	0.1285140562248996	0.41518742776311474	0.17520404755855126	-0.7077620713072108	-1.3520091138409187	5	
DEGRADATION OF BETA-CATENIN BY THE DESTRUCTION COMPLEX%REACTOME%R-HSA-195253.4	0.12877263581488935	0.41529491393167395	0.17520404755855126	-0.3425152446940242	-1.2632442485859958	69	
ALPHA-LINOLENIC (OMEGA3) AND LINOLEIC (OMEGA6) ACID METABOLISM%REACTOME%R-HSA-2046104.3	0.12896825396825398	0.415381559885976	0.1737478389995708	-0.562540872138963	-1.3431545321441782	11	
ALPHA-LINOLENIC ACID (ALA) METABOLISM%REACTOME%R-HSA-2046106.2	0.12896825396825398	0.415381559885976	0.1737478389995708	-0.562540872138963	-1.3431545321441782	11	
IMP METABOLIC PROCESS%GOBP%GO:0046040	0.12981744421906694	0.41743388497091216	0.17520404755855126	-0.5894354038552032	-1.3691413436233058	10	
DIOL METABOLIC PROCESS%GOBP%GO:0034311	0.13008130081300814	0.4177366235501886	0.17520404755855126	-0.447938967435825	-1.3139537452414707	24	
G-PROTEIN BETA:GAMMA SIGNALLING%REACTOME%R-HSA-397795.5	0.13008130081300814	0.4177366235501886	0.17520404755855126	-0.44619486682062376	-1.3088377189476654	24	
P53 PATHWAY FEEDBACK LOOPS 1%PANTHER PATHWAY%P04392	0.13052208835341367	0.41818856083297673	0.1737478389995708	-0.7055543329981897	-1.3477917610951586	5	
POSTSYNAPSE ASSEMBLY%GOBP%GO:0099068	0.13052208835341367	0.41818856083297673	0.1737478389995708	-0.6091276299837647	-1.3769130020065594	9	
REGULATION OF NEUROTRANSMITTER RECEPTOR LOCALIZATION TO POSTSYNAPTIC SPECIALIZATION MEMBRANE%GOBP%GO:0098696	0.13052208835341367	0.41818856083297673	0.1737478389995708	-0.705135741002033	-1.3469921418209307	5	
XENOBIOTIC CATABOLIC PROCESS%GOBP%GO:0042178	0.13052208835341367	0.41818856083297673	0.1737478389995708	-0.5405693677710997	-1.3385955294229148	13	
MALE GAMETE GENERATION%GOBP%GO:0048232	0.130859375	0.41848657671442485	0.17093233537005617	-0.27924814523211133	-1.1687319340200777	170	
IMATINIB AND CHRONIC MYELOID LEUKEMIA%WIKIPATHWAYS_20250810%WP3640%HOMO SAPIENS	0.13095238095238096	0.41848657671442485	0.1723243449009459	-0.5617409961754758	-1.3412447028700387	11	
NOTCH-MEDIATED HES HEY NETWORK%PATHWAY INTERACTION DATABASE NCI-NATURE CURATED DATA%NOTCH-MEDIATED HES HEY NETWORK	0.13141683778234087	0.41983458299965226	0.17520404755855126	-0.38786639692493935	-1.2558509314811874	37	
LONG-CHAIN FATTY-ACYL-COA METABOLIC PROCESS%GOBP%GO:0035336	0.13147410358565736	0.4198365284929577	0.1723243449009459	-0.4803287445834725	-1.3313303141720925	19	
NOTCH SIGNALING%WIKIPATHWAYS_20250810%WP268%HOMO SAPIENS	0.13179916317991633	0.42023787586446115	0.17669426893849804	-0.4092696922148039	-1.2865965971960833	32	
PRESYNAPTIC FUNCTION OF KAINATE RECEPTORS%REACTOME DATABASE ID RELEASE 93%500657	0.13226452905811623	0.42090386331810353	0.1723243449009459	-0.5041525537863071	-1.3428430601256665	17	
GABA RECEPTOR ACTIVATION%REACTOME DATABASE ID RELEASE 93%977443	0.1326530612244898	0.42113669792241226	0.1737478389995708	-0.4046442529000806	-1.2909385526743462	33	
NEGATIVE REGULATION OF LEUKOCYTE CHEMOTAXIS%GOBP%GO:0002689	0.1329243353783231	0.42113669792241226	0.1737478389995708	-0.6491961790702403	-1.3600837353098694	7	
REGULATION OF ESTABLISHMENT OF PROTEIN LOCALIZATION TO CHROMOSOME%GOBP%GO:0070202	0.1329243353783231	0.42113669792241226	0.1737478389995708	-0.6494573822517704	-1.3606309631129028	7	
COMMON PATHWAYS UNDERLYING DRUG ADDICTION%WIKIPATHWAYS_20250810%WP2636%HOMO SAPIENS	0.13306451612903225	0.4211842438153345	0.1723243449009459	-0.46396639046155663	-1.3189131654211486	21	
LYSOPHOSPHATIDIC ACID LPA4 SIGNALLING%SMPDB%SMP0063756	0.13387423935091278	0.4234262000157685	0.1723243449009459	-0.5856552975685803	-1.3603609076901138	10	
NEGATIVE REGULATION OF LEUKOCYTE MIGRATION%GOBP%GO:0002686	0.1342685370741483	0.42440064720130466	0.17093233537005617	-0.502950866751313	-1.3396422886860182	17	
ABC TRANSPORTERS IN LIPID HOMEOSTASIS%REACTOME DATABASE ID RELEASE 93%1369062	0.13453815261044177	0.42497999698505284	0.17093233537005617	-0.6083828958559749	-1.3752295549699851	9	
MORPHOGENESIS OF EMBRYONIC EPITHELIUM%GOBP%GO:0016331	0.1346938775510204	0.42523321748673865	0.1723243449009459	-0.3923588931082059	-1.269977876075998	36	
KETOGENESIS AND KETOLYSIS%WIKIPATHWAYS_20250810%WP4742%HOMO SAPIENS	0.1350806451612903	0.4253290797115652	0.17093233537005617	-0.6690803623626458	-1.3509100278846753	6	
NEGATIVE REGULATION OF LYMPHOCYTE MIGRATION%GOBP%GO:2000402	0.1350806451612903	0.4253290797115652	0.17093233537005617	-0.6683076784374693	-1.3493499365688575	6	
SENSING OF DNA DOUBLE STRAND BREAKS%REACTOME%R-HSA-5693548.3	0.1350806451612903	0.4253290797115652	0.17093233537005617	-0.6686377051465726	-1.3500162786345895	6	
CHEMOREPULSION OF AXON%GOBP%GO:0061643	0.13654618473895583	0.42761887243631014	0.16957064440562838	-0.7023161002194167	-1.3416058966540856	5	
REGULATION OF MUSCLE TISSUE DEVELOPMENT%GOBP%GO:1901861	0.13654618473895583	0.42761887243631014	0.16957064440562838	-0.6065108129851291	-1.3709977731252343	9	
REGULATION OF STRIATED MUSCLE TISSUE DEVELOPMENT%GOBP%GO:0016202	0.13654618473895583	0.42761887243631014	0.16957064440562838	-0.6065108129851291	-1.3709977731252343	9	
SMALL CELL LUNG CANCER%WIKIPATHWAYS_20250810%WP4658%HOMO SAPIENS	0.13682092555331993	0.42819704120530044	0.16957064440562838	-0.3370416863226966	-1.2430569978314894	69	
CORTICAL ACTIN CYTOSKELETON ORGANIZATION%GOBP%GO:0030866	0.13709677419354838	0.4285253456221198	0.16957064440562838	-0.4698165930662578	-1.319483837823241	20	
SPHINGOLIPID METABOLISM IN SENESCENCE%WIKIPATHWAYS_20250810%WP5121%HOMO SAPIENS	0.13709677419354838	0.4285253456221198	0.16957064440562838	-0.46969833814672174	-1.3191517178909657	20	
ORGANIC ANION TRANSPORTERS%REACTOME%R-HSA-428643.5	0.13911290322580644	0.43222014678488174	0.16823816568963962	-0.6661236173091977	-1.3449401971030681	6	
ANIMAL ORGAN MORPHOGENESIS%GOBP%GO:0009887	0.1394422310756972	0.43310668995940527	0.16693384871319314	-0.2585634812916155	-1.1457872011507344	309	
APC C:CDC20 MEDIATED DEGRADATION OF CYCLIN B%REACTOME DATABASE ID RELEASE 93%174048	0.1402439024390244	0.43521254830643324	0.16823816568963962	-0.44202453612707193	-1.2966047541197663	24	
DYRK1A INVOLVEMENT REGARDING CELL PROLIFERATION IN BRAIN DEVELOPMENT%WIKIPATHWAYS_20250810%WP5180%HOMO SAPIENS	0.14052953156822812	0.43521254830643324	0.16823816568963962	-0.35990930234509944	-1.2373756009487014	48	
AMP BIOSYNTHETIC PROCESS%GOBP%GO:0006167	0.14056224899598393	0.43521254830643324	0.16693384871319314	-0.602239797979999	-1.3613432839790345	9	
PROTEIN LOCALIZATION TO NUCLEAR ENVELOPE%GOBP%GO:0090435	0.14056224899598393	0.43521254830643324	0.16693384871319314	-0.6036754412227155	-1.3645885083783806	9	
REGULATION OF MAINTENANCE OF MITOTIC SISTER CHROMATID COHESION%GOBP%GO:0034182	0.14056224899598393	0.43521254830643324	0.16693384871319314	-0.6032783698726254	-1.3636909416325116	9	
REGULATION OF MAINTENANCE OF SISTER CHROMATID COHESION%GOBP%GO:0034091	0.14056224899598393	0.43521254830643324	0.16693384871319314	-0.6032783698726254	-1.3636909416325116	9	
INTEGRIN ACTIVATION%GOBP%GO:0033622	0.1411042944785276	0.4362911266201396	0.16823816568963962	-0.6446011890943043	-1.3504571057460095	7	
SENESCENCE ASSOCIATED SECRETORY PHENOTYPE SASP %WIKIPATHWAYS_20250810%WP3391%HOMO SAPIENS	0.14112903225806453	0.4362911266201396	0.16693384871319314	-0.36332063412622934	-1.2595348468982437	50	
NEURON CELL-CELL ADHESION%GOBP%GO:0007158	0.14145383104125736	0.4365220496600177	0.16440575583821013	-0.5385066404790105	-1.3243735164916706	12	
TRIGLYCERIDE CATABOLISM%REACTOME%R-HSA-163560.5	0.14145383104125736	0.4365220496600177	0.16440575583821013	-0.5401353723370779	-1.328379129749052	12	
REGULATION OF CDH1 EXPRESSION AND FUNCTION%REACTOME%R-HSA-9764265.1	0.14147286821705427	0.4365220496600177	0.16318012718068908	-0.28798287867757083	-1.1705585411023676	139	
REGULATION OF EXPRESSION AND FUNCTION OF TYPE I CLASSICAL CADHERINS%REACTOME DATABASE ID RELEASE 93%9764274	0.14147286821705427	0.4365220496600177	0.16318012718068908	-0.28798287867757083	-1.1705585411023676	139	
RESPONSE TO RETINOIC ACID%GOBP%GO:0032526	0.14168377823408623	0.4367312589012127	0.16823816568963962	-0.38344821359946935	-1.2415455425928072	37	
REGULATION OF MITOTIC SPINDLE ORGANIZATION%GOBP%GO:0060236	0.14256198347107438	0.4377751100440176	0.16823816568963962	-0.38486879132320706	-1.249964759167645	38	
SENSORY PERCEPTION OF TASTE%GOBP%GO:0050909	0.142570281124498	0.4377751100440176	0.16565669520548273	-0.699040034393333	-1.3353477612806721	5	
ACTIVATION OF GENE EXPRESSION BY SREBF (SREBP)%REACTOME%R-HSA-2426168.5	0.14285714285714285	0.4377751100440176	0.16957064440562838	-0.3792118539909133	-1.2504218495732935	40	
KETONE BIOSYNTHETIC PROCESS%GOBP%GO:0042181	0.14285714285714285	0.4377751100440176	0.16440575583821013	-0.48712565776711997	-1.3296712498037568	18	
ASTRAL MICROTUBULE ORGANIZATION%GOBP%GO:0030953	0.1440162271805274	0.44023091363535327	0.16565669520548273	-0.5756614093667279	-1.3371470908219527	10	
PURINE NUCLEOSIDE METABOLIC PROCESS%GOBP%GO:0042278	0.1440162271805274	0.44023091363535327	0.16565669520548273	-0.5753580267612842	-1.3364423933006766	10	
REGULATION OF TP53 ACTIVITY THROUGH ASSOCIATION WITH CO-FACTORS%REACTOME DATABASE ID RELEASE 93%6804759	0.1440162271805274	0.44023091363535327	0.16565669520548273	-0.5757215147970014	-1.3372867037956992	10	
HEDGEHOG LIGAND BIOGENESIS%REACTOME DATABASE ID RELEASE 93%5358346	0.1448692152917505	0.4420149655291526	0.16440575583821013	-0.3588661051108146	-1.2300734173636736	47	
BIOCARTA_P53_PATHWAY%MSIGDB_C2%BIOCARTA_P53_PATHWAY	0.1460446247464503	0.44504963641397394	0.16440575583821013	-0.525598085769388	-1.327987281418057	14	
BUTYRATE RESPONSE FACTOR 1 (BRF1) BINDS AND DESTABILIZES MRNA%REACTOME%R-HSA-450385.3	0.1462925851703407	0.44525403202076486	0.16318012718068908	-0.4939722633641879	-1.3157271956105756	17	
POSITIVE REGULATION OF MYOBLAST DIFFERENTIATION%GOBP%GO:0045663	0.1462925851703407	0.44525403202076486	0.16318012718068908	-0.4075606595344838	-1.2715773566244668	30	
REGULATION OF MRNA STABILITY BY PROTEINS THAT BIND AU-RICH ELEMENTS%REACTOME%R-HSA-450531.6	0.1463917525773196	0.4454181693066405	0.16565669520548273	-0.3311674224441414	-1.2214493742756096	73	
NEURONAL SIGNAL TRANSDUCTION%GOBP%GO:0023041	0.1465863453815261	0.4457347611570432	0.16318012718068908	-0.695677902326017	-1.32892521706528	5	
ETHANOL EFFECTS ON HISTONE MODIFICATIONS%WIKIPATHWAYS_20250810%WP3996%HOMO SAPIENS	0.14682539682539683	0.44611754044818674	0.1619789488834018	-0.48385099329502895	-1.3207326379037965	18	
10Q11 21Q11 23 COPY NUMBER VARIATION SYNDROME%WIKIPATHWAYS_20250810%WP5352%HOMO SAPIENS	0.1469387755102041	0.44611754044818674	0.16440575583821013	-0.3855464206325727	-1.2479274281891326	36	
PROTEIN UBIQUITINATION%REACTOME DATABASE ID RELEASE 93%8852135	0.1469387755102041	0.44611754044818674	0.16440575583821013	-0.3358347077310366	-1.2294419838833774	67	
BIOCARTA_CCR5_PATHWAY%MSIGDB_C2%BIOCARTA_CCR5_PATHWAY	0.14807302231237324	0.4481910189410958	0.16318012718068908	-0.5690242156430341	-1.3217302083725593	10	
NEGATIVE REGULATION OF EPITHELIAL CELL PROLIFERATION%GOBP%GO:0050680	0.14867617107942974	0.44930345643317127	0.16318012718068908	-0.3562156921367302	-1.2285219769620268	49	
EMBRYONIC SKELETAL SYSTEM MORPHOGENESIS%GOBP%GO:0048704	0.1487603305785124	0.44930345643317127	0.16440575583821013	-0.3830872959722552	-1.2441788745817453	38	
DARPP-32 EVENTS%REACTOME%R-HSA-180024.6	0.14919354838709678	0.44985607895097546	0.1619789488834018	-0.4575206538438499	-1.3005899267971754	21	
METAPHASE/ANAPHASE TRANSITION OF MITOTIC CELL CYCLE%GOBP%GO:0007091	0.14919354838709678	0.44985607895097546	0.1619789488834018	-0.6590652852472979	-1.3306890367059971	6	
MITOCHONDRIAL COMPLEX IV ASSEMBLY%WIKIPATHWAYS_20250810%WP4922%HOMO SAPIENS	0.1492842535787321	0.44985607895097546	0.16318012718068908	-0.4213534418961421	-1.260109805864583	26	
INTERACTIONS OF NATURAL KILLER CELLS IN PANCREATIC CANCER%WIKIPATHWAYS_20250810%WP5092%HOMO SAPIENS	0.1496881496881497	0.45028540894173036	0.16440575583821013	-0.6196746936322631	-1.3398045857251057	8	
BIOCARTA_PLK3_PATHWAY%MSIGDB_C2%BIOCARTA_PLK3_PATHWAY	0.15060240963855423	0.45028540894173036	0.1608014010700223	-0.6936808820586495	-1.325110390428669	5	
CARDIAC PACEMAKER CELL DIFFERENTIATION%GOBP%GO:0060920	0.15060240963855423	0.45028540894173036	0.1608014010700223	-0.6935398356157159	-1.32484095514236	5	
EMBRYONIC SKELETAL SYSTEM DEVELOPMENT%GOBP%GO:0048706	0.15071283095723015	0.45028540894173036	0.1619789488834018	-0.35559232252414624	-1.2263720905709024	49	
MITOCHONDRIAL BETA-OXIDATION OF MEDIUM CHAIN SATURATED FATTY ACIDS%PATHWHIZ%PW000172	0.15132924335378323	0.45028540894173036	0.1619789488834018	-0.6404191664815744	-1.3416956540929543	7	
POSITIVE REGULATION OF PROTEIN LOCALIZATION TO CAJAL BODY%GOBP%GO:1904871	0.15212981744421908	0.45028540894173036	0.1608014010700223	-0.5676049838486387	-1.318433614864293	10	
REGULATION OF PROTEIN LOCALIZATION TO CAJAL BODY%GOBP%GO:1904869	0.15212981744421908	0.45028540894173036	0.1608014010700223	-0.5676049838486387	-1.318433614864293	10	
NORC NEGATIVELY REGULATES RRNA EXPRESSION%REACTOME DATABASE ID RELEASE 93%427413	0.15274949083503056	0.4505091344713987	0.1608014010700223	-0.34524763850571594	-1.2189333168384402	58	
LYMPHOCYTE MIGRATION%GOBP%GO:0072676	0.1527777777777778	0.4505091344713987	0.15851410542482433	-0.5484768452705506	-1.3095744629188455	11	
CORTICAL CYTOSKELETON ORGANIZATION%GOBP%GO:0030865	0.15306122448979592	0.4510747729202427	0.1608014010700223	-0.39430170040356854	-1.2579426565134222	33	
PROTEIN HOMOOLIGOMERIZATION%GOBP%GO:0051260	0.1532258064516129	0.4512896471201258	0.1596467019199062	-0.3122038007157084	-1.199302613315324	92	
RNA-TEMPLATED DNA BIOSYNTHETIC PROCESS%GOBP%GO:0006278	0.15384615384615385	0.4525715563506261	0.1596467019199062	-0.4551416843703211	-1.3095717647943994	22	
TELOMERE MAINTENANCE VIA TELOMERASE%GOBP%GO:0007004	0.15384615384615385	0.4525715563506261	0.1596467019199062	-0.4551416843703211	-1.3095717647943994	22	
RESPONSE TO IRON ION%GOBP%GO:0010039	0.15415821501014199	0.4525715563506261	0.1596467019199062	-0.5637076924879016	-1.3093809812843769	10	
POSITIVE REGULATION OF STEM CELL POPULATION MAINTENANCE%GOBP%GO:1902459	0.15416666666666667	0.4525715563506261	0.1619789488834018	-0.3776966735745305	-1.2361147893359385	39	
NUCLEUS ORGANIZATION%GOBP%GO:0006997	0.15459882583170254	0.453492253195086	0.1563124030731863	-0.3030821265155087	-1.1811959233775289	99	
PHOSPHATIDYLGLYCEROL ACYL-CHAIN REMODELING%GOBP%GO:0036148	0.15461847389558234	0.453492253195086	0.15851410542482433	-0.6918333914585817	-1.3215812042370245	5	
REGULATION OF ORNITHINE DECARBOXYLASE (ODC)%REACTOME%R-HSA-350562.5	0.15495867768595042	0.4539491640868396	0.1608014010700223	-0.3804965590073816	-1.2357647605268454	38	
CONVERSION FROM APC C:CDC20 TO APC C:CDH1 IN LATE ANAPHASE%REACTOME DATABASE ID RELEASE 93%176407	0.15524193548387097	0.4539685467104822	0.15851410542482433	-0.4666716809790327	-1.3106513258777057	20	
DEFECTIVE CFTR CAUSES CYSTIC FIBROSIS%REACTOME DATABASE ID RELEASE 93%5678895	0.15524193548387097	0.4539685467104822	0.15851410542482433	-0.35604307471253716	-1.2128886876083729	46	
GALACTOSE CATABOLISM%REACTOME%R-HSA-70370.7	0.15524193548387097	0.4539685467104822	0.15851410542482433	-0.6561091530303629	-1.3247204432749946	6	
RESPONSE TO NITRIC OXIDE%GOBP%GO:0071731	0.15524193548387097	0.4539685467104822	0.15851410542482433	-0.6534801799039727	-1.3194124020302347	6	
FOREBRAIN NEURON DIFFERENTIATION%GOBP%GO:0021879	0.1553784860557769	0.4542329494374048	0.15740289930528326	-0.4665491027592302	-1.2931371910539748	19	
NUCLEAR PORE COMPLEX ASSEMBLY%GOBP%GO:0051292	0.15618661257606492	0.4557834580391035	0.15851410542482433	-0.5626607306430138	-1.306949096912219	10	
POSITIVE REGULATION OF NEURON DIFFERENTIATION%GOBP%GO:0045666	0.1565040650406504	0.45598597821207953	0.15851410542482433	-0.40682135886933757	-1.2587874201757643	29	
FARNESYL DIPHOSPHATE METABOLIC PROCESS%GOBP%GO:0045338	0.1566265060240964	0.45598597821207953	0.15740289930528326	-0.6889765509003645	-1.3161238978510434	5	
PLASMALOGEN SYNTHESIS%PATHWHIZ%PW000170	0.1566265060240964	0.45598597821207953	0.15740289930528326	-0.6906281233182132	-1.3192788295033933	5	
TCA CYCLE%PANTHER PATHWAY%P00051	0.1566265060240964	0.45598597821207953	0.15740289930528326	-0.5879398036418614	-1.3290186164322237	9	
REGULATION OF CALCIUM ION IMPORT%GOBP%GO:0090279	0.15674603174603174	0.4560642519419115	0.1563124030731863	-0.47730852466308266	-1.302874140196002	18	
RHO GTPASES ACTIVATE CIT%REACTOME DATABASE ID RELEASE 93%5625900	0.15674603174603174	0.4560642519419115	0.1563124030731863	-0.4784357023911749	-1.3059509147295658	18	
BIOCARTA_TERC_PATHWAY%MSIGDB_C2%BIOCARTA_TERC_PATHWAY	0.15725806451612903	0.4563403781979978	0.15740289930528326	-0.6507599560588531	-1.3139201205687272	6	
REGULATION OF ANIMAL ORGAN FORMATION%GOBP%GO:0003156	0.15725806451612903	0.4563403781979978	0.15740289930528326	-0.6511716868651235	-1.3147514276975387	6	
REGULATION OF COMMISSURAL AXON PATHFINDING BY SLIT AND ROBO%REACTOME%R-HSA-428542.5	0.15725806451612903	0.4563403781979978	0.15740289930528326	-0.6520878914907787	-1.3166012951962969	6	
TRANSCRIPTIONAL REGULATION BY RUNX2%REACTOME%R-HSA-8878166.4	0.15725806451612903	0.4563403781979978	0.15740289930528326	-0.3101118519411548	-1.1912665816382833	92	
FORMATION OF THE ANTERIOR NEURAL PLATE%REACTOME DATABASE ID RELEASE 93%9823739	0.158004158004158	0.45796554009683244	0.1596467019199062	-0.6183151356635092	-1.3368650724291558	8	
ID%NETPATH%ID	0.15831663326653306	0.45844310614928163	0.1563124030731863	-0.4884872510763047	-1.3011175092563734	17	
BIOCARTA_PLCE_PATHWAY%MSIGDB_C2%BIOCARTA_PLCE_PATHWAY	0.15863453815261044	0.45844310614928163	0.1563124030731863	-0.6880999984113558	-1.314449455263705	5	
CARTILAGE CONDENSATION%GOBP%GO:0001502	0.15863453815261044	0.45844310614928163	0.1563124030731863	-0.6858168858372712	-1.3100881181234056	5	
CELL AGGREGATION%GOBP%GO:0098743	0.15863453815261044	0.45844310614928163	0.1563124030731863	-0.6858168858372712	-1.3100881181234056	5	
BIOCARTA_TALL1_PATHWAY%MSIGDB_C2%BIOCARTA_TALL1_PATHWAY	0.15873015873015872	0.4584503205799773	0.1552419662288392	-0.5461516535177956	-1.3040227030459277	11	
G PROTEIN-COUPLED GLUTAMATE RECEPTOR SIGNALING PATHWAY%GOBP%GO:0007216	0.15950920245398773	0.45935291236091347	0.15740289930528326	-0.6325528602540269	-1.3252155275888573	7	
GMP BIOSYNTHETIC PROCESS%GOBP%GO:0006177	0.15950920245398773	0.45935291236091347	0.15740289930528326	-0.6322514011514279	-1.3245839625311373	7	
EXTRACELLULAR VESICLE BIOGENESIS%GOBP%GO:0140112	0.1600831600831601	0.4599979235880399	0.15851410542482433	-0.615649609709993	-1.33110191325453	8	
NEGATIVE REGULATION OF ORGANELLE ASSEMBLY%GOBP%GO:1902116	0.1603960396039604	0.4599979235880399	0.15419096658142434	-0.3517370036973184	-1.202029388360798	45	
SIGNAL TRANSDUCTION BY P53 CLASS MEDIATOR%GOBP%GO:0072331	0.16056910569105692	0.4599979235880399	0.1563124030731863	-0.3416596609443098	-1.2085825555095333	59	
BETA-ARRESTIN-DEPENDENT DOPAMINE RECEPTOR SIGNALING PATHWAY%GOBP%GO:0160213	0.1606425702811245	0.4599979235880399	0.1552419662288392	-0.6851047617394196	-1.3087277764075762	5	
SINOATRIAL NODE DEVELOPMENT%GOBP%GO:0003163	0.1606425702811245	0.4599979235880399	0.1552419662288392	-0.6843262301566915	-1.3072405791728934	5	
HEDGEHOG 'ON' STATE%REACTOME%R-HSA-5632684.2	0.16096579476861167	0.46004911909775054	0.1552419662288392	-0.3306207620553125	-1.219019577313612	68	
LIMBIC SYSTEM DEVELOPMENT%GOBP%GO:0021761	0.16096579476861167	0.46004911909775054	0.1552419662288392	-0.43842028381840936	-1.2778900680412564	23	
ESTABLISHMENT OF PROTEIN LOCALIZATION TO TELOMERE%GOBP%GO:0070200	0.16129032258064516	0.4605755557218771	0.1552419662288392	-0.6494099849745736	-1.3111944547478567	6	
DEPYRIMIDINATION%GOBP%GO:0045008	0.16216216216216217	0.4625285772446839	0.15740289930528326	-0.6155485859843566	-1.3308834888904797	8	
NEGATIVE REGULATION OF CGAS/STING SIGNALING PATHWAY%GOBP%GO:0160049	0.1626984126984127	0.46378820124287057	0.15315880868307333	-0.5444953160606599	-1.300067937672431	11	
PEPTIDE LIGAND-BINDING RECEPTORS%REACTOME DATABASE ID RELEASE 93%375276	0.16317991631799164	0.4642211661562975	0.15740289930528326	-0.3933837902210976	-1.2366570394001306	32	
MICROTUBULE SEVERING%GOBP%GO:0051013	0.16330645161290322	0.46444694470844744	0.15419096658142434	-0.6469393094914666	-1.30620602514578	6	
SMALL MOLECULE BIOSYNTHETIC PROCESS%GOBP%GO:0044283	0.16367265469061876	0.46528442317915997	0.15315880868307333	-0.26162525224078115	-1.132528035989229	243	
BIOCARTA_CPSF_PATHWAY%MSIGDB_C2%BIOCARTA_CPSF_PATHWAY	0.1646586345381526	0.4668771338077413	0.15315880868307333	-0.5853794109173502	-1.323230932769415	9	
REGULATION OF CATION CHANNEL ACTIVITY%GOBP%GO:2001257	0.16498993963782696	0.4671605172576452	0.15315880868307333	-0.4345022602160138	-1.26646996812196	23	
NLS-BEARING PROTEIN IMPORT INTO NUCLEUS%GOBP%GO:0006607	0.1650294695481336	0.4671605172576452	0.15114876138548375	-0.5277795001919219	-1.297991779599301	12	
B-WICH COMPLEX POSITIVELY REGULATES RRNA EXPRESSION%REACTOME DATABASE ID RELEASE 93%5250924	0.1653061224489796	0.4674802208593503	0.15419096658142434	-0.36419111701279494	-1.2226866231811506	42	
CELLULAR RESPONSE TO DECREASED OXYGEN LEVELS%GOBP%GO:0036294	0.1653061224489796	0.4674802208593503	0.15419096658142434	-0.3349276374244567	-1.2151935153788809	65	
MAINTENANCE OF LENS TRANSPARENCY%GOBP%GO:0036438	0.16532258064516128	0.4674802208593503	0.15315880868307333	-0.6468076685017196	-1.3059402347517801	6	
RNA POLYMERASE III TRANSCRIPTION INITIATION FROM TYPE 1 PROMOTER%REACTOME%R-HSA-76061.4	0.1656441717791411	0.4675848405766494	0.15419096658142434	-0.40326000814076596	-1.2350032382731917	28	
POSITIVE REGULATION OF SMOOTHENED SIGNALING PATHWAY%GOBP%GO:0045880	0.16633266533066132	0.4690116408094095	0.15214492236756472	-0.4830618249924982	-1.2866665346254835	17	
ESTABLISHMENT OR MAINTENANCE OF CELL POLARITY%GOBP%GO:0007163	0.16733067729083664	0.47115154002970283	0.15114876138548375	-0.29321495139162734	-1.1553555162858904	113	
PEPTIDYL-LYSINE TRIMETHYLATION%GOBP%GO:0018023	0.16733870967741934	0.47115154002970283	0.15214492236756472	-0.6462012789574996	-1.3047159009315519	6	
CONSTITUTIVE HETEROCHROMATIN FORMATION%GOBP%GO:0140719	0.16837782340862423	0.47261556184898956	0.15315880868307333	-0.3715575896846135	-1.2030455559021478	37	
CATECHOL-CONTAINING COMPOUND METABOLIC PROCESS%GOBP%GO:0009712	0.16865079365079366	0.47261556184898956	0.15016980212840597	-0.5374043172856108	-1.2831370663102815	11	
CATECHOLAMINE METABOLIC PROCESS%GOBP%GO:0006584	0.16865079365079366	0.47261556184898956	0.15016980212840597	-0.5374043172856108	-1.2831370663102815	11	
NEGATIVE REGULATION OF PROTEIN EXPORT FROM NUCLEUS%GOBP%GO:0046826	0.1686746987951807	0.47261556184898956	0.15114876138548375	-0.6825456694879797	-1.3038392465083741	5	
ISOPRENOID METABOLIC PROCESS%GOBP%GO:0006720	0.17083333333333334	0.47728320594918405	0.15315880868307333	-0.36794543792222595	-1.2042012262906578	39	
GAMETE GENERATION%GOBP%GO:0007276	0.1710794297352342	0.47772208314609077	0.15114876138548375	-0.26571291131987107	-1.1370495947927823	218	
REGULATION OF SMOOTH MUSCLE CELL APOPTOTIC PROCESS%GOBP%GO:0034391	0.1724137931034483	0.48038310798244943	0.15016980212840597	-0.5099739837718408	-1.2885110936272497	14	
ACTIVATION OF KAINATE RECEPTORS UPON GLUTAMATE BINDING%REACTOME DATABASE ID RELEASE 93%451326	0.17276422764227642	0.48038310798244943	0.15016980212840597	-0.4196921414912543	-1.2429330972527872	25	
MICROTUBULE NUCLEATION%GOBP%GO:0007020	0.17276422764227642	0.48038310798244943	0.15016980212840597	-0.40298604792496695	-1.2469201937777845	29	
NEGATIVE REGULATION OF MYELOID LEUKOCYTE DIFFERENTIATION%GOBP%GO:0002762	0.17338709677419356	0.4815710450884936	0.14920754243532175	-0.4581612516039836	-1.286749713676176	20	
NOTCH%IOB%NOTCH	0.17373737373737375	0.4822156649076194	0.14920754243532175	-0.3486085042409389	-1.2138634664354737	52	
PACKAGING OF TELOMERE ENDS%REACTOME DATABASE ID RELEASE 93%171306	0.1743486973947896	0.4829157937154199	0.14826150047510658	-0.47987853780786044	-1.2781876425278949	17	
SYNTHESIS OF VERY LONG-CHAIN FATTY ACYL-COAS%REACTOME%R-HSA-75876.10	0.1743486973947896	0.4829157937154199	0.14826150047510658	-0.4787151800212792	-1.275088963529998	17	
BIOCARTA_EDG1_PATHWAY%MSIGDB_C2%BIOCARTA_EDG1_PATHWAY	0.17453798767967146	0.4829157937154199	0.15016980212840597	-0.5001385917819213	-1.2857940487688972	15	
RHOBTB3 ATPASE CYCLE%REACTOME DATABASE ID RELEASE 93%9706019	0.1746987951807229	0.4829157937154199	0.14826150047510658	-0.5759279205689154	-1.3018661492519668	9	
MITOCHONDRIAL RIBOSOME ASSEMBLY%GOBP%GO:0061668	0.17479674796747968	0.4829157937154199	0.14920754243532175	-0.4270699262550278	-1.2527379171654383	24	
MITOCHONDRIAL CYTOCHROME C OXIDASE ASSEMBLY%GOBP%GO:0033617	0.1750503018108652	0.4830564102101398	0.14826150047510658	-0.42858784004277856	-1.249230850598076	23	
ADHERENS JUNCTION MAINTENANCE%GOBP%GO:0034334	0.17540322580645162	0.4834504397012683	0.14826150047510658	-0.6417142374245575	-1.2956563174444773	6	
REGULATION OF ESTABLISHMENT OF PROTEIN LOCALIZATION TO TELOMERE%GOBP%GO:0070203	0.17540322580645162	0.4834504397012683	0.14826150047510658	-0.6396225371958313	-1.2914330597115244	6	
ESTABLISHMENT OF MITOTIC SISTER CHROMATID COHESION%GOBP%GO:0034087	0.17586912065439672	0.4840151828146093	0.14920754243532175	-0.6238636007547333	-1.3070112914921483	7	
HALLMARK_UV_RESPONSE_UP%MSIGDBHALLMARK%HALLMARK_UV_RESPONSE_UP	0.17624521072796934	0.48445291592059914	0.14375898903927542	-0.2935869433413185	-1.1600907355711396	108	
POSITIVE REGULATION OF TRIGLYCERIDE METABOLIC PROCESS%GOBP%GO:0090208	0.17647058823529413	0.4845044337752011	0.14826150047510658	-0.5090188223197787	-1.286097762425363	14	
NUCLEOTIDE SALVAGE%REACTOME DATABASE ID RELEASE 93%8956321	0.1765873015873016	0.4845044337752011	0.14641623786055022	-0.46365073087215847	-1.2655934602523846	18	
REGULATION OF CYTOPLASMIC AND NUCLEAR SMAD2 3 SIGNALING%PATHWAY INTERACTION DATABASE NCI-NATURE CURATED DATA%REGULATION OF CYTOPLASMIC AND NUCLEAR SMAD2 3 SIGNALING	0.1765873015873016	0.4845044337752011	0.14641623786055022	-0.4621578761681403	-1.2615185240456446	18	
ANTIBACTERIAL INNATE IMMUNE RESPONSE%GOBP%GO:0140367	0.17670682730923695	0.4845044337752011	0.1473312136993771	-0.6785929365498571	-1.2962885014577805	5	
CELLULAR EXTRAVASATION%GOBP%GO:0045123	0.17670682730923695	0.4845044337752011	0.1473312136993771	-0.5167764694890052	-1.279677897068445	13	
POSITIVE REGULATION OF CALCIUM ION IMPORT ACROSS PLASMA MEMBRANE%GOBP%GO:1905665	0.17670682730923695	0.4845044337752011	0.1473312136993771	-0.6790560729368289	-1.2971732120710247	5	
PROTEIN-DNA COVALENT CROSS-LINKING REPAIR%GOBP%GO:0106300	0.17670682730923695	0.4845044337752011	0.1473312136993771	-0.5747824712060401	-1.2992768985871674	9	
RNA POLYMERASE I PROMOTER CLEARANCE%REACTOME DATABASE ID RELEASE 93%73854	0.17684210526315788	0.4847403586918298	0.15114876138548375	-0.3398346323112613	-1.21431535955719	62	
NEURAL NUCLEUS DEVELOPMENT%GOBP%GO:0048857	0.17755102040816326	0.48627742613039654	0.14826150047510658	-0.37787255082710525	-1.2230888300382716	36	
DOWNSTREAM TCR SIGNALING%REACTOME%R-HSA-202424.6	0.17819706498951782	0.4875043906326181	0.15016980212840597	-0.3329432560807702	-1.1957494282377157	63	
REGULATION OF NEUTROPHIL CHEMOTAXIS%GOBP%GO:0090022	0.17864476386036962	0.48818843161605224	0.14826150047510658	-0.49900334594866974	-1.2828754730775396	15	
MITOTIC G1 DNA DAMAGE CHECKPOINT SIGNALING%GOBP%GO:0031571	0.178714859437751	0.48818843161605224	0.14641623786055022	-0.5104459530751535	-1.2640018312834733	13	
DIGESTIVE TRACT MORPHOGENESIS%GOBP%GO:0048546	0.1787819253438114	0.48818843161605224	0.1446305280344838	-0.5198425938156295	-1.2784721900204512	12	
NEGATIVE REGULATION OF TRIGLYCERIDE METABOLIC PROCESS%GOBP%GO:0090209	0.1787941787941788	0.48818843161605224	0.14920754243532175	-0.6046614932723684	-1.30734440154251	8	
CTP METABOLIC PROCESS%GOBP%GO:0046036	0.17943548387096775	0.48926108396387386	0.14641623786055022	-0.6387444064782013	-1.2896600655258172	6	
REGULATION OF NEUTROPHIL MIGRATION%GOBP%GO:1902622	0.17943548387096775	0.48926108396387386	0.14641623786055022	-0.4836801351580983	-1.2654411447115217	16	
GPCR DOWNSTREAM SIGNALLING%REACTOME%R-HSA-388396.8	0.17964071856287425	0.48954954745919177	0.1455161460903603	-0.25861839740146914	-1.1195119093863706	243	
NUCLEOBASE-CONTAINING SMALL MOLECULE INTERCONVERSION%GOBP%GO:0015949	0.17995910020449898	0.4900103154351485	0.1473312136993771	-0.6227683273859448	-1.30471666385472	7	
PID_HEDGEHOG_GLI_PATHWAY%MSIGDB_C2%PID_HEDGEHOG_GLI_PATHWAY	0.18032786885245902	0.4905266395617583	0.1473312136993771	-0.38064574002234847	-1.224898547062155	35	
REGULATION OF MUSCLE ORGAN DEVELOPMENT%GOBP%GO:0048634	0.18052738336713997	0.4905266395617583	0.14641623786055022	-0.5421887231474124	-1.2593966905486549	10	
FORMATION OF THE NEPHRIC DUCT%REACTOME%R-HSA-9830364.1	0.18055555555555555	0.4905266395617583	0.1446305280344838	-0.5309943794484738	-1.2678323347198874	11	
REGULATION OF VASCULAR ENDOTHELIAL CELL PROLIFERATION%GOBP%GO:1905562	0.1806981519507187	0.4905266395617583	0.1473312136993771	-0.49800243283862	-1.2803022500921837	15	
BIOCARTA_CBL_PATHWAY%MSIGDB_C2%BIOCARTA_CBL_PATHWAY	0.18087318087318088	0.4907119267863891	0.14826150047510658	-0.6027584603315176	-1.3032298358080394	8	
DORSAL/VENTRAL PATTERN FORMATION%GOBP%GO:0009953	0.18108651911468812	0.4910432022041364	0.1455161460903603	-0.42395115161552605	-1.2357160149290174	23	
CAMERA-TYPE EYE DEVELOPMENT%GOBP%GO:0043010	0.18127490039840638	0.49130766649339025	0.1446305280344838	-0.30792506839659906	-1.1679427329456664	85	
NEGATIVE REGULATION OF CALCIUM ION TRANSMEMBRANE TRANSPORTER ACTIVITY%GOBP%GO:1901020	0.1814516129032258	0.49130766649339025	0.1455161460903603	-0.6366808317118549	-1.2854935946473367	6	
AROMATIC AMINO ACID FAMILY CATABOLIC PROCESS%GOBP%GO:0009074	0.18200408997955012	0.49130766649339025	0.14641623786055022	-0.6205422340769494	-1.3000529375413847	7	
LINOLEIC ACID (LA) METABOLISM%REACTOME DATABASE ID RELEASE 93%2046105	0.18200408997955012	0.49130766649339025	0.14641623786055022	-0.6192509178656478	-1.2973475947917574	7	
MATURATION OF TCA ENZYMES AND REGULATION OF TCA CYCLE%REACTOME DATABASE ID RELEASE 93%9854311	0.18253968253968253	0.49130766649339025	0.14375898903927542	-0.4596089983247768	-1.2545610387776391	18	
RNA POLYMERASE III CHAIN ELONGATION%REACTOME DATABASE ID RELEASE 93%73780	0.18253968253968253	0.49130766649339025	0.14375898903927542	-0.4574151567794848	-1.2485726701033812	18	
MITOCHONDRIAL FISSION%GOBP%GO:0000266	0.18255578093306288	0.49130766649339025	0.1455161460903603	-0.504460039675826	-1.2745794454188302	14	
REGULATION OF MICROTUBULE POLYMERIZATION OR DEPOLYMERIZATION%GOBP%GO:0031110	0.18255578093306288	0.49130766649339025	0.1455161460903603	-0.31396036800681515	-1.1656252763059674	75	
DETOXIFICATION OF INORGANIC COMPOUND%GOBP%GO:0061687	0.18271119842829076	0.49130766649339025	0.1429011493869481	-0.5188895097499594	-1.2761282276610624	12	
SECONDARY PALATE DEVELOPMENT%GOBP%GO:0062009	0.18271119842829076	0.49130766649339025	0.1429011493869481	-0.517316717542294	-1.272260189293098	12	
KIDNEY VASCULATURE DEVELOPMENT%GOBP%GO:0061440	0.1827309236947791	0.49130766649339025	0.1446305280344838	-0.5689571951564083	-1.286109053396449	9	
POSITIVE REGULATION OF TELOMERASE RNA LOCALIZATION TO CAJAL BODY%GOBP%GO:1904874	0.1827309236947791	0.49130766649339025	0.1446305280344838	-0.5675613320003077	-1.282953750576401	9	
REGULATION OF CENTRIOLE ELONGATION%GOBP%GO:1903722	0.1827309236947791	0.49130766649339025	0.1446305280344838	-0.5674077489342519	-1.282606581099709	9	
RENAL SYSTEM VASCULATURE DEVELOPMENT%GOBP%GO:0061437	0.1827309236947791	0.49130766649339025	0.1446305280344838	-0.5689571951564083	-1.286109053396449	9	
FAS SIGNALING PATHWAY%PANTHER PATHWAY%P00020	0.1831275720164609	0.49223971446193665	0.14641623786055022	-0.40376945986064255	-1.2252398390422408	27	
NEUROPEPTIDE SIGNALING PATHWAY%GOBP%GO:0007218	0.18346774193548387	0.4928849623729261	0.1446305280344838	-0.4428785766182979	-1.2589670230289038	21	
CELLULAR RESPONSE TO OXYGEN LEVELS%GOBP%GO:0071453	0.18383838383838383	0.4934767522553782	0.1446305280344838	-0.3117291966681184	-1.1607066896664735	76	
CYCLIN DEPENDENT KINASE 4 6 INHIBITORS IN BREAST CANCER%WIKIPATHWAYS_20250810%WP5497%HOMO SAPIENS	0.18404907975460122	0.49377308971765765	0.1455161460903603	-0.4068271592601196	-1.2166671532781013	26	
NEGATIVE REGULATION OF EXCITATORY POSTSYNAPTIC POTENTIAL%GOBP%GO:0090394	0.18473895582329317	0.4944114593737821	0.14375898903927542	-0.675844493433256	-1.2910382622980938	5	
NEGATIVE REGULATION OF TCF-DEPENDENT SIGNALING BY DVL-INTERACTING PROTEINS%REACTOME DATABASE ID RELEASE 93%5368598	0.18473895582329317	0.4944114593737821	0.14375898903927542	-0.6755032439472209	-1.2903863872769292	5	
RIBAVIRIN ADME%REACTOME DATABASE ID RELEASE 93%9755088	0.18473895582329317	0.4944114593737821	0.14375898903927542	-0.5664201523585494	-1.2803741514759563	9	
RNA POLYMERASE I PROMOTER OPENING%REACTOME%R-HSA-73728.4	0.18480492813141683	0.49445362021248096	0.1455161460903603	-0.49554766280963203	-1.2739913419834463	15	
CELLULAR RESPONSE TO XENOBIOTIC STIMULUS%GOBP%GO:0071466	0.18533604887983707	0.49560530615721776	0.1446305280344838	-0.3370757175138411	-1.190081485142558	58	
DEADENYLATION-DEPENDENT MRNA DECAY%REACTOME%R-HSA-429914.4	0.1864754098360656	0.49748670004694096	0.1446305280344838	-0.3394742035880901	-1.1943677174198872	56	
CREB1 PHOSPHORYLATION THROUGH THE ACTIVATION OF ADENYLATE CYCLASE%REACTOME DATABASE ID RELEASE 93%442720	0.18674698795180722	0.49748670004694096	0.1429011493869481	-0.5659713086057118	-1.279359554914037	9	
AMINO ACID CATABOLIC PROCESS%GOBP%GO:0009063	0.18699186991869918	0.4980043146387644	0.14375898903927542	-0.33704863910520816	-1.1954498785530019	57	
PKMTS METHYLATE HISTONE LYSINES%REACTOME DATABASE ID RELEASE 93%3214841	0.1875	0.498817887057552	0.1455161460903603	-0.3617920889138181	-1.1992850341063164	41	
SUDDEN INFANT DEATH SYNDROME SIDS SUSCEPTIBILITY PATHWAYS%WIKIPATHWAYS_20250810%WP706%HOMO SAPIENS	0.1875	0.498817887057552	0.1429011493869481	-0.3130002212135369	-1.1706714303761112	80	
LYMPHOCYTE ACTIVATION INVOLVED IN IMMUNE RESPONSE%GOBP%GO:0002285	0.18775510204081633	0.49936162471471573	0.14375898903927542	-0.3577546981141341	-1.2010778498724195	42	
MAMMARY GLAND EPITHELIUM DEVELOPMENT%GOBP%GO:0061180	0.1884920634920635	0.5001058628787004	0.14122511964253093	-0.5265674930581722	-1.257262449378379	11	
REGULATION OF GENE EXPRESSION IN BETA CELLS%REACTOME%R-HSA-210745.3	0.18875502008032127	0.5002643143232418	0.14205664357582118	-0.5646738602192355	-1.2764267154484898	9	
SIGNALING BY PDGFRA EXTRACELLULAR DOMAIN MUTANTS%REACTOME DATABASE ID RELEASE 93%9673770	0.18875502008032127	0.5002643143232418	0.14205664357582118	-0.5648845219232739	-1.2769029093117088	9	
SIGNALING BY PDGFRA TRANSMEMBRANE, JUXTAMEMBRANE AND KINASE DOMAIN MUTANTS%REACTOME%R-HSA-9673767.2	0.18875502008032127	0.5002643143232418	0.14205664357582118	-0.5648845219232739	-1.2769029093117088	9	
HUR (ELAVL1) BINDS AND STABILIZES MRNA%REACTOME%R-HSA-450520.4	0.1891891891891892	0.5010104240873472	0.1446305280344838	-0.5988021149167809	-1.2946757835224667	8	
FORMATION OF THE POSTERIOR NEURAL PLATE%REACTOME DATABASE ID RELEASE 93%9832991	0.18951612903225806	0.5014807544366925	0.14205664357582118	-0.6350427920763344	-1.2821863025877054	6	
PIWI-INTERACTING RNA (PIRNA) BIOGENESIS%REACTOME%R-HSA-5601884.3	0.1903807615230461	0.5028135670482596	0.14122511964253093	-0.47262687948916743	-1.2588723797675936	17	
NEGATIVE REGULATION OF ENDOTHELIAL CELL PROLIFERATION%GOBP%GO:0001937	0.19123505976095617	0.504345637714679	0.14040623852334236	-0.4467323417581658	-1.2382109453380357	19	
SUBTELOMERIC HETEROCHROMATIN FORMATION%GOBP%GO:0031509	0.19126819126819128	0.504345637714679	0.14375898903927542	-0.5964570573599288	-1.2896055121353245	8	
TRANSCRIPTIONAL REGULATION OF GRANULOPOIESIS%REACTOME DATABASE ID RELEASE 93%9616222	0.19183673469387755	0.5053660084362985	0.14205664357582118	-0.38368695203978515	-1.2240783725367297	33	
SENSORY ORGAN DEVELOPMENT%GOBP%GO:0007423	0.19186046511627908	0.5053660084362985	0.13802224249664274	-0.26911041563960103	-1.123506477846386	162	
REGULATION OF PROTEIN LOCALIZATION TO CELL CORTEX%GOBP%GO:1904776	0.19222903885480572	0.5055254050652824	0.14205664357582118	-0.6149476147055137	-1.2883320570777368	7	
HH MUTANTS ABROGATE LIGAND SECRETION%REACTOME DATABASE ID RELEASE 93%5387390	0.19262295081967212	0.5058699617232255	0.14205664357582118	-0.35397912308548246	-1.1887316027874106	43	
PID_LPA4_PATHWAY%MSIGDB_C2%PID_LPA4_PATHWAY	0.1927710843373494	0.5058699617232255	0.14040623852334236	-0.561370964722926	-1.268960628656041	9	
SARS-COV-2 ACTIVATES MODULATES INNATE AND ADAPTIVE IMMUNE RESPONSES%REACTOME%R-HSA-9705671.3	0.1927710843373494	0.5058699617232255	0.14040623852334236	-0.3022115611486347	-1.155236689552227	88	
PARKIN UBIQUITIN PROTEASOMAL SYSTEM PATHWAY%WIKIPATHWAYS_20250810%WP2359%HOMO SAPIENS	0.19387755102040816	0.5076576389864762	0.14122511964253093	-0.35697817103527835	-1.1984708415531544	42	
PHOTODYNAMIC THERAPY INDUCED AP 1 SURVIVAL SIGNALING%WIKIPATHWAYS_20250810%WP3611%HOMO SAPIENS	0.19387755102040816	0.5076576389864762	0.14122511964253093	-0.3815029185188812	-1.217110639639843	33	
CREB1 PHOSPHORYLATION THROUGH THE ACTIVATION OF CAMKII CAMKK CAMKIV CASCASDE%REACTOME DATABASE ID RELEASE 93%442729	0.19427402862985685	0.5078906728609353	0.14122511964253093	-0.6114591801284535	-1.2810236913126345	7	
NEGATIVE REGULATION OF DNA-TEMPLATED TRANSCRIPTION INITIATION%GOBP%GO:2000143	0.19427402862985685	0.5078906728609353	0.14122511964253093	-0.6117845708940072	-1.2817053938582093	7	
NEGATIVE REGULATION OF SMOOTH MUSCLE CELL APOPTOTIC PROCESS%GOBP%GO:0034392	0.19427402862985685	0.5078906728609353	0.14122511964253093	-0.6136058861473586	-1.2855210990838664	7	
NEGATIVE REGULATION OF TRANSCRIPTION INITIATION BY RNA POLYMERASE II%GOBP%GO:0060633	0.19427402862985685	0.5078906728609353	0.14122511964253093	-0.6117845708940072	-1.2817053938582093	7	
DS-GAG BIOSYNTHESIS%REACTOME DATABASE ID RELEASE 93%2022923	0.1947261663286004	0.5078906728609353	0.14040623852334236	-0.5361684565447955	-1.2454128072403794	10	
NEGATIVE REGULATION OF GLYCOGEN BIOSYNTHETIC PROCESS%GOBP%GO:0045719	0.19477911646586346	0.5078906728609353	0.13959967345192228	-0.6672236420880376	-1.2745702004164	5	
NICOTINE EFFECT ON DOPAMINERGIC NEURONS%WIKIPATHWAYS_20250810%WP1602%HOMO SAPIENS	0.19477911646586346	0.5078906728609353	0.13959967345192228	-0.5590904206546637	-1.2638055336896168	9	
REGULATION OF CENTROMERIC SISTER CHROMATID COHESION%GOBP%GO:0070602	0.19477911646586346	0.5078906728609353	0.13959967345192228	-0.6643272424828613	-1.2690373259911134	5	
PROTEIN EXPORT FROM NUCLEUS%GOBP%GO:0006611	0.19517102615694165	0.5086431772210819	0.13959967345192228	-0.41787839254885284	-1.2180153774737408	23	
G PROTEIN SIGNALING%WIKIPATHWAYS_20250810%WP35%HOMO SAPIENS	0.19591836734693877	0.5099160044668145	0.14040623852334236	-0.3342961884204144	-1.17530508345462	55	
PID_ILK_PATHWAY%MSIGDB_C2%PID_ILK_PATHWAY	0.19591836734693877	0.5099160044668145	0.14040623852334236	-0.3764034242869223	-1.2008416980794603	33	
DNA DAMAGE RECOGNITION IN GG-NER%REACTOME DATABASE ID RELEASE 93%5696394	0.1971252566735113	0.5121854688203874	0.14040623852334236	-0.36579378933886514	-1.1843832688608693	37	
IL2 SIGNALING EVENTS MEDIATED BY PI3K%PATHWAY INTERACTION DATABASE NCI-NATURE CURATED DATA%IL2 SIGNALING EVENTS MEDIATED BY PI3K	0.19715447154471544	0.5121854688203874	0.13959967345192228	-0.3944644711093077	-1.2205527146330661	29	
FATTY ACID BIOSYNTHESIS%WIKIPATHWAYS_20250810%WP357%HOMO SAPIENS	0.1975806451612903	0.5131572229644064	0.13880510939113969	-0.47509750612335977	-1.242986610979629	16	
NEGATIVE REGULATION OF TYPE I INTERFERON-MEDIATED SIGNALING PATHWAY%GOBP%GO:0060339	0.1984126984126984	0.5144119183699318	0.1372507796101328	-0.4476871517711106	-1.222018846934071	18	
PYRIMIDINE-CONTAINING COMPOUND CATABOLIC PROCESS%GOBP%GO:0072529	0.1984126984126984	0.5144119183699318	0.1372507796101328	-0.4480081722516962	-1.2228951130408277	18	
PROTEIN K29-LINKED UBIQUITINATION%GOBP%GO:0035519	0.19878296146044624	0.5144119183699318	0.13880510939113969	-0.5316257511108043	-1.2348610049887667	10	
REGULATION OF INTEGRIN ACTIVATION%GOBP%GO:0033623	0.19878296146044624	0.5144119183699318	0.13880510939113969	-0.5326374454451547	-1.237210969940327	10	
TRANSCRIPTION BY RNA POLYMERASE III%GOBP%GO:0006383	0.19878296146044624	0.5144119183699318	0.13880510939113969	-0.37410944769483867	-1.2053591435193542	34	
CELLULAR RESPONSE TO IRON ION%GOBP%GO:0071281	0.19879518072289157	0.5144119183699318	0.13802224249664274	-0.6601095490762035	-1.2609804377282876	5	
DEFECTIVE LFNG CAUSES SCDO3%REACTOME DATABASE ID RELEASE 93%5083630	0.19879518072289157	0.5144119183699318	0.13802224249664274	-0.6611420770022209	-1.2629528338524436	5	
POSTSYNAPTIC MEMBRANE ASSEMBLY%GOBP%GO:0097104	0.19879518072289157	0.5144119183699318	0.13802224249664274	-0.660466239530188	-1.261661809002841	5	
RAS AND BRADYKININ PATHWAYS IN COVID 19%WIKIPATHWAYS_20250810%WP4969%HOMO SAPIENS	0.19879518072289157	0.5144119183699318	0.13802224249664274	-0.6599044540400687	-1.2605886530180028	5	
NEGATIVE REGULATION OF INTRINSIC APOPTOTIC SIGNALING PATHWAY IN RESPONSE TO DNA DAMAGE%GOBP%GO:1902230	0.19919517102615694	0.5153115223130691	0.13802224249664274	-0.41678870700206083	-1.2148392052277723	23	
MISCELLANEOUS TRANSPORT AND BINDING EVENTS%REACTOME DATABASE ID RELEASE 93%5223345	0.2003968253968254	0.5167769579126061	0.13649043778041264	-0.4462035407035179	-1.217969142405036	18	
MRNA 3'-END PROCESSING%GOBP%GO:0031124	0.20040899795501022	0.5167769579126061	0.13880510939113969	-0.39303061061959504	-1.20367521464279	28	
NEGATIVE REGULATION OF INTRACELLULAR ESTROGEN RECEPTOR SIGNALING PATHWAY%GOBP%GO:0033147	0.20080321285140562	0.5167769579126061	0.1372507796101328	-0.5564545482127536	-1.2578472306046073	9	
CARDIAC CONDUCTION SYSTEM DEVELOPMENT%GOBP%GO:0003161	0.20119521912350596	0.51728650576323	0.13649043778041264	-0.4416276575781475	-1.2240622589024022	19	
TYPE I INTERFERON-MEDIATED SIGNALING PATHWAY%GOBP%GO:0060337	0.2012072434607646	0.51728650576323	0.1372507796101328	-0.41411563289375863	-1.2070478347547027	23	
4P16 3 COPY NUMBER VARIATION%WIKIPATHWAYS_20250810%WP5365%HOMO SAPIENS	0.20121951219512196	0.51728650576323	0.13802224249664274	-0.41618077030864503	-1.2207964066507988	24	
NUCLEOBASE-CONTAINING SMALL MOLECULE BIOSYNTHETIC PROCESS%GOBP%GO:0034404	0.20238095238095238	0.5185123229619717	0.13574094381042484	-0.5228390459259882	-1.2483601972728364	11	
NUCLEOSIDE BIOSYNTHETIC PROCESS%GOBP%GO:0009163	0.20238095238095238	0.5185123229619717	0.13574094381042484	-0.5228390459259882	-1.2483601972728364	11	
PRESYNAPTIC MEMBRANE ASSEMBLY%GOBP%GO:0097105	0.20245398773006135	0.5185645065531176	0.13802224249664274	-0.6057014056701162	-1.2689609964834958	7	
BIOCARTA_SARS_PATHWAY%MSIGDB_C2%BIOCARTA_SARS_PATHWAY	0.20281124497991967	0.5190744783135662	0.13649043778041264	-0.6593154126826241	-1.2594634312577813	5	
REGULATION OF BETA-CELL DEVELOPMENT%REACTOME%R-HSA-186712.4	0.20321931589537223	0.5198486319318875	0.13649043778041264	-0.41163683236176546	-1.1998227252025144	23	
TRICARBOXYLIC ACID CYCLE%GOBP%GO:0006099	0.2037037037037037	0.5205467601003546	0.13802224249664274	-0.39623945978378133	-1.2023900274558326	27	
POSITIVE REGULATION OF REPRODUCTIVE PROCESS%GOBP%GO:2000243	0.20445344129554655	0.5212226991839237	0.13649043778041264	-0.4252067511219795	-1.2234404683009388	22	
FLUID TRANSPORT%GOBP%GO:0042044	0.20449897750511248	0.5212226991839237	0.1372507796101328	-0.604576331973304	-1.266603936344524	7	
APOPTOSIS INDUCED DNA FRAGMENTATION%REACTOME DATABASE ID RELEASE 93%140342	0.20481927710843373	0.5212226991839237	0.13574094381042484	-0.5552916121037526	-1.2552184517245075	9	
COENZYME A METABOLIC PROCESS%GOBP%GO:0015936	0.20486815415821502	0.5212226991839237	0.13649043778041264	-0.49323034112920106	-1.2462062506758418	14	
NUCLEAR RNA SURVEILLANCE%GOBP%GO:0071027	0.20486815415821502	0.5212226991839237	0.13649043778041264	-0.3708939072693025	-1.1949988570385979	34	
PDGFR-ALPHA SIGNALING PATHWAY%PATHWAY INTERACTION DATABASE NCI-NATURE CURATED DATA%PDGFR-ALPHA SIGNALING PATHWAY	0.2051792828685259	0.5218794159451062	0.13500203382863138	-0.4393841807173325	-1.21784399945483	19	
NEGATIVE REGULATION OF PROTEIN FOLDING%GOBP%GO:1903333	0.2056451612903226	0.5225244536940686	0.13574094381042484	-0.6300938028602183	-1.27219402133716	6	
PTK6 REGULATES CELL CYCLE%REACTOME DATABASE ID RELEASE 93%8849470	0.2056451612903226	0.5225244536940686	0.13574094381042484	-0.6296891186773443	-1.2713769417283067	6	
TRIGLYCERIDE CATABOLIC PROCESS%GOBP%GO:0019433	0.2056451612903226	0.5225244536940686	0.13574094381042484	-0.6293233997971407	-1.2706385352072884	6	
PURINE-CONTAINING COMPOUND CATABOLIC PROCESS%GOBP%GO:0072523	0.20570264765784113	0.5225356730751042	0.13649043778041264	-0.3310002672974178	-1.1686314653375158	58	
FOREBRAIN DEVELOPMENT%GOBP%GO:0030900	0.206	0.5230211449200619	0.13500203382863138	-0.2864548233231262	-1.1279079368207736	114	
DEFECTIVE B3GALT6 CAUSES EDSP2 AND SEMDJL1%REACTOME%R-HSA-4420332.4	0.20641282565130262	0.5236641796863503	0.13500203382863138	-0.46295212774462713	-1.2331030503433469	17	
PID_PRL_SIGNALING_EVENTS_PATHWAY%MSIGDB_C2%PID_PRL_SIGNALING_EVENTS_PATHWAY	0.20641282565130262	0.5236641796863503	0.13500203382863138	-0.4615676016031046	-1.2294152750722647	17	
NEGATIVE REGULATION OF OSTEOCLAST DIFFERENTIATION%GOBP%GO:0045671	0.20689655172413793	0.5247561690561211	0.13574094381042484	-0.49238813048676855	-1.244078303387396	14	
PEPTIDYL-LYSINE MODIFICATION%GOBP%GO:0018205	0.2073170731707317	0.5254718406832931	0.13574094381042484	-0.2971682171363797	-1.1397746675204112	90	
GNAQ PATHWAYS IN PORT WINE STAIN%WIKIPATHWAYS_20250810%WP5437%HOMO SAPIENS	0.20739219712525667	0.5254718406832931	0.13649043778041264	-0.47701117861233666	-1.2263363490322652	15	
NICOTINE PHARMACODYNAMICS PATHWAY%PANTHER PATHWAY%P06587	0.20739219712525667	0.5254718406832931	0.13649043778041264	-0.4760334957909603	-1.2238228482267577	15	
ANDROGEN RECEPTOR NETWORK IN PROSTATE CANCER%WIKIPATHWAYS_20250810%WP2263%HOMO SAPIENS	0.20781893004115226	0.5261468719941335	0.13649043778041264	-0.3069520641680525	-1.1417249434375238	78	
INACTIVATION, RECOVERY AND REGULATION OF THE PHOTOTRANSDUCTION CASCADE%REACTOME DATABASE ID RELEASE 93%2514859	0.20833333333333334	0.5267719568567026	0.13355495455759195	-0.521732798586387	-1.2457188583027308	11	
INTEGRATION OF PROVIRUS%REACTOME%R-HSA-162592.5	0.20883534136546184	0.5269586804419112	0.13427345288320233	-0.5524396822220492	-1.2487717578928175	9	
VERY LONG-CHAIN FATTY ACID METABOLIC PROCESS%GOBP%GO:0000038	0.20934959349593496	0.5279856807277089	0.13500203382863138	-0.4113003965027038	-1.2064806495796894	24	
ACTIVATION OF PROTEIN KINASE ACTIVITY%GOBP%GO:0032147	0.20987654320987653	0.528772887524167	0.13574094381042484	-0.3942391734440099	-1.1963201515572792	27	
SULFUR COMPOUND BIOSYNTHETIC PROCESS%GOBP%GO:0044272	0.21020408163265306	0.5289363254880496	0.13500203382863138	-0.3147754870442929	-1.152347242142498	67	
CAMERA-TYPE EYE MORPHOGENESIS%GOBP%GO:0048593	0.21041666666666667	0.5290506894790602	0.13649043778041264	-0.35453301348602256	-1.1752223174555998	41	
POSITIVE REGULATION OF PHAGOCYTOSIS%GOBP%GO:0050766	0.21052631578947367	0.5291912446421133	0.13427345288320233	-0.4205322225711991	-1.2099905233408403	22	
TELOMERIC D-LOOP DISASSEMBLY%GOBP%GO:0061820	0.21063394683026584	0.5293266565826436	0.13500203382863138	-0.6030555433648745	-1.2634178426522726	7	
HEART LOOPING%GOBP%GO:0001947	0.21138211382113822	0.530394570000746	0.13427345288320233	-0.4063764373405615	-1.2034981692045401	25	
BETA OXIDATION OF DECANOYL-COA TO OCTANOYL-COA-COA%REACTOME%R-HSA-77346.5	0.21169354838709678	0.5305000451563642	0.13355495455759195	-0.6226278998570695	-1.2571199528074046	6	
HYDROGEN PEROXIDE METABOLIC PROCESS%GOBP%GO:0042743	0.21169354838709678	0.5305000451563642	0.13355495455759195	-0.46699943310713343	-1.2217998099457985	16	
MRNA 3'-END PROCESSING BY STEM-LOOP BINDING AND CLEAVAGE%GOBP%GO:0006398	0.21169354838709678	0.5305000451563642	0.13355495455759195	-0.6231843366480296	-1.2582434292731282	6	
POSITIVE REGULATION OF ACTIVATED T CELL PROLIFERATION%GOBP%GO:0042104	0.21169354838709678	0.5305000451563642	0.13355495455759195	-0.6264176775993785	-1.264771722375803	6	
POSITIVE REGULATION OF LONG-TERM NEURONAL SYNAPTIC PLASTICITY%GOBP%GO:0048170	0.21169354838709678	0.5305000451563642	0.13355495455759195	-0.6238487315177031	-1.2595848790337334	6	
BMP SIGNALING IN EYELID DEVELOPMENT%WIKIPATHWAYS_20250810%WP3927%HOMO SAPIENS	0.21218074656188604	0.5305377875791476	0.13145761164276346	-0.5053511104109103	-1.2428326353831733	12	
SILDENAFIL TREATMENT%WIKIPATHWAYS_20250810%WP5294%HOMO SAPIENS	0.21218074656188604	0.5305377875791476	0.13145761164276346	-0.5026016291704399	-1.2360707129382977	12	
DEFECTIVE B3GAT3 CAUSES JDSSDHD%REACTOME%R-HSA-3560801.4	0.2124248496993988	0.5305771360071742	0.13284630060618333	-0.4578284753732754	-1.2194558695888438	17	
DETERMINATION OF HEART LEFT/RIGHT ASYMMETRY%GOBP%GO:0061371	0.21267893660531698	0.5310540408663638	0.13427345288320233	-0.3958956092928579	-1.1839749952526295	26	
ORGAN INDUCTION%GOBP%GO:0001759	0.21285140562248997	0.531103633998742	0.13284630060618333	-0.6562620127623587	-1.2536306455127424	5	
REGULATION OF HEART MORPHOGENESIS%GOBP%GO:2000826	0.21285140562248997	0.531103633998742	0.13284630060618333	-0.6562620127623587	-1.2536306455127424	5	
MITOCHONDRIAL ELECTRON TRANSPORT, UBIQUINOL TO CYTOCHROME C%GOBP%GO:0006122	0.2129817444219067	0.5312942122062563	0.13355495455759195	-0.4877907863157522	-1.232462556007962	14	
HEDGEHOG%IOB%HEDGEHOG	0.21370967741935484	0.5317628212966813	0.13284630060618333	-0.4309888305821822	-1.2104357415816678	20	
PURINE NUCLEOTIDE SALVAGE%GOBP%GO:0032261	0.21370967741935484	0.5317628212966813	0.13284630060618333	-0.6208529834798256	-1.2535362990827483	6	
RNA POLYMERASE I TRANSCRIPTION%REACTOME DATABASE ID RELEASE 93%73864	0.2138364779874214	0.5319439015321251	0.13574094381042484	-0.32161581143625456	-1.1550674645406105	63	
URETERIC BUD DEVELOPMENT%GOBP%GO:0001657	0.21428571428571427	0.5326101243860071	0.13145761164276346	-0.4415604066050419	-1.2052951191396086	18	
INTEGRATED BREAST CANCER PATHWAY%WIKIPATHWAYS_20250810%WP1984%HOMO SAPIENS	0.21442885771543085	0.5326101243860071	0.13214726060877433	-0.28141464962220386	-1.117272536466506	119	
POSITIVE REGULATION OF FIBROBLAST APOPTOTIC PROCESS%GOBP%GO:2000271	0.21485943775100402	0.5330911168496869	0.13214726060877433	-0.6558622089540582	-1.2528669165500244	5	
REGULATION OF L-GLUTAMATE IMPORT ACROSS PLASMA MEMBRANE%GOBP%GO:0002036	0.21485943775100402	0.5330911168496869	0.13214726060877433	-0.6544281951291561	-1.2501275782338857	5	
MACROMOLECULE METHYLATION%GOBP%GO:0043414	0.21497120921305182	0.5330911168496869	0.12878871306171366	-0.28457147838559627	-1.1185894191604453	104	
MITOTIC G1/S TRANSITION CHECKPOINT SIGNALING%GOBP%GO:0044819	0.2150101419878296	0.5330911168496869	0.13284630060618333	-0.4840525753142215	-1.223017512733075	14	
NEGATIVE REGULATION OF INTRACELLULAR TRANSPORT%GOBP%GO:0032387	0.2150101419878296	0.5330911168496869	0.13284630060618333	-0.3689275315281343	-1.1886633073917867	34	
MICROTUBULE POLYMERIZATION%GOBP%GO:0046785	0.2151639344262295	0.5330911168496869	0.13355495455759195	-0.3662314582255795	-1.1785141245574657	35	
NEGATIVE REGULATION OF CELLULAR SENESCENCE%GOBP%GO:2000773	0.21560574948665298	0.5335434037484503	0.13355495455759195	-0.47155547256830094	-1.2123104080660612	15	
SIGNALING BY PDGFR IN DISEASE%REACTOME DATABASE ID RELEASE 93%9671555	0.21560574948665298	0.5335434037484503	0.13355495455759195	-0.47049694358087174	-1.2095890618335368	15	
STEROID METABOLIC PROCESS%GOBP%GO:0008202	0.21568627450980393	0.5335434037484503	0.13010563075112855	-0.2885820289503589	-1.1223865014257877	98	
FORMATION OF ATP BY CHEMIOSMOTIC COUPLING%REACTOME DATABASE ID RELEASE 93%163210	0.2157258064516129	0.5335434037484503	0.13214726060877433	-0.43004013456299567	-1.2077713208634593	20	
INOSITOL METABOLIC PROCESS%GOBP%GO:0006020	0.2157258064516129	0.5335434037484503	0.13214726060877433	-0.6186642586964259	-1.2491171434409154	6	
S1P5 PATHWAY%PATHWAY INTERACTION DATABASE NCI-NATURE CURATED DATA%S1P5 PATHWAY	0.21621621621621623	0.5343536307391729	0.13427345288320233	-0.5821856155242715	-1.2587490911570138	8	
RHOD GTPASE CYCLE%REACTOME DATABASE ID RELEASE 93%9013405	0.21666666666666667	0.5345120832622734	0.13427345288320233	-0.35201934478282243	-1.166889892980814	41	
GALACTOSEMIA II (GALK)%SMPDB%SMP0000495	0.2167689161554192	0.5345120832622734	0.13284630060618333	-0.5989234909650134	-1.2547610799606808	7	
GALACTOSEMIA III%SMPDB%SMP0000496	0.2167689161554192	0.5345120832622734	0.13284630060618333	-0.5989234909650134	-1.2547610799606808	7	
NUCLEOTIDE SUGARS METABOLISM%PATHWHIZ%PW000031	0.2167689161554192	0.5345120832622734	0.13284630060618333	-0.5989234909650134	-1.2547610799606808	7	
REGULATION OF VITAMIN D RECEPTOR SIGNALING PATHWAY%GOBP%GO:0070562	0.2167689161554192	0.5345120832622734	0.13284630060618333	-0.59672428779946	-1.2501536892326655	7	
TELOMERASE RNA LOCALIZATION TO CAJAL BODY%GOBP%GO:0090671	0.2167689161554192	0.5345120832622734	0.13284630060618333	-0.5981155038741227	-1.253068324925932	7	
TELOMERASE RNA LOCALIZATION%GOBP%GO:0090672	0.2167689161554192	0.5345120832622734	0.13284630060618333	-0.5981155038741227	-1.253068324925932	7	
CELLULAR ROLES OF ANTHRAX TOXIN%PATHWAY INTERACTION DATABASE NCI-NATURE CURATED DATA%CELLULAR ROLES OF ANTHRAX TOXIN	0.21825396825396826	0.5352624589361851	0.13010563075112855	-0.5124762477945717	-1.2236173919670044	11	
INTERFERON SIGNALING%REACTOME DATABASE ID RELEASE 93%913531	0.21825396825396826	0.5352624589361851	0.13010563075112855	-0.26060172131538173	-1.101646409290762	190	
PURINE SALVAGE%REACTOME%R-HSA-74217.7	0.21825396825396826	0.5352624589361851	0.13010563075112855	-0.5150196643731222	-1.2296901978266412	11	
REGULATION OF TRANSCRIPTION REGULATORY REGION DNA BINDING%GOBP%GO:2000677	0.21825396825396826	0.5352624589361851	0.13010563075112855	-0.5124215021273981	-1.223486678103139	11	
REPLACEMENT OF PROTAMINES BY NUCLEOSOMES IN THE MALE PRONUCLEUS%REACTOME DATABASE ID RELEASE 93%9821993	0.21825396825396826	0.5352624589361851	0.13010563075112855	-0.5150700940532164	-1.2298106065946575	11	
ACTIVATION OF PUMA AND TRANSLOCATION TO MITOCHONDRIA%REACTOME DATABASE ID RELEASE 93%139915	0.21881390593047034	0.5359307755700027	0.13214726060877433	-0.5931489579363989	-1.242663275468861	7	
BETAINE METABOLISM%SMPDB%SMP0000123	0.21881390593047034	0.5359307755700027	0.13214726060877433	-0.5928924629905984	-1.2421259115483398	7	
POSITIVE REGULATION OF ORGANIC ACID TRANSPORT%GOBP%GO:0032892	0.21881390593047034	0.5359307755700027	0.13214726060877433	-0.5931552339499263	-1.2426764238887014	7	
MITOCHONDRIAL TRANSPORT%GOBP%GO:0006839	0.2190082644628099	0.5361400725760384	0.13284630060618333	-0.32399402738941196	-1.1502013523958483	60	
SEX DIFFERENTIATION%GOBP%GO:0007548	0.2193158953722334	0.5364861601173401	0.13077713797197438	-0.33802864436969027	-1.1586495459587622	47	
FATTY ACID BETA-OXIDATION%GOBP%GO:0006635	0.21975806451612903	0.5372816030361725	0.13077713797197438	-0.33970327110194115	-1.157225863740684	46	
REGULATION OF STORE-OPERATED CALCIUM ENTRY%GOBP%GO:2001256	0.2203742203742204	0.5377458671138968	0.13284630060618333	-0.579144589539856	-1.2521740597718418	8	
TRANS SULFURATION ONE CARBON METABOLISM AND RELATED PATHWAYS%WIKIPATHWAYS_20250810%WP2525%HOMO SAPIENS	0.22176591375770022	0.5393290172046131	0.13145761164276346	-0.3619147922720142	-1.1718236810279477	37	
PLATELET HOMEOSTASIS%REACTOME DATABASE ID RELEASE 93%418346	0.2222222222222222	0.5397138628515047	0.13010563075112855	-0.33292300678265563	-1.159246174872451	52	
POSITIVE REGULATION OF PROTEIN UBIQUITINATION%GOBP%GO:0031398	0.22268041237113403	0.5402733533839938	0.13145761164276346	-0.31040577801788094	-1.1448739146297686	73	
MRNA SPLICING%PANTHER PATHWAY%P00058	0.22289156626506024	0.5402733533839938	0.12944288774504625	-0.6515795483171647	-1.2446859240282389	5	
PRIMARY MIRNA PROCESSING%GOBP%GO:0031053	0.22289156626506024	0.5402733533839938	0.12944288774504625	-0.48915529618815884	-1.211280423400302	13	
PYRIMIDINE NUCLEOBASE BIOSYNTHETIC PROCESS%GOBP%GO:0019856	0.22289156626506024	0.5402733533839938	0.12944288774504625	-0.6515410503866053	-1.2446123829964564	5	
PID_PDGFRA_PATHWAY%MSIGDB_C2%PID_PDGFRA_PATHWAY	0.22444889779559118	0.5425788970526371	0.12878871306171366	-0.45045914494224604	-1.1998271795172366	17	
PROTEIN POLYMERIZATION%GOBP%GO:0051258	0.22474226804123712	0.5427550579185726	0.13077713797197438	-0.3087021364130808	-1.138590349788713	73	
SYNAPTIC VESICLE FUSION TO PRESYNAPTIC ACTIVE ZONE MEMBRANE%GOBP%GO:0031629	0.2249488752556237	0.5429876503473574	0.13010563075112855	-0.5899290992163614	-1.2359175834634173	7	
VESICLE FUSION TO PLASMA MEMBRANE%GOBP%GO:0099500	0.2249488752556237	0.5429876503473574	0.13010563075112855	-0.5899290992163614	-1.2359175834634173	7	
NUCLEOSIDE METABOLIC PROCESS%GOBP%GO:0009116	0.22535211267605634	0.5436944134791597	0.12878871306171366	-0.40194168049744994	-1.1715636807813579	23	
MODIFIED AMINO ACID METABOLIC PROCESS%GOBP%GO:0006575	0.22580645161290322	0.544523713588206	0.12878871306171366	-0.29408348275416185	-1.129695053652153	92	
ENERGY DERIVATION BY OXIDATION OF ORGANIC COMPOUNDS%GOBP%GO:0015980	0.2261904761904762	0.5449159355447587	0.1275053153001827	-0.2601783666652275	-1.1010958936616244	195	
ENDOCRINE SYSTEM DEVELOPMENT%GOBP%GO:0035270	0.22633744855967078	0.5451008370835523	0.13010563075112855	-0.389809425103414	-1.1828780647146968	27	
PROTEIN LOCALIZATION TO CYTOPLASMIC STRESS GRANULE%GOBP%GO:1903608	0.22661122661122662	0.5454654133376228	0.13077713797197438	-0.5772976908576708	-1.2481808624552673	8	
ALPHA-LINOLENIC ACID METABOLIC PROCESS%GOBP%GO:0036109	0.22690763052208834	0.5458422990765898	0.1281429168984153	-0.5404306505215427	-1.2216257361463123	9	
GLUTAMINE FAMILY AMINO ACID CATABOLIC PROCESS%GOBP%GO:0009065	0.22690763052208834	0.5458422990765898	0.1281429168984153	-0.5418903749596861	-1.2249253952970225	9	
PURINE METABOLISM%WIKIPATHWAYS_20250810%WP4792%HOMO SAPIENS	0.22699386503067484	0.5459163642139777	0.12944288774504625	-0.588610779554174	-1.233155667746279	7	
SIGNALING BY GPCR%REACTOME%R-HSA-372790.7	0.22764227642276422	0.5472084603658537	0.12878871306171366	-0.2508871529583122	-1.095516785127018	268	
INTEGRIN-LINKED KINASE SIGNALING%PATHWAY INTERACTION DATABASE NCI-NATURE CURATED DATA%INTEGRIN-LINKED KINASE SIGNALING	0.22857142857142856	0.548638294908407	0.12878871306171366	-0.34553798225944904	-1.160063079448451	42	
ADORA2B MEDIATED ANTI-INFLAMMATORY CYTOKINES PRODUCTION%REACTOME%R-HSA-9660821.4	0.22899159663865545	0.5491512268649036	0.13077713797197438	-0.37715016424853354	-1.1707387795346678	31	
POSITIVE REGULATION OF MITOCHONDRIAL OUTER MEMBRANE PERMEABILIZATION INVOLVED IN APOPTOTIC SIGNALING PATHWAY%GOBP%GO:1901030	0.22903885480572597	0.5491512268649036	0.12878871306171366	-0.5878464538355965	-1.2315543844796322	7	
RNA POLYMERASE III ABORTIVE AND RETRACTIVE INITIATION%REACTOME%R-HSA-749476.4	0.22916666666666666	0.5491512268649036	0.13010563075112855	-0.3475309626385885	-1.1520115976894763	41	
RNA POLYMERASE III TRANSCRIPTION%REACTOME DATABASE ID RELEASE 93%74158	0.22916666666666666	0.5491512268649036	0.13010563075112855	-0.3475309626385885	-1.1520115976894763	41	
CELLULAR RESPONSE TO CATECHOLAMINE STIMULUS%GOBP%GO:0071870	0.23107569721115537	0.5514629506674216	0.12625398784911535	-0.429530963779118	-1.1905337738023254	19	
CELLULAR RESPONSE TO MONOAMINE STIMULUS%GOBP%GO:0071868	0.23107569721115537	0.5514629506674216	0.12625398784911535	-0.429530963779118	-1.1905337738023254	19	
PROCESSING OF INTRONLESS PRE-MRNAS%REACTOME%R-HSA-77595.4	0.23107569721115537	0.5514629506674216	0.12625398784911535	-0.4313168678858065	-1.1954837758628947	19	
RESPONSE TO CATECHOLAMINE%GOBP%GO:0071869	0.23107569721115537	0.5514629506674216	0.12625398784911535	-0.429530963779118	-1.1905337738023254	19	
RESPONSE TO MONOAMINE%GOBP%GO:0071867	0.23107569721115537	0.5514629506674216	0.12625398784911535	-0.429530963779118	-1.1905337738023254	19	
REGULATION OF DNA BINDING%GOBP%GO:0051101	0.23109243697478993	0.5514629506674216	0.13010563075112855	-0.3750362705526316	-1.1641768910345334	31	
GLYCOSYL COMPOUND METABOLIC PROCESS%GOBP%GO:1901657	0.23140495867768596	0.5518075134755379	0.12878871306171366	-0.35648150190502254	-1.1577694131666618	38	
IMP BIOSYNTHETIC PROCESS%GOBP%GO:0006188	0.2318548387096774	0.5526126221097757	0.12687572992985735	-0.6133373924991011	-1.2383619077951478	6	
GLOMERULUS VASCULATURE DEVELOPMENT%GOBP%GO:0072012	0.23284823284823286	0.5541620044814703	0.12878871306171366	-0.5749521591463547	-1.2431095658942206	8	
BETA OXIDATION OF OCTANOYL-COA TO HEXANOYL-COA%REACTOME%R-HSA-77348.3	0.23293172690763053	0.5541620044814703	0.12625398784911535	-0.6465422836746695	-1.2350634421496838	5	
GENES RELATED TO PRIMARY CILIUM DEVELOPMENT BASED ON CRISPR %WIKIPATHWAYS_20250810%WP4536%HOMO SAPIENS	0.23306772908366533	0.5541620044814703	0.12563992130984047	-0.29576834980954453	-1.1218329725284706	85	
PHOSPHATIDYLCHOLINE BIOSYNTHETIC PROCESS%GOBP%GO:0006656	0.2332657200811359	0.55436502049695	0.12687572992985735	-0.4764377389371897	-1.2037777054876302	14	
GLUCAGON SIGNALING IN METABOLIC REGULATION%REACTOME DATABASE ID RELEASE 93%163359	0.23373983739837398	0.5545379566308121	0.12687572992985735	-0.39569457601587127	-1.1718634596921185	25	
ORGAN GROWTH%GOBP%GO:0035265	0.23373983739837398	0.5545379566308121	0.12687572992985735	-0.3966555814563699	-1.1635225437273429	24	
POSITIVE REGULATION OF ATP-DEPENDENT ACTIVITY%GOBP%GO:0032781	0.23408624229979466	0.5545379566308121	0.1275053153001827	-0.462898928527569	-1.190055511136747	15	
NUCLEOSOME DISASSEMBLY%GOBP%GO:0006337	0.23412698412698413	0.5545379566308121	0.12503336755527242	-0.4327259320311691	-1.1811803005898192	18	
TRIGLYCERIDE METABOLISM%REACTOME%R-HSA-8979227.2	0.23412698412698413	0.5545379566308121	0.12503336755527242	-0.4334977896799209	-1.1832871839126784	18	
CELLULAR RESPONSE TO ERYTHROPOIETIN%GOBP%GO:0036018	0.23493975903614459	0.5552885354860662	0.12563992130984047	-0.6451757288344347	-1.2324529679897047	5	
ISOCITRATE METABOLIC PROCESS%GOBP%GO:0006102	0.23493975903614459	0.5552885354860662	0.12563992130984047	-0.6442318746128163	-1.2306499616384199	5	
POSITIVE REGULATION OF TELOMERE CAPPING%GOBP%GO:1904355	0.23493975903614459	0.5552885354860662	0.12563992130984047	-0.6450769569727178	-1.2322642881174057	5	
RESPONSE TO ERYTHROPOIETIN%GOBP%GO:0036017	0.23493975903614459	0.5552885354860662	0.12563992130984047	-0.6451757288344347	-1.2324529679897047	5	
T CELL MIGRATION%GOBP%GO:0072678	0.23493975903614459	0.5552885354860662	0.12563992130984047	-0.6456086440364127	-1.2332799483017656	5	
NEGATIVE REGULATION OF GLUCONEOGENESIS%GOBP%GO:0045721	0.2357563850687623	0.5561602870813397	0.12384217120104962	-0.4937288537436138	-1.2142494986583512	12	
CELLULAR RESPONSE TO TYPE I INTERFERON%GOBP%GO:0071357	0.23577235772357724	0.5561602870813397	0.12625398784911535	-0.39408597138429924	-1.1559850240573417	24	
BIOCARTA_VDR_PATHWAY%MSIGDB_C2%BIOCARTA_VDR_PATHWAY	0.23588709677419356	0.5561602870813397	0.12563992130984047	-0.412917283201373	-1.1737963185274052	21	
PHASE 1 - INACTIVATION OF FAST NA+ CHANNELS%REACTOME%R-HSA-5576894.4	0.23588709677419356	0.5561602870813397	0.12563992130984047	-0.6130050006796653	-1.2376907904416552	6	
LYMPHOCYTE PROLIFERATION%GOBP%GO:0046651	0.23694779116465864	0.5577308036832964	0.12503336755527242	-0.4846849484674358	-1.2002106369294199	13	
MONONUCLEAR CELL PROLIFERATION%GOBP%GO:0032943	0.23694779116465864	0.5577308036832964	0.12503336755527242	-0.4846849484674358	-1.2002106369294199	13	
RESPONSE TO TUMOR CELL%GOBP%GO:0002347	0.23694779116465864	0.5577308036832964	0.12503336755527242	-0.48538049710012987	-1.2019330029119015	13	
MIR TARGETED GENES IN LYMPHOCYTES%WIKIPATHWAYS_20250810%WP2004%HOMO SAPIENS	0.23705179282868527	0.5578422447875802	0.12443416863039332	-0.24291484833135715	-1.0768812516355413	308	
METABOTROPIC GLUTAMATE RECEPTOR GROUP III PATHWAY%PANTHER PATHWAY%P00039	0.23770491803278687	0.5581632653061224	0.12625398784911535	-0.34433945388404474	-1.156359695313652	43	
REGULATION OF DOUBLE-STRAND BREAK REPAIR VIA NONHOMOLOGOUS END JOINING%GOBP%GO:2001032	0.23780487804878048	0.5581632653061224	0.12563992130984047	-0.39327740936560923	-1.153613243145314	24	
RUNX2 REGULATES BONE DEVELOPMENT%REACTOME%R-HSA-8941326.2	0.23780487804878048	0.5581632653061224	0.12563992130984047	-0.39215654562118907	-1.1613854577428528	25	
HIPPOCAMPUS DEVELOPMENT%GOBP%GO:0021766	0.23809523809523808	0.5581632653061224	0.12384217120104962	-0.4312718295480205	-1.1772111434836763	18	
POSITIVE REGULATION OF TRANSPORTER ACTIVITY%GOBP%GO:0032411	0.2388663967611336	0.5595243015374441	0.12503336755527242	-0.4075615986636106	-1.1726703581605298	22	
REGULATION OF GRANULOCYTE CHEMOTAXIS%GOBP%GO:0071622	0.2388663967611336	0.5595243015374441	0.12503336755527242	-0.4069772039679662	-1.1709888888089142	22	
PHENYLALANINE AND TYROSINE METABOLISM%REACTOME%R-HSA-8963691.2	0.2389558232931727	0.5595243015374441	0.12443416863039332	-0.6434061184977427	-1.2290725532993048	5	
RESPONSE TO XENOBIOTIC STIMULUS%GOBP%GO:0009410	0.23904382470119523	0.5595243015374441	0.12384217120104962	-0.29470963762805324	-1.1178173358507149	85	
REGULATION OF SMAD PROTEIN SIGNAL TRANSDUCTION%GOBP%GO:0060390	0.23975409836065573	0.5600145530849155	0.12563992130984047	-0.3430780860338991	-1.1521237736775445	43	
EPITHELIAL TO MESENCHYMAL TRANSITION INVOLVED IN ENDOCARDIAL CUSHION FORMATION%GOBP%GO:0003198	0.2399193548387097	0.5600145530849155	0.12443416863039332	-0.6095820230483564	-1.2307796104586834	6	
SENSORY SYSTEM DEVELOPMENT%GOBP%GO:0048880	0.24110671936758893	0.5618785228149776	0.12267918956880833	-0.2739677337554432	-1.0919026175027036	121	
EPIGENETIC REGULATION OF GENE EXPRESSION%REACTOME DATABASE ID RELEASE 93%212165	0.2413793103448276	0.5621125336927224	0.12443416863039332	-0.2505915162602071	-1.087567590617875	253	
NEGATIVE REGULATION OF NOTCH SIGNALING PATHWAY%GOBP%GO:0045746	0.2414486921529175	0.5621125336927224	0.12384217120104962	-0.3964036009651404	-1.1554215060427178	23	
BETA2 ADRENERGIC RECEPTOR SIGNALING PATHWAY%PANTHER PATHWAY%P04378	0.24229979466119098	0.5622634405453892	0.12503336755527242	-0.4616881525572066	-1.1869427568669002	15	
HISTAMINE H2 RECEPTOR MEDIATED SIGNALING PATHWAY%PANTHER PATHWAY%P04386	0.24229979466119098	0.5622634405453892	0.12503336755527242	-0.4616881525572066	-1.1869427568669002	15	
ABORTIVE ELONGATION OF HIV-1 TRANSCRIPT IN THE ABSENCE OF TAT%REACTOME%R-HSA-167242.4	0.242914979757085	0.5634246831887133	0.12384217120104962	-0.40409896050407124	-1.1627073657097158	22	
NUCLEOTIDE-LIKE (PURINERGIC) RECEPTORS%REACTOME DATABASE ID RELEASE 93%418038	0.2429718875502008	0.5634246831887133	0.12325722638133735	-0.6421127311313513	-1.2266018479903043	5	
SIGNALING BY MAPK MUTANTS%REACTOME DATABASE ID RELEASE 93%9652817	0.24335378323108384	0.5637714166288519	0.12443416863039332	-0.5801683666362414	-1.2154685819829356	7	
DNA DEAMINATION%GOBP%GO:0045006	0.24497991967871485	0.5655133305861373	0.12267918956880833	-0.5300345312185077	-1.1981256499014286	9	
ACTIVATION OF BAD AND TRANSLOCATION TO MITOCHONDRIA%REACTOME DATABASE ID RELEASE 93%111447	0.24543610547667344	0.5655426853553304	0.12325722638133735	-0.4718907639259363	-1.1922892218965395	14	
BIOCARTA_CACAM_PATHWAY%MSIGDB_C2%BIOCARTA_CACAM_PATHWAY	0.24596774193548387	0.5658557746854873	0.12267918956880833	-0.6080184874046405	-1.2276227460536477	6	
CARDIAC PROGENITOR DIFFERENTIATION%WIKIPATHWAYS_20250810%WP2406%HOMO SAPIENS	0.24596774193548387	0.5658557746854873	0.12267918956880833	-0.42065730189156164	-1.181419556694902	20	
POSITIVE REGULATION OF INTEGRIN ACTIVATION%GOBP%GO:0033625	0.24596774193548387	0.5658557746854873	0.12267918956880833	-0.6081046137433892	-1.2277966398655507	6	
SUMOYLATION BY RANBP2 REGULATES TRANSCRIPTIONAL REPRESSION%PATHWAY INTERACTION DATABASE NCI-NATURE CURATED DATA%SUMOYLATION BY RANBP2 REGULATES TRANSCRIPTIONAL REPRESSION	0.24603174603174602	0.5658557746854873	0.12154328203546907	-0.49778175844293554	-1.1885319947137378	11	
RNA POLYMERASE III TRANSCRIPTION INITIATION FROM TYPE 2 PROMOTER%REACTOME%R-HSA-76066.4	0.24691358024691357	0.5669979997642547	0.12384217120104962	-0.384443225711046	-1.1665943138781607	27	
POSITIVE REGULATION OF MONOATOMIC ION TRANSPORT%GOBP%GO:0043270	0.24693877551020407	0.5669979997642547	0.12325722638133735	-0.3036920644299949	-1.122876958945109	74	
ERK1 AND ERK2 CASCADE%GOBP%GO:0070371	0.24701195219123506	0.5669979997642547	0.12154328203546907	-0.4231434027864742	-1.1728293293379322	19	
HETEROCHROMATIN ORGANIZATION%GOBP%GO:0070828	0.2475442043222004	0.5671073585030854	0.12043337164225933	-0.4877243769594528	-1.1994824197858263	12	
COLLAGEN CHAIN TRIMERIZATION%REACTOME DATABASE ID RELEASE 93%8948216	0.24796747967479674	0.5671073585030854	0.12267918956880833	-0.38917356229015715	-1.1525512472724855	25	
FOLATE METABOLISM%WIKIPATHWAYS_20250810%WP176%HOMO SAPIENS	0.24796747967479674	0.5671073585030854	0.12267918956880833	-0.3874447590513022	-1.1474313354328796	25	
BIOCARTA_SUMO_PATHWAY%MSIGDB_C2%BIOCARTA_SUMO_PATHWAY	0.24798387096774194	0.5671073585030854	0.12210792028708148	-0.6066366966568365	-1.2248328345831405	6	
DRAVET SYNDROME%WIKIPATHWAYS_20250810%WP5200%HOMO SAPIENS	0.24798387096774194	0.5671073585030854	0.12210792028708148	-0.40963690609656583	-1.1644712194684577	21	
METABOLIC COMPOUND SALVAGE%GOBP%GO:0043094	0.24798387096774194	0.5671073585030854	0.12210792028708148	-0.4199489164480833	-1.1794300502419295	20	
NOTCH1 REGULATION OF ENDOTHELIAL CELL CALCIFICATION%WIKIPATHWAYS_20250810%WP3413%HOMO SAPIENS	0.24801587301587302	0.5671073585030854	0.12098514214525231	-0.4969507718029879	-1.1865478838217542	11	
POSITIVE REGULATION OF SODIUM ION TRANSPORT%GOBP%GO:0010765	0.24801587301587302	0.5671073585030854	0.12098514214525231	-0.42721666189465046	-1.1661420491835806	18	
DEFECTIVE B4GALT7 CAUSES EDS, PROGEROID TYPE%REACTOME%R-HSA-3560783.4	0.24849699398797595	0.567778005976844	0.12154328203546907	-0.4420290006092686	-1.1773729427423203	17	
MITOCHONDRIAL FATTY ACID BETA-OXIDATION%REACTOME DATABASE ID RELEASE 93%77289	0.2489539748953975	0.567778005976844	0.12443416863039332	-0.3657502744564431	-1.1497872124188822	32	
ACTIVATION OF NMDA RECEPTORS AND POSTSYNAPTIC EVENTS%REACTOME DATABASE ID RELEASE 93%442755	0.24897959183673468	0.567778005976844	0.12267918956880833	-0.3241774964034437	-1.1397301933499766	55	
NUCLEOTIDE SALVAGE%GOBP%GO:0043173	0.24899598393574296	0.567778005976844	0.12154328203546907	-0.5283291467873535	-1.1942706844047257	9	
BIOCARTA_MTA3_PATHWAY%MSIGDB_C2%BIOCARTA_MTA3_PATHWAY	0.2494802494802495	0.567778005976844	0.12384217120104962	-0.5638862513071857	-1.2191838606484158	8	
GPER1 SIGNALING%REACTOME%R-HSA-9634597.3	0.24949290060851928	0.567778005976844	0.12210792028708148	-0.35857304139217205	-1.1553017351600057	34	
LONG-CHAIN FATTY-ACYL-COA BIOSYNTHETIC PROCESS%GOBP%GO:0035338	0.24949290060851928	0.567778005976844	0.12210792028708148	-0.4689443448350463	-1.1848447368720143	14	
NEDDYLATION%REACTOME DATABASE ID RELEASE 93%8951664	0.25	0.56834449318864	0.11988784511542344	-0.2567160061999382	-1.092863433139762	206	
NEGATIVE REGULATION OF AXONOGENESIS%GOBP%GO:0050771	0.25	0.56834449318864	0.12154328203546907	-0.4171286950584199	-1.1715094348408053	20	
PID_NOTCH_PATHWAY%MSIGDB_C2%PID_NOTCH_PATHWAY	0.25	0.56834449318864	0.12443416863039332	-0.34576315575040717	-1.140127346172261	40	
B CELL MEDIATED IMMUNITY%GOBP%GO:0019724	0.250996015936255	0.568788387150443	0.12043337164225933	-0.4207142809765524	-1.1660965165741033	19	
IMMUNOGLOBULIN MEDIATED IMMUNE RESPONSE%GOBP%GO:0016064	0.250996015936255	0.568788387150443	0.12043337164225933	-0.4207142809765524	-1.1660965165741033	19	
STRESS RESPONSE TO METAL ION%GOBP%GO:0097501	0.2515212981744422	0.5695673187271292	0.12154328203546907	-0.512280397099266	-1.1899255908433133	10	
FATTY ACID ELONGATION, SATURATED FATTY ACID%GOBP%GO:0019367	0.25201612903225806	0.5701394148400333	0.12098514214525231	-0.6050474558191361	-1.2216240699785539	6	
NEGATIVE REGULATION OF LEUKOCYTE DIFFERENTIATION%GOBP%GO:1902106	0.25250501002004005	0.5701394148400333	0.12043337164225933	-0.33423363243209914	-1.1327469410344908	44	
INTRACELLULAR AMINO ACID HOMEOSTASIS%GOBP%GO:0080144	0.25301204819277107	0.5701394148400333	0.12043337164225933	-0.637937537108185	-1.2186261445721358	5	
NOTCH SIGNALING PATHWAY%GOBP%GO:0007219	0.2530612244897959	0.5701394148400333	0.12154328203546907	-0.3547272081468121	-1.1481725387180606	36	
RESPIRATORY CHAIN COMPLEX IV ASSEMBLY%GOBP%GO:0008535	0.25308641975308643	0.5701394148400333	0.12210792028708148	-0.38202787825790446	-1.1592649335784728	27	
OVULATION CYCLE%GOBP%GO:0042698	0.25343811394891946	0.5701394148400333	0.11881503941226282	-0.4843360785658453	-1.1911494256848187	12	
DNA REPAIR-DEPENDENT CHROMATIN REMODELING%GOBP%GO:0140861	0.2535211267605634	0.5701394148400333	0.12043337164225933	-0.3916307832997526	-1.1415098862653419	23	
IONOTROPIC GLUTAMATE RECEPTOR PATHWAY%PANTHER PATHWAY%P00037	0.2535211267605634	0.5701394148400333	0.12043337164225933	-0.391352507041457	-1.1406987776561544	23	
NEGATIVE REGULATION OF CALCIUM ION TRANSPORT%GOBP%GO:0051926	0.2535211267605634	0.5701394148400333	0.12043337164225933	-0.3908804968914597	-1.13932298117739	23	
RESPONSE TO X-RAY%GOBP%GO:0010165	0.2535496957403651	0.5701394148400333	0.12098514214525231	-0.5094058017697339	-1.183248476971111	10	
NEGATIVE REGULATION OF HEMATOPOIETIC PROGENITOR CELL DIFFERENTIATION%GOBP%GO:1901533	0.25363825363825365	0.5701394148400333	0.12267918956880833	-0.5564964581552754	-1.2032063181503434	8	
METAPATHWAY BIOTRANSFORMATION PHASE I AND II%WIKIPATHWAYS_20250810%WP702%HOMO SAPIENS	0.2540322580645161	0.5701394148400333	0.12043337164225933	-0.33320966996260265	-1.1351049016348955	46	
RRNA PROCESSING IN THE MITOCHONDRION%REACTOME%R-HSA-8868766.4	0.2540322580645161	0.5701394148400333	0.12043337164225933	-0.45141945628318003	-1.181038277119485	16	
POST-TRANSLATIONAL MODIFICATION: SYNTHESIS OF GPI-ANCHORED PROTEINS%REACTOME DATABASE ID RELEASE 93%163125	0.2540983606557377	0.5701578074330887	0.12154328203546907	-0.3372178314805829	-1.132443884854769	43	
POSITIVE REGULATION OF PROTEIN MONOUBIQUITINATION%GOBP%GO:1902527	0.25502008032128515	0.5707951149905373	0.11988784511542344	-0.6364602451984875	-1.2158041338898942	5	
REGULATION OF PROTEIN MONOUBIQUITINATION%GOBP%GO:1902525	0.25502008032128515	0.5707951149905373	0.11988784511542344	-0.6364602451984875	-1.2158041338898942	5	
SALIVARY GLAND DEVELOPMENT%GOBP%GO:0007431	0.25502008032128515	0.5707951149905373	0.11988784511542344	-0.6354632517729322	-1.213899617877471	5	
SALIVARY GLAND MORPHOGENESIS%GOBP%GO:0007435	0.25502008032128515	0.5707951149905373	0.11988784511542344	-0.6354632517729322	-1.213899617877471	5	
SOMATIC DIVERSIFICATION OF IMMUNE RECEPTORS VIA SOMATIC MUTATION%GOBP%GO:0002566	0.25502008032128515	0.5707951149905373	0.11988784511542344	-0.5248112195865604	-1.1863185255065753	9	
SOMATIC HYPERMUTATION OF IMMUNOGLOBULIN GENES%GOBP%GO:0016446	0.25502008032128515	0.5707951149905373	0.11988784511542344	-0.5248112195865604	-1.1863185255065753	9	
XENOBIOTIC TRANSMEMBRANE TRANSPORT%GOBP%GO:0006855	0.25557809330628806	0.571237214172531	0.12043337164225933	-0.5063553838295093	-1.176162962103874	10	
ACYL CHAIN REMODELLING OF PG%REACTOME%R-HSA-1482925.3	0.2556237218813906	0.571237214172531	0.12098514214525231	-0.5765540750325835	-1.207896542307899	7	
BIOCARTA_MALATEX_PATHWAY%MSIGDB_C2%BIOCARTA_MALATEX_PATHWAY	0.2556237218813906	0.571237214172531	0.12098514214525231	-0.5750743525500416	-1.204796483271569	7	
CHONDROITIN SULFATE PROTEOGLYCAN METABOLIC PROCESS%GOBP%GO:0050654	0.2556237218813906	0.571237214172531	0.12098514214525231	-0.38366726085832675	-1.14740460033064	26	
BILE ACID INDIRECT SIGNALLING PATHWAY%SMPDB%SMP0086851	0.2570281124497992	0.572426780181118	0.11934844059101546	-0.6346245415841326	-1.2122974638979085	5	
BIOCARTA_MELANOCYTE_PATHWAY%MSIGDB_C2%BIOCARTA_MELANOCYTE_PATHWAY	0.2570281124497992	0.572426780181118	0.11934844059101546	-0.6336960193607126	-1.2105237456395268	5	
KIDNEY MESENCHYME DEVELOPMENT%GOBP%GO:0072074	0.2570281124497992	0.572426780181118	0.11934844059101546	-0.6351402568373425	-1.2132826137819632	5	
METANEPHRIC MESENCHYME DEVELOPMENT%GOBP%GO:0072075	0.2570281124497992	0.572426780181118	0.11934844059101546	-0.6351402568373425	-1.2132826137819632	5	
SPERM CAPACITATION%GOBP%GO:0048240	0.2570281124497992	0.572426780181118	0.11934844059101546	-0.6339854779169052	-1.2110766865527476	5	
POSITIVE REGULATION OF GLYCOPROTEIN METABOLIC PROCESS%GOBP%GO:1903020	0.25736738703339884	0.5725074069303105	0.11776578836269024	-0.481891873565055	-1.1851382827784958	12	
POSITIVE REGULATION OF TELOMERE MAINTENANCE%GOBP%GO:0032206	0.2575452716297787	0.5725074069303105	0.11934844059101546	-0.30642695875387344	-1.1301455898797321	69	
REGULATION OF PHAGOCYTOSIS%GOBP%GO:0050764	0.25760649087221094	0.5725074069303105	0.11988784511542344	-0.3533783534455851	-1.138564749091544	34	
FATTY ACID DERIVATIVE BIOSYNTHETIC PROCESS%GOBP%GO:1901570	0.25766871165644173	0.5725074069303105	0.12043337164225933	-0.3796922403008951	-1.1628258117654007	28	
RNA POLYMERASE I PROMOTER ESCAPE%REACTOME DATABASE ID RELEASE 93%73772	0.2581967213114754	0.5729558075349982	0.12043337164225933	-0.3359592819798314	-1.1282174277909316	43	
REGULATION OF PTEN STABILITY AND ACTIVITY%REACTOME%R-HSA-8948751.3	0.25851703406813625	0.5732789904132589	0.11881503941226282	-0.31990029589225666	-1.1255141080377216	54	
TRANSCRIPTIONAL REGULATION OF MEMORY B CELL DIFFERENTIATION%WIKIPATHWAYS_20250810%WP5491%HOMO SAPIENS	0.2589641434262948	0.5733970052873364	0.11828752612408502	-0.41758151423678314	-1.1574134065688886	19	
CANCER IMMUNOTHERAPY BY CTLA4 BLOCKADE%WIKIPATHWAYS_20250810%WP4582%HOMO SAPIENS	0.25903614457831325	0.5733970052873364	0.11881503941226282	-0.6324296553499582	-1.2081046619482831	5	
DNA PROTECTION%GOBP%GO:0042262	0.25903614457831325	0.5733970052873364	0.11881503941226282	-0.6328770969213304	-1.2089593913932917	5	
BIOCARTA_LIS1_PATHWAY%MSIGDB_C2%BIOCARTA_LIS1_PATHWAY	0.2593320235756385	0.5737939559833116	0.11724971674979229	-0.4796218406605658	-1.1795554891149005	12	
ROBO RECEPTORS BIND AKAP5%REACTOME%R-HSA-9010642.2	0.25971370143149286	0.5743219415234676	0.11988784511542344	-0.571933113825477	-1.198215502305038	7	
TRANSCRIPTION-DEPENDENT TETHERING OF RNA POLYMERASE II GENE DNA AT NUCLEAR PERIPHERY%GOBP%GO:0000972	0.25971370143149286	0.5743219415234676	0.11988784511542344	-0.5728810467199581	-1.2002014476225158	7	
CADHERIN SIGNALING PATHWAY%PANTHER PATHWAY%P00012	0.2597938144329897	0.5743219415234676	0.12043337164225933	-0.30013157031685644	-1.1069794125831165	73	
CELLULAR RESPONSE TO DOPAMINE%GOBP%GO:1903351	0.2605210420841683	0.5748705772449496	0.11828752612408502	-0.43644208292641595	-1.162491824752205	17	
RESPONSE TO DOPAMINE%GOBP%GO:1903350	0.2605210420841683	0.5748705772449496	0.11828752612408502	-0.43644208292641595	-1.162491824752205	17	
GLUCOSE METABOLISM%REACTOME DATABASE ID RELEASE 93%70326	0.26105263157894737	0.5751027837931142	0.12154328203546907	-0.31359198754733525	-1.1205437318819653	62	
REGULATION OF STRESS-ACTIVATED MAPK CASCADE%GOBP%GO:0032872	0.261758691206544	0.575477412567348	0.11934844059101546	-0.3793737371642292	-1.1345642844089348	26	
REGULATION OF STRESS-ACTIVATED PROTEIN KINASE SIGNALING CASCADE%GOBP%GO:0070302	0.261758691206544	0.575477412567348	0.11934844059101546	-0.3793737371642292	-1.1345642844089348	26	
REGULATION OF SYNAPTIC VESICLE RECYCLING%GOBP%GO:1903421	0.261758691206544	0.575477412567348	0.11934844059101546	-0.5715831734466942	-1.197482367648897	7	
IL2 SIGNALING EVENTS MEDIATED BY STAT5%PATHWAY INTERACTION DATABASE NCI-NATURE CURATED DATA%IL2 SIGNALING EVENTS MEDIATED BY STAT5	0.2619047619047619	0.575477412567348	0.11724971674979229	-0.4218979562667024	-1.1516239677668285	18	
MEMBRANE DISASSEMBLY%GOBP%GO:0030397	0.2619047619047619	0.575477412567348	0.11724971674979229	-0.4922183623510822	-1.1752485142681781	11	
PID_IL2_STAT5_PATHWAY%MSIGDB_C2%PID_IL2_STAT5_PATHWAY	0.2619047619047619	0.575477412567348	0.11724971674979229	-0.4218979562667024	-1.1516239677668285	18	
TRANSMISSION OF NERVE IMPULSE%GOBP%GO:0019226	0.26283367556468173	0.5771588396864741	0.11934844059101546	-0.45692537344345924	-1.174698244764288	15	
ESTABLISHMENT OF PROTEIN LOCALIZATION TO CHROMOSOME%GOBP%GO:0070199	0.2632612966601179	0.5779421910625464	0.11623414877971643	-0.47814226627732165	-1.175916705520505	12	
IMMUNOGLOBULIN V(D)J RECOMBINATION%GOBP%GO:0033152	0.26411290322580644	0.5789082023956568	0.11776578836269024	-0.5989519267067254	-1.2093168616573575	6	
PEPTIDE HORMONE PROCESSING%GOBP%GO:0016486	0.26411290322580644	0.5789082023956568	0.11776578836269024	-0.4458563010688834	-1.1664835228699926	16	
ASSEMBLY OF COLLAGEN FIBRILS AND OTHER MULTIMERIC STRUCTURES%REACTOME%R-HSA-2022090.5	0.2647058823529412	0.5795628458187811	0.12043337164225933	-0.3649982805237244	-1.133017248776815	31	
REGULATION OF MEGAKARYOCYTE DIFFERENTIATION%GOBP%GO:0045652	0.2648870636550308	0.5795728952772075	0.11881503941226282	-0.456406917221586	-1.1733653583692256	15	
FORMYLTETRAHYDROFORMATE BIOSYNTHESIS%PANTHER PATHWAY%P02743	0.2661290322580645	0.5813239496492926	0.11724971674979229	-0.597322736983911	-1.206027438057919	6	
REGULATION OF KINASE ACTIVITY%GOBP%GO:0043549	0.26614481409001955	0.5813239496492926	0.11524000314778066	-0.2542682569120936	-1.0754728061707244	184	
KITRECEPTOR%NETPATH%KITRECEPTOR	0.2665330661322645	0.5820103280413121	0.11673920479122178	-0.33108276026449596	-1.1220683603558443	44	
REGULATION OF MRNA SPLICING, VIA SPLICEOSOME%GOBP%GO:0048024	0.2668024439918534	0.5822111842960525	0.11776578836269024	-0.2840101101369176	-1.088540824411455	89	
PYRIMIDINE RIBONUCLEOTIDE METABOLIC PROCESS%GOBP%GO:0009218	0.2669404517453799	0.5823832678672747	0.11828752612408502	-0.45457473621265193	-1.168655049114422	15	
PURINERGIC SIGNALING%WIKIPATHWAYS_20250810%WP4900%HOMO SAPIENS	0.26774847870182555	0.5829129241094125	0.11724971674979229	-0.4582201602494942	-1.1577487844346201	14	
SERINE METABOLISM%WIKIPATHWAYS_20250810%WP4688%HOMO SAPIENS	0.26789366053169733	0.5829129241094125	0.11776578836269024	-0.568948007665017	-1.1919616233268384	7	
REGULATION OF CELL COMMUNICATION BY ELECTRICAL COUPLING INVOLVED IN CARDIAC CONDUCTION%GOBP%GO:1901844	0.2681912681912682	0.583045093091461	0.11881503941226282	-0.5522687296569772	-1.194065505902519	8	
REGULATION OF VOLTAGE-GATED CALCIUM CHANNEL ACTIVITY%GOBP%GO:1901385	0.2681912681912682	0.583045093091461	0.11881503941226282	-0.5510585518464086	-1.1914489688762309	8	
TRANSCRIPTION REGULATION BY BZIP TRANSCRIPTION FACTOR%PANTHER PATHWAY%P00055	0.2685370741482966	0.5834104219029408	0.11623414877971643	-0.3292567590664366	-1.1158798829833667	44	
INTERACTOME OF POLYCOMB REPRESSIVE COMPLEX 2 PRC2 %WIKIPATHWAYS_20250810%WP2916%HOMO SAPIENS	0.26899383983572894	0.5835518284592113	0.11776578836269024	-0.45428128546998825	-1.167900623791674	15	
PROTEIN K11-LINKED UBIQUITINATION%GOBP%GO:0070979	0.26899383983572894	0.5835518284592113	0.11776578836269024	-0.3509784480468471	-1.1364135032165583	37	
ANTIMICROBIAL HUMORAL IMMUNE RESPONSE MEDIATED BY ANTIMICROBIAL PEPTIDE%GOBP%GO:0061844	0.26907630522088355	0.5835518284592113	0.11623414877971643	-0.4732361082145808	-1.1718602210656075	13	
FRUCTOSE AND MANNOSE DEGRADATION%SMPDB%SMP0087197	0.26907630522088355	0.5835518284592113	0.11623414877971643	-0.47355484867114017	-1.172649508390481	13	
SPHINGOID BIOSYNTHETIC PROCESS%GOBP%GO:0046520	0.26907630522088355	0.5835518284592113	0.11623414877971643	-0.47367641392167537	-1.1729505367331905	13	
SPHINGOSINE BIOSYNTHETIC PROCESS%GOBP%GO:0046512	0.26907630522088355	0.5835518284592113	0.11623414877971643	-0.47367641392167537	-1.1729505367331905	13	
DOWNSTREAM SIGNALING EVENTS OF B CELL RECEPTOR (BCR)%REACTOME%R-HSA-1168372.5	0.27044025157232704	0.5855897746442321	0.11881503941226282	-0.3096553204843856	-1.1121119459772004	63	
REGULATION OF STEM CELL DIFFERENTIATION%GOBP%GO:2000736	0.27049180327868855	0.5855897746442321	0.11724971674979229	-0.3186625681985573	-1.1211464087217695	56	
LAMIVUDINE METABOLISM PATHWAY%PATHWHIZ%PW000625	0.2718253968253968	0.5870097058234941	0.1147507192270233	-0.4895877103488232	-1.1689674201569302	11	
NOTCH SIGNALING PATHWAY%PATHWAY INTERACTION DATABASE NCI-NATURE CURATED DATA%NOTCH SIGNALING PATHWAY	0.2721774193548387	0.5875594981293011	0.11573444770168878	-0.3236715956892471	-1.1220823025981133	50	
G ALPHA (I) SIGNALLING EVENTS%REACTOME%R-HSA-418594.9	0.27309236947791166	0.5887601204027848	0.11524000314778066	-0.27195787248968567	-1.0784171150310122	118	
RHOC GTPASE CYCLE%REACTOME%R-HSA-9013106.2	0.27364185110663986	0.5894548160473121	0.11524000314778066	-0.3025880491486198	-1.1156611988922553	68	
REGULATION OF SUPEROXIDE METABOLIC PROCESS%GOBP%GO:0090322	0.27380952380952384	0.5894548160473121	0.11426650248443287	-0.48427847030026944	-1.1562907771134807	11	
POSITIVE REGULATION OF GLYCOPROTEIN BIOSYNTHETIC PROCESS%GOBP%GO:0010560	0.2738336713995943	0.5894548160473121	0.11573444770168878	-0.49969979885059634	-1.1607033604222852	10	
MIDBRAIN DEVELOPMENT%GOBP%GO:0030901	0.27419354838709675	0.5898785529052303	0.11524000314778066	-0.32253909036961	-1.1181562114807975	50	
UNTITLED%PANTHER PATHWAY%P05916	0.2751540041067762	0.5908190819081909	0.11623414877971643	-0.4498226338989606	-1.1564379857354186	15	
POSITIVE REGULATION OF ORGANELLE ASSEMBLY%GOBP%GO:1902117	0.27565392354124746	0.5914755577683045	0.1147507192270233	-0.3020419804795711	-1.1136478093096114	68	
TCR SIGNALING%REACTOME%R-HSA-202403.7	0.2767676767676768	0.5920170639701381	0.1147507192270233	-0.2918951933064937	-1.0868558581410106	76	
CIRCADIAN BEHAVIOR%GOBP%GO:0048512	0.2770137524557957	0.5920289573865345	0.11284335567556247	-0.47089317305482514	-1.1580886856581802	12	
PID_SMAD2_3PATHWAY%MSIGDB_C2%PID_SMAD2_3PATHWAY	0.2770137524557957	0.5920289573865345	0.11284335567556247	-0.470976620618139	-1.1582939119907103	12	
RHYTHMIC BEHAVIOR%GOBP%GO:0007622	0.2770137524557957	0.5920289573865345	0.11284335567556247	-0.47089317305482514	-1.1580886856581802	12	
RRNA CATABOLIC PROCESS%GOBP%GO:0016075	0.2770137524557957	0.5920289573865345	0.11284335567556247	-0.4722029867109461	-1.1613099690877824	12	
NUCLEOBASE-CONTAINING COMPOUND TRANSPORT%GOBP%GO:0015931	0.2771317829457364	0.5921526768410853	0.1119183163251045	-0.26680898955297844	-1.0822958243382184	134	
GLOMERULUS DEVELOPMENT%GOBP%GO:0032835	0.2776659959758551	0.5930182133564614	0.11426650248443287	-0.3872808947824139	-1.1288310036074032	23	
EYE DEVELOPMENT%GOBP%GO:0001654	0.2777777777777778	0.5930182133564614	0.11331290842208036	-0.26928648332686195	-1.0720744747319402	120	
VISUAL SYSTEM DEVELOPMENT%GOBP%GO:0150063	0.2777777777777778	0.5930182133564614	0.11331290842208036	-0.26928648332686195	-1.0720744747319402	120	
NEGATIVE REGULATION OF NEURAL PRECURSOR CELL PROLIFERATION%GOBP%GO:2000178	0.278118609406953	0.5931386995444176	0.11524000314778066	-0.5640817708447365	-1.1817667242118925	7	
FRUCTOSE-1,6-DIPHOSPHATASE DEFICIENCY%SMPDB%SMP0000562	0.2785571142284569	0.5931386995444176	0.11378726182188	-0.42718872181999534	-1.1378448966522223	17	
GLUCONEOGENESIS%PATHWHIZ%PW000152	0.2785571142284569	0.5931386995444176	0.11378726182188	-0.42718872181999534	-1.1378448966522223	17	
GLYCOGEN STORAGE DISEASE TYPE 1A (GSD1A) OR VON GIERKE DISEASE%SMPDB%SMP0000374	0.2785571142284569	0.5931386995444176	0.11378726182188	-0.42718872181999534	-1.1378448966522223	17	
GLYCOGENOSIS, TYPE IA. VON GIERKE DISEASE%SMPDB%SMP0000581	0.2785571142284569	0.5931386995444176	0.11378726182188	-0.42718872181999534	-1.1378448966522223	17	
GLYCOGENOSIS, TYPE IB%SMPDB%SMP0000573	0.2785571142284569	0.5931386995444176	0.11378726182188	-0.42718872181999534	-1.1378448966522223	17	
GLYCOGENOSIS, TYPE IC%SMPDB%SMP0000574	0.2785571142284569	0.5931386995444176	0.11378726182188	-0.42718872181999534	-1.1378448966522223	17	
PHOSPHOENOLPYRUVATE CARBOXYKINASE DEFICIENCY 1 (PEPCK1)%SMPDB%SMP0000560	0.2785571142284569	0.5931386995444176	0.11378726182188	-0.42718872181999534	-1.1378448966522223	17	
TRIOSEPHOSPHATE ISOMERASE DEFICIENCY%PATHWHIZ%PW000539	0.2785571142284569	0.5931386995444176	0.11378726182188	-0.42718872181999534	-1.1378448966522223	17	
FRUCTOSE AND MANNOSE DEGRADATION%SMPDB%SMP0000064	0.2792607802874743	0.5939947381098449	0.11524000314778066	-0.4486434445685146	-1.1534064367840426	15	
FRUCTOSE INTOLERANCE, HEREDITARY%PATHWHIZ%PW000702	0.2792607802874743	0.5939947381098449	0.11524000314778066	-0.4486434445685146	-1.1534064367840426	15	
FRUCTOSURIA%SMPDB%SMP0000561	0.2792607802874743	0.5939947381098449	0.11524000314778066	-0.4486434445685146	-1.1534064367840426	15	
FATTY ACID ELONGATION%GOBP%GO:0030497	0.27976190476190477	0.5945468841540501	0.11284335567556247	-0.4827045375654585	-1.152532765934643	11	
SIGNALING BY NOTCH4%REACTOME DATABASE ID RELEASE 93%9013694	0.28169014084507044	0.5975891995736274	0.11331290842208036	-0.3010666742681882	-1.1103761090982982	69	
POSITIVE REGULATION OF PROTEIN POLYUBIQUITINATION%GOBP%GO:1902916	0.28174603174603174	0.5975891995736274	0.11237851911047504	-0.4808832440163086	-1.148184142028252	11	
PEPTIDYL-LYSINE METHYLATION%GOBP%GO:0018022	0.28225806451612906	0.5981732464971603	0.11331290842208036	-0.4373898726422306	-1.144333002100022	16	
UTERINE NATURAL KILLER CELLS AND PROGESTERONE ESTROGEN AND CHORIONIC GONADOTROPIN%WIKIPATHWAYS_20250810%WP5569%HOMO SAPIENS	0.28225806451612906	0.5981732464971603	0.11331290842208036	-0.4365223331652089	-1.1420632786421296	16	
HIJACK OF UBIQUITINATION BY SARS COV 2%WIKIPATHWAYS_20250810%WP4860%HOMO SAPIENS	0.28313253012048195	0.5987377344429264	0.11284335567556247	-0.6219527533103586	-1.188091061874751	5	
NEGATIVE REGULATION OF CARDIAC MUSCLE TISSUE GROWTH%GOBP%GO:0055022	0.28313253012048195	0.5987377344429264	0.11284335567556247	-0.6232194107700821	-1.1905107061296316	5	
NEGATIVE REGULATION OF HEART GROWTH%GOBP%GO:0061117	0.28313253012048195	0.5987377344429264	0.11284335567556247	-0.6232194107700821	-1.1905107061296316	5	
OSSIFICATION INVOLVED IN BONE MATURATION%GOBP%GO:0043931	0.28313253012048195	0.5987377344429264	0.11284335567556247	-0.6231558244997972	-1.1903892398623286	5	
OSSIFICATION%GOBP%GO:0001503	0.2840690978886756	0.6002026475991202	0.10968406197054928	-0.2754989196006471	-1.0829271373354057	104	
GLUCAGON-LIKE PEPTIDE-1 (GLP1) REGULATES INSULIN SECRETION%REACTOME%R-HSA-381676.8	0.28451882845188287	0.6007769544200301	0.11524000314778066	-0.3557200259923904	-1.1182557215991114	32	
SENSORY PERCEPTION OF PAIN%GOBP%GO:0019233	0.2845691382765531	0.6007769544200301	0.11237851911047504	-0.4236967640052026	-1.1285438402901562	17	
REGULATION OF RAS BY GAPS%REACTOME DATABASE ID RELEASE 93%5658442	0.28484848484848485	0.6009190873081367	0.11284335567556247	-0.31959984079677545	-1.1128545801443483	52	
PURINE NUCLEOSIDE MONOPHOSPHATE METABOLIC PROCESS%GOBP%GO:0009126	0.2848605577689243	0.6009190873081367	0.1119183163251045	-0.40960967309717583	-1.1353178024881319	19	
HSF1 ACTIVATION%REACTOME DATABASE ID RELEASE 93%3371511	0.28487229862475444	0.6009190873081367	0.11101149245045029	-0.4665182216106345	-1.1473291714886444	12	
CREATINE METABOLISM%REACTOME DATABASE ID RELEASE 93%71288	0.285140562248996	0.6009190873081367	0.11237851911047504	-0.6188782529516783	-1.1822179688199543	5	
DISEASES OF BRANCHED-CHAIN AMINO ACID CATABOLISM%REACTOME DATABASE ID RELEASE 93%9865118	0.285140562248996	0.6009190873081367	0.11237851911047504	-0.47005090255904713	-1.1639727929111594	13	
GALACTOSE CATABOLIC PROCESS VIA UDP-GALACTOSE, LELOIR PATHWAY%GOBP%GO:0033499	0.285140562248996	0.6009190873081367	0.11237851911047504	-0.6195125701545322	-1.1834296791871695	5	
GMP METABOLIC PROCESS%GOBP%GO:0046037	0.285140562248996	0.6009190873081367	0.11237851911047504	-0.5157795887164276	-1.1659028205503887	9	
PLASMA MEMBRANE RAFT ORGANIZATION%GOBP%GO:0044857	0.285140562248996	0.6009190873081367	0.11237851911047504	-0.6190649948187912	-1.1825746942175248	5	
PURINE RIBONUCLEOSIDE MONOPHOSPHATE METABOLIC PROCESS%GOBP%GO:0009167	0.2857142857142857	0.6016131003299523	0.11146266692298015	-0.4150539183269839	-1.1329422983948563	18	
MITOCHONDRIAL IRON-SULFUR CLUSTER BIOGENESIS%REACTOME%R-HSA-1362409.5	0.28600405679513186	0.6018371325507306	0.11284335567556247	-0.49507659143820576	-1.149964568067687	10	
BIOCARTA_KREB_PATHWAY%MSIGDB_C2%BIOCARTA_KREB_PATHWAY	0.2862903225806452	0.6019249447211259	0.11237851911047504	-0.5875784006632524	-1.1863530874250965	6	
POSITIVE REGULATION OF PROTEIN K63-LINKED UBIQUITINATION%GOBP%GO:1902523	0.2862903225806452	0.6019249447211259	0.11237851911047504	-0.5898369986334552	-1.1909133208716929	6	
SENESCENCE-ASSOCIATED SECRETORY PHENOTYPE (SASP)%REACTOME%R-HSA-2559582.4	0.28688524590163933	0.6029182777262627	0.11331290842208036	-0.3147583002536715	-1.1074100731055676	56	
SIGNALING EVENTS MEDIATED BY PRL%PATHWAY INTERACTION DATABASE NCI-NATURE CURATED DATA%SIGNALING EVENTS MEDIATED BY PRL	0.28830645161290325	0.6041776281861302	0.1119183163251045	-0.39696904531714294	-1.128460403376624	21	
PYRIMIDINE RIBONUCLEOSIDE TRIPHOSPHATE METABOLIC PROCESS%GOBP%GO:0009208	0.2883435582822086	0.6041776281861302	0.11284335567556247	-0.561296531151962	-1.1759315709451135	7	
RDNA HETEROCHROMATIN FORMATION%GOBP%GO:0000183	0.2883435582822086	0.6041776281861302	0.11284335567556247	-0.5615754284850765	-1.1765158684792327	7	
REGULATION OF MACROPHAGE CYTOKINE PRODUCTION%GOBP%GO:0010935	0.2883435582822086	0.6041776281861302	0.11284335567556247	-0.5617594819385963	-1.1769014654938645	7	
NEGATIVE REGULATION OF T CELL RECEPTOR SIGNALING PATHWAY%GOBP%GO:0050860	0.28884462151394424	0.6050987539204883	0.11101149245045029	-0.4085203737295284	-1.1322985843261724	19	
ENDOTHELIAL CELL ACTIVATION%GOBP%GO:0042118	0.288981288981289	0.6052562797936123	0.11378726182188	-0.5443060733242812	-1.1768493704386587	8	
NEUROGENESIS REGULATION IN THE OLFACTORY EPITHELIUM%WIKIPATHWAYS_20250810%WP5265%HOMO SAPIENS	0.2892561983471074	0.6055744267330682	0.11331290842208036	-0.3450043908468624	-1.1204944127426708	38	
CELLULAR RESPONSE TO ABIOTIC STIMULUS%GOBP%GO:0071214	0.2896281800391389	0.6060803837046931	0.10968406197054928	-0.25285791011732717	-1.0642307778319435	178	
CELLULAR RESPONSE TO ENVIRONMENTAL STIMULUS%GOBP%GO:0104004	0.2896281800391389	0.6060803837046931	0.10968406197054928	-0.25285791011732717	-1.0642307778319435	178	
HEDGEHOG SIGNALING EVENTS MEDIATED BY GLI PROTEINS%PATHWAY INTERACTION DATABASE NCI-NATURE CURATED DATA%HEDGEHOG SIGNALING EVENTS MEDIATED BY GLI PROTEINS	0.2903225806451613	0.6068003574489207	0.11146266692298015	-0.3247572687716589	-1.1063111333642996	46	
POTASSIUM ION IMPORT ACROSS PLASMA MEMBRANE%GOBP%GO:1990573	0.29065040650406504	0.6068003574489207	0.1119183163251045	-0.3792508732415857	-1.1124687546931769	24	
PROTEIN LOCALIZATION TO MICROTUBULE%GOBP%GO:0035372	0.2907662082514735	0.6068003574489207	0.10968406197054928	-0.4643778168145265	-1.1420651780418491	12	
POLY(A)-DEPENDENT SNORNA 3'-END PROCESSING%GOBP%GO:0071051	0.2910602910602911	0.6068601246646196	0.11331290842208036	-0.5435709222144809	-1.1752598931883647	8	
CELLULAR RESPONSE TO EXOGENOUS DSRNA%GOBP%GO:0071360	0.29116465863453816	0.6068601246646196	0.11101149245045029	-0.5115666544595705	-1.1563796210281148	9	
E3 UBIQUITIN LIGASES UBIQUITINATE TARGET PROTEINS%REACTOME%R-HSA-8866654.5	0.2917505030181087	0.6074382433318456	0.11101149245045029	-0.3248248553975216	-1.1133913574816725	47	
SYNAPTIC VESICLE MEMBRANE ORGANIZATION%GOBP%GO:0048499	0.29273084479371314	0.6088356353694337	0.10925003948071095	-0.4632052181850018	-1.139181353677055	12	
SULFUR COMPOUND METABOLIC PROCESS%GOBP%GO:0006790	0.29296875	0.6092017555438226	0.10882012676916121	-0.26030119016043046	-1.074975170454967	155	
REGULATION OF ANOIKIS%GOBP%GO:2000209	0.29365079365079366	0.6098788653397629	0.10968406197054928	-0.40973725634457575	-1.1184297953677371	18	
RETINA MORPHOGENESIS IN CAMERA-TYPE EYE%GOBP%GO:0060042	0.29365079365079366	0.6098788653397629	0.10968406197054928	-0.40917548017303207	-1.1168963560749878	18	
METHYLATION%GOBP%GO:0032259	0.29366602687140114	0.6098788653397629	0.10755437526516934	-0.271388886815626	-1.0721514761094693	109	
G ALPHA (12 13) SIGNALLING EVENTS%REACTOME%R-HSA-416482.7	0.2939958592132505	0.6104350969661881	0.11237851911047504	-0.3100696677523376	-1.1055545049203093	61	
NEGATIVE REGULATION OF G PROTEIN-COUPLED RECEPTOR SIGNALING PATHWAY%GOBP%GO:0045744	0.29411764705882354	0.6105592141980132	0.11331290842208036	-0.35857078373994833	-1.113065196641045	31	
MESONEPHRIC EPITHELIUM DEVELOPMENT%GOBP%GO:0072163	0.2948207171314741	0.6108595919352892	0.10968406197054928	-0.4066968695144002	-1.1272443657998048	19	
MESONEPHRIC TUBULE DEVELOPMENT%GOBP%GO:0072164	0.2948207171314741	0.6108595919352892	0.10968406197054928	-0.4066968695144002	-1.1272443657998048	19	
NEGATIVE REGULATION OF ACTIN NUCLEATION%GOBP%GO:0051126	0.29518072289156627	0.6113482115251075	0.11012226383553594	-0.615349613310454	-1.1754773519547639	5	
DETOXIFICATION OF COPPER ION%GOBP%GO:0010273	0.2965235173824131	0.6114539503095423	0.11101149245045029	-0.557076270500743	-1.1670900095565182	7	
INACTIVATION OF CDC42 AND RAC1%REACTOME DATABASE ID RELEASE 93%428543	0.2965235173824131	0.6114539503095423	0.11101149245045029	-0.5562339441538391	-1.1653253128420553	7	
POSITIVE REGULATION OF EXTRACELLULAR MATRIX ASSEMBLY%GOBP%GO:1901203	0.2965235173824131	0.6114539503095423	0.11101149245045029	-0.5565473392484999	-1.1659818841293117	7	
STRESS RESPONSE TO COPPER ION%GOBP%GO:1990169	0.2965235173824131	0.6114539503095423	0.11101149245045029	-0.557076270500743	-1.1670900095565182	7	
PYRIMIDINE NUCLEOSIDE METABOLIC PROCESS%GOBP%GO:0006213	0.2972972972972973	0.6126390098763478	0.1119183163251045	-0.5418756630796814	-1.1715945571884656	8	
HISTONE MRNA METABOLIC PROCESS%GOBP%GO:0008334	0.29838709677419356	0.6140508258267561	0.10968406197054928	-0.40189265966058313	-1.128718901776101	20	
UCH PROTEINASES%REACTOME%R-HSA-5689603.4	0.29896907216494845	0.6147923943827581	0.11101149245045029	-0.29218783275779336	-1.0776804157212985	73	
NEGATIVE REGULATION OF ORGAN GROWTH%GOBP%GO:0046621	0.2991967871485944	0.6150086777171315	0.10925003948071095	-0.5070127698818451	-1.1460857145033452	9	
REGULATION OF WOUND HEALING, SPREADING OF EPIDERMAL CELLS%GOBP%GO:1903689	0.2993762993762994	0.6151719932422299	0.11146266692298015	-0.5405691050888539	-1.1687696356520292	8	
G PROTEIN-COUPLED RECEPTOR SIGNALING PATHWAY, COUPLED TO CYCLIC NUCLEOTIDE SECOND MESSENGER%GOBP%GO:0007187	0.2996031746031746	0.6152329478066371	0.10839425585339667	-0.4762673653646998	-1.1371630080310684	11	
PANCREATIC ADENOCARCINOMA PATHWAY%WIKIPATHWAYS_20250810%WP4263%HOMO SAPIENS	0.3	0.6158142204366349	0.11012226383553594	-0.3021231410887046	-1.096171354266639	65	
POSITIVE REGULATION OF LIPASE ACTIVITY%GOBP%GO:0060193	0.3004032258064516	0.6158142204366349	0.10925003948071095	-0.5797188148850715	-1.1704841517336175	6	
2-AMINOADIPIC 2-OXOADIPIC ACIDURIA%SMPDB%SMP0000719	0.3005893909626719	0.6158142204366349	0.10755437526516934	-0.4603207636477376	-1.1320874853539475	12	
GLUTARIC ACIDURIA TYPE I%SMPDB%SMP0000186	0.3005893909626719	0.6158142204366349	0.10755437526516934	-0.4603207636477376	-1.1320874853539475	12	
HYPERLYSINEMIA I, FAMILIAL%PATHWHIZ%PW000503	0.3005893909626719	0.6158142204366349	0.10755437526516934	-0.4603207636477376	-1.1320874853539475	12	
HYPERLYSINEMIA II OR SACCHAROPINURIA%PATHWHIZ%PW000504	0.3005893909626719	0.6158142204366349	0.10755437526516934	-0.4603207636477376	-1.1320874853539475	12	
LYSINE DEGRADATION%PATHWHIZ%PW000029	0.3005893909626719	0.6158142204366349	0.10755437526516934	-0.4603207636477376	-1.1320874853539475	12	
PYRIDOXINE DEPENDENCY WITH SEIZURES%SMPDB%SMP0000571	0.3005893909626719	0.6158142204366349	0.10755437526516934	-0.4603207636477376	-1.1320874853539475	12	
SACCHAROPINURIA HYPERLYSINEMIA II%SMPDB%SMP0000239	0.3005893909626719	0.6158142204366349	0.10755437526516934	-0.4603207636477376	-1.1320874853539475	12	
DOLICHOL-LINKED OLIGOSACCHARIDE BIOSYNTHETIC PROCESS%GOBP%GO:0006488	0.300796812749004	0.6158547345241616	0.10839425585339667	-0.4024426836281971	-1.1154530110322762	19	
PORE COMPLEX ASSEMBLY%GOBP%GO:0046931	0.300796812749004	0.6158547345241616	0.10839425585339667	-0.40250545864338616	-1.1156270049513084	19	
NEGATIVE REGULATION OF BLOOD PRESSURE%GOBP%GO:0045776	0.30145530145530147	0.6166899850672966	0.11101149245045029	-0.5383471934880553	-1.1639656193150438	8	
B CELL DIFFERENTIATION%GOBP%GO:0030183	0.30165289256198347	0.6167097965459488	0.11056471633661853	-0.3409120333113875	-1.1072033826134908	38	
BLOOD VESSEL ENDOTHELIAL CELL PROLIFERATION INVOLVED IN SPROUTING ANGIOGENESIS%GOBP%GO:0002043	0.3032128514056225	0.6192300006926029	0.10839425585339667	-0.6132556959929459	-1.1714774268221957	5	
CILIARY LANDSCAPE%WIKIPATHWAYS_20250810%WP4352%HOMO SAPIENS	0.3035019455252918	0.6194610604564724	0.1063232559327084	-0.2546881476112615	-1.0625750967966574	163	
OPIOID SIGNALLING%REACTOME%R-HSA-111885.4	0.3038229376257545	0.6199320001462363	0.10839425585339667	-0.2967276845042371	-1.0940536652718957	68	
FORMATION OF THE BETA-CATENIN:TCF TRANSACTIVATING COMPLEX%REACTOME DATABASE ID RELEASE 93%201722	0.30625	0.6239059590316575	0.11012226383553594	-0.3313897233826407	-1.0985058764071107	41	
REPRODUCTIVE STRUCTURE DEVELOPMENT%GOBP%GO:0048608	0.3064516129032258	0.6239939159642562	0.10797236031734525	-0.3187535797164128	-1.0858590952368754	46	
REPRODUCTIVE SYSTEM DEVELOPMENT%GOBP%GO:0061458	0.3064516129032258	0.6239939159642562	0.10797236031734525	-0.3187535797164128	-1.0858590952368754	46	
MICROTUBULE CYTOSKELETON REGULATION%WIKIPATHWAYS_20250810%WP2038%HOMO SAPIENS	0.30691056910569103	0.6243883479257016	0.10839425585339667	-0.3622436542103926	-1.12085500187564	29	
NEGATIVE REGULATION OF MYOBLAST DIFFERENTIATION%GOBP%GO:0045662	0.30753968253968256	0.6253687968371984	0.10672988436460558	-0.473597945001267	-1.1307893483790867	11	
UV PROTECTION%GOBP%GO:0009650	0.3076923076923077	0.6255463842072092	0.10968406197054928	-0.5363373222594974	-1.1596200574962214	8	
GTP METABOLIC PROCESS%GOBP%GO:0046039	0.3080082135523614	0.6255463842072092	0.10882012676916121	-0.4406252967086124	-1.1327927769509163	15	
GLYCOLYSIS%PATHWHIZ%PW088241	0.30831643002028397	0.6260432192162746	0.10797236031734525	-0.4856614236134264	-1.1280950036646233	10	
PROTEIN AUTOPHOSPHORYLATION%GOBP%GO:0046777	0.30876494023904383	0.6262369450253675	0.10672988436460558	-0.28106447808444485	-1.0660620013083661	85	
CEREBELLAR PURKINJE CELL LAYER DEVELOPMENT%GOBP%GO:0021680	0.30879345603271985	0.6262369450253675	0.10839425585339667	-0.5529064242690918	-1.1583540677545587	7	
CEREBELLAR PURKINJE CELL LAYER MORPHOGENESIS%GOBP%GO:0021692	0.30879345603271985	0.6262369450253675	0.10839425585339667	-0.5529064242690918	-1.1583540677545587	7	
REGULATION OF ALTERNATIVE MRNA SPLICING, VIA SPLICEOSOME%GOBP%GO:0000381	0.3089430894308943	0.6264113794350464	0.10797236031734525	-0.308709221469279	-1.092024088420303	59	
CELLULAR RESPONSE TO COPPER ION%GOBP%GO:0071280	0.3092369477911647	0.6266200839579764	0.10714023727672473	-0.5017336352902146	-1.1341524041415212	9	
IRF3-MEDIATED INDUCTION OF TYPE I IFN%REACTOME%R-HSA-3270619.3	0.3097713097713098	0.6272526036941612	0.10925003948071095	-0.5335808479677883	-1.1536602580491637	8	
REGULATION OF TELOMERASE%PATHWAY INTERACTION DATABASE NCI-NATURE CURATED DATA%REGULATION OF TELOMERASE	0.31027253668763105	0.6275968371070391	0.10968406197054928	-0.30330206420949124	-1.0892945366457147	63	
REGULATION OF DNA STRAND ELONGATION%GOBP%GO:0060382	0.31048387096774194	0.6275968371070391	0.10714023727672473	-0.42560467397183804	-1.1134996595414328	16	
RESPONSE TO CELL CYCLE CHECKPOINT SIGNALING%GOBP%GO:0072396	0.31048387096774194	0.6275968371070391	0.10714023727672473	-0.576706834915948	-1.164402798621252	6	
RESPONSE TO DNA DAMAGE CHECKPOINT SIGNALING%GOBP%GO:0072423	0.31048387096774194	0.6275968371070391	0.10714023727672473	-0.576706834915948	-1.164402798621252	6	
RESPONSE TO DNA INTEGRITY CHECKPOINT SIGNALING%GOBP%GO:0072402	0.31048387096774194	0.6275968371070391	0.10714023727672473	-0.576706834915948	-1.164402798621252	6	
ESR-MEDIATED SIGNALING%REACTOME%R-HSA-8939211.6	0.31237721021611004	0.6294749298627844	0.10512513159700079	-0.260656672937023	-1.062696405268291	144	
POSITIVE REGULATION OF MESENCHYMAL STEM CELL PROLIFERATION%GOBP%GO:1902462	0.3125	0.6294749298627844	0.10672988436460558	-0.5750875508885622	-1.1611333751653543	6	
REGULATION OF MESENCHYMAL STEM CELL PROLIFERATION%GOBP%GO:1902460	0.3125	0.6294749298627844	0.10672988436460558	-0.5750875508885622	-1.1611333751653543	6	
CHROMATIN MODIFICATIONS DURING THE MATERNAL TO ZYGOTIC TRANSITION (MZT)%REACTOME DATABASE ID RELEASE 93%9821002	0.31274900398406374	0.6294749298627844	0.10592029273625286	-0.39848550932434246	-1.1044848852047182	19	
EMBRYONIC FORELIMB MORPHOGENESIS%GOBP%GO:0035115	0.3128834355828221	0.6294749298627844	0.10755437526516934	-0.5513175584421156	-1.1550253504291503	7	
FORELIMB MORPHOGENESIS%GOBP%GO:0035136	0.3128834355828221	0.6294749298627844	0.10755437526516934	-0.5513175584421156	-1.1550253504291503	7	
TNF RECEPTOR SUPERFAMILY (TNFSF) MEMBERS MEDIATING NON-CANONICAL NF-KB PATHWAY%REACTOME DATABASE ID RELEASE 93%5676594	0.3128834355828221	0.6294749298627844	0.10755437526516934	-0.5520171708320408	-1.1564910575038923	7	
DISRUPTION OF ANATOMICAL STRUCTURE IN ANOTHER ORGANISM%GOBP%GO:0141060	0.3134920634920635	0.6296378023001755	0.10552093684319848	-0.47057065792568087	-1.1235612258424712	11	
TRNA DECAY%GOBP%GO:0016078	0.3134920634920635	0.6296378023001755	0.10552093684319848	-0.47123402472104503	-1.125145118074656	11	
REGULATION OF MITOCHONDRIAL MEMBRANE POTENTIAL%GOBP%GO:0051881	0.3144016227180527	0.6296378023001755	0.10672988436460558	-0.336307140162888	-1.0835622808351084	34	
TISSUE MIGRATION%GOBP%GO:0090130	0.31451612903225806	0.6296378023001755	0.1063232559327084	-0.4234902014156454	-1.1079676139239405	16	
THYROID GLAND DEVELOPMENT%GOBP%GO:0030878	0.3152610441767068	0.6306501911751027	0.10592029273625286	-0.6047683658862327	-1.155264425134695	5	
MESONEPHROS DEVELOPMENT%GOBP%GO:0001823	0.3165322580645161	0.6324222022936741	0.10592029273625286	-0.38664696285728656	-1.0991179106212239	21	
PTERIDINE-CONTAINING COMPOUND METABOLIC PROCESS%GOBP%GO:0042558	0.3170731707317073	0.6329952026952796	0.1063232559327084	-0.37231839214513107	-1.0921334854652163	24	
CYCLIC-GMP-AMP TRANSMEMBRANE IMPORT ACROSS PLASMA MEMBRANE%GOBP%GO:0140361	0.3172690763052209	0.6329952026952796	0.10552093684319848	-0.6023883140493573	-1.1507179088613293	5	
FATTY ACID TRANSPORTERS%WIKIPATHWAYS_20250810%WP5061%HOMO SAPIENS	0.3172690763052209	0.6329952026952796	0.10552093684319848	-0.6022233638779868	-1.1504028112542892	5	
GUANINE NUCLEOTIDE TRANSMEMBRANE TRANSPORT%GOBP%GO:1903790	0.3172690763052209	0.6329952026952796	0.10552093684319848	-0.6023883140493573	-1.1507179088613293	5	
NEGATIVE REGULATION OF PROTEIN IMPORT INTO NUCLEUS%GOBP%GO:0042308	0.3172690763052209	0.6329952026952796	0.10552093684319848	-0.5000044158783463	-1.130243560453726	9	
PROTEASOME DEGRADATION%WIKIPATHWAYS_20250810%WP183%HOMO SAPIENS	0.31875	0.6354348046163191	0.10755437526516934	-0.3344281752389094	-1.0945068948346792	39	
POSITIVE REGULATION OF ENDOTHELIAL CELL APOPTOTIC PROCESS%GOBP%GO:2000353	0.3194444444444444	0.6366902834008097	0.10434395258194858	-0.467474959813843	-1.1161697612307442	11	
POSITIVE REGULATION OF IRE1-MEDIATED UNFOLDED PROTEIN RESPONSE%GOBP%GO:1903896	0.32056451612903225	0.6382766887374017	0.10512513159700079	-0.5696413495425916	-1.1501371952951656	6	
REGULATION OF MRNA PROCESSING%GOBP%GO:0050684	0.32093933463796476	0.6387646429847182	0.10319746694530717	-0.2694601559332719	-1.0609917242141924	110	
LEUKOCYTE TETHERING OR ROLLING%GOBP%GO:0050901	0.321285140562249	0.6391944825168526	0.10473282158065095	-0.49890529858447363	-1.1277590419092234	9	
SUMO IS CONJUGATED TO E1 (UBA2:SAE1)%REACTOME%R-HSA-3065676.3	0.321285140562249	0.6391944825168526	0.10473282158065095	-0.5992746193992279	-1.14476994454485	5	
BETA1 ADRENERGIC RECEPTOR SIGNALING PATHWAY%PANTHER PATHWAY%P04377	0.3225806451612903	0.6398208376126897	0.10473282158065095	-0.4210995339664926	-1.101712965999457	16	
HIV TRANSCRIPTION INITIATION%REACTOME%R-HSA-167161.4	0.3227722772277228	0.6398208376126897	0.1035763266125924	-0.31704248786716815	-1.0834640193367384	45	
RNA POLYMERASE II HIV PROMOTER ESCAPE%REACTOME%R-HSA-167162.5	0.3227722772277228	0.6398208376126897	0.1035763266125924	-0.31704248786716815	-1.0834640193367384	45	
RNA POLYMERASE II PROMOTER ESCAPE%REACTOME DATABASE ID RELEASE 93%73776	0.3227722772277228	0.6398208376126897	0.1035763266125924	-0.31704248786716815	-1.0834640193367384	45	
RNA POLYMERASE II TRANSCRIPTION INITIATION AND PROMOTER CLEARANCE%REACTOME%R-HSA-76042.5	0.3227722772277228	0.6398208376126897	0.1035763266125924	-0.31704248786716815	-1.0834640193367384	45	
RNA POLYMERASE II TRANSCRIPTION INITIATION%REACTOME%R-HSA-75953.4	0.3227722772277228	0.6398208376126897	0.1035763266125924	-0.31704248786716815	-1.0834640193367384	45	
RNA POLYMERASE II TRANSCRIPTION PRE-INITIATION AND PROMOTER OPENING%REACTOME%R-HSA-73779.4	0.3227722772277228	0.6398208376126897	0.1035763266125924	-0.31704248786716815	-1.0834640193367384	45	
DEVELOPMENT OF URETERIC DERIVED COLLECTING SYSTEM%WIKIPATHWAYS_20250810%WP5053%HOMO SAPIENS	0.3231083844580777	0.6402344844786141	0.10552093684319848	-0.3611048180441093	-1.1059009339821604	28	
SIGNALING BY NOTCH3%REACTOME DATABASE ID RELEASE 93%9012852	0.32475247524752476	0.6423288210701343	0.10319746694530717	-0.3168868381478108	-1.0829321005025214	45	
DESENSITIZATION OF G PROTEIN-COUPLED RECEPTOR SIGNALING PATHWAY%GOBP%GO:0002029	0.32661290322580644	0.6435522603884911	0.10395847155995677	-0.5657841132606886	-1.1423492232274408	6	
GLYCOSPHINGOLIPID TRANSPORT%REACTOME DATABASE ID RELEASE 93%9845576	0.32661290322580644	0.6435522603884911	0.10395847155995677	-0.566111156495941	-1.1430095414954802	6	
TRIPEPTIDE TRANSPORT%GOBP%GO:0042939	0.32661290322580644	0.6435522603884911	0.10395847155995677	-0.5671819734000081	-1.1451715796826787	6	
NUCLEOTIDE CATABOLIC PROCESS%GOBP%GO:0009166	0.32842105263157895	0.6459172677820897	0.1063232559327084	-0.30192149677710123	-1.0788421074787011	62	
SULFATE TRANSMEMBRANE TRANSPORT%GOBP%GO:1902358	0.3284823284823285	0.6459172677820897	0.10552093684319848	-0.5224252115379817	-1.12954054975879	8	
NRP1 TRIGGERED SIGNALING IN PANCREATIC CANCER %WIKIPATHWAYS_20250810%WP5144%HOMO SAPIENS	0.3286004056795132	0.6459172677820897	0.10395847155995677	-0.3333676029558993	-1.0740912608649062	34	
NOTCH3 ACTIVATION AND TRANSMISSION OF SIGNAL TO THE NUCLEUS%REACTOME DATABASE ID RELEASE 93%9013507	0.32926829268292684	0.6467747449997151	0.10395847155995677	-0.37014279597896005	-1.0857517394272742	24	
PROTEIN PROCESSING%GOBP%GO:0016485	0.3293172690763052	0.6467747449997151	0.10319746694530717	-0.2727135278130563	-1.0529959650875451	95	
MITF-M-DEPENDENT GENE EXPRESSION%REACTOME%R-HSA-9856651.3	0.32934131736526945	0.6467747449997151	0.10282184284081514	-0.27963134006499496	-1.0568555528657544	83	
POSITIVE REGULATION OF CYTOSKELETON ORGANIZATION%GOBP%GO:0051495	0.32936507936507936	0.6467747449997151	0.10244940562982624	-0.262599883216126	-1.0454540026870862	120	
FACE DEVELOPMENT%GOBP%GO:0060324	0.3306288032454361	0.6481880560576725	0.1035763266125924	-0.438738247111832	-1.1085253691197892	14	
MALE GONAD DEVELOPMENT%GOBP%GO:0008584	0.33064516129032256	0.6481880560576725	0.10319746694530717	-0.3910067004792206	-1.0981455942109812	20	
GLYCOSYL COMPOUND BIOSYNTHETIC PROCESS%GOBP%GO:1901659	0.3306613226452906	0.6481880560576725	0.10282184284081514	-0.4091852703837565	-1.0898915348416025	17	
PEPTIDYL-THREONINE MODIFICATION%GOBP%GO:0018210	0.33067729083665337	0.6481880560576725	0.10244940562982624	-0.3896725086024805	-1.0800578336235978	19	
PEPTIDYL-THREONINE PHOSPHORYLATION%GOBP%GO:0018107	0.33067729083665337	0.6481880560576725	0.10244940562982624	-0.3896725086024805	-1.0800578336235978	19	
METANEPHRIC NEPHRON DEVELOPMENT%GOBP%GO:0072210	0.33134920634920634	0.6489883202137031	0.10208010766274725	-0.46514843530017	-1.1106148191821734	11	
REGULATION OF PROTEIN KINASE ACTIVITY%GOBP%GO:0045859	0.33203125	0.6494198823003575	0.10099058745592349	-0.2507422642975669	-1.0514574414346995	166	
CAMK IV-MEDIATED PHOSPHORYLATION OF CREB%REACTOME DATABASE ID RELEASE 93%111932	0.33264033264033266	0.6502485687544821	0.10473282158065095	-0.518549264776805	-1.1211603281715379	8	
PYRIMIDINE SALVAGE%REACTOME DATABASE ID RELEASE 93%73614	0.33264033264033266	0.6502485687544821	0.10473282158065095	-0.5188091438569352	-1.1217222152178712	8	
NEGATIVE REGULATION OF SISTER CHROMATID COHESION%GOBP%GO:0045875	0.3333333333333333	0.6508030933967877	0.10244940562982624	-0.5965566835570725	-1.139577982191397	5	
UBIQUINONE BIOSYNTHESIS%SMPDB%SMP0000065	0.3333333333333333	0.6508030933967877	0.10244940562982624	-0.5967751346131502	-1.1399952803636482	5	
REGULATION OF BINDING%GOBP%GO:0051098	0.33402489626556015	0.6508626813043153	0.10434395258194858	-0.29125165107422085	-1.0687506160043516	70	
TELOMERE CAPPING%GOBP%GO:0016233	0.33468559837728196	0.6515054174817553	0.10282184284081514	-0.43706676581480874	-1.1043021689908812	14	
METHIONINE METABOLIC PROCESS%GOBP%GO:0006555	0.3353413654618474	0.6520085079655114	0.10208010766274725	-0.49281890256741856	-1.1140009436081049	9	
NEGATIVE REGULATION OF TISSUE REMODELING%GOBP%GO:0034104	0.33669354838709675	0.6537181989125563	0.10208010766274725	-0.5622880249572326	-1.1352904287788466	6	
PYRIMIDINE NUCLEOBASE METABOLIC PROCESS%GOBP%GO:0006206	0.33669354838709675	0.6537181989125563	0.10208010766274725	-0.5621330533802544	-1.1349775326468516	6	
ANOIKIS%GOBP%GO:0043276	0.3367983367983368	0.6537181989125563	0.10395847155995677	-0.5176748374116287	-1.1192697203965463	8	
FACULTATIVE HETEROCHROMATIN FORMATION%GOBP%GO:0140718	0.3367983367983368	0.6537181989125563	0.10395847155995677	-0.5149034919468222	-1.1132777678438095	8	
FOREBRAIN NEURON DEVELOPMENT%GOBP%GO:0021884	0.3373015873015873	0.6537181989125563	0.10099058745592349	-0.46237040536868484	-1.1039818371577406	11	
SCARNA LOCALIZATION TO CAJAL BODY%GOBP%GO:0090666	0.3373493975903614	0.6537181989125563	0.10171390228231093	-0.5954486045975245	-1.137461263999085	5	
POSITIVE REGULATION OF POST-TRANSLATIONAL PROTEIN MODIFICATION%GOBP%GO:1901875	0.33858267716535434	0.6551369776395993	0.10027910675413045	-0.27178590685304077	-1.0511698468602013	93	
RNA POLYMERASE II PRE-TRANSCRIPTION EVENTS%REACTOME DATABASE ID RELEASE 93%674695	0.3395061728395062	0.6559527594821712	0.10282184284081514	-0.2823449649662445	-1.0480257076034378	77	
15Q13 3 COPY NUMBER VARIATION SYNDROME%WIKIPATHWAYS_20250810%WP4942%HOMO SAPIENS	0.3407707910750507	0.6559527594821712	0.10171390228231093	-0.47229104430684166	-1.0970382687470384	10	
GALACTOSE METABOLIC PROCESS%GOBP%GO:0006012	0.3407707910750507	0.6559527594821712	0.10171390228231093	-0.4733278380733997	-1.099446534693266	10	
GLUCONEOGENESIS%PATHWHIZ%PW088242	0.3407707910750507	0.6559527594821712	0.10171390228231093	-0.43645285184853533	-1.1027510409309254	14	
NEGATIVE REGULATION OF HEMOPOIESIS%GOBP%GO:1903707	0.34274193548387094	0.6559527594821712	0.10099058745592349	-0.3140350573612748	-1.0697850783741831	46	
SENSORY PERCEPTION OF SMELL%GOBP%GO:0007608	0.34274193548387094	0.6559527594821712	0.10099058745592349	-0.5613373176291722	-1.133370898427477	6	
PID_S1P_S1P4_PATHWAY%MSIGDB_C2%PID_S1P_S1P4_PATHWAY	0.34279918864097364	0.6559527594821712	0.10135074379709887	-0.4718805542088764	-1.0960847817990262	10	
PROTEIN PHOSPHORYLATION%GOBP%GO:0006468	0.34279918864097364	0.6559527594821712	0.10135074379709887	-0.2422443101988529	-1.0515234650877194	252	
NEGATIVE REGULATION OF VIRAL GENOME REPLICATION%GOBP%GO:0045071	0.34309623430962344	0.6559527594821712	0.10319746694530717	-0.342941614080712	-1.0780849940913768	32	
ZYMOGEN ACTIVATION%GOBP%GO:0031638	0.3433734939759036	0.6559527594821712	0.10063338942303625	-0.44547162837186316	-1.103107881754454	13	
ATTACHMENT OF GPI ANCHOR TO UPAR%REACTOME DATABASE ID RELEASE 93%162791	0.34355828220858897	0.6559527594821712	0.10171390228231093	-0.536453935170948	-1.1238856535075807	7	
EMBRYONIC ORGAN DEVELOPMENT%GOBP%GO:0048568	0.3438735177865613	0.6559527594821712	0.09957912004959042	-0.25851127199117924	-1.0549035844406263	146	
REGULATION OF VIRAL GENOME REPLICATION%GOBP%GO:0045069	0.3448275862068966	0.6559527594821712	0.10099058745592349	-0.30218974126904885	-1.0577387990235636	53	
CENTRIOLE-CENTRIOLE COHESION%GOBP%GO:0010457	0.3453815261044177	0.6561116160571284	0.10027910675413045	-0.44497348704880585	-1.1018743495052723	13	
REGULATION OF EXTRACELLULAR MATRIX ASSEMBLY%GOBP%GO:1901201	0.3453815261044177	0.6561116160571284	0.10027910675413045	-0.4897173818733307	-1.1069900579423277	9	
TRAFFICKING OF MYRISTOYLATED PROTEINS TO THE CILIUM%REACTOME%R-HSA-5624138.4	0.3453815261044177	0.6561116160571284	0.10027910675413045	-0.5929250760626994	-1.1326406700220448	5	
GROWTH FACTORS AND HORMONES IN BETA CELL PROLIFERATION%WIKIPATHWAYS_20250810%WP5385%HOMO SAPIENS	0.3466933867735471	0.6580958330773752	0.09992769737310925	-0.40186530563245715	-1.070394333463122	17	
HEDGEHOG%NETPATH%HEDGEHOG	0.3472222222222222	0.6585651390168931	0.09923333437711905	-0.395226362261481	-1.0788204700045825	18	
TRNA TRANSCRIPTION%GOBP%GO:0009304	0.3472222222222222	0.6585651390168931	0.09923333437711905	-0.4571585766632823	-1.0915377789690384	11	
UBIQUITIN PROTEASOME PATHWAY%PANTHER PATHWAY%P00060	0.3476482617586912	0.6585953177257525	0.10099058745592349	-0.35370921276610123	-1.0578113363105466	26	
CELLULAR RESPONSE TO METAL ION%GOBP%GO:0071248	0.34854771784232363	0.6595415403947077	0.10171390228231093	-0.2850634350291597	-1.0460429002343843	70	
NEGATIVE REGULATION OF ANTIGEN RECEPTOR-MEDIATED SIGNALING PATHWAY%GOBP%GO:0050858	0.3487903225806452	0.6595415403947077	0.09992769737310925	-0.375874422662141	-1.0684949056352988	21	
TNF STRESS RELATED SIGNALING%PATHWHIZ%PW064784	0.3487903225806452	0.6595415403947077	0.09992769737310925	-0.37538726535207306	-1.0671100678472845	21	
POSITIVE REGULATION OF PROTEIN DEPOLYMERIZATION%GOBP%GO:1901881	0.3492063492063492	0.6595415403947077	0.09889030075206362	-0.4559341649153166	-1.0886143039471479	11	
NEGATIVE REGULATION OF LIPOPROTEIN PARTICLE CLEARANCE%GOBP%GO:0010985	0.3493975903614458	0.6595415403947077	0.09957912004959042	-0.5923157697341263	-1.1314767369112604	5	
REGULATION OF PHOSPHATIDYLCHOLINE METABOLIC PROCESS%GOBP%GO:0150172	0.3493975903614458	0.6595415403947077	0.09957912004959042	-0.5917706300612091	-1.1304353787543604	5	
SNRNA TRANSPORT%GOBP%GO:0051030	0.3493975903614458	0.6595415403947077	0.09957912004959042	-0.5915525451907557	-1.1300187800916215	5	
ADAPTATION OF SIGNALING PATHWAY%GOBP%GO:0023058	0.3496932515337423	0.6597429446811202	0.10063338942303625	-0.5314693053439392	-1.113442717808291	7	
NEGATIVE ADAPTATION OF SIGNALING PATHWAY%GOBP%GO:0022401	0.3496932515337423	0.6597429446811202	0.10063338942303625	-0.5314693053439392	-1.113442717808291	7	
REGULATION OF LYMPHOCYTE DIFFERENTIATION%GOBP%GO:0045619	0.35030549898167007	0.6604955846368294	0.10027910675413045	-0.2717850421424347	-1.0416851487920724	89	
RNA SURVEILLANCE%GOBP%GO:0071025	0.3512396694214876	0.6614968984552347	0.10099058745592349	-0.32959579811951645	-1.0704508697696713	38	
DNA-PK PATHWAY IN NONHOMOLOGOUS END JOINING%PATHWAY INTERACTION DATABASE NCI-NATURE CURATED DATA%DNA-PK PATHWAY IN NONHOMOLOGOUS END JOINING	0.3516699410609037	0.6616261028121001	0.09787732774245612	-0.44489330481548883	-1.0941460443978595	12	
MRNA SPLICE SITE RECOGNITION%GOBP%GO:0006376	0.35173824130879344	0.6616261028121001	0.10027910675413045	-0.35594642973565294	-1.090103120817929	28	
MYOGENESIS%REACTOME%R-HSA-525793.4	0.3522267206477733	0.6623423016611871	0.09957912004959042	-0.37034431045806493	-1.0655856602084468	22	
LEFT/RIGHT PATTERN FORMATION%GOBP%GO:0060972	0.35234215885947046	0.6624328615868524	0.09992769737310925	-0.3102437925899371	-1.069973406074679	49	
FREE UBIQUITIN CHAIN POLYMERIZATION%GOBP%GO:0010994	0.3528225806451613	0.6629851559308185	0.09923333437711905	-0.5568653226008415	-1.1243416946602502	6	
AMEBOIDAL-TYPE CELL MIGRATION%GOBP%GO:0001667	0.35306122448979593	0.6629851559308185	0.09992769737310925	-0.30076976010349576	-1.0574342162540737	55	
NEGATIVE REGULATION OF CAMP/PKA SIGNAL TRANSDUCTION%GOBP%GO:0141162	0.3531746031746032	0.6629851559308185	0.09821233512174378	-0.39223976797594473	-1.070668182205765	18	
PROTEIN INSERTION INTO MITOCHONDRIAL INNER MEMBRANE%GOBP%GO:0045039	0.3531746031746032	0.6629851559308185	0.09821233512174378	-0.3916986073597313	-1.0691910156853166	18	
NEGATIVE REGULATION OF MESENCHYMAL CELL PROLIFERATION%GOBP%GO:0072201	0.3534136546184739	0.6631810259907556	0.09889030075206362	-0.5905326514805378	-1.1280705185963187	5	
TRNA PROCESSING IN THE MITOCHONDRION%REACTOME%R-HSA-6785470.6	0.3534136546184739	0.6631810259907556	0.09889030075206362	-0.5898447699292563	-1.126756486431727	5	
PROTEIN ACYLATION%GOBP%GO:0043543	0.3548387096774194	0.6649680120829599	0.09889030075206362	-0.30673056318273273	-1.063352302757319	50	
MORPHOGENESIS OF A BRANCHING STRUCTURE%GOBP%GO:0001763	0.35496957403651114	0.6650866652642223	0.09923333437711905	-0.3298804515719332	-1.0628558594833075	34	
GLUTAMINE METABOLIC PROCESS%GOBP%GO:0006541	0.35550935550935553	0.6657179753414063	0.10063338942303625	-0.5083915122570513	-1.0991981542333795	8	
NEGATIVE REGULATION OF PROTEIN EXIT FROM ENDOPLASMIC RETICULUM%GOBP%GO:0070862	0.35550935550935553	0.6657179753414063	0.10063338942303625	-0.5085547025955147	-1.0995509896259914	8	
REGULATION OF ENDOGENOUS RETROELEMENTS BY THE HUMAN SILENCING HUB (HUSH) COMPLEX%REACTOME DATABASE ID RELEASE 93%9843970	0.3561368209255533	0.6662593841597945	0.09854998035316907	-0.3637851389245271	-1.0603465056037664	23	
INSULIN-MEDIATED GLUCOSE TRANSPORT%PATHWAY INTERACTION DATABASE NCI-NATURE CURATED DATA%INSULIN-MEDIATED GLUCOSE TRANSPORT	0.3562753036437247	0.6663918388442465	0.09889030075206362	-0.3685745959245809	-1.0604936893686339	22	
ADRENOLEUKODYSTROPHY, X-LINKED%PATHWHIZ%PW000492	0.35699797160243407	0.6666183756528842	0.09889030075206362	-0.46783788168533413	-1.0866944566599013	10	
BETA OXIDATION OF VERY LONG CHAIN FATTY ACIDS%PATHWHIZ%PW000161	0.35699797160243407	0.6666183756528842	0.09889030075206362	-0.46783788168533413	-1.0866944566599013	10	
CARNITINE-ACYLCARNITINE TRANSLOCASE DEFICIENCY%PATHWHIZ%PW000493	0.35699797160243407	0.6666183756528842	0.09889030075206362	-0.46783788168533413	-1.0866944566599013	10	
CONSTITUTIVE SIGNALING BY NOTCH1 HD DOMAIN MUTANTS%REACTOME%R-HSA-2691232.3	0.35699797160243407	0.6666183756528842	0.09889030075206362	-0.42845825163161	-1.0825517143056052	14	
SIGNALING BY NOTCH1 HD DOMAIN MUTANTS IN CANCER%REACTOME%R-HSA-2691230.3	0.35699797160243407	0.6666183756528842	0.09889030075206362	-0.42845825163161	-1.0825517143056052	14	
GLYCEROLIPIDS AND GLYCEROPHOSPHOLIPIDS%WIKIPATHWAYS_20250810%WP4722%HOMO SAPIENS	0.35714285714285715	0.6666215301286391	0.09754492162471996	-0.3893146890174273	-1.0626838082921128	18	
PSEUDOURIDINE SYNTHESIS%GOBP%GO:0001522	0.35714285714285715	0.6666215301286391	0.09754492162471996	-0.3899505187611131	-1.064419386199925	18	
CANONICAL AND NON CANONICAL TGF B SIGNALING%WIKIPATHWAYS_20250810%WP3874%HOMO SAPIENS	0.35728952772073924	0.6667688949845335	0.09957912004959042	-0.42450316556802525	-1.091344785104933	15	
GLUTATHIONE METABOLISM%WIKIPATHWAYS_20250810%WP100%HOMO SAPIENS	0.3575883575883576	0.6667906365567001	0.10027910675413045	-0.5063222115909182	-1.094724099458804	8	
TRANSPORT OF NUCLEOSIDES AND FREE PURINE AND PYRIMIDINE BASES ACROSS THE PLASMA MEMBRANE%REACTOME%R-HSA-83936.4	0.3575883575883576	0.6667906365567001	0.10027910675413045	-0.5070163773430085	-1.096224961874941	8	
REGULATION OF LYMPHOCYTE CHEMOTAXIS%GOBP%GO:1901623	0.359026369168357	0.6688035342754465	0.09854998035316907	-0.4676486175794402	-1.0862548337418538	10	
DOPAMINERGIC NEUROGENESIS%WIKIPATHWAYS_20250810%WP2855%HOMO SAPIENS	0.35943775100401604	0.6688284495403599	0.09787732774245612	-0.440717738967919	-1.0913359696135032	13	
PROTEIN INSERTION INTO MITOCHONDRIAL INNER MEMBRANE FROM MATRIX%GOBP%GO:0032979	0.35943775100401604	0.6688284495403599	0.09787732774245612	-0.5880841331206229	-1.123393213507198	5	
NEGATIVE REGULATION OF MONONUCLEAR CELL MIGRATION%GOBP%GO:0071676	0.35952848722986247	0.6688284495403599	0.09656295543094219	-0.439830770788503	-1.0816955275653948	12	
NEGATIVE REGULATION OF NEURON PROJECTION REGENERATION%GOBP%GO:0070571	0.3596673596673597	0.6688284495403599	0.09992769737310925	-0.5055701421561003	-1.093098042936072	8	
TRNA SURVEILLANCE%GOBP%GO:0106354	0.3596673596673597	0.6688284495403599	0.09992769737310925	-0.5059676983691866	-1.0939576030292144	8	
ROLE OF CALCINEURIN-DEPENDENT NFAT SIGNALING IN LYMPHOCYTES%PATHWAY INTERACTION DATABASE NCI-NATURE CURATED DATA%ROLE OF CALCINEURIN-DEPENDENT NFAT SIGNALING IN LYMPHOCYTES	0.36016096579476864	0.66908393758779094	0.09787732774245612	-0.30841342861122534	-1.0571384555125676	47	
NEGATIVE REGULATION OF GLYCOGEN METABOLIC PROCESS%GOBP%GO:0070874	0.36088709677419356	0.6700536215045653	0.09787732774245612	-0.553765307308718	-1.1180825933918503	6	
TRNA TRANSCRIPTION BY RNA POLYMERASE III%GOBP%GO:0042797	0.36105476673427994	0.6700904636260836	0.09821233512174378	-0.4669269545736784	-1.0845785539478519	10	
POSITIVE REGULATION OF CREB TRANSCRIPTION FACTOR ACTIVITY%GOBP%GO:0032793	0.36174636174636177	0.6706604385683379	0.09957912004959042	-0.5047325865225646	-1.0912871558849428	8	
NEGATIVE REGULATION OF PLASMA MEMBRANE BOUNDED CELL PROJECTION ASSEMBLY%GOBP%GO:0120033	0.3619246861924686	0.6706604385683379	0.09992769737310925	-0.33775675538942884	-1.0617856646368853	32	
ANIMAL ORGAN MATURATION%GOBP%GO:0048799	0.3619631901840491	0.6706604385683379	0.09854998035316907	-0.528026808171158	-1.1062305921604545	7	
BONE MATURATION%GOBP%GO:0070977	0.3619631901840491	0.6706604385683379	0.09854998035316907	-0.528026808171158	-1.1062305921604545	7	
COMPLEX IV ASSEMBLY%REACTOME%R-HSA-9864848.2	0.3634453781512605	0.6724173446176268	0.09992769737310925	-0.31761998324618207	-1.0473274048064074	40	
NEGATIVE REGULATION OF ADENYLATE CYCLASE ACTIVITY%GOBP%GO:0007194	0.36382536382536385	0.6727182220139967	0.09923333437711905	-0.5035069344474066	-1.0886371618030888	8	
NEGATIVE REGULATION OF LYASE ACTIVITY%GOBP%GO:0051350	0.36382536382536385	0.6727182220139967	0.09923333437711905	-0.5035069344474066	-1.0886371618030888	8	
TETRAHYDROFOLATE INTERCONVERSION%GOBP%GO:0035999	0.36400817995910023	0.6728035554490898	0.09821233512174378	-0.527697290739454	-1.1055402441365283	7	
ENDOCRINE PANCREAS DEVELOPMENT%GOBP%GO:0031018	0.36507936507936506	0.6745896862701959	0.09624060232812902	-0.4489698021351324	-1.0719857958778	11	
PRIMITIVE STREAK FORMATION%REACTOME DATABASE ID RELEASE 93%9754189	0.36511156186612576	0.6745896862701959	0.09754492162471996	-0.46547390988226933	-1.0812034197972245	10	
KETONE BODY METABOLISM%REACTOME%R-HSA-74182.6	0.36693548387096775	0.6766897872623241	0.09688777032754396	-0.5520441414021611	-1.1146074648219273	6	
HETEROTRIMERIC G-PROTEIN SIGNALING PATHWAY-GI ALPHA AND GS ALPHA MEDIATED PATHWAY%PANTHER PATHWAY%P00026	0.3684210526315789	0.6784270133429774	0.09923333437711905	-0.2965431386375677	-1.0596238693208753	62	
STRIATED MUSCLE CELL DEVELOPMENT%GOBP%GO:0055002	0.36863543788187375	0.6784270133429774	0.09721508088464663	-0.30534878736955695	-1.049795425704443	48	
TRANSCRIPTIONAL REGULATION BY MECP2%REACTOME%R-HSA-8986944.4	0.3689516129032258	0.6787551533342977	0.09656295543094219	-0.3080081958498819	-1.0492541014555825	46	
RIBONUCLEOTIDE METABOLIC PROCESS%GOBP%GO:0009259	0.3695652173913043	0.6792494176656305	0.09528798461948437	-0.24695078544503893	-1.0376056987168614	180	
AUF1 (HNRNP D0) BINDS AND DESTABILIZES MRNA%REACTOME%R-HSA-450408.5	0.37083333333333335	0.6810644018453803	0.09821233512174378	-0.3190700304714131	-1.0576679924788623	41	
DETERMINATION OF BILATERAL SYMMETRY%GOBP%GO:0009855	0.3709677419354839	0.6810644018453803	0.09624060232812902	-0.302222042981022	-1.047722476734208	50	
NCAM1 INTERACTIONS%REACTOME DATABASE ID RELEASE 93%419037	0.3709677419354839	0.6810644018453803	0.09624060232812902	-0.37782975500881755	-1.061138032458851	20	
NUCLEOTIDE-BINDING OLIGOMERIZATION DOMAIN CONTAINING 2 SIGNALING PATHWAY%GOBP%GO:0070431	0.3709677419354839	0.6810644018453803	0.09624060232812902	-0.5516058097116688	-1.1137224490457436	6	
SPECIFICATION OF SYMMETRY%GOBP%GO:0009799	0.3709677419354839	0.6810644018453803	0.09624060232812902	-0.302222042981022	-1.047722476734208	50	
POSITIVE REGULATION OF CATION CHANNEL ACTIVITY%GOBP%GO:2001259	0.3713163064833006	0.6815772471354544	0.09466462231533423	-0.43355956926413797	-1.0662724805848347	12	
POSITIVE REGULATION OF CATALYTIC ACTIVITY%GOBP%GO:0043085	0.3715953307392996	0.6818351894258562	0.09405034657278127	-0.24111562570598818	-1.0254038153986138	204	
HEDGEHOG SIGNALING%WIKIPATHWAYS_20250810%WP47%HOMO SAPIENS	0.37214137214137216	0.6823284823284823	0.09787732774245612	-0.5005837824487536	-1.0823169868906517	8	
MYOTUBE CELL DEVELOPMENT%GOBP%GO:0014904	0.37214137214137216	0.6823284823284823	0.09787732774245612	-0.5001810697702502	-1.0814462779542808	8	
APOPTOTIC PROCESS INVOLVED IN DEVELOPMENT%GOBP%GO:1902742	0.37298387096774194	0.6834086018857066	0.09592067779217453	-0.5511755322746755	-1.1128536952500796	6	
BIOCARTA_SRCRPTP_PATHWAY%MSIGDB_C2%BIOCARTA_SRCRPTP_PATHWAY	0.37298387096774194	0.6834086018857066	0.09592067779217453	-0.550313199205042	-1.1111125973840013	6	
CELLULAR RESPONSE TO LIGHT STIMULUS%GOBP%GO:0071482	0.37344398340248963	0.6834086018857066	0.09754492162471996	-0.2813334856165791	-1.0323558165126006	70	
METANEPHRIC GLOMERULUS DEVELOPMENT%GOBP%GO:0072224	0.37349397590361444	0.6834086018857066	0.09560314922043013	-0.5825691181181694	-1.11285810453687	5	
METANEPHRIC GLOMERULUS VASCULATURE DEVELOPMENT%GOBP%GO:0072239	0.37349397590361444	0.6834086018857066	0.09560314922043013	-0.5825691181181694	-1.11285810453687	5	
POSITIVE REGULATION OF SYNAPSE MATURATION%GOBP%GO:0090129	0.37349397590361444	0.6834086018857066	0.09560314922043013	-0.5833438317713607	-1.11433800853596	5	
MITOCHONDRIAL ELECTRON TRANSPORT, CYTOCHROME C TO OXYGEN%GOBP%GO:0006123	0.3737166324435318	0.6835619474343329	0.09688777032754396	-0.41600767444251496	-1.0695039351684554	15	
VITAMIN B5 (PANTOTHENATE) METABOLISM%REACTOME%R-HSA-199220.5	0.3737166324435318	0.6835619474343329	0.09688777032754396	-0.4148994121726799	-1.066654730859002	15	
SIGNALING EVENTS MEDIATED BY THE HEDGEHOG FAMILY%PATHWAY INTERACTION DATABASE NCI-NATURE CURATED DATA%SIGNALING EVENTS MEDIATED BY THE HEDGEHOG FAMILY	0.374749498997996	0.6847644658753709	0.09528798461948437	-0.3951106742634264	-1.0524029342537178	17	
SIGNALING RECEPTOR LIGAND PRECURSOR PROCESSING%GOBP%GO:0140448	0.374749498997996	0.6847644658753709	0.09528798461948437	-0.39530965727456324	-1.052932938423252	17	
BIOCARTA_BCELLSURVIVAL_PATHWAY%MSIGDB_C2%BIOCARTA_BCELLSURVIVAL_PATHWAY	0.375	0.6847644658753709	0.09466462231533423	-0.447101543260639	-1.0675250348935308	11	
REGULATION OF PROTEIN LOCALIZATION TO SYNAPSE%GOBP%GO:1902473	0.375	0.6847644658753709	0.09466462231533423	-0.4462502670253124	-1.0654924794114056	11	
THE ACTIVATION OF ARYLSULFATASES%REACTOME DATABASE ID RELEASE 93%1663150	0.3752535496957404	0.6848464226699277	0.09592067779217453	-0.4619797113357544	-1.0730870907447583	10	
TRIPEPTIDE TRANSMEMBRANE TRANSPORT%GOBP%GO:0035443	0.3755020080321285	0.6849493972717727	0.09528798461948437	-0.5817729772163096	-1.1113372689356802	5	
OSTEOBLAST DIFFERENTIATION%GOBP%GO:0001649	0.3755186721991701	0.6849493972717727	0.09721508088464663	-0.2809752256683949	-1.0310411783332138	70	
SUMOYLATION OF DNA METHYLATION PROTEINS%REACTOME%R-HSA-4655427.5	0.3757700205338809	0.6851540041067762	0.09656295543094219	-0.4139477368011498	-1.0642080919689423	15	
CELL KILLING%GOBP%GO:0001906	0.37627811860940696	0.6853189707414393	0.09624060232812902	-0.3454830513662824	-1.0580585195468317	28	
DEFECTIVE CHSY1 CAUSES TPBS%REACTOME%R-HSA-3595177.4	0.37627811860940696	0.6853189707414393	0.09624060232812902	-0.5227350857741945	-1.0951442891353926	7	
HALLMARK_APICAL_SURFACE%MSIGDBHALLMARK%HALLMARK_APICAL_SURFACE	0.3765182186234818	0.6856294397201408	0.09560314922043013	-0.36354899191852386	-1.0460336007119002	22	
STEROL REGULATORY ELEMENT BINDING PROTEINS SREBP SIGNALING%WIKIPATHWAYS_20250810%WP1982%HOMO SAPIENS	0.37678207739307534	0.6859830499282951	0.09592067779217453	-0.3044579866519529	-1.0500192325046875	49	
REGULATION OF NON-CANONICAL NF-KAPPAB SIGNAL TRANSDUCTION%GOBP%GO:1901222	0.3770491803278688	0.6862155692251749	0.09624060232812902	-0.3118772611331748	-1.0473452594272263	43	
ALPHA-AMINO ACID CATABOLIC PROCESS%GOBP%GO:1901606	0.3782178217821782	0.6877068648693124	0.09405034657278127	-0.30463925141025433	-1.0410770808705534	45	
NITRIC OXIDE METABOLISM IN CYSTIC FIBROSIS%WIKIPATHWAYS_20250810%WP4947%HOMO SAPIENS	0.3783231083844581	0.6877447874309607	0.09592067779217453	-0.5216330145670709	-1.0928354198408925	7	
HETEROTRIMERIC G-PROTEIN SIGNALING PATHWAY-GQ ALPHA AND GO ALPHA MEDIATED PATHWAY%PANTHER PATHWAY%P00027	0.3788187372708758	0.6882915711473634	0.09560314922043013	-0.3032400425255433	-1.042545517459207	48	
CORTICAL MICROTUBULE ORGANIZATION%GOBP%GO:0043622	0.3790322580645161	0.6882915711473634	0.09497515259055948	-0.5457013650587282	-1.1018010507512526	6	
GUANINE NUCLEOTIDE TRANSPORT%GOBP%GO:0001408	0.3790322580645161	0.6882915711473634	0.09497515259055948	-0.5465328635246329	-1.103479891857566	6	
DE NOVO PYRIMIDINE RIBONUCLEOTIDES BIOSYTHESIS%PANTHER PATHWAY%P02740	0.3793103448275862	0.6882915711473634	0.09528798461948437	-0.45996968931435134	-1.06841820890784	10	
SULFUR COMPOUND CATABOLIC PROCESS%GOBP%GO:0044273	0.38028169014084506	0.6893688894663332	0.09466462231533423	-0.3564419733862296	-1.038942937713053	23	
ACTIVATED PKN1 STIMULATES TRANSCRIPTION OF AR (ANDROGEN RECEPTOR) REGULATED GENES KLK2 AND KLK3%REACTOME%R-HSA-5625886.3	0.3807615230460922	0.6897963631834599	0.0943563635421779	-0.3936731474750845	-1.048573988318659	17	
DETERMINATION OF LEFT/RIGHT SYMMETRY%GOBP%GO:0007368	0.38085539714867617	0.6897963631834599	0.09528798461948437	-0.30220433625688986	-1.0389847379566184	48	
CHEMOKINE-MEDIATED SIGNALING PATHWAY%GOBP%GO:0070098	0.3810483870967742	0.6897963631834599	0.09466462231533423	-0.3735188118422715	-1.0490307124578526	20	
MIR 124 PREDICTED INTERACTIONS WITH CELL CYCLE AND DIFFERENTIATION %WIKIPATHWAYS_20250810%WP3595%HOMO SAPIENS	0.3810483870967742	0.6897963631834599	0.09466462231533423	-0.5422150388833803	-1.0947619665758876	6	
POSITIVE REGULATION OF CHROMATIN BINDING%GOBP%GO:0035563	0.3815261044176707	0.6900268229420253	0.0943563635421779	-0.57916667051003	-1.1063585471826953	5	
REGULATION OF CHEMOKINE (C-C MOTIF) LIGAND 5 PRODUCTION%GOBP%GO:0071649	0.3815261044176707	0.6900268229420253	0.0943563635421779	-0.5791496943737813	-1.1063261183597102	5	
LOCOMOTOR RHYTHM%GOBP%GO:0045475	0.3824130879345603	0.69099637801499	0.09528798461948437	-0.5207550107039163	-1.0909959777549485	7	
NUCLEAR POLYADENYLATION-DEPENDENT RRNA CATABOLIC PROCESS%GOBP%GO:0071035	0.3824130879345603	0.69099637801499	0.09528798461948437	-0.5208661642833083	-1.0912288475411958	7	
SKELETAL MUSCLE FIBER DEVELOPMENT%GOBP%GO:0048741	0.3824130879345603	0.69099637801499	0.09528798461948437	-0.5208395052775072	-1.0911729961955492	7	
TRAMP-DEPENDENT TRNA SURVEILLANCE PATHWAY%GOBP%GO:0071038	0.3824130879345603	0.69099637801499	0.09528798461948437	-0.5208661642833083	-1.0912288475411958	7	
LNCRNA LIKE NMRK2 IN TRANSLOCATION RENAL CELL CARCINOMA%WIKIPATHWAYS_20250810%WP5519%HOMO SAPIENS	0.38353413654618473	0.6915487905521844	0.09405034657278127	-0.576327967531326	-1.1009358882775542	5	
NFE2L2 REGULATING INFLAMMATION ASSOCIATED GENES%REACTOME%R-HSA-9818026.1	0.38353413654618473	0.6915487905521844	0.09405034657278127	-0.5762055906207163	-1.1007021166399156	5	
COOPERATION OF PDCL (PHLP1) AND TRIC CCT IN G-PROTEIN BETA FOLDING%REACTOME%R-HSA-6814122.3	0.38414634146341464	0.6922776578509207	0.09466462231533423	-0.33984962092534104	-1.0515633416133428	29	
POSITIVE REGULATION OF CALCIUM ION TRANSPORT%GOBP%GO:0051928	0.384297520661157	0.6922776578509207	0.09560314922043013	-0.3223816253132304	-1.047020906162073	38	
BINDING OF TCF LEF:CTNNB1 TO TARGET GENE PROMOTERS%REACTOME%R-HSA-4411364.5	0.38445807770961143	0.6922776578509207	0.09497515259055948	-0.5201565154822451	-1.0897421139108614	7	
FATTY ACID ELONGATION IN MITOCHONDRIA%SMPDB%SMP0000054	0.38445807770961143	0.6922776578509207	0.09497515259055948	-0.5199490270266413	-1.0893074199264705	7	
LONG-CHAIN-3-HYDROXYACYL-COA DEHYDROGENASE DEFICIENCY (LCHAD)%PATHWHIZ%PW000520	0.38445807770961143	0.6922776578509207	0.09497515259055948	-0.5199490270266413	-1.0893074199264705	7	
GLYCINE METABOLISM INCLUDING IMDS%WIKIPATHWAYS_20250810%WP5028%HOMO SAPIENS	0.38492063492063494	0.6924773563728434	0.09314545753378035	-0.4443793274781934	-1.061025317900944	11	
GLYCOSYL COMPOUND CATABOLIC PROCESS%GOBP%GO:1901658	0.38492063492063494	0.6924773563728434	0.09314545753378035	-0.4439772050070986	-1.0600651874530453	11	
TRNA MODIFICATION IN THE MITOCHONDRION%REACTOME%R-HSA-6787450.8	0.385395537525355	0.6929518740822946	0.0943563635421779	-0.4573153125624896	-1.0622526190420856	10	
EMBRYONIC EPITHELIAL TUBE FORMATION%GOBP%GO:0001838	0.3865546218487395	0.6943974272173324	0.09624060232812902	-0.33903008578085664	-1.0524075195445368	31	
IL1 AND MEGAKARYOCYTES IN OBESITY%WIKIPATHWAYS_20250810%WP2865%HOMO SAPIENS	0.3866943866943867	0.6943974272173324	0.09560314922043013	-0.49661649927988377	-1.0737392859821873	8	
SYNTHESIS OF ACTIVE UBIQUITIN: ROLES OF E1 AND E2 ENZYMES%REACTOME DATABASE ID RELEASE 93%8866652	0.3867735470941884	0.6943974272173324	0.09344492194109945	-0.33550427795932253	-1.046763550218515	30	
PURINE-CONTAINING COMPOUND TRANSMEMBRANE TRANSPORT%GOBP%GO:0072530	0.3869047619047619	0.6943974272173324	0.09284812141598782	-0.38308623312489515	-1.0456824481729747	18	
FOCAL ADHESION ASSEMBLY%GOBP%GO:0048041	0.3870967741935484	0.694488855450014	0.09374654224917187	-0.3730459971821971	-1.0477028085237188	20	
SEROTONIN RECEPTOR 4 6 7 AND NR3C SIGNALING%WIKIPATHWAYS_20250810%WP734%HOMO SAPIENS	0.38755020080321284	0.6950490486536308	0.09344492194109945	-0.4301116282733596	-1.0650723793941004	13	
INTERFERON-MEDIATED SIGNALING PATHWAY%GOBP%GO:0140888	0.3882113821138211	0.6956441684954237	0.09405034657278127	-0.3383571612836381	-1.0469453701594418	29	
POSITIVE REGULATION OF MOLECULAR FUNCTION%GOBP%GO:0044093	0.3882113821138211	0.6956441684954237	0.09405034657278127	-0.23052258265053552	-1.0224015650420875	326	
POSITIVE REGULATION OF TELOMERE MAINTENANCE VIA TELOMERE LENGTHENING%GOBP%GO:1904358	0.3885480572597137	0.6960779060733517	0.0943563635421779	-0.3480931902487823	-1.041015923385513	26	
RAC1 PAK1 P38 MMP2 PATHWAY%WIKIPATHWAYS_20250810%WP3303%HOMO SAPIENS	0.3890020366598778	0.6963671680184792	0.09405034657278127	-0.30121694337530536	-1.0355900608747475	48	
FCERI MEDIATED NF-KB ACTIVATION%REACTOME DATABASE ID RELEASE 93%2871837	0.38923395445134573	0.6963671680184792	0.09497515259055948	-0.2917161013218831	-1.040114798432314	61	
NUCLEAR RNA DECAY%REACTOME%R-HSA-9930044.1	0.38934426229508196	0.6963671680184792	0.0943563635421779	-0.31989842559956694	-1.0294167923733353	35	
RESPONSE TO STEROL DEPLETION%GOBP%GO:0006991	0.3895582329317269	0.6963671680184792	0.09314545753378035	-0.4708188066954896	-1.064270449438505	9	
REGULATION OF CILIUM ASSEMBLY%GOBP%GO:1902017	0.38979591836734695	0.6966655676610815	0.09405034657278127	-0.28732677430996795	-1.0424867760127952	65	
PURINE RIBONUCLEOSIDE METABOLIC PROCESS%GOBP%GO:0046128	0.39059304703476483	0.6974572254451024	0.09405034657278127	-0.5144714397422354	-1.0778317248832092	7	
SODIUM PROTON EXCHANGERS%REACTOME%R-HSA-425986.3	0.39059304703476483	0.6974572254451024	0.09405034657278127	-0.5146148963886652	-1.0781322704776253	7	
REGULATION OF INTRINSIC APOPTOTIC SIGNALING PATHWAY IN RESPONSE TO DNA DAMAGE%GOBP%GO:1902229	0.39094650205761317	0.6977087654992313	0.0943563635421779	-0.3425769812596077	-1.039551048568576	27	
POSITIVE REGULATION OF INTERFERON-BETA PRODUCTION%GOBP%GO:0032728	0.39285714285714285	0.6985847379881526	0.09528798461948437	-0.33782090196919584	-1.0486540056551354	31	
POSITIVE REGULATION OF FIBROBLAST PROLIFERATION%GOBP%GO:0048146	0.39314516129032256	0.6988458671356772	0.09284812141598782	-0.36991164914917485	-1.0388999658129192	20	
NEGATIVE REGULATION OF CELL DEVELOPMENT%GOBP%GO:0010721	0.3941176470588235	0.7001953000615619	0.0911073131586733	-0.26307260670225274	-1.0231723151003802	98	
POSITIVE REGULATION OF ION TRANSMEMBRANE TRANSPORTER ACTIVITY%GOBP%GO:0032414	0.3944223107569721	0.7006101518515511	0.09196861400004266	-0.37698655451358815	-1.0448960919348225	19	
NEPHRON DEVELOPMENT%GOBP%GO:0072006	0.395112016293279	0.7012071359897447	0.09314545753378035	-0.2996258141568575	-1.0333539641357201	49	
CEREBRAL ORGANIC ACIDURIAS INCLUDING DISEASES%WIKIPATHWAYS_20250810%WP4519%HOMO SAPIENS	0.39558232931726905	0.7012306001971966	0.09225972605273541	-0.5734993849961896	-1.095532562044358	5	
POSITIVE REGULATION OF MITOCHONDRIAL TRANSLATION%GOBP%GO:0070131	0.39558232931726905	0.7012306001971966	0.09225972605273541	-0.4261009179716861	-1.055140779122766	13	
POSTSYNAPTIC DENSITY ASSEMBLY%GOBP%GO:0097107	0.39558232931726905	0.7012306001971966	0.09225972605273541	-0.572858299134519	-1.0943079217833556	5	
POSTSYNAPTIC SPECIALIZATION ASSEMBLY%GOBP%GO:0098698	0.39558232931726905	0.7012306001971966	0.09225972605273541	-0.572858299134519	-1.0943079217833556	5	
RHOA GTPASE CYCLE%REACTOME DATABASE ID RELEASE 93%8980692	0.3956262425447316	0.7012306001971966	0.0916795246008379	-0.2561020314164703	-1.0249554237406495	125	
POLY(A)+ MRNA EXPORT FROM NUCLEUS%GOBP%GO:0016973	0.39630390143737165	0.7016738380781085	0.09344492194109945	-0.40825661285937304	-1.0495769208987973	15	
STRESS-ACTIVATED MAPK CASCADE%GOBP%GO:0051403	0.39630390143737165	0.7016738380781085	0.09344492194109945	-0.40763588575107973	-1.0479811087881792	15	
HIPPO MERLIN SIGNALING DYSREGULATION%WIKIPATHWAYS_20250810%WP4541%HOMO SAPIENS	0.39669421487603307	0.7018950784566503	0.09374654224917187	-0.2916950524028441	-1.0355377426685657	60	
DENDRITIC CELL DIFFERENTIATION%GOBP%GO:0097028	0.3967280163599182	0.7018950784566503	0.09314545753378035	-0.513178875222137	-1.0751237668925413	7	
REGULATION OF T CELL DIFFERENTIATION%GOBP%GO:0045580	0.3971774193548387	0.7023097773224221	0.09225972605273541	-0.27039888729143075	-1.0113355541100741	80	
L-AMINO ACID CATABOLIC PROCESS%GOBP%GO:0170035	0.3987603305785124	0.7033277039993859	0.09344492194109945	-0.3184705083037721	-1.0343185033146087	38	
OLIGOPEPTIDE TRANSPORT%GOBP%GO:0006857	0.3987730061349693	0.7033277039993859	0.09284812141598782	-0.51218038227022	-1.0730318968731138	7	
PYRUVATE METABOLISM%PANTHER PATHWAY%P02772	0.3987730061349693	0.7033277039993859	0.09284812141598782	-0.5120679614530312	-1.0727963721890534	7	
OVULATION CYCLE PROCESS%GOBP%GO:0022602	0.3991683991683992	0.7035691231392315	0.09374654224917187	-0.4919517345231737	-1.0636535534573766	8	
WATER TRANSPORT%GOBP%GO:0006833	0.39959839357429716	0.7038503796148916	0.0916795246008379	-0.5717737182063769	-1.0922360909252284	5	
CCR9%IOB%CCR9	0.4007936507936508	0.705605933797615	0.09082414190071554	-0.44186762836808446	-1.055028242470144	11	
RA BIOSYNTHESIS PATHWAY%REACTOME%R-HSA-5365859.4	0.40081799591002043	0.705605933797615	0.09255288646847727	-0.5118730805260346	-1.0723880913216124	7	
ACTIN FILAMENT BUNDLE ASSEMBLY%GOBP%GO:0051017	0.4012605042016807	0.706006240952421	0.09405034657278127	-0.3124742033827822	-1.0303595924699194	40	
REGULATION OF NEURAL PRECURSOR CELL PROLIFERATION%GOBP%GO:2000177	0.4012605042016807	0.706006240952421	0.09405034657278127	-0.3328357166919039	-1.033179135747761	31	
CELLULAR RESPONSE TO TYPE II INTERFERON%GOBP%GO:0071346	0.4024390243902439	0.7069279410141122	0.09196861400004266	-0.33593174641039153	-1.0394406468586908	29	
BMP2 WNT4 FOXO1 PATHWAY IN PRIMARY ENDOMETRIAL STROMAL CELL DIFFERENTIATION%WIKIPATHWAYS_20250810%WP3876%HOMO SAPIENS	0.4036144578313253	0.7069279410141122	0.0911073131586733	-0.5694911088601322	-1.0878757150806155	5	
GLIAL CELL MIGRATION%GOBP%GO:0008347	0.4036144578313253	0.7069279410141122	0.0911073131586733	-0.424850418348365	-1.0520442048343919	13	
GLYCOSIDE METABOLIC PROCESS%GOBP%GO:0016137	0.4036144578313253	0.7069279410141122	0.0911073131586733	-0.4660115115364994	-1.0534037166175472	9	
POSITIVE REGULATION OF DNA DAMAGE CHECKPOINT%GOBP%GO:2000003	0.4036144578313253	0.7069279410141122	0.0911073131586733	-0.5688940423646065	-1.0867351632253446	5	
SARCOMERE ORGANIZATION%GOBP%GO:0045214	0.40365111561866124	0.7069279410141122	0.0916795246008379	-0.41398628250898795	-1.0459865298951938	14	
ESTABLISHMENT OF PROTEIN LOCALIZATION TO MITOCHONDRIAL MEMBRANE%GOBP%GO:0090151	0.4065040650406504	0.7089690416234632	0.09139243259437684	-0.335208737417384	-1.037203511061295	29	
PROTEIN INSERTION INTO MITOCHONDRIAL MEMBRANE%GOBP%GO:0051204	0.4065040650406504	0.7089690416234632	0.09139243259437684	-0.335208737417384	-1.037203511061295	29	
BUTYRATE METABOLISM%PATHWHIZ%PW000014	0.40725806451612906	0.7090827415076582	0.09082414190071554	-0.5307163177247125	-1.0715454165246479	6	
PITUITARY GLAND DEVELOPMENT%GOBP%GO:0021983	0.40725806451612906	0.7090827415076582	0.09082414190071554	-0.5302154220740543	-1.0705340806740355	6	
DEUBIQUITINATION%REACTOME DATABASE ID RELEASE 93%5688426	0.4073319755600815	0.7090860380771857	0.09139243259437684	-0.23809058471609337	-1.0190303329308552	220	
TRANSCRIPTION INITIATION AT RNA POLYMERASE II PROMOTER%GOBP%GO:0006367	0.4074074074074074	0.7090919804372164	0.08889452886204495	-0.2537330974907419	-1.0247677678013356	131	
PROTEINOGENIC AMINO ACID CATABOLIC PROCESS%GOBP%GO:0170040	0.40756302521008403	0.7092295671464796	0.09314545753378035	-0.3105484623826742	-1.0240096100054685	40	
DETERMINATION OF ADULT LIFESPAN%GOBP%GO:0008340	0.40763052208835343	0.7092295671464796	0.09054289484694737	-0.5660428400189428	-1.0812886272876074	5	
RUNX2 REGULATES OSTEOBLAST DIFFERENTIATION%REACTOME%R-HSA-8940973.2	0.40836653386454186	0.7100611576687026	0.08998607949971373	-0.37305635609359433	-1.0340027353405041	19	
HORMONE METABOLIC PROCESS%GOBP%GO:0042445	0.4093686354378819	0.7114993088299003	0.0911073131586733	-0.29866319065780683	-1.0268102063866875	48	
CEREBRAL CORTEX NEURON DIFFERENTIATION%GOBP%GO:0021895	0.40963855421686746	0.711842782354267	0.09026354843400684	-0.5652651715029579	-1.07980307873424	5	
POSITIVE REGULATION OF VIRAL LIFE CYCLE%GOBP%GO:1903902	0.40973630831643004	0.7118870110611558	0.09082414190071554	-0.4124344673661092	-1.0420656808117383	14	
EYE MORPHOGENESIS%GOBP%GO:0048592	0.41020408163265304	0.711952967806841	0.0911073131586733	-0.2895420742572454	-1.0179603702826856	55	
5HT4 TYPE RECEPTOR MEDIATED SIGNALING PATHWAY%PANTHER PATHWAY%P04376	0.4107142857142857	0.711952967806841	0.08943668337186206	-0.43573841347995435	-1.0403937809346204	11	
BETA3 ADRENERGIC RECEPTOR SIGNALING PATHWAY%PANTHER PATHWAY%P04379	0.4107142857142857	0.711952967806841	0.08943668337186206	-0.43573841347995435	-1.0403937809346204	11	
FOLIC ACID METABOLIC PROCESS%GOBP%GO:0046655	0.4107142857142857	0.711952967806841	0.08943668337186206	-0.43760382597095154	-1.0448477457320127	11	
HORMONE BIOSYNTHETIC PROCESS%GOBP%GO:0042446	0.4107142857142857	0.711952967806841	0.08943668337186206	-0.4369006220472409	-1.0431687361098991	11	
LPA4-MEDIATED SIGNALING EVENTS%PATHWAY INTERACTION DATABASE NCI-NATURE CURATED DATA%LPA4-MEDIATED SIGNALING EVENTS	0.4107142857142857	0.711952967806841	0.08943668337186206	-0.43577493832661074	-1.0404809897326868	11	
MRNA METHYLGUANOSINE-CAP DECAPPING%GOBP%GO:0110156	0.4107142857142857	0.711952967806841	0.08943668337186206	-0.4389304182345309	-1.0480151927556556	11	
PEPTIDYL-GLUTAMIC ACID MODIFICATION%GOBP%GO:0018200	0.4107142857142857	0.711952967806841	0.08943668337186206	-0.4357461466274808	-1.040412245036808	11	
PROTEIN DENEDDYLATION%GOBP%GO:0000338	0.4107142857142857	0.711952967806841	0.08943668337186206	-0.4376285077449358	-1.044906677337217	11	
CELLULAR RESPONSE TO STEROL DEPLETION%GOBP%GO:0071501	0.41164241164241167	0.7128952512955243	0.09196861400004266	-0.4892257193471974	-1.057759609955955	8	
SREBP SIGNALING PATHWAY%GOBP%GO:0032933	0.41164241164241167	0.7128952512955243	0.09196861400004266	-0.4892257193471974	-1.057759609955955	8	
BILE ACID SYNTHESIS AND ENTEROHEPATIC CIRCULATION %WIKIPATHWAYS_20250810%WP4389%HOMO SAPIENS	0.41164658634538154	0.7128952512955243	0.08998607949971373	-0.5644512833098461	-1.07824834120401	5	
GENERAL TRANSCRIPTION BY RNA POLYMERASE I%PANTHER PATHWAY%P00022	0.4117647058823529	0.7128952512955243	0.09054289484694737	-0.4121586455571625	-1.0413687835738368	14	
CALCIUM REGULATION IN CARDIAC CELLS%WIKIPATHWAYS_20250810%WP536%HOMO SAPIENS	0.4121212121212121	0.7132616372904648	0.09026354843400684	-0.27028918124703777	-1.0064070487177326	76	
SLC TRANSPORTER DISORDERS%REACTOME%R-HSA-5619102.8	0.41260162601626016	0.7136333985649054	0.09054289484694737	-0.2864811852891722	-1.0160963683783317	57	
NEGATIVE REGULATION OF GLYCOPROTEIN METABOLIC PROCESS%GOBP%GO:1903019	0.4126984126984127	0.7136333985649054	0.08916471178206781	-0.43516513169558413	-1.0390249807904732	11	
FOLIC ACID-CONTAINING COMPOUND BIOSYNTHETIC PROCESS%GOBP%GO:0009396	0.41330645161290325	0.7141831032960065	0.08998607949971373	-0.5259485433000429	-1.0619190178985778	6	
PROTEIN LOCALIZATION TO CILIARY TRANSITION ZONE%GOBP%GO:1904491	0.41330645161290325	0.7141831032960065	0.08998607949971373	-0.5259367477384598	-1.0618952020113934	6	
CORTOCOTROPIN RELEASING FACTOR RECEPTOR SIGNALING PATHWAY%PANTHER PATHWAY%P04380	0.41365461847389556	0.7142733718220305	0.08971046527429813	-0.42313532061168574	-1.0477971603296163	13	
NEGATIVE REGULATION OF MUSCLE TISSUE DEVELOPMENT%GOBP%GO:1901862	0.41365461847389556	0.7142733718220305	0.08971046527429813	-0.5640355889256594	-1.0774542571201386	5	
NEGATIVE REGULATION OF STRIATED MUSCLE TISSUE DEVELOPMENT%GOBP%GO:0045843	0.41365461847389556	0.7142733718220305	0.08971046527429813	-0.5640355889256594	-1.0774542571201386	5	
GALACTOSE CATABOLIC PROCESS%GOBP%GO:0019388	0.41372141372141374	0.7142733718220305	0.0916795246008379	-0.4885739027212631	-1.0563503109907841	8	
RETINA VASCULATURE DEVELOPMENT IN CAMERA-TYPE EYE%GOBP%GO:0061298	0.41372141372141374	0.7142733718220305	0.0916795246008379	-0.4883685980924896	-1.0559064198880364	8	
PURINE NUCLEOSIDE TRIPHOSPHATE METABOLIC PROCESS%GOBP%GO:0009144	0.4150197628458498	0.7155794264235769	0.0886261133285098	-0.25082970728011245	-1.0130613434427382	133	
2-LTR CIRCLE FORMATION%REACTOME%R-HSA-164843.4	0.41513292433537835	0.7155794264235769	0.09054289484694737	-0.5082439601237867	-1.0647849849083126	7	
BLASTOCYST DEVELOPMENT%GOBP%GO:0001824	0.41513292433537835	0.7155794264235769	0.09054289484694737	-0.5081094567813863	-1.0645031967304994	7	
CRISTAE FORMATION%REACTOME%R-HSA-8949613.3	0.4163265306122449	0.717136287685123	0.09026354843400684	-0.3204164355220571	-1.0222261321182229	33	
NETRIN UNC5B SIGNALING%WIKIPATHWAYS_20250810%WP4747%HOMO SAPIENS	0.4166666666666667	0.7172202797202797	0.08998607949971373	-0.33157500032950893	-1.0259599948723812	29	
NEGATIVE REGULATION OF STRESS-ACTIVATED MAPK CASCADE%GOBP%GO:0032873	0.4171779141104294	0.7175984874792607	0.09026354843400684	-0.5073431980141231	-1.0628978636740327	7	
NEGATIVE REGULATION OF STRESS-ACTIVATED PROTEIN KINASE SIGNALING CASCADE%GOBP%GO:0070303	0.4171779141104294	0.7175984874792607	0.09026354843400684	-0.5073431980141231	-1.0628978636740327	7	
REGULATION OF HETEROCHROMATIN FORMATION%GOBP%GO:0031445	0.4171779141104294	0.7175984874792607	0.09026354843400684	-0.507762154285563	-1.0637755885112423	7	
CALCINEURIN-MEDIATED SIGNALING%GOBP%GO:0097720	0.4178498985801217	0.7177512389078644	0.08971046527429813	-0.410179553982889	-1.0363683687881748	14	
REGULATION OF REGULATORY T CELL DIFFERENTIATION%GOBP%GO:0045589	0.4178498985801217	0.7177512389078644	0.08971046527429813	-0.4102684280092527	-1.0365929197898907	14	
DOPAMINE METABOLIC PROCESS%GOBP%GO:0042417	0.41967871485943775	0.7182991788118664	0.08889452886204495	-0.459783645722999	-1.0393258304878548	9	
ACTIVATION OF CAMP-DEPENDENT PROTEIN KINASE, PKA%SMPDB%SMP0063764	0.41995841995842	0.7182991788118664	0.09082414190071554	-0.4857899499649384	-1.0503311000923972	8	
CONGENITAL DISORDER OF GLYCOSYLATION CDG-IID%PATHWHIZ%PW000555	0.41995841995842	0.7182991788118664	0.09082414190071554	-0.4856236373461715	-1.0499715139876593	8	
GLUT-1 DEFICIENCY SYNDROME%SMPDB%SMP0000580	0.41995841995842	0.7182991788118664	0.09082414190071554	-0.4856236373461715	-1.0499715139876593	8	
LACTOSE SYNTHESIS%SMPDB%SMP0000444	0.41995841995842	0.7182991788118664	0.09082414190071554	-0.4856236373461715	-1.0499715139876593	8	
PROTEIN HOMOTRIMERIZATION%GOBP%GO:0070207	0.41995841995842	0.7182991788118664	0.09082414190071554	-0.4847255782971147	-1.0480298119227816	8	
PROTEIN TRIMERIZATION%GOBP%GO:0070206	0.41995841995842	0.7182991788118664	0.09082414190071554	-0.4847255782971147	-1.0480298119227816	8	
NEGATIVE CHEMOTAXIS%GOBP%GO:0050919	0.42052313883299797	0.7182991788118664	0.08889452886204495	-0.3467443985947826	-1.010676831039918	23	
RAS PROCESSING%REACTOME DATABASE ID RELEASE 93%9648002	0.42084168336673344	0.7182991788118664	0.0886261133285098	-0.3849097063105152	-1.0252319937928323	17	
EPIGENETIC PROGRAMMING IN THE ZYGOTIC PRONUCLEI%GOBP%GO:0044725	0.4212678936605317	0.7182991788118664	0.08971046527429813	-0.5065142192314127	-1.0611611304712956	7	
MITOCHONDRIAL BETA-OXIDATION OF SHORT CHAIN SATURATED FATTY ACIDS%PATHWHIZ%PW000171	0.4212678936605317	0.7182991788118664	0.08971046527429813	-0.5060119977837232	-1.0601089628145104	7	
SHORT-CHAIN 3-HYDROXYACYL-COA DEHYDROGENASE DEFICIENCY (SCHAD)%PATHWHIZ%PW000544	0.4212678936605317	0.7182991788118664	0.08971046527429813	-0.5060119977837232	-1.0601089628145104	7	
MIRNA BIOGENESIS%WIKIPATHWAYS_20250810%WP2338%HOMO SAPIENS	0.4213709677419355	0.7182991788118664	0.08889452886204495	-0.5222096648001957	-1.0543700166984074	6	
OLIGOPEPTIDE TRANSMEMBRANE TRANSPORT%GOBP%GO:0035672	0.4213709677419355	0.7182991788118664	0.08889452886204495	-0.5217501695423089	-1.0534422705163902	6	
CHEMOKINE (C-X-C MOTIF) LIGAND 12 SIGNALING PATHWAY%GOBP%GO:0038146	0.42168674698795183	0.7182991788118664	0.0886261133285098	-0.5621872099087152	-1.0739233738218499	5	
MESENCHYMAL CELL DIFFERENTIATION%GOBP%GO:0048762	0.42168674698795183	0.7182991788118664	0.0886261133285098	-0.26243930804604465	-1.0133253552507564	95	
NEGATIVE REGULATION OF ANOIKIS%GOBP%GO:2000811	0.42168674698795183	0.7182991788118664	0.0886261133285098	-0.4200751206305914	-1.04021927993524	13	
PATHWAYS OF NUCLEIC ACID METABOLISM AND INNATE IMMUNE SENSING%WIKIPATHWAYS_20250810%WP4705%HOMO SAPIENS	0.42168674698795183	0.7182991788118664	0.0886261133285098	-0.45928339399280926	-1.0381950278815226	9	
POSITIVE REGULATION OF PLATELET AGGREGATION%GOBP%GO:1901731	0.42168674698795183	0.7182991788118664	0.0886261133285098	-0.5600328709968843	-1.069808027773823	5	
REGULATION OF SUBSTRATE ADHESION-DEPENDENT CELL SPREADING%GOBP%GO:1900024	0.4222689075630252	0.7182991788118664	0.0911073131586733	-0.30612821978251004	-1.0094342008522716	40	
APEX1-INDEPENDENT RESOLUTION OF AP SITES VIA THE SINGLE NUCLEOTIDE REPLACEMENT PATHWAY%REACTOME%R-HSA-5649702.4	0.4233128834355828	0.7187340317825054	0.08943668337186206	-0.5049298364386287	-1.0578418052250247	7	
B CELL ACTIVATION%GOBP%GO:0042113	0.42362525458248473	0.7189584533893287	0.08916471178206781	-0.28725148027125474	-1.0141717438799958	58	
MITOCHONDRIAL GENE EXPRESSION%GOBP%GO:0140053	0.4251968503937008	0.7204419530160692	0.08705158679467351	-0.2500952809324726	-1.0180416555574394	142	
POSITIVE REGULATION OF MITOCHONDRIAL CALCIUM ION CONCENTRATION%GOBP%GO:0051561	0.4254032258064516	0.7206143089518808	0.08835944425009051	-0.5210292660313883	-1.0519867267030865	6	
BIOCARTA_CK1_PATHWAY%MSIGDB_C2%BIOCARTA_CK1_PATHWAY	0.4259634888438134	0.7206143089518808	0.0886261133285098	-0.4444084280482865	-1.0322724904475231	10	
DOUBLE-STRAND BREAK REPAIR VIA CLASSICAL NONHOMOLOGOUS END JOINING%GOBP%GO:0097680	0.4259634888438134	0.7206143089518808	0.0886261133285098	-0.44401526390153073	-1.0313592482421297	10	
NUCLEOBASE-CONTAINING SMALL MOLECULE CATABOLIC PROCESS%GOBP%GO:0034656	0.4261954261954262	0.7206457438296696	0.08998607949971373	-0.48315713284355577	-1.0446386609967684	8	
OSTEOBLAST DIFFERENTIATION AND RELATED DISEASES%WIKIPATHWAYS_20250810%WP4787%HOMO SAPIENS	0.42650103519668736	0.7209369329606199	0.08971046527429813	-0.28558026372651746	-1.0182374476285778	61	
RNA POLYMERASE III TRANSCRIPTION INITIATION%REACTOME%R-HSA-76046.4	0.42653061224489797	0.7209369329606199	0.08889452886204495	-0.3139085339775551	-1.0160516309566685	36	
NEGATIVE REGULATION OF LEUKOCYTE APOPTOTIC PROCESS%GOBP%GO:2000107	0.4271047227926078	0.7214398868787127	0.08916471178206781	-0.3980878279355464	-1.0234342409434614	15	
MANNOSE METABOLISM%PANTHER PATHWAY%P02752	0.4274193548387097	0.7217237125264853	0.08809450103985174	-0.5207004602906397	-1.0513228498395735	6	
BREAST CANCER PATHWAY%WIKIPATHWAYS_20250810%WP4262%HOMO SAPIENS	0.42857142857142855	0.72304905512582	0.08628656262672446	-0.25650607091284594	-0.9996759913466469	99	
IRON IMPORT INTO CELL%GOBP%GO:0033212	0.42971887550200805	0.7237447910011582	0.08756971155485113	-0.55788674846940145	-1.065708377150815	5	
POSITIVE REGULATION OF CALCINEURIN-MEDIATED SIGNALING%GOBP%GO:0106058	0.42971887550200805	0.7237447910011582	0.08756971155485113	-0.41706901103832217	-1.032775341930098	13	
POSITIVE REGULATION OF CALCINEURIN-NFAT SIGNALING CASCADE%GOBP%GO:0070886	0.42971887550200805	0.7237447910011582	0.08756971155485113	-0.41706901103832217	-1.032775341930098	13	
POSITIVE REGULATION OF TYPE I INTERFERON PRODUCTION%GOBP%GO:0032481	0.430327868852459	0.7244304182134761	0.0886261133285098	-0.28641798073781594	-1.0077006920293725	56	
CENTROSOME LOCALIZATION%GOBP%GO:0051642	0.4305555555555556	0.7244304182134761	0.08679497567717195	-0.37520215108839017	-1.0241618465625242	18	
MICROTUBULE ORGANIZING CENTER LOCALIZATION%GOBP%GO:0061842	0.4305555555555556	0.7244304182134761	0.08679497567717195	-0.37520215108839017	-1.0241618465625242	18	
INTERLEUKIN-12 SIGNALING%REACTOME%R-HSA-9020591.3	0.43067226890756305	0.7244304182134761	0.08998607949971373	-0.3261442242279995	-1.0124075957536953	31	
HIPPO SIGNALING REGULATION%WIKIPATHWAYS_20250810%WP4540%HOMO SAPIENS	0.4308617234468938	0.7244304182134761	0.08730982576379309	-0.2850839732188118	-1.00301887167147	54	
MRNA 5'-SPLICE SITE RECOGNITION%GOBP%GO:0000395	0.4314516129032258	0.725174561393848	0.08756971155485113	-0.5195865347291633	-1.0490737729035808	6	
NEGATIVE REGULATION OF MUSCLE ORGAN DEVELOPMENT%GOBP%GO:0048635	0.4314516129032258	0.725174561393848	0.08756971155485113	-0.5200202519122091	-1.049949471735592	6	
NEURON RECOGNITION%GOBP%GO:0008038	0.43209876543209874	0.7257667083665037	0.0886261133285098	-0.3328769977214404	-1.0101164145744188	27	
TERTIARY ALCOHOL METABOLIC PROCESS%GOBP%GO:1902644	0.4334677419354839	0.7272742194937789	0.08730982576379309	-0.5189564742565406	-1.047801646177825	6	
BIOCARTA_CTBP1_PATHWAY%MSIGDB_C2%BIOCARTA_CTBP1_PATHWAY	0.43373493975903615	0.7272742194937789	0.08705158679467351	-0.556162066579534	-1.0624137874460142	5	
LIPID DIGESTION%GOBP%GO:0044241	0.43373493975903615	0.7272742194937789	0.08705158679467351	-0.5556621627993572	-1.0614588415761483	5	
N-ACYLETHANOLAMINE METABOLIC PROCESS%GOBP%GO:0070291	0.43373493975903615	0.7272742194937789	0.08705158679467351	-0.5553526962894737	-1.0608676802823278	5	
PURINE DEOXYRIBONUCLEOTIDE CATABOLIC PROCESS%GOBP%GO:0009155	0.43373493975903615	0.7272742194937789	0.08705158679467351	-0.5557810803757822	-1.0616860049883181	5	
ACTIN FILAMENT BUNDLE ORGANIZATION%GOBP%GO:0061572	0.4346938775510204	0.7277666924617151	0.08783126344801238	-0.30096395465287895	-1.0104161914548984	42	
POSITIVE REGULATION OF STRESS FIBER ASSEMBLY%GOBP%GO:0051496	0.4346938775510204	0.7277666924617151	0.08783126344801238	-0.31179889844690756	-1.009223213154584	36	
POSITIVE REGULATION OF VIRAL PROCESS%GOBP%GO:0048524	0.43564356435643564	0.7291087089331064	0.08603472424556043	-0.2954909015529269	-1.0098134228876794	45	
TCF DEPENDENT SIGNALING IN RESPONSE TO WNT%REACTOME DATABASE ID RELEASE 93%201681	0.4361493123772102	0.7298310893382073	0.08553569479878835	-0.2476398196075908	-1.0118709817496034	145	
REGULATION OF TELOMERE MAINTENANCE IN RESPONSE TO DNA DAMAGE%GOBP%GO:1904505	0.43687374749499	0.7305792264668636	0.08653997374441245	-0.38107467934916694	-1.0150171504844632	17	
METHIONINE BIOSYNTHETIC PROCESS%GOBP%GO:0009086	0.4376278118609407	0.7313108342808592	0.08756971155485113	-0.5010687690429968	-1.0497527635223225	7	
REGULATION OF VASCULAR ASSOCIATED SMOOTH MUSCLE CELL PROLIFERATION%GOBP%GO:1904705	0.4376278118609407	0.7313108342808592	0.08756971155485113	-0.3304065532167585	-1.0118860162968137	28	
S1P4 PATHWAY%PATHWAY INTERACTION DATABASE NCI-NATURE CURATED DATA%S1P4 PATHWAY	0.43775100401606426	0.7313925649995195	0.08653997374441245	-0.4144738002113093	-1.0263489000744055	13	
TRANSFER OF ACETYL GROUPS INTO MITOCHONDRIA%SMPDB%SMP0000466	0.4386694386694387	0.7324299293096987	0.08835944425009051	-0.4802930061885638	-1.0384461053447653	8	
POSITIVE REGULATION OF MRNA SPLICING, VIA SPLICEOSOME%GOBP%GO:0048026	0.43887775551102204	0.7326535064024284	0.08628656262672446	-0.3803829000375978	-1.013174551372939	17	
LYMPHOCYTE MEDIATED IMMUNITY%GOBP%GO:0002449	0.4396039603960396	0.7329338285463769	0.08553569479878835	-0.29521368247607477	-1.008866051772648	45	
RETINA LAYER FORMATION%GOBP%GO:0010842	0.4396728016359918	0.7329338285463769	0.08730982576379309	-0.5003359925493107	-1.048217576743948	7	
REGULATION OF VASCULOGENESIS%GOBP%GO:2001212	0.44016227180527384	0.7329338285463769	0.08679497567717195	-0.44020181262281177	-1.0225013585167446	10	
DNA METHYLATION-DEPENDENT CONSTITUTIVE HETEROCHROMATIN FORMATION%GOBP%GO:0006346	0.4402390438247012	0.7329377114470761	0.0857844408075645	-0.367264080201852	-1.01794824647286	19	
DISORDERS OF NERVOUS SYSTEM DEVELOPMENT%REACTOME DATABASE ID RELEASE 93%9697154	0.44047619047619047	0.7329607185108283	0.08553569479878835	-0.42669348497206844	-1.0187975959817057	11	
LOSS OF FUNCTION OF MECP2 IN RETT SYNDROME%REACTOME%R-HSA-9005891.5	0.44047619047619047	0.7329607185108283	0.08553569479878835	-0.42669348497206844	-1.0187975959817057	11	
PERVASIVE DEVELOPMENTAL DISORDERS%REACTOME%R-HSA-9005895.4	0.44047619047619047	0.7329607185108283	0.08553569479878835	-0.42669348497206844	-1.0187975959817057	11	
RIBOSE PHOSPHATE METABOLIC PROCESS%GOBP%GO:0019693	0.4409448818897638	0.7336166453340003	0.08504274637643215	-0.23908890261820118	-1.0103576776792988	186	
NEGATIVE REGULATION OF VIRAL PROCESS%GOBP%GO:0048525	0.4415322580645161	0.7344697774798489	0.08628656262672446	-0.29057205827107574	-1.0073351154622605	50	
ACQUIRED PARTIAL LIPODYSTROPHY BARRAQUER SIMONS SYNDROME%WIKIPATHWAYS_20250810%WP5104%HOMO SAPIENS	0.44176706827309237	0.7347362422663628	0.08603472424556043	-0.5535064698950144	-1.0573409090512664	5	
MEMBRANE DEPOLARIZATION%GOBP%GO:0051899	0.44308943089430897	0.7357999257867686	0.08653997374441245	-0.3398204854639452	-1.006390367489044	25	
CELL-CELL JUNCTION ORGANIZATION%REACTOME DATABASE ID RELEASE 93%421270	0.4446601941747573	0.7370709103103469	0.08383610571599288	-0.24015155639935706	-1.0062366057787973	171	
POSITIVE REGULATION OF PROTEIN SECRETION%GOBP%GO:0050714	0.4451345755693582	0.7377200860218652	0.08730982576379309	-0.2827245611599916	-1.0080554299548696	61	
OMEGA 3 OMEGA 6 FATTY ACID SYNTHESIS%WIKIPATHWAYS_20250810%WP4723%HOMO SAPIENS	0.4457831325301205	0.7383386564984754	0.08553569479878835	-0.45193068104504547	-1.0215744617481692	9	
BIOCARTA_ETC_PATHWAY%MSIGDB_C2%BIOCARTA_ETC_PATHWAY	0.4458077709611452	0.7383386564984754	0.08653997374441245	-0.4989048946054671	-1.0452193874449218	7	
SEX DETERMINATION%GOBP%GO:0007530	0.4475806451612903	0.7393778705843024	0.08553569479878835	-0.5125508800422383	-1.0348683993730552	6	
DERMATAN SULFATE PROTEOGLYCAN BIOSYNTHETIC PROCESS%GOBP%GO:0050651	0.44793713163064836	0.7393778705843024	0.08407455779107234	-0.4155802809763933	-1.0220552110772994	12	
ENDOCHONDRAL BONE MORPHOGENESIS%GOBP%GO:0060350	0.44793713163064836	0.7393778705843024	0.08407455779107234	-0.4153606660444482	-1.0215151022321503	12	
REGULATION OF ATP BIOSYNTHETIC PROCESS%GOBP%GO:2001169	0.44793713163064836	0.7393778705843024	0.08407455779107234	-0.41552304636205983	-1.0219144514250462	12	
REGULATION OF NUCLEOTIDE BIOSYNTHETIC PROCESS%GOBP%GO:0030808	0.44793713163064836	0.7393778705843024	0.08407455779107234	-0.41552304636205983	-1.0219144514250462	12	
REGULATION OF PURINE NUCLEOTIDE BIOSYNTHETIC PROCESS%GOBP%GO:1900371	0.44793713163064836	0.7393778705843024	0.08407455779107234	-0.41552304636205983	-1.0219144514250462	12	
PID_INTEGRIN2_PATHWAY%MSIGDB_C2%PID_INTEGRIN2_PATHWAY	0.4495967741935484	0.7414957853785055	0.08528846897905017	-0.5106777529923617	-1.0310864529021635	6	
POSITIVE REGULATION OF TELOMERE MAINTENANCE IN RESPONSE TO DNA DAMAGE%GOBP%GO:1904507	0.45030425963488846	0.7423179013821799	0.08553569479878835	-0.39949861540796683	-1.0093816826393072	14	
REGULATION OF T CELL MEDIATED IMMUNE RESPONSE TO TUMOR CELL%GOBP%GO:0002840	0.4503968253968254	0.7423179013821799	0.08431443206426534	-0.4234901065737761	-1.0111490278030433	11	
NEGATIVE REGULATION OF CELL-SUBSTRATE ADHESION%GOBP%GO:0010812	0.45102040816326533	0.7429725512423474	0.0857844408075645	-0.29852531634581075	-1.002229032851783	42	
SUMO IS PROTEOLYTICALLY PROCESSED%REACTOME DATABASE ID RELEASE 93%3065679	0.45161290322580644	0.7435448027861818	0.08504274637643215	-0.509073670538911	-1.0278477222596014	6	
REGULATION OF MEMBRANE PERMEABILITY%GOBP%GO:0090559	0.4517453798767967	0.7435448027861818	0.08603472424556043	-0.30804598552248064	-0.9974048820019683	37	
REGULATION OF SPINDLE ASSEMBLY%GOBP%GO:0090169	0.4532520325203252	0.7452771396451439	0.08528846897905017	-0.3233132947288164	-1.0003966097338748	29	
TRANSPOSABLE ELEMENT SILENCING%GOBP%GO:0010526	0.4534412955465587	0.745416779904492	0.08504274637643215	-0.3435737399188753	-0.988559133064352	22	
DEFECTIVE CHST14 CAUSES EDS, MUSCULOCONTRACTURAL TYPE%REACTOME%R-HSA-3595174.4	0.4539877300613497	0.7456194174757281	0.08553569479878835	-0.49562336516621347	-1.0383444935974853	7	
LIPOPROTEIN CATABOLIC PROCESS%GOBP%GO:0042159	0.4539877300613497	0.7456194174757281	0.08553569479878835	-0.49565541112490297	-1.0384116307566387	7	
CHEMOKINE SIGNALING%WIKIPATHWAYS_20250810%WP3929%HOMO SAPIENS	0.454	0.7456194174757281	0.08431443206426534	-0.2608360849582312	-0.9887097516762312	84	
CELLULAR RESPONSE TO INTERLEUKIN-1%GOBP%GO:0071347	0.45454545454545453	0.7456605373966254	0.08603472424556043	-0.30620262612582555	-0.9944752613117092	38	
RESPONSE TO FIBROBLAST GROWTH FACTOR%GOBP%GO:0071774	0.45510204081632655	0.7462006151336471	0.08528846897905017	-0.30734639041842615	-0.9948114417163801	36	
NEGATIVE REGULATION OF VASCULAR ENDOTHELIAL GROWTH FACTOR RECEPTOR SIGNALING PATHWAY%GOBP%GO:0030948	0.4553014553014553	0.7464032848648234	0.08628656262672446	-0.4718335155276368	-1.020155759624863	8	
PID_FRA_PATHWAY%MSIGDB_C2%PID_FRA_PATHWAY	0.45546558704453444	0.7465480556085378	0.0847985102819124	-0.34282995664953114	-0.9864190575623528	22	
BASEMENT MEMBRANE ORGANIZATION%GOBP%GO:0071711	0.45582329317269077	0.7467614217268408	0.08431443206426534	-0.410737662505127	-1.0170972155932352	13	
MOLECULAR PATHWAY FOR OXIDATIVE STRESS%WIKIPATHWAYS_20250810%WP5477%HOMO SAPIENS	0.4563894523326572	0.7471916441083044	0.0847985102819124	-0.31094228246926886	-1.0018381668533358	34	
FOREBRAIN GENERATION OF NEURONS%GOBP%GO:0021872	0.4567404426559356	0.7476419614946537	0.08431443206426534	-0.3400751703382128	-0.9912376288288707	23	
BIOSYNTHESIS OF SPECIALIZED PRORESOLVING MEDIATORS (SPMS)%REACTOME%R-HSA-9018678.5	0.4576612903225806	0.7485278629583778	0.08431443206426534	-0.506911394928968	-1.0234819689527674	6	
ATRIOVENTRICULAR NODE DEVELOPMENT%GOBP%GO:0003162	0.4578313253012048	0.7485278629583778	0.08407455779107234	-0.5515491658337818	-1.0536019506687457	5	
MAMMARY GLAND EPITHELIAL CELL DIFFERENTIATION%GOBP%GO:0060644	0.4578313253012048	0.7485278629583778	0.08407455779107234	-0.5476609648083897	-1.0461744783077778	5	
PYRIMIDINE RIBONUCLEOSIDE MONOPHOSPHATE METABOLIC PROCESS%GOBP%GO:0009173	0.4578313253012048	0.7485278629583778	0.08407455779107234	-0.5503241449493737	-1.0512618430711371	5	
UMP METABOLIC PROCESS%GOBP%GO:0046049	0.4578313253012048	0.7485278629583778	0.08407455779107234	-0.5503241449493737	-1.0512618430711371	5	
FEMALE PREGNANCY%GOBP%GO:0007565	0.45807770961145194	0.7485278629583778	0.08504274637643215	-0.32442461656128435	-0.9935660465712841	28	
REGULATION OF ACTIN FILAMENT-BASED MOVEMENT%GOBP%GO:1903115	0.4583333333333333	0.7485278629583778	0.0833634065110386	-0.36741138852645977	-1.0028959722907183	18	
SIGNALING BY HIPPO%REACTOME%R-HSA-2028269.3	0.4583333333333333	0.7485278629583778	0.0833634065110386	-0.3676409641060995	-1.0035226279452432	18	
CELLULAR RESPONSE TO FIBROBLAST GROWTH FACTOR STIMULUS%GOBP%GO:0044344	0.45841784989858014	0.7485278629583778	0.08455574424412811	-0.3101110799555082	-0.9991600801162829	34	
RAC2 GTPASE CYCLE%REACTOME DATABASE ID RELEASE 93%9013404	0.45875251509054327	0.7488191749969313	0.08407455779107234	-0.2701449929283953	-0.996041606842185	68	
POSITIVE REGULATION OF ISOTYPE SWITCHING%GOBP%GO:0045830	0.4598393574297189	0.7496337602192712	0.08383610571599288	-0.40896726410412443	-1.0127132317307181	13	
RIG-I SIGNALING PATHWAY%GOBP%GO:0039529	0.4598393574297189	0.7496337602192712	0.08383610571599288	-0.5470467942428427	-1.0450012532428365	5	
REGULATION OF AMPA RECEPTOR ACTIVITY%GOBP%GO:2000311	0.4601226993865031	0.7496337602192712	0.0847985102819124	-0.49101871705551337	-1.0286976299773731	7	
NEGATIVE REGULATION OF CALCIUM ION TRANSMEMBRANE TRANSPORT%GOBP%GO:1903170	0.4601593625498008	0.7496337602192712	0.0833634065110386	-0.3610590692870115	-1.000749777249746	19	
CARDIAC MUSCLE CELL ACTION POTENTIAL INVOLVED IN CONTRACTION%GOBP%GO:0086002	0.4613821138211382	0.7501334083210172	0.08431443206426534	-0.33694714490551525	-0.9883778710555059	24	
BENZENE-CONTAINING COMPOUND METABOLIC PROCESS%GOBP%GO:0042537	0.46184738955823296	0.750511536159492	0.08359906036841593	-0.4473887493256704	-1.0113075742671331	9	
HINDBRAIN MORPHOGENESIS%GOBP%GO:0021575	0.46184738955823296	0.750511536159492	0.08359906036841593	-0.4074451142288099	-1.008943978162746	13	
KYNURENINE PATHWAY AND LINKS TO CELL SENESCENCE%WIKIPATHWAYS_20250810%WP5044%HOMO SAPIENS	0.46361746361746364	0.751950281133448	0.08528846897905017	-0.4693488880740124	-1.01478372282815	8	
SUPPRESSION OF HMGB1 MEDIATED INFLAMMATION BY THBD%WIKIPATHWAYS_20250810%WP4479%HOMO SAPIENS	0.46361746361746364	0.751950281133448	0.08528846897905017	-0.4686630943823678	-1.0133009617240276	8	
PKC GAMMA CALCIUM SIGNALING IN ATAXIA%WIKIPATHWAYS_20250810%WP4760%HOMO SAPIENS	0.4636542239685658	0.751950281133448	0.08220549204158693	-0.4098338426766224	-1.0079227378145734	12	
REGULATION OF SPHINGOLIPID BIOSYNTHETIC PROCESS%GOBP%GO:0090153	0.4636542239685658	0.751950281133448	0.08220549204158693	-0.4102144035381913	-1.0088586681979512	12	
NUCLEOSIDE CATABOLIC PROCESS%GOBP%GO:0009164	0.4637096774193548	0.751950281133448	0.08359906036841593	-0.5058949121418714	-1.0214296343342293	6	
BIOCARTA_MAL_PATHWAY%MSIGDB_C2%BIOCARTA_MAL_PATHWAY	0.463855421686747	0.751950281133448	0.0833634065110386	-0.4071857855599908	-1.008301810445837	13	
METANEPHROS MORPHOGENESIS%GOBP%GO:0003338	0.46421267893660534	0.7521207893384592	0.08431443206426534	-0.4900223320097319	-1.026610176078901	7	
REGULATION OF FOXO TRANSCRIPTIONAL ACTIVITY BY ACETYLATION%REACTOME DATABASE ID RELEASE 93%9617629	0.4645030425963489	0.7524674164862868	0.08383610571599288	-0.429901269937595	-0.9985752442049015	10	
MONOCARBOXYLIC ACID BIOSYNTHETIC PROCESS%GOBP%GO:0072330	0.46464646464646464	0.7525759320462397	0.08359906036841593	-0.26414931740740155	-0.9835456000357398	76	
REGULATION OF T CELL RECEPTOR SIGNALING PATHWAY%GOBP%GO:0050856	0.46502057613168724	0.7530579922027291	0.08455574424412811	-0.32469242326092956	-0.9852802947299744	27	
REGULATION OF EXTRACELLULAR MATRIX CONSTITUENT SECRETION%GOBP%GO:0003330	0.4657258064516129	0.7533145560362268	0.0833634065110386	-0.504462870447763	-1.0185382634410696	6	
BONE MINERALIZATION%GOBP%GO:0030282	0.46586345381526106	0.7533145560362268	0.083129129135339	-0.4063139064608099	-1.0061428026774668	13	
SEMA4D MEDIATED INHIBITION OF CELL ATTACHMENT AND MIGRATION%REACTOME DATABASE ID RELEASE 93%416550	0.4662576687116564	0.7533145560362268	0.08407455779107234	-0.48916220007052247	-1.0248081761619965	7	
REGULATION OF MITF-M-DEPENDENT GENES INVOLVED IN PIGMENTATION%REACTOME DATABASE ID RELEASE 93%9824585	0.46638655462184875	0.7533145560362268	0.08553569479878835	-0.3182787940958691	-0.9879919519430846	31	
MITOCHONDRIAL PROTEIN IMPORT%REACTOME DATABASE ID RELEASE 93%1268020	0.4669421487603306	0.7536905568351172	0.08455574424412811	-0.27736261333638934	-0.9846565862157844	60	
CELLULAR RESPONSE TO CHEMOKINE%GOBP%GO:1990869	0.46747967479674796	0.7540780243251611	0.08359906036841593	-0.3314824238000321	-0.9816969034365888	25	
RESPONSE TO CHEMOKINE%GOBP%GO:1990868	0.46747967479674796	0.7540780243251611	0.08359906036841593	-0.3314824238000321	-0.9816969034365888	25	
ANTIMICROBIAL HUMORAL RESPONSE%GOBP%GO:0019730	0.46774193548387094	0.7540780243251611	0.083129129135339	-0.3785811577229401	-0.9904731221565225	16	
RESPONSE TO LEAD ION%GOBP%GO:0010288	0.46774193548387094	0.7540780243251611	0.083129129135339	-0.5013738776352032	-1.012301417164764	6	
DNA DOUBLE-STRAND BREAK PROCESSING INVOLVED IN REPAIR VIA SINGLE-STRAND ANNEALING%GOBP%GO:0010792	0.4678714859437751	0.7540780243251611	0.08289621345715653	-0.5403248562717649	-1.03216060838773	5	
DOUBLE-STRAND BREAK REPAIR VIA SINGLE-STRAND ANNEALING%GOBP%GO:0045002	0.4678714859437751	0.7540780243251611	0.08289621345715653	-0.5403248562717649	-1.03216060838773	5	
PROTEIN REPAIR%REACTOME%R-HSA-5676934.4	0.4678714859437751	0.7540780243251611	0.08289621345715653	-0.5412992103660147	-1.0340218774058632	5	
TRNA THIO-MODIFICATION%GOBP%GO:0034227	0.4678714859437751	0.7540780243251611	0.08289621345715653	-0.5403477951248712	-1.03220442754634	5	
NCAM SIGNALING FOR NEURITE OUT-GROWTH%REACTOME%R-HSA-375165.5	0.46938775510204084	0.7554594603102154	0.08359906036841593	-0.30615000274341253	-0.9767118613702901	33	
PID_HEDGEHOG_2PATHWAY%MSIGDB_C2%PID_HEDGEHOG_2PATHWAY	0.46954813359528486	0.7554594603102154	0.0815265143256594	-0.40815063264266366	-1.0037831439375413	12	
RRNA MODIFICATION IN THE MITOCHONDRION%REACTOME DATABASE ID RELEASE 93%6793080	0.46954813359528486	0.7554594603102154	0.0815265143256594	-0.4084425850321111	-1.0045011555340497	12	
PROTEIN-DNA COMPLEX DISASSEMBLY%GOBP%GO:0032986	0.46975806451612906	0.7554594603102154	0.08289621345715653	-0.3530447605020068	-0.9915291677339254	20	
MITOCHONDRIAL PROTON-TRANSPORTING ATP SYNTHASE COMPLEX ASSEMBLY%GOBP%GO:0033615	0.4698544698544699	0.7554594603102154	0.08455574424412811	-0.4658713629944222	-1.0072649325717675	8	
PROTON-TRANSPORTING ATP SYNTHASE COMPLEX ASSEMBLY%GOBP%GO:0043461	0.4698544698544699	0.7554594603102154	0.08455574424412811	-0.4658713629944222	-1.0072649325717675	8	
REGULATION OF SYNAPSE MATURATION%GOBP%GO:0090128	0.4698544698544699	0.7554594603102154	0.08455574424412811	-0.46564817141619513	-1.0067823679244183	8	
ALK2 SIGNALING EVENTS%PATHWAY INTERACTION DATABASE NCI-NATURE CURATED DATA%ALK2 SIGNALING EVENTS	0.46987951807228917	0.7554594603102154	0.08266464491237528	-0.44354207192892026	-1.002612286348161	9	
REGULATION OF MEMBRANE LIPID DISTRIBUTION%GOBP%GO:0097035	0.4707112970711297	0.7563027792040377	0.0847985102819124	-0.31211823431573776	-0.9811873828729911	32	
CEREBELLAR CORTEX MORPHOGENESIS%GOBP%GO:0021696	0.4715127701375246	0.7570963363949882	0.08130273453844984	-0.40783872122961007	-1.0030160462197264	12	
CEREBELLUM MORPHOGENESIS%GOBP%GO:0021587	0.4715127701375246	0.7570963363949882	0.08130273453844984	-0.40783872122961007	-1.0030160462197264	12	
DEADENYLATION-INDEPENDENT DECAPPING OF NUCLEAR-TRANSCRIBED MRNA%GOBP%GO:0031087	0.4718875502008032	0.7571620599323526	0.0824344091527096	-0.537976971116829	-1.027675538819277	5	
MITOCHONDRIAL LARGE RIBOSOMAL SUBUNIT ASSEMBLY%GOBP%GO:1902775	0.4718875502008032	0.7571620599323526	0.0824344091527096	-0.40487274332057266	-1.0025740941051609	13	
NEGATIVE REGULATION OF EPITHELIAL CELL MIGRATION%GOBP%GO:0010633	0.4726166328600406	0.7576332411494561	0.08289621345715653	-0.42590184625455574	-0.9892853775302822	10	
POSITIVE REGULATION OF PROTEIN MODIFICATION BY SMALL PROTEIN CONJUGATION OR REMOVAL%GOBP%GO:1903322	0.4737903225806452	0.7588969442214141	0.0824344091527096	-0.258637392311348	-0.9935321087987432	92	
NUCLEOTIDE-BINDING DOMAIN, LEUCINE RICH REPEAT CONTAINING RECEPTOR SIGNALING PATHWAY%GOBP%GO:0035872	0.4738955823293173	0.7589420793126965	0.08220549204158693	-0.4033968926490631	-0.9989194898512717	13	
NEGATIVE REGULATION OF PROTEIN BINDING%GOBP%GO:0032091	0.47619047619047616	0.7608575823484813	0.08130273453844984	-0.36263520052640424	-0.9898587615298602	18	
LUNG PATHOLOGY OF COVID 19%WIKIPATHWAYS_20250810%WP5146%HOMO SAPIENS	0.47648261758691207	0.7608575823484813	0.08289621345715653	-0.48659224247597843	-1.019424044773883	7	
SUPRAMOLECULAR FIBER ORGANIZATION%GOBP%GO:0097435	0.4766734279918864	0.7609154623878265	0.0824344091527096	-0.22432170819107344	-0.9947522597149758	320	
FLUOXETINE ACTION PATHWAY%PATHWHIZ%PW000428	0.47695390781563124	0.7611163981122698	0.08175155825321447	-0.3728698445131159	-0.9931630401832813	17	
TRISTETRAPROLIN (TTP, ZFP36) BINDS AND DESTABILIZES MRNA%REACTOME DATABASE ID RELEASE 93%450513	0.47695390781563124	0.7611163981122698	0.08175155825321447	-0.37273836212727984	-0.9928128283118492	17	
SPROUTING ANGIOGENESIS%GOBP%GO:0002040	0.4772727272727273	0.7615017457020373	0.0833634065110386	-0.30176697160695437	-0.9800692820340192	38	
ERK PATHWAY IN HUNTINGTON 39 S DISEASE%WIKIPATHWAYS_20250810%WP3853%HOMO SAPIENS	0.4779116465863454	0.7621506433898861	0.08175155825321447	-0.40209674172631393	-0.9956999655560954	13	
16P11 2 DISTAL DELETION SYNDROME%WIKIPATHWAYS_20250810%WP4950%HOMO SAPIENS	0.47808764940239046	0.7621996345891441	0.08130273453844984	-0.3561986886881063	-0.9872782286432855	19	
POSITIVE REGULATION OF MEMBRANE PERMEABILITY%GOBP%GO:1905710	0.4781746031746032	0.7621996345891441	0.08108020575508663	-0.3623112822579005	-0.9889745855435451	18	
REGULATION OF MICROTUBULE NUCLEATION%GOBP%GO:0010968	0.4781746031746032	0.7621996345891441	0.08108020575508663	-0.3623652063524342	-0.989121778197083	18	
TRANSCRIPTION OF THE HIV GENOME%REACTOME%R-HSA-167172.4	0.4786150712830957	0.7625462181592284	0.0824344091527096	-0.270297491188935	-0.9846700953258777	66	
NEUROTRANSMITTER UPTAKE%GOBP%GO:0001504	0.4787018255578093	0.7625462181592284	0.08220549204158693	-0.42432915934840215	-0.9856323382833916	10	
NEGATIVE REGULATION OF INNATE IMMUNE RESPONSE%GOBP%GO:0045824	0.47878787878787876	0.7625599247080967	0.08197787965012722	-0.2812300459858014	-0.9792500020314856	52	
POSITIVE REGULATION OF RAC PROTEIN SIGNAL TRANSDUCTION%GOBP%GO:0035022	0.4793713163064833	0.7631188327168367	0.08041999687615399	-0.4066432641090979	-1.000076004943542	12	
NEGATIVE REGULATION OF FATTY ACID OXIDATION%GOBP%GO:0046322	0.4802494802494803	0.7638992540446499	0.0833634065110386	-0.46251353847016685	-1.0000049480316737	8	
HEAD DEVELOPMENT%GOBP%GO:0060322	0.48096192384769537	0.7646618928151798	0.08130273453844984	-0.22380735141090102	-0.9904121605216323	305	
PRE-NOTCH PROCESSING IN GOLGI%REACTOME DATABASE ID RELEASE 93%1912420	0.48096192384769537	0.7646618928151798	0.08130273453844984	-0.37182272533501515	-0.9903739702660969	17	
DEVELOPMENT OF PRIMARY SEXUAL CHARACTERISTICS%GOBP%GO:0045137	0.48109243697478993	0.7647459048197904	0.08383610571599288	-0.29982139316586986	-0.9886379263689686	40	
POSITIVE REGULATION OF INSULIN SECRETION%GOBP%GO:0032024	0.4811715481171548	0.7647481941503642	0.08359906036841593	-0.31036399981202856	-0.9756727010236163	32	
CEREBELLUM DEVELOPMENT%GOBP%GO:0021549	0.48185483870967744	0.7655870166105347	0.0815265143256594	-0.3504930684988254	-0.984362719364517	20	
METENCEPHALON DEVELOPMENT%GOBP%GO:0022037	0.48185483870967744	0.7655870166105347	0.0815265143256594	-0.3504930684988254	-0.984362719364517	20	
REGULATION OF CERAMIDE BIOSYNTHETIC PROCESS%GOBP%GO:2000303	0.48214285714285715	0.765662557295043	0.08063884959506612	-0.41175251148491954	-0.9831236792090366	11	
SYNTHESIS OF CERAMIDES AND 1 DEOXYCERAMIDES%WIKIPATHWAYS_20250810%WP5194%HOMO SAPIENS	0.4827586206896552	0.7664046080797073	0.08175155825321447	-0.38879301511846376	-0.9823326856788361	14	
INTRA-GOLGI AND RETROGRADE GOLGI-TO-ER TRAFFIC%REACTOME DATABASE ID RELEASE 93%6811442	0.4834307992202729	0.7670365945430143	0.07955646772359566	-0.2365288381984191	-0.9930146016125682	172	
CODEINE ACTION PATHWAY%PATHWHIZ%PW000411	0.4838709677419355	0.7670365945430143	0.08130273453844984	-0.3742001960257703	-0.9790113134486008	16	
DESIPRAMINE ACTION PATHWAY%PATHWHIZ%PW000425	0.4838709677419355	0.7670365945430143	0.08130273453844984	-0.3742001960257703	-0.9790113134486008	16	
IMIPRAMINE ACTION PATHWAY%SMPDB%SMP0000422	0.4838709677419355	0.7670365945430143	0.08130273453844984	-0.3742001960257703	-0.9790113134486008	16	
METHADONE ACTION PATHWAY%PATHWHIZ%PW000414	0.4838709677419355	0.7670365945430143	0.08130273453844984	-0.3742001960257703	-0.9790113134486008	16	
REGULATION OF CELL-CELL ADHESION MEDIATED BY INTEGRIN%GOBP%GO:0033632	0.4838709677419355	0.7670365945430143	0.08130273453844984	-0.49683914495517145	-1.0031455426303522	6	
WAX AND PLASMALOGEN BIOSYNTHESIS%REACTOME%R-HSA-8848584.5	0.4839357429718876	0.7670365945430143	0.08108020575508663	-0.5349783884440369	-1.0219474682337304	5	
PID_ALK2_PATHWAY%MSIGDB_C2%PID_ALK2_PATHWAY	0.48440748440748443	0.7675270864399971	0.08289621345715653	-0.46140226306210974	-0.9976022488364052	8	
DISRUPTION OF CELL IN ANOTHER ORGANISM%GOBP%GO:0141061	0.48466257668711654	0.7675270864399971	0.08197787965012722	-0.4841930438857317	-1.0143976581659915	7	
KILLING OF CELLS OF ANOTHER ORGANISM%GOBP%GO:0031640	0.48466257668711654	0.7675270864399971	0.08197787965012722	-0.4841930438857317	-1.0143976581659915	7	
PROCESSING AND ACTIVATION OF SUMO%REACTOME DATABASE ID RELEASE 93%3215018	0.4847870182555781	0.7675270864399971	0.0815265143256594	-0.42194825623521404	-0.9801019733509382	10	
GLYCOSPHINGOLIPID CATABOLISM%REACTOME DATABASE ID RELEASE 93%9840310	0.4849699398797595	0.7676871427742946	0.08085891502800323	-0.3122642811774293	-0.9742554388869783	30	
APOPTOTIC EXECUTION PHASE%REACTOME DATABASE ID RELEASE 93%75153	0.4857142857142857	0.7677290318899748	0.08175155825321447	-0.3046127830833869	-0.9859633669094673	36	
MITOCHONDRIAL UNCOUPLING%REACTOME%R-HSA-166187.7	0.4859437751004016	0.7677290318899748	0.08085891502800323	-0.5348087934141643	-1.0216234977423104	5	
REGULATION OF NEUROTRANSMITTER RECEPTOR ACTIVITY%GOBP%GO:0099601	0.4859437751004016	0.7677290318899748	0.08085891502800323	-0.4375031217442429	-0.9889614377928692	9	
UBIQUITIN RECYCLING%GOBP%GO:0010992	0.4859437751004016	0.7677290318899748	0.08085891502800323	-0.43723431911429905	-0.9883538182761628	9	
CANONICAL AND NON CANONICAL NOTCH SIGNALING%WIKIPATHWAYS_20250810%WP3845%HOMO SAPIENS	0.4861111111111111	0.7677290318899748	0.08020234446981443	-0.35975098117178916	-0.9819859190860063	18	
GONAD DEVELOPMENT%GOBP%GO:0008406	0.48760330578512395	0.769135236904891	0.08220549204158693	-0.30066017713759285	-0.9764746697569698	38	
CELLULAR RESPONSE TO UV%GOBP%GO:0034644	0.48775510204081635	0.7692514391628829	0.0815265143256594	-0.2664403481902213	-0.9753993340316399	67	
EXTRACELLULAR EXOSOME BIOGENESIS%GOBP%GO:0097734	0.4879032258064516	0.7693618131470729	0.08085891502800323	-0.49485611358065484	-0.9991416932870762	6	
NUCLEAR MRNA SURVEILLANCE%GOBP%GO:0071028	0.4880952380952381	0.7695413473636051	0.07998588014999461	-0.41041441712948323	-0.9799287691376901	11	
CLEAVAGE FURROW FORMATION%GOBP%GO:0036089	0.4885654885654886	0.7699129001945905	0.0824344091527096	-0.456148542320829	-0.9862431289407263	8	
REGULATION OF CAMP/PKA SIGNAL TRANSDUCTION%GOBP%GO:0141161	0.48893360160965793	0.7702464386317908	0.08063884959506612	-0.3335589659910827	-0.9722444546444989	23	
BIOCARTA_BARRESTIN_PATHWAY%MSIGDB_C2%BIOCARTA_BARRESTIN_PATHWAY	0.4899193548387097	0.7711809941303217	0.08063884959506612	-0.49315162520553424	-0.9957002375698103	6	
LUNG EPITHELIUM DEVELOPMENT%GOBP%GO:0060428	0.49079754601226994	0.7717767074246706	0.08130273453844984	-0.4818276484548285	-1.0094420901006416	7	
CELLULAR RESPONSE TO DSRNA%GOBP%GO:0071359	0.4911591355599214	0.7717767074246706	0.07913166517683488	-0.4023388094509856	-0.9894898666796345	12	
PHARYNGEAL SYSTEM DEVELOPMENT%GOBP%GO:0060037	0.4911591355599214	0.7717767074246706	0.07913166517683488	-0.40251210765158957	-0.9899160667115067	12	
PURINE RIBONUCLEOTIDE METABOLIC PROCESS%GOBP%GO:0009150	0.4911591355599214	0.7717767074246706	0.07913166517683488	-0.23617963880185938	-0.9886866609594575	167	
PHOSPHOINOSITIDE 3 KINASE PI3K FAMILY%WIKIPATHWAYS_20250810%WP5472%HOMO SAPIENS	0.49193548387096775	0.7727004834034782	0.08041999687615399	-0.4903225332318536	-0.9899881453727571	6	
SPERMATOGENESIS%GOBP%GO:0007283	0.4921875	0.7727004834034782	0.07871138069864847	-0.23559704187935407	-0.9879477780023108	166	
APAP ADME%REACTOME DATABASE ID RELEASE 93%9753281	0.49284253578732107	0.7732336940648694	0.08108020575508663	-0.4805099604502099	-1.0066814977233707	7	
PHOSPHATE ION TRANSMEMBRANE TRANSPORT%GOBP%GO:0035435	0.49284253578732107	0.7732336940648694	0.08108020575508663	-0.481329558225502	-1.008398577459218	7	
PHOSPHATE ION TRANSPORT%GOBP%GO:0006817	0.49284253578732107	0.7732336940648694	0.08108020575508663	-0.481329558225502	-1.008398577459218	7	
1P36 COPY NUMBER VARIATION SYNDROME%WIKIPATHWAYS_20250810%WP5345%HOMO SAPIENS	0.49287169042769857	0.7732336940648694	0.08085891502800323	-0.2685166032249228	-0.978182476393215	66	
LEUKOCYTE INTRINSIC HIPPO PATHWAY FUNCTIONS%WIKIPATHWAYS_20250810%WP4542%HOMO SAPIENS	0.4940239043824701	0.7745848498635124	0.07955646772359566	-0.3516389506455089	-0.9746399729710005	19	
PYRIMIDINE-CONTAINING COMPOUND TRANSMEMBRANE TRANSPORT%GOBP%GO:0072531	0.49480249480249483	0.7750364518547197	0.08175155825321447	-0.45511536584325574	-0.984009288190506	8	
BODY MORPHOGENESIS%GOBP%GO:0010171	0.4948665297741273	0.7750364518547197	0.08108020575508663	-0.3824306246405264	-0.9831815207017093	15	
MAINTENANCE OF GASTROINTESTINAL EPITHELIUM%GOBP%GO:0030277	0.4948875255623722	0.7750364518547197	0.08085891502800323	-0.4802500732788438	-1.0061370269975927	7	
PROXIMAL/DISTAL PATTERN FORMATION%GOBP%GO:0009954	0.4948875255623722	0.7750364518547197	0.08085891502800323	-0.4801781830059296	-1.0059864149113391	7	
POSITIVE REGULATION OF TRANSCRIPTION OF NUCLEOLAR LARGE RRNA BY RNA POLYMERASE I%GOBP%GO:1901838	0.4949290060851927	0.7750364518547197	0.08041999687615399	-0.4206112745259476	-0.9769964304503043	10	
RNA POLYMERASE I TRANSCRIPTION INITIATION%REACTOME DATABASE ID RELEASE 93%73762	0.4949698189134809	0.7750364518547197	0.07998588014999461	-0.28538382460056105	-0.9782006475042507	47	
SYNTHESIS OF DOLICHYL-PHOSPHATE%REACTOME DATABASE ID RELEASE 93%446199	0.4959677419354839	0.7756206136180037	0.07998588014999461	-0.4877622425226259	-0.9848187777034053	6	
GENES CONTROLLING NEPHROGENESIS%WIKIPATHWAYS_20250810%WP4823%HOMO SAPIENS	0.4979757085020243	0.7777166775802874	0.07998588014999461	-0.33598665034456743	-0.96672892364895735	22	
POST NMDA RECEPTOR ACTIVATION EVENTS%REACTOME DATABASE ID RELEASE 93%438064	0.49798387096774194	0.7777166775802874	0.07977059186284526	-0.28808664512852517	-0.9813897748454988	46	
POSITIVE REGULATION OF FOCAL ADHESION DISASSEMBLY%GOBP%GO:0120183	0.498960498960499	0.7782993044150054	0.08130273453844984	-0.4537851185887787	-0.9811331478704137	8	
GENE AND PROTEIN EXPRESSION BY JAK-STAT SIGNALING AFTER INTERLEUKIN-12 STIMULATION%REACTOME DATABASE ID RELEASE 93%8950505	0.49897750511247446	0.7782993044150054	0.08041999687615399	-0.3239455998551281	-0.9687995548515036	26	
BIOCARTA_AMAN_PATHWAY%MSIGDB_C2%BIOCARTA_AMAN_PATHWAY	0.5	0.7783399209486166	0.07934349601349727	-0.5298436386737598	-1.0121387644784061	5	
DEVELOPMENT OF PRIMARY MALE SEXUAL CHARACTERISTICS%GOBP%GO:0046546	0.5	0.7783399209486166	0.07955646772359566	-0.3431702948719296	-0.9755271700559703	21	
DISEASES OF MISMATCH REPAIR (MMR)%REACTOME%R-HSA-5423599.5	0.5	0.7783399209486166	0.07934349601349727	-0.5302405344865784	-1.0128969384155668	5	
HALLMARK_PEROXISOME%MSIGDBHALLMARK%HALLMARK_PEROXISOME	0.5	0.7783399209486166	0.08020234446981443	-0.2701750190202536	-0.9802563134397345	65	
MALE SEX DIFFERENTIATION%GOBP%GO:0046661	0.5	0.7783399209486166	0.07955646772359566	-0.3431702948719296	-0.9755271700559703	21	
P38 SIGNALING MEDIATED BY MAPKAP KINASES%PATHWAY INTERACTION DATABASE NCI-NATURE CURATED DATA%P38 SIGNALING MEDIATED BY MAPKAP KINASES	0.5	0.7783399209486166	0.07871138069864847	-0.35617558140498	-0.9722264120662509	18	
REGULATION OF ORGANELLE ASSEMBLY%GOBP%GO:1902115	0.5	0.7783399209486166	0.07788401119770678	-0.23415716839745812	-0.9854626679542348	177	
MYELIN MAINTENANCE%GOBP%GO:0043217	0.501039501039501	0.7790958507951559	0.08108020575508663	-0.451752286197591	-0.9767379415021188	8	
PURINE DEOXYRIBONUCLEOTIDE METABOLIC PROCESS%GOBP%GO:0009151	0.501039501039501	0.7790958507951559	0.08108020575508663	-0.4516054041651323	-0.9764203664539991	8	
CELL-CELL FUSION%GOBP%GO:0140253	0.501984126984127	0.779312033660444	0.07850290473486872	-0.4069505617726191	-0.9716582713806584	11	
PROTEIN INSERTION INTO MITOCHONDRIAL OUTER MEMBRANE%GOBP%GO:0045040	0.501984126984127	0.779312033660444	0.07850290473486872	-0.4069829076949348	-0.9717355023416542	11	
BIOCARTA_BAD_PATHWAY%MSIGDB_C2%BIOCARTA_BAD_PATHWAY	0.5020080321285141	0.779312033660444	0.07913166517683488	-0.39557661380921805	-0.9795543705567394	13	
REGULATION OF CELL ADHESION MEDIATED BY INTEGRIN%GOBP%GO:0033628	0.5020325203252033	0.779312033660444	0.07977059186284526	-0.33022875981807454	-0.9686706165200275	24	
HUMORAL IMMUNE RESPONSE%GOBP%GO:0006959	0.5020491803278688	0.779312033660444	0.08020234446981443	-0.30185936832791405	-0.971368027553003	35	
TUBE FORMATION%GOBP%GO:0035148	0.5020491803278688	0.779312033660444	0.08020234446981443	-0.2908456864040429	-0.9767170898363696	43	
17P13 3 YWHAE COPY NUMBER VARIATION%WIKIPATHWAYS_20250810%WP5376%HOMO SAPIENS	0.5030425963488844	0.7801161448497583	0.07955646772359566	-0.3825197811643636	-0.9664825995960261	14	
CEREBELLAR CORTEX DEVELOPMENT%GOBP%GO:0021695	0.5030425963488844	0.7801161448497583	0.07955646772359566	-0.38323560488237646	-0.9682912149981674	14	
LINOLEIC ACID METABOLIC PROCESS%GOBP%GO:0043651	0.5030425963488844	0.7801161448497583	0.07955646772359566	-0.41832571084529874	-0.9716875200791367	10	
RESPONSE TO COPPER ION%GOBP%GO:0046688	0.5030425963488844	0.7801161448497583	0.07955646772359566	-0.38238790454871074	-0.9661493973393112	14	
REGULATION OF NEURON PROJECTION REGENERATION%GOBP%GO:0070570	0.503968253968254	0.7802989957395009	0.07829552499447937	-0.40391649611306873	-0.9644139639120246	11	
DEGRADATION OF CDH1%REACTOME DATABASE ID RELEASE 93%9766229	0.5040322580645161	0.7802989957395009	0.07913166517683488	-0.2799140026414973	-0.9703865053236741	50	
ZINC HOMEOSTASIS%WIKIPATHWAYS_20250810%WP3529%HOMO SAPIENS	0.5040322580645161	0.7802989957395009	0.07913166517683488	-0.345135822836212	-0.9693168500372281	20	
GPVI-MEDIATED ACTIVATION CASCADE%REACTOME DATABASE ID RELEASE 93%114604	0.5050100200400801	0.7807377675646205	0.07871138069864847	-0.3656091756433854	-0.9738237772352635	17	
ACTOMYOSIN STRUCTURE ORGANIZATION%GOBP%GO:0031032	0.5050301810865191	0.7807377675646205	0.07892096381800347	-0.2610810317242528	-0.9626222108938681	68	
AKT SIGNALING AND ARTD FAMILY MEMBERS%WIKIPATHWAYS_20250810%WP5531%HOMO SAPIENS	0.5060975609756098	0.7807377675646205	0.07934349601349727	-0.3294175232198434	-0.9662909901780181	24	
VALIDATED TRANSCRIPTIONAL TARGETS OF AP1 FAMILY MEMBERS FRA1 AND FRA2%PATHWAY INTERACTION DATABASE NCI-NATURE CURATED DATA%VALIDATED TRANSCRIPTIONAL TARGETS OF AP1 FAMILY MEMBERS FRA1 AND FRA2	0.5060975609756098	0.7807377675646205	0.07934349601349727	-0.32920865501554236	-0.9656783103728335	24	
N GLYCAN BIOSYNTHESIS%WIKIPATHWAYS_20250810%WP5153%HOMO SAPIENS	0.5069306930693069	0.7807377675646205	0.07788401119770678	-0.2841982960338533	-0.9712219651723782	45	
INTRINSIC PATHWAY FOR APOPTOSIS%REACTOME DATABASE ID RELEASE 93%109606	0.5070422535211268	0.7807377675646205	0.07871138069864847	-0.28398038603454967	-0.9733901277912772	47	
TYPE I INTERFERON INDUCTION AND SIGNALING DURING SARS COV 2 INFECTION%WIKIPATHWAYS_20250810%WP4868%HOMO SAPIENS	0.5070422535211268	0.7807377675646205	0.07871138069864847	-0.3305928445201451	-0.9635989213327121	23	
BIOCARTA_HCMV_PATHWAY%MSIGDB_C2%BIOCARTA_HCMV_PATHWAY	0.5071868583162218	0.7807377675646205	0.07977059186284526	-0.3787427122550076	-0.9737003571290553	15	
CHAPERONIN-MEDIATED PROTEIN FOLDING%REACTOME DATABASE ID RELEASE 93%390466	0.5072164948453608	0.7807377675646205	0.07998588014999461	-0.2606238473904616	-0.9612625329113588	73	
PROTEIN K27-LINKED UBIQUITINATION%GOBP%GO:0044314	0.5080321285140562	0.7807377675646205	0.07850290473486872	-0.39448700105341583	-0.976856195538549	13	
NEGATIVE REGULATION OF INTERLEUKIN-6 PRODUCTION%GOBP%GO:0032715	0.5080645161290323	0.7807377675646205	0.07871138069864847	-0.3686911575594722	-0.9645981435945744	16	
AXON GUIDANCE MEDIATED BY SLIT ROBO%PANTHER PATHWAY%P00008	0.5088408644400786	0.7807377675646205	0.077274697304471	-0.39692557697541936	-0.9761768614344707	12	
RUNX3 REGULATES WNT SIGNALING%REACTOME%R-HSA-8951430.3	0.50920245398773	0.7807377675646205	0.07934349601349727	-0.473037629968764	-0.9910267611732728	7	
G ALPHA (Q) SIGNALLING EVENTS%REACTOME%R-HSA-416476.8	0.5100401606425703	0.7807377675646205	0.07829552499447937	-0.2523212534612352	-0.9645255411286658	88	
REGULATION OF DIGESTIVE SYSTEM PROCESS%GOBP%GO:0044058	0.5100401606425703	0.7807377675646205	0.07829552499447937	-0.42935386738923975	-0.9705403159692515	9	
RRNA PSEUDOURIDINE SYNTHESIS%GOBP%GO:0031118	0.5100401606425703	0.7807377675646205	0.07829552499447937	-0.4287104543325068	-0.9690859018861143	9	
REGULATION OF OSTEOCLAST DIFFERENTIATION%GOBP%GO:0045670	0.5102880658436214	0.7807377675646205	0.07955646772359566	-0.31561113473041724	-0.9577230929018288	27	
PURINE RIBONUCLEOSIDE TRIPHOSPHATE METABOLIC PROCESS%GOBP%GO:0009205	0.5106796116504855	0.7807377675646205	0.0764767053228531	-0.24204392046892204	-0.9768513184529671	130	
DISEASES ASSOCIATED WITH GLYCOSAMINOGLYCAN METABOLISM%REACTOME%R-HSA-3560782.5	0.5110220440881763	0.7807377675646205	0.07808923069433449	-0.30437668729559564	-0.9496463763002082	30	
DEFECTIVE CHST3 CAUSES SEDCJD%REACTOME%R-HSA-3595172.4	0.5112474437627812	0.7807377675646205	0.07913166517683488	-0.4724400350855989	-0.989774783562959	7	
RIBOSOMAL SMALL SUBUNIT EXPORT FROM NUCLEUS%GOBP%GO:0000056	0.5112474437627812	0.7807377675646205	0.07913166517683488	-0.47223046405687563	-0.9893357265309739	7	
3-METHYLTHIOFENTANYL ACTION PATHWAY%PATHWHIZ%PW000656	0.5112936344969199	0.7807377675646205	0.07934349601349727	-0.3756976730174739	-0.9658719403777326	15	
ALFENTANIL ACTION PATHWAY%PATHWHIZ%PW000419	0.5112936344969199	0.7807377675646205	0.07934349601349727	-0.3756976730174739	-0.9658719403777326	15	
ALVIMOPAN ACTION PATHWAY%SMPDB%SMP0000685	0.5112936344969199	0.7807377675646205	0.07934349601349727	-0.3756976730174739	-0.9658719403777326	15	
ANILERIDINE ACTION PATHWAY%SMPDB%SMP0000674	0.5112936344969199	0.7807377675646205	0.07934349601349727	-0.3756976730174739	-0.9658719403777326	15	
BENZOCAINE ACTION PATHWAY%SMPDB%SMP0000392	0.5112936344969199	0.7807377675646205	0.07934349601349727	-0.3756976730174739	-0.9658719403777326	15	
BUPIVACAINE ACTION PATHWAY%SMPDB%SMP0000393	0.5112936344969199	0.7807377675646205	0.07934349601349727	-0.3756976730174739	-0.9658719403777326	15	
BUPRENORPHINE ACTION PATHWAY%SMPDB%SMP0000684	0.5112936344969199	0.7807377675646205	0.07934349601349727	-0.3756976730174739	-0.9658719403777326	15	
CARFENTANIL ACTION PATHWAY%SMPDB%SMP0000414	0.5112936344969199	0.7807377675646205	0.07934349601349727	-0.3756976730174739	-0.9658719403777326	15	
CHLOROPROCAINE ACTION PATHWAY%SMPDB%SMP0000394	0.5112936344969199	0.7807377675646205	0.07934349601349727	-0.3756976730174739	-0.9658719403777326	15	
COCAINE ACTION PATHWAY%SMPDB%SMP0000395	0.5112936344969199	0.7807377675646205	0.07934349601349727	-0.3756976730174739	-0.9658719403777326	15	
DEZOCINE ACTION PATHWAY%PATHWHIZ%PW000653	0.5112936344969199	0.7807377675646205	0.07934349601349727	-0.3756976730174739	-0.9658719403777326	15	
DIBUCAINE ACTION PATHWAY%SMPDB%SMP0000396	0.5112936344969199	0.7807377675646205	0.07934349601349727	-0.3756976730174739	-0.9658719403777326	15	
DIHYDROMORPHINE ACTION PATHWAY%PATHWHIZ%PW000666	0.5112936344969199	0.7807377675646205	0.07934349601349727	-0.3756976730174739	-0.9658719403777326	15	
DIMETHYLTHIAMBUTENE ACTION PATHWAY%SMPDB%SMP0000680	0.5112936344969199	0.7807377675646205	0.07934349601349727	-0.3756976730174739	-0.9658719403777326	15	
DIPHENOXYLATE ACTION PATHWAY%SMPDB%SMP0000675	0.5112936344969199	0.7807377675646205	0.07934349601349727	-0.3756976730174739	-0.9658719403777326	15	
ESCITALOPRAM ACTION PATHWAY%PATHWHIZ%PW000427	0.5112936344969199	0.7807377675646205	0.07934349601349727	-0.3756976730174739	-0.9658719403777326	15	
ETHYLMORPHINE ACTION PATHWAY%SMPDB%SMP0000681	0.5112936344969199	0.7807377675646205	0.07934349601349727	-0.3756976730174739	-0.9658719403777326	15	
FENTANYL ACTION PATHWAY%PATHWHIZ%PW000421	0.5112936344969199	0.7807377675646205	0.07934349601349727	-0.3756976730174739	-0.9658719403777326	15	
HYDROCODONE ACTION PATHWAY%SMPDB%SMP0000411	0.5112936344969199	0.7807377675646205	0.07934349601349727	-0.3756976730174739	-0.9658719403777326	15	
HYDROMORPHONE ACTION PATHWAY%PATHWHIZ%PW000416	0.5112936344969199	0.7807377675646205	0.07934349601349727	-0.3756976730174739	-0.9658719403777326	15	
KETOBEMIDONE ACTION PATHWAY%SMPDB%SMP0000690	0.5112936344969199	0.7807377675646205	0.07934349601349727	-0.3756976730174739	-0.9658719403777326	15	
LEVALLORPHAN ACTION PATHWAY%SMPDB%SMP0000683	0.5112936344969199	0.7807377675646205	0.07934349601349727	-0.3756976730174739	-0.9658719403777326	15	
LEVOBUPIVACAINE ACTION PATHWAY%PATHWHIZ%PW000403	0.5112936344969199	0.7807377675646205	0.07934349601349727	-0.3756976730174739	-0.9658719403777326	15	
LEVOMETHADYL ACETATE ACTION ACTION PATHWAY%SMPDB%SMP0000677	0.5112936344969199	0.7807377675646205	0.07934349601349727	-0.3756976730174739	-0.9658719403777326	15	
LEVORPHANOL ACTION PATHWAY%SMPDB%SMP0000673	0.5112936344969199	0.7807377675646205	0.07934349601349727	-0.3756976730174739	-0.9658719403777326	15	
LIDOCAINE (LOCAL ANAESTHETIC) ACTION PATHWAY%SMPDB%SMP0000398	0.5112936344969199	0.7807377675646205	0.07934349601349727	-0.3756976730174739	-0.9658719403777326	15	
MEPIVACAINE ACTION PATHWAY%PATHWHIZ%PW000405	0.5112936344969199	0.7807377675646205	0.07934349601349727	-0.3756976730174739	-0.9658719403777326	15	
METHADYL ACETATE ACTION PATHWAY%PATHWHIZ%PW000655	0.5112936344969199	0.7807377675646205	0.07934349601349727	-0.3756976730174739	-0.9658719403777326	15	
NALBUPHINE ACTION PATHWAY%SMPDB%SMP0000691	0.5112936344969199	0.7807377675646205	0.07934349601349727	-0.3756976730174739	-0.9658719403777326	15	
NALOXONE ACTION PATHWAY%SMPDB%SMP0000688	0.5112936344969199	0.7807377675646205	0.07934349601349727	-0.3756976730174739	-0.9658719403777326	15	
NALTREXONE ACTION PATHWAY%PATHWHIZ%PW000664	0.5112936344969199	0.7807377675646205	0.07934349601349727	-0.3756976730174739	-0.9658719403777326	15	
NEURON FUNCTION%SMPDB%SMP0000224	0.5112936344969199	0.7807377675646205	0.07934349601349727	-0.3756976730174739	-0.9658719403777326	15	
NICOTINE ACTION PATHWAY%SMPDB%SMP0000431	0.5112936344969199	0.7807377675646205	0.07934349601349727	-0.3756976730174739	-0.9658719403777326	15	
OXYBUPROCAINE ACTION PATHWAY%SMPDB%SMP0000400	0.5112936344969199	0.7807377675646205	0.07934349601349727	-0.3756976730174739	-0.9658719403777326	15	
OXYCODONE ACTION PATHWAY%SMPDB%SMP0000409	0.5112936344969199	0.7807377675646205	0.07934349601349727	-0.3756976730174739	-0.9658719403777326	15	
OXYMORPHONE ACTION PATHWAY%PATHWHIZ%PW000418	0.5112936344969199	0.7807377675646205	0.07934349601349727	-0.3756976730174739	-0.9658719403777326	15	
PENTAZOCINE ACTION PATHWAY%SMPDB%SMP0000686	0.5112936344969199	0.7807377675646205	0.07934349601349727	-0.3756976730174739	-0.9658719403777326	15	
PRILOCAINE ACTION PATHWAY%PATHWHIZ%PW000407	0.5112936344969199	0.7807377675646205	0.07934349601349727	-0.3756976730174739	-0.9658719403777326	15	
PROCAINE ACTION PATHWAY%PATHWHIZ%PW000408	0.5112936344969199	0.7807377675646205	0.07934349601349727	-0.3756976730174739	-0.9658719403777326	15	
PROPARACAINE ACTION PATHWAY%PATHWHIZ%PW000409	0.5112936344969199	0.7807377675646205	0.07934349601349727	-0.3756976730174739	-0.9658719403777326	15	
PROPOXYPHENE ACTION PATHWAY%PATHWHIZ%PW000649	0.5112936344969199	0.7807377675646205	0.07934349601349727	-0.3756976730174739	-0.9658719403777326	15	
REMIFENTANIL ACTION PATHWAY%PATHWHIZ%PW000422	0.5112936344969199	0.7807377675646205	0.07934349601349727	-0.3756976730174739	-0.9658719403777326	15	
ROPIVACAINE ACTION PATHWAY%PATHWHIZ%PW000410	0.5112936344969199	0.7807377675646205	0.07934349601349727	-0.3756976730174739	-0.9658719403777326	15	
SUFENTANIL ACTION PATHWAY%PATHWHIZ%PW000423	0.5112936344969199	0.7807377675646205	0.07934349601349727	-0.3756976730174739	-0.9658719403777326	15	
TRAMADOL ACTION ACTION PATHWAY%SMPDB%SMP0000671	0.5112936344969199	0.7807377675646205	0.07934349601349727	-0.3756976730174739	-0.9658719403777326	15	
BETA-CATENIN INDEPENDENT WNT SIGNALING%REACTOME%R-HSA-3858494.5	0.512	0.7811630780948399	0.07788401119770678	-0.24620427104689116	-0.969422501501103	114	
BIOCARTA_LDL_PATHWAY%MSIGDB_C2%BIOCARTA_LDL_PATHWAY	0.5120481927710844	0.7811630780948399	0.07808923069433449	-0.5255182722997843	-1.0038761929230882	5	
REGULATION OF CARDIOBLAST DIFFERENTIATION%GOBP%GO:0051890	0.5120481927710844	0.7811630780948399	0.07808923069433449	-0.5260432795619406	-1.004879092954107	5	
PROTEIN HOMOTETRAMERIZATION%GOBP%GO:0051289	0.5126050420168067	0.7817703289494236	0.08041999687615399	-0.2939105627602221	-0.9691474188583009	40	
POSITIVE REGULATION OF MITOCHONDRIAL MEMBRANE PERMEABILITY%GOBP%GO:0035794	0.5130260521042084	0.7821701004983022	0.07788401119770678	-0.3630288728097941	-0.9669509731066558	17	
H139HFS13* PPM1K CAUSES A MILD VARIANT OF MSUD%REACTOME%R-HSA-9912529.1	0.5140562248995983	0.7828921253459312	0.07788401119770678	-0.5227966590666263	-0.998677205799091	5	
MAPLE SYRUP URINE DISEASE%REACTOME%R-HSA-9865114.1	0.5140562248995983	0.7828921253459312	0.07788401119770678	-0.5227966590666263	-0.998677205799091	5	
POSITIVE REGULATION OF RECEPTOR CLUSTERING%GOBP%GO:1903911	0.5140562248995983	0.7828921253459312	0.07788401119770678	-0.5243813808961875	-1.0017044354901539	5	
RUFFLE ASSEMBLY%GOBP%GO:0097178	0.5140562248995983	0.7828921253459312	0.07788401119770678	-0.5239358978573537	-1.000853447350238	5	
CXCR4 SIGNALING PATHWAY%SMPDB%SMP0064625	0.5150300601202404	0.7841326692351767	0.07767985601172364	-0.36236270670937915	-0.9651765964460302	17	
APOPTOTIC CLEAVAGE OF CELLULAR PROTEINS%REACTOME DATABASE ID RELEASE 93%111465	0.5173824130879345	0.7858912741844806	0.07850290473486872	-0.3200896042390742	-0.9572677209941738	26	
NRXN1 DELETION SYNDROME%WIKIPATHWAYS_20250810%WP5398%HOMO SAPIENS	0.5173824130879345	0.7858912741844806	0.07850290473486872	-0.46784410169204094	-0.980146177513401	7	
REGULATION OF MITOCHONDRIAL DEPOLARIZATION%GOBP%GO:0051900	0.5173824130879345	0.7858912741844806	0.07850290473486872	-0.4678307907466789	-0.980118290719128	7	
BIOCARTA_ERK5_PATHWAY%MSIGDB_C2%BIOCARTA_ERK5_PATHWAY	0.5178571428571429	0.7863697453071297	0.07687367341265418	-0.40156380505900496	-0.9587965451456594	11	
YAP1- AND WWTR1 (TAZ)-STIMULATED GENE EXPRESSION%REACTOME DATABASE ID RELEASE 93%2032785	0.5178571428571429	0.7863697453071297	0.07687367341265418	-0.40165974250990827	-0.9590256108515754	11	
HSPB3 IN CHARCOT MARIE TOOTH DISEASE%WIKIPATHWAYS_20250810%WP5524%HOMO SAPIENS	0.5194274028629857	0.7880441433323321	0.07829552499447937	-0.46623107706384403	-0.9767668468392636	7	
MITOTIC NUCLEAR MEMBRANE ORGANIZATION%GOBP%GO:0101024	0.5200803212851406	0.7880441433323321	0.077274697304471	-0.4273081179996195	-0.9659159666625385	9	
MITOTIC NUCLEAR MEMBRANE REASSEMBLY%GOBP%GO:0007084	0.5200803212851406	0.7880441433323321	0.077274697304471	-0.4273081179996195	-0.9659159666625385	9	
POSITIVE REGULATION OF VASCULAR ASSOCIATED SMOOTH MUSCLE CELL PROLIFERATION%GOBP%GO:1904707	0.5201612903225806	0.7880455553956192	0.07747675478485777	-0.36758813009039437	-0.961712318352523	16	
PLATELET AGGREGATION%GOBP%GO:0070527	0.5203252032520326	0.788172607879925	0.07788401119770678	-0.32617978099135475	-0.9567936170166652	24	
POSITIVE REGULATION OF TELOMERE MAINTENANCE VIA TELOMERASE%GOBP%GO:0032212	0.5211267605633803	0.7889013045060028	0.077274697304471	-0.32699151794169284	-0.9531019173476426	23	
SUPPRESSION OF PHAGOSOMAL MATURATION%REACTOME DATABASE ID RELEASE 93%9637687	0.5220883534136547	0.7895433222404874	0.07707367349441024	-0.3875328520371379	-0.9596358472555656	13	
KETONE METABOLIC PROCESS%GOBP%GO:0042180	0.5225409836065574	0.7895433222404874	0.07808923069433449	-0.28632767492429617	-0.9615447175763415	43	
ACROSOME REACTION%GOBP%GO:0007340	0.523517382413088	0.7904799344436569	0.07788401119770678	-0.464305958844445	-0.972733671563181	7	
POSITIVE REGULATION OF NEURON PROJECTION ARBORIZATION%GOBP%GO:0150012	0.523517382413088	0.7904799344436569	0.07788401119770678	-0.4643632179960939	-0.9728536310505689	7	
PID_IL23_PATHWAY%MSIGDB_C2%PID_IL23_PATHWAY	0.5238095238095238	0.7904799344436569	0.0762797180809272	-0.39949889710552905	-0.9538662536530146	11	
BIOCARTA_MCALPAIN_PATHWAY%MSIGDB_C2%BIOCARTA_MCALPAIN_PATHWAY	0.5240963855421686	0.7904799344436569	0.07687367341265418	-0.4269906745811044	-0.9651983962407757	9	
NUCLEAR MEMBRANE ORGANIZATION%GOBP%GO:0071763	0.5244897959183673	0.7905649893379026	0.07767985601172364	-0.286815928041288	-0.9629174961976072	42	
FORMATION OF RNA POL II ELONGATION COMPLEX%REACTOME%R-HSA-112382.4	0.5245901639344263	0.7905649893379026	0.07788401119770678	-0.27124871240478	-0.9543308506618632	56	
RNA POLYMERASE II TRANSCRIPTION ELONGATION%REACTOME%R-HSA-75955.4	0.5245901639344263	0.7905649893379026	0.07788401119770678	-0.27124871240478	-0.9543308506618632	56	
METABOLISM OF POLYAMINES%REACTOME%R-HSA-351202.5	0.5250501002004008	0.7906682851075075	0.07667468724900914	-0.28436279324151054	-0.9637303159602962	44	
FORMATION OF THE EARLY ELONGATION COMPLEX%REACTOME%R-HSA-113418.5	0.5251046025104602	0.7906682851075075	0.07892096381800347	-0.30142190984923756	-0.9475619888531439	32	
FORMATION OF THE HIV-1 EARLY ELONGATION COMPLEX%REACTOME%R-HSA-167158.4	0.5251046025104602	0.7906682851075075	0.07892096381800347	-0.30142190984923756	-0.9475619888531439	32	
TP53 REGULATES TRANSCRIPTION OF CELL DEATH GENES%REACTOME%R-HSA-5633008.4	0.5251046025104602	0.7906682851075075	0.07892096381800347	-0.30117378515172677	-0.9467819741157464	32	
16P11 2 PROXIMAL DELETION SYNDROME%WIKIPATHWAYS_20250810%WP4949%HOMO SAPIENS	0.5254582484725051	0.7910798034342944	0.07747675478485777	-0.27960692663556014	-0.964312527115577	49	
TRANSCRIPTIONAL REGULATION BY RUNX1%REACTOME DATABASE ID RELEASE 93%8878171	0.525691699604743	0.7913102697306681	0.07588869006061172	-0.23881099039070502	-0.9745129016098247	146	
REGULATION OF CDH11 EXPRESSION AND FUNCTION%REACTOME DATABASE ID RELEASE 93%9759475	0.5263157894736842	0.7917655100317639	0.07707367349441024	-0.3305535679182151	-0.9510964039618294	22	
INTERMEMBRANE LIPID TRANSFER%GOBP%GO:0120009	0.5265225933202358	0.7918346500429267	0.0755015292281669	-0.39118572516875877	-0.9620605866294537	12	
FATTY ACID BIOSYNTHETIC PROCESS%GOBP%GO:0006633	0.5266393442622951	0.7918892766656319	0.07767985601172364	-0.2710937127814091	-0.953785517483643	56	
SNRNA MODIFICATION%GOBP%GO:0040031	0.5276073619631901	0.7932237113894596	0.07747675478485777	-0.4623561392430947	-0.9686487462169122	7	
MONOCARBOXYLIC ACID CATABOLIC PROCESS%GOBP%GO:0072329	0.5280665280665281	0.7934984252591015	0.07829552499447937	-0.25931776516119975	-0.9538500531366653	72	
REGULATION OF VENTRICULAR CARDIAC MUSCLE CELL MEMBRANE REPOLARIZATION%GOBP%GO:0060307	0.5281124497991968	0.7934984252591015	0.0764767053228531	-0.4246483155102015	-0.9599035704910718	9	
SCF-DEPENDENT PROTEASOMAL UBIQUITIN-DEPENDENT PROTEIN CATABOLIC PROCESS%GOBP%GO:0031146	0.5289256198347108	0.7942833353844487	0.07788401119770678	-0.29308106468565714	-0.9518594666428973	38	
TERPENOID BIOSYNTHETIC PROCESS%GOBP%GO:0016114	0.5296523517382413	0.7947639363531487	0.077274697304471	-0.459244220265351	-0.9621291909211727	7	
CITALOPRAM ACTION PATHWAY%PATHWHIZ%PW000426	0.5297619047619048	0.7947639363531487	0.07569463079327488	-0.34890320039053	-0.9523755259584292	18	
EMBRYONIC ORGAN MORPHOGENESIS%GOBP%GO:0048562	0.5297619047619048	0.7947639363531487	0.07569463079327488	-0.24893832543092104	-0.9637217801580031	96	
MTHFR DEFICIENCY%WIKIPATHWAYS_20250810%WP4288%HOMO SAPIENS	0.5297619047619048	0.7947639363531487	0.07569463079327488	-0.3977304346461975	-0.9496437722568695	11	
POSITIVE REGULATION OF EPIDERMAL CELL DIFFERENTIATION%GOBP%GO:0045606	0.5297619047619048	0.7947639363531487	0.07569463079327488	-0.3979543921376335	-0.9501785058816213	11	
AMP METABOLIC PROCESS%GOBP%GO:0046033	0.5301204819277109	0.7948785165612353	0.0762797180809272	-0.38639428287444577	-0.9568164429718885	13	
CELLULAR RESPONSE TO OXIDISED LOW-DENSITY LIPOPROTEIN PARTICLE STIMULUS%GOBP%GO:0140052	0.530241935483871	0.7948785165612353	0.0764767053228531	-0.47526956338332554	-0.9595953718559633	6	
IMMUNE INFILTRATION IN PANCREATIC CANCER%WIKIPATHWAYS_20250810%WP5285%HOMO SAPIENS	0.5316973415132924	0.7966481175549952	0.07707367349441024	-0.45795534487136824	-0.9594289617505272	7	
MITOCHONDRIAL SMALL RIBOSOMAL SUBUNIT ASSEMBLY%GOBP%GO:0180026	0.5316973415132924	0.7966481175549952	0.07707367349441024	-0.458317167207264	-0.9601869894315102	7	
MRNA 3'-SPLICE SITE RECOGNITION%GOBP%GO:0000389	0.532258064516129	0.7970462046549669	0.0762797180809272	-0.4743963371218745	-0.9578322800368567	6	
DEGRADATION OF CYSTEINE AND HOMOCYSTEINE%REACTOME%R-HSA-1614558.10	0.5324165029469549	0.7970462046549669	0.07492788183937392	-0.38897253301644724	-0.9566175839752593	12	
THE PHOTOTRANSDUCTION CASCADE%REACTOME DATABASE ID RELEASE 93%2514856	0.5324165029469549	0.7970462046549669	0.07492788183937392	-0.3893568671162955	-0.9575627940526522	12	
REGULATION OF PROTEIN SUMOYLATION%GOBP%GO:0033233	0.5341365461847389	0.7988923642313444	0.07588869006061172	-0.3847927790870054	-0.9528506877181996	13	
LEUKOCYTE PROLIFERATION%GOBP%GO:0070661	0.5342741935483871	0.7989768696350881	0.07608371609517249	-0.36604044229139365	-0.9576631385792347	16	
PLATELET ACTIVATION%GOBP%GO:0030168	0.5352112676056338	0.8002566652763964	0.07588869006061172	-0.278603381131673	-0.9549595468535195	47	
PROTEIN FOLDING%REACTOME DATABASE ID RELEASE 93%391251	0.5354969574036511	0.8004010405376111	0.0762797180809272	-0.2563774183280479	-0.9591871743895036	79	
NEGATIVE REGULATION OF DNA-TEMPLATED TRANSCRIPTION, ELONGATION%GOBP%GO:0032785	0.5362903225806451	0.8008584335464819	0.07588869006061172	-0.33774112459383643	-0.9485487780695816	20	
NOTCH SIGNALING PATHWAY%PANTHER PATHWAY%P00045	0.5363457760314342	0.8008584335464819	0.0745500777420554	-0.3863953886079401	-0.9502794972252696	12	
AMELOGENESIS%GOBP%GO:0097186	0.5381526104417671	0.8013440610175797	0.0755015292281669	-0.5108496974008386	-0.9758554105805084	5	
CELLULAR RESPONSE TO INTERFERON-ALPHA%GOBP%GO:0035457	0.5381526104417671	0.8013440610175797	0.0755015292281669	-0.516255902092482	-0.9861826636373039	5	
INTERLEUKIN-12-MEDIATED SIGNALING PATHWAY%GOBP%GO:0035722	0.5381526104417671	0.8013440610175797	0.0755015292281669	-0.5122955294351254	-0.9786173247416169	5	
NEGATIVE REGULATION OF BONE REMODELING%GOBP%GO:0046851	0.5381526104417671	0.8013440610175797	0.0755015292281669	-0.5162179885685374	-0.9861102389737214	5	
NEGATIVE REGULATION OF BONE RESORPTION%GOBP%GO:0045779	0.5381526104417671	0.8013440610175797	0.0755015292281669	-0.5162179885685374	-0.9861102389737214	5	
SYNTHESIS OF PIPS AT THE ER MEMBRANE%REACTOME DATABASE ID RELEASE 93%1483248	0.5381526104417671	0.8013440610175797	0.0755015292281669	-0.5105198496064343	-0.9752253157473799	5	
2-HYDROXYGLUTRIC ACIDURIA (D AND L FORM)%SMPDB%SMP0000136	0.5383064516129032	0.8013440610175797	0.07569463079327488	-0.33720775711306594	-0.9470508110312018	20	
4-HYDROXYBUTYRIC ACIDURIA SUCCINIC SEMIALDEHYDE DEHYDROGENASE DEFICIENCY%SMPDB%SMP0000243	0.5383064516129032	0.8013440610175797	0.07569463079327488	-0.33720775711306594	-0.9470508110312018	20	
GLUTAMATE METABOLISM%PATHWHIZ%PW000003	0.5383064516129032	0.8013440610175797	0.07569463079327488	-0.33720775711306594	-0.9470508110312018	20	
HOMOCARNOSINOSIS%SMPDB%SMP0000385	0.5383064516129032	0.8013440610175797	0.07569463079327488	-0.33720775711306594	-0.9470508110312018	20	
HYPERINSULINISM-HYPERAMMONEMIA SYNDROME%PATHWHIZ%PW000072	0.5383064516129032	0.8013440610175797	0.07569463079327488	-0.33720775711306594	-0.9470508110312018	20	
SUCCINIC SEMIALDEHYDE DEHYDROGENASE DEFICIENCY%SMPDB%SMP0000567	0.5383064516129032	0.8013440610175797	0.07569463079327488	-0.33720775711306594	-0.9470508110312018	20	
NOTCH2 ACTIVATION AND TRANSMISSION OF SIGNAL TO THE NUCLEUS%REACTOME DATABASE ID RELEASE 93%2979096	0.5384615384615384	0.8013440610175797	0.07588869006061172	-0.32801840180578123	-0.9438020117452603	22	
NOTCH3 INTRACELLULAR DOMAIN REGULATES TRANSCRIPTION%REACTOME%R-HSA-9013508.2	0.5384615384615384	0.8013440610175797	0.07588869006061172	-0.32708779807324845	-0.9411244007634773	22	
STRESS-ACTIVATED PROTEIN KINASE SIGNALING CASCADE%GOBP%GO:0031098	0.5390781563126252	0.8015720131821967	0.07530937641727728	-0.35775594466128535	-0.9529061866276657	17	
NEURAL TUBE FORMATION%GOBP%GO:0001841	0.5390946502057613	0.8015720131821967	0.07667468724900914	-0.3097168350332242	-0.939836819842078	27	
PRIMARY NEURAL TUBE FORMATION%GOBP%GO:0014020	0.5390946502057613	0.8015720131821967	0.07667468724900914	-0.3097168350332242	-0.939836819842078	27	
NEGATIVE REGULATION OF AMYLOID PRECURSOR PROTEIN BIOSYNTHETIC PROCESS%GOBP%GO:0042985	0.5401606425702812	0.802173722712946	0.07530937641727728	-0.5081196280294444	-0.9706402700393861	5	
DEFECTS IN VITAMIN AND COFACTOR METABOLISM%REACTOME DATABASE ID RELEASE 93%3296482	0.5403225806451613	0.802173722712946	0.0755015292281669	-0.3362349778586124	-0.9443187523449728	20	
PHOSPHORYLATION%GOBP%GO:0016310	0.5417515274949084	0.8028482021964797	0.07588869006061172	-0.22190264251131206	-0.9708317052109957	274	
TRK RECEPTOR SIGNALING MEDIATED BY THE MAPK PATHWAY%PATHWAY INTERACTION DATABASE NCI-NATURE CURATED DATA%TRK RECEPTOR SIGNALING MEDIATED BY THE MAPK PATHWAY	0.5418410041841004	0.8028482021964797	0.077274697304471	-0.29863761434909697	-0.9388091659976731	32	
15Q11 2 COPY NUMBER VARIATION SYNDROME%WIKIPATHWAYS_20250810%WP4940%HOMO SAPIENS	0.5419222903885481	0.8028482021964797	0.07608371609517249	-0.45396692005298156	-0.9510731027669409	7	
POSITIVE REGULATION OF GLUTAMATE RECEPTOR SIGNALING PATHWAY%GOBP%GO:1900451	0.5419222903885481	0.8028482021964797	0.07608371609517249	-0.45461482265140135	-0.9524304764154392	7	
REGULATION OF MAMMARY GLAND EPITHELIAL CELL PROLIFERATION%GOBP%GO:0033599	0.5419222903885481	0.8028482021964797	0.07608371609517249	-0.45383883295518973	-0.950804756796915	7	
ERYTHROCYTES TAKE UP CARBON DIOXIDE AND RELEASE OXYGEN%REACTOME%R-HSA-1237044.5	0.5423387096774194	0.8028667772491161	0.07530937641727728	-0.47230943470452735	-0.9536187093487919	6	
NEGATIVE REGULATION OF CHEMOTAXIS%GOBP%GO:0050922	0.5423387096774194	0.8028667772491161	0.07530937641727728	-0.3644507535984033	-0.9535040728389492	16	
O2 CO2 EXCHANGE IN ERYTHROCYTES%REACTOME%R-HSA-1480926.4	0.5423387096774194	0.8028667772491161	0.07530937641727728	-0.47230943470452735	-0.9536187093487919	6	
T CELL MEDIATED IMMUNITY%GOBP%GO:0002456	0.5436105476673428	0.8039630090546281	0.0755015292281669	-0.40302858124033836	-0.9361553269941414	10	
REACTIVE OXYGEN SPECIES BIOSYNTHETIC PROCESS%GOBP%GO:1903409	0.5439672801635992	0.8041776611714045	0.07588869006061172	-0.4521384627302239	-0.9472424347107109	7	
PDGF RECEPTOR SIGNALING NETWORK%PATHWAY INTERACTION DATABASE NCI-NATURE CURATED DATA%PDGF RECEPTOR SIGNALING NETWORK	0.5441767068273092	0.8041776611714045	0.07492788183937392	-0.505906128074837	-0.9664119110562772	5	
TP53 REGULATES TRANSCRIPTION OF DEATH RECEPTORS AND LIGANDS%REACTOME%R-HSA-6803211.2	0.5443548387096774	0.8042793730395383	0.07511816352763015	-0.47111291241614434	-0.9512028650812119	6	
CYTOCHROME COMPLEX ASSEMBLY%GOBP%GO:0017004	0.5454545454545454	0.8050501406824905	0.0762797180809272	-0.2910342080262714	-0.9452117499431267	38	
NEGATIVE REGULATION OF LIPID CATABOLIC PROCESS%GOBP%GO:0050995	0.5456389452332657	0.8050501406824905	0.07530937641727728	-0.40249750504760406	-0.9349217425040839	10	
REGULATION OF TELOMERE MAINTENANCE VIA TELOMERE LENGTHENING%GOBP%GO:1904356	0.5458248472505092	0.8050501406824905	0.0755015292281669	-0.27643922487224776	-0.953387710161705	49	
OSX AND MIRNAS IN TOOTH DEVELOPMENT%WIKIPATHWAYS_20250810%WP3971%HOMO SAPIENS	0.5460122699386503	0.8050501406824905	0.07569463079327488	-0.45130782206734665	-0.945502219823611	7	
NEGATIVE REGULATION OF CHEMOKINE PRODUCTION%GOBP%GO:0032682	0.5461847389558233	0.8050501406824905	0.07473852274390924	-0.41938465017594884	-0.9480052278774936	9	
PID_ANTHRAX_PATHWAY%MSIGDB_C2%PID_ANTHRAX_PATHWAY	0.5461847389558233	0.8050501406824905	0.07473852274390924	-0.41935032136402295	-0.9479276287255959	9	
POSITIVE REGULATION OF JUN KINASE ACTIVITY%GOBP%GO:0043507	0.5461847389558233	0.8050501406824905	0.07473852274390924	-0.41914156269916303	-0.9474557366199385	9	
PROTEIN DELIPIDATION%GOBP%GO:0051697	0.5461847389558233	0.8050501406824905	0.07473852274390924	-0.5046337356824001	-0.963981311592563	5	
PHOSPHODIESTERASES IN NEURONAL FUNCTION%WIKIPATHWAYS_20250810%WP4222%HOMO SAPIENS	0.5472837022132797	0.8055430644511129	0.07473852274390924	-0.32373644342542524	-0.9436141551509568	23	
FACE MORPHOGENESIS%GOBP%GO:0060325	0.5476190476190477	0.8055430644511129	0.07399014391013414	-0.3898830654147539	-0.9309069478399257	11	
NANOPARTICLE TRIGGERED AUTOPHAGIC CELL DEATH%WIKIPATHWAYS_20250810%WP2509%HOMO SAPIENS	0.547808764940239	0.8055430644511129	0.07417589655880091	-0.34092394806896764	-0.9449411304439894	19	
REGULATION OF CDH1 FUNCTION%REACTOME DATABASE ID RELEASE 93%9764561	0.547808764940239	0.8055430644511129	0.07417589655880091	-0.2718066796439708	-0.9477636245890049	51	
NEGATIVE REGULATION OF PEPTIDYL-SERINE PHOSPHORYLATION%GOBP%GO:0033137	0.5480572597137015	0.8055430644511129	0.0755015292281669	-0.44918707856892437	-0.9410592042422513	7	
TELOMERASE HOLOENZYME COMPLEX ASSEMBLY%GOBP%GO:1905323	0.5481927710843374	0.8055430644511129	0.0745500777420554	-0.5036848974126253	-0.9621687844166898	5	
NEPHROGENESIS%WIKIPATHWAYS_20250810%WP5052%HOMO SAPIENS	0.5483870967741935	0.8055430644511129	0.07473852274390924	-0.46685253616861777	-0.942600931264141	6	
SPERMIDINE AND SPERMINE BIOSYNTHESIS%PATHWHIZ%PW000037	0.5483870967741935	0.8055430644511129	0.07473852274390924	-0.4692737033025256	-0.9474894007879381	6	
CO-TRANSCRIPTIONAL RNA 3'-END PROCESSING, CLEAVAGE AND POLYADENYLATION PATHWAY%GOBP%GO:0180012	0.5496031746031746	0.8055430644511129	0.07380527241712746	-0.3870138866182984	-0.9240563336092866	11	
HAIR CYCLE PROCESS%GOBP%GO:0022405	0.5496031746031746	0.8055430644511129	0.07380527241712746	-0.38664003393471025	-0.9231637017114366	11	
HAIR CYCLE%GOBP%GO:0042633	0.5496031746031746	0.8055430644511129	0.07380527241712746	-0.38664003393471025	-0.9231637017114366	11	
HAIR FOLLICLE DEVELOPMENT%GOBP%GO:0001942	0.5496031746031746	0.8055430644511129	0.07380527241712746	-0.38664003393471025	-0.9231637017114366	11	
MOLTING CYCLE PROCESS%GOBP%GO:0022404	0.5496031746031746	0.8055430644511129	0.07380527241712746	-0.38664003393471025	-0.9231637017114366	11	
MOLTING CYCLE%GOBP%GO:0042303	0.5496031746031746	0.8055430644511129	0.07380527241712746	-0.38664003393471025	-0.9231637017114366	11	
NEGATIVE REGULATION OF INTERLEUKIN-1 PRODUCTION%GOBP%GO:0032692	0.5496957403651116	0.8055430644511129	0.07492788183937392	-0.4003500016748517	-0.9299335188005615	10	
TRANSFERRIN TRANSPORT%GOBP%GO:0033572	0.5496957403651116	0.8055430644511129	0.07492788183937392	-0.4013115920349335	-0.9321671021737467	10	
OUTER MITOCHONDRIAL MEMBRANE ORGANIZATION%GOBP%GO:0007008	0.550098231827112	0.8055430644511129	0.07325586558284547	-0.3825052822015473	-0.9407123841876691	12	
CELLULAR DETOXIFICATION OF NITROGEN COMPOUND%GOBP%GO:0070458	0.5502008032128514	0.8055430644511129	0.07436253844225256	-0.5025562160958805	-0.9600127103789239	5	
DETOXIFICATION OF NITROGEN COMPOUND%GOBP%GO:0051410	0.5502008032128514	0.8055430644511129	0.07436253844225256	-0.5025562160958805	-0.9600127103789239	5	
CERAMIDE CATABOLIC PROCESS%GOBP%GO:0046514	0.5503080082135524	0.8055802332546294	0.0755015292281669	-0.36575162673178874	-0.9403018937285624	15	
REGULATION OF HOMOTYPIC CELL-CELL ADHESION%GOBP%GO:0034110	0.5506072874493927	0.8057885411560951	0.07473852274390924	-0.3245872749975228	-0.9339296863929017	22	
REGULATION OF MECP2 EXPRESSION AND ACTIVITY%REACTOME%R-HSA-9022692.2	0.5521472392638037	0.8075223812224988	0.07511816352763015	-0.3036591224428842	-0.9299707185872231	28	
APOPTOTIC NUCLEAR CHANGES%GOBP%GO:0030262	0.5522088353413654	0.8075223812224988	0.07417589655880091	-0.3771734057621472	-0.9339830646567718	13	
NEPHRON DEVELOPMENT%REACTOME%R-HSA-9831926.1	0.5522088353413654	0.8075223812224988	0.07417589655880091	-0.5011563389727413	-0.9573385820164841	5	
KLEEFSTRA SYNDROME%WIKIPATHWAYS_20250810%WP5351%HOMO SAPIENS	0.5524193548387096	0.8075521507020061	0.07436253844225256	-0.331656850098197	-0.9427980021601688	21	
REGULATION OF RETROGRADE TRANSPORT, ENDOSOME TO GOLGI%GOBP%GO:1905279	0.5524193548387096	0.8075521507020061	0.07436253844225256	-0.4654785074970089	-0.9398266918521174	6	
IRON ION TRANSMEMBRANE TRANSPORT%GOBP%GO:0034755	0.5535714285714286	0.8079388920800169	0.07343814108388569	-0.3846374684003755	-0.9183822625190626	11	
PROTEIN AUTO-ADP-RIBOSYLATION%GOBP%GO:0070213	0.5535714285714286	0.8079388920800169	0.07343814108388569	-0.3853139946156338	-0.9199975749294897	11	
POSITIVE REGULATION OF BINDING%GOBP%GO:0051099	0.5546218487394958	0.8082899234294073	0.0762797180809272	-0.30133230014285556	-0.9353871289080119	31	
MICRORNA (MIRNA) BIOGENESIS%REACTOME DATABASE ID RELEASE 93%203927	0.5548780487804879	0.8084239816946853	0.0745500777420554	-0.3196476929727954	-0.9376328336506531	24	
PATTERN SPECIFICATION PROCESS%GOBP%GO:0007389	0.5553359683794467	0.8089714372930955	0.07307443991269867	-0.23659726320822586	-0.9654793738963771	146	
CELLULAR RESPONSE TO PH%GOBP%GO:0071467	0.5555555555555556	0.8091715976331361	0.07325586558284547	-0.3844563007601665	-0.9179496963730698	11	
GLYCEROPHOSPHOLIPID BIOSYNTHETIC PATHWAY%WIKIPATHWAYS_20250810%WP2533%HOMO SAPIENS	0.5564516129032258	0.8096383302268598	0.07399014391013414	-0.3302669046146227	-0.9388468163950101	21	
MAPK CASCADE%GOBP%GO:0000165	0.5564516129032258	0.8096383302268598	0.07399014391013414	-0.2468673293409695	-0.9483184783211477	92	
OXYSTEROLS DERIVED FROM CHOLESTEROL%WIKIPATHWAYS_20250810%WP4545%HOMO SAPIENS	0.5564516129032258	0.8096383302268598	0.07399014391013414	-0.35693296228968535	-0.9338354494081011	16	
TGFBR3 EXPRESSION%REACTOME DATABASE ID RELEASE 93%9839394	0.5564516129032258	0.8096383302268598	0.07399014391013414	-0.33037350066745436	-0.9391498360540886	21	
PAUSING AND RECOVERY OF TAT-MEDIATED HIV ELONGATION%REACTOME%R-HSA-167238.4	0.556910569105691	0.8098366650630812	0.07436253844225256	-0.30107361030926066	-0.931582536023927	29	
TAT-MEDIATED HIV ELONGATION ARREST AND RECOVERY%REACTOME DATABASE ID RELEASE 93%167243	0.556910569105691	0.8098366650630812	0.07436253844225256	-0.30107361030926066	-0.931582536023927	29	
TRANSPORT OF VITAMINS, NUCLEOSIDES, AND RELATED MOLECULES%REACTOME%R-HSA-425397.5	0.556910569105691	0.8098366650630812	0.07436253844225256	-0.31385543981587327	-0.9294939679210273	25	
ENDONUCLEOLYTIC CLEAVAGE IN ITS1 TO SEPARATE SSU-RRNA FROM 5.8S RRNA AND LSU-RRNA FROM TRICISTRONIC RRNA TRANSCRIPT (SSU-RRNA, 5.8S RRNA, LSU-RRNA)%GOBP%GO:0000447	0.5571725571725572	0.8098366650630812	0.0755015292281669	-0.43454099005370794	-0.9395252333879935	8	
VOCALIZATION BEHAVIOR%GOBP%GO:0071625	0.5571725571725572	0.8098366650630812	0.0755015292281669	-0.4355418152995275	-0.9416891272304203	8	
CARBOXYTERMINAL POST-TRANSLATIONAL MODIFICATIONS OF TUBULIN%REACTOME DATABASE ID RELEASE 93%8955332	0.5576131687242798	0.8098366650630812	0.07492788183937392	-0.30753147717232776	-0.9332053437649656	27	
BETA OXIDATION OF HEXANOYL-COA TO BUTANOYL-COA%REACTOME%R-HSA-77350.3	0.5582329317269076	0.8098366650630812	0.07362127410143941	-0.496026746220108	-0.9475397295023288	5	
POSITIVE REGULATION OF MEMBRANE INVAGINATION%GOBP%GO:1905155	0.5582329317269076	0.8098366650630812	0.07362127410143941	-0.497685179548214	-0.9507077672726427	5	
POSITIVE REGULATION OF MESENCHYMAL STEM CELL DIFFERENTIATION%GOBP%GO:2000741	0.5582329317269076	0.8098366650630812	0.07362127410143941	-0.4965828834636458	-0.9486020958713273	5	
POSITIVE REGULATION OF PHAGOCYTOSIS, ENGULFMENT%GOBP%GO:0060100	0.5582329317269076	0.8098366650630812	0.07362127410143941	-0.497685179548214	-0.9507077672726427	5	
REGULATION OF MEMBRANE INVAGINATION%GOBP%GO:1905153	0.5582329317269076	0.8098366650630812	0.07362127410143941	-0.497685179548214	-0.9507077672726427	5	
REGULATION OF PHAGOCYTOSIS, ENGULFMENT%GOBP%GO:0060099	0.5582329317269076	0.8098366650630812	0.07362127410143941	-0.497685179548214	-0.9507077672726427	5	
ARGININE METABOLIC PROCESS%GOBP%GO:0006525	0.5595238095238095	0.8112312514462419	0.0728938564822936	-0.3836740527467105	-0.9160819565934887	11	
REGULATION OF GLUTAMATE RECEPTOR SIGNALING PATHWAY%GOBP%GO:1900449	0.5598377281947262	0.811240960067079	0.07399014391013414	-0.39653977318305245	-0.9210831149689395	10	
INFLAMMASOMES%REACTOME DATABASE ID RELEASE 93%622312	0.5602409638554217	0.811240960067079	0.07343814108388569	-0.37447727068247066	-0.927306707135338	13	
REGULATION OF SNARE COMPLEX ASSEMBLY%GOBP%GO:0035542	0.5602409638554217	0.811240960067079	0.07343814108388569	-0.37491496094100507	-0.9283905462469805	13	
REGULATION OF PROTEIN POLYUBIQUITINATION%GOBP%GO:1902914	0.5604838709677419	0.811240960067079	0.07362127410143941	-0.3312854940554398	-0.9304180856162156	20	
2Q11 2 COPY NUMBER VARIATION SYNDROME%WIKIPATHWAYS_20250810%WP5221%HOMO SAPIENS	0.5607287449392713	0.811240960067079	0.07380527241712746	-0.3204823472659998	-0.922118644604538	22	
HALLMARK_FATTY_ACID_METABOLISM%MSIGDBHALLMARK%HALLMARK_FATTY_ACID_METABOLISM	0.5607287449392713	0.811240960067079	0.07380527241712746	-0.249214104527791	-0.949648740397506	87	
CELLULAR RESPONSE TO HYPOXIA%REACTOME DATABASE ID RELEASE 93%1234174	0.5609756097560976	0.811240960067079	0.07399014391013414	-0.26480041426769524	-0.9367016301868875	59	
REGULATION OF RUNX1 EXPRESSION AND ACTIVITY%REACTOME%R-HSA-8934593.2	0.561122244488978	0.811240960067079	0.07325586558284547	-0.3496524058448363	-0.931321884851541	17	
CASPASE CASCADE IN APOPTOSIS%PATHWAY INTERACTION DATABASE NCI-NATURE CURATED DATA%CASPASE CASCADE IN APOPTOSIS	0.5612244897959183	0.811240960067079	0.07417589655880091	-0.27997059845287814	-0.939935900743919	42	
DOLICHYL MONOPHOSPHATE BIOSYNTHETIC PROCESS%GOBP%GO:0043048	0.5613305613305614	0.811240960067079	0.07511816352763015	-0.4332210721600601	-0.9366714262778078	8	
CELLULAR RESPONSE TO ATP%GOBP%GO:0071318	0.5615079365079365	0.811240960067079	0.072714107793444685	-0.3831037901771452	-0.9147203652980661	11	
HEAD MORPHOGENESIS%GOBP%GO:0060323	0.5618860510805501	0.8113110513182425	0.0721797965581253	-0.37904965270186264	-0.932213799679744	12	
CELLULAR RESPONSE TO STEROL%GOBP%GO:0036315	0.5622489959839357	0.8114238621986467	0.07325586558284547	-0.3735865278780951	-0.9251009877459485	13	
NEGATIVE REGULATION OF CATALYTIC ACTIVITY%GOBP%GO:0043086	0.5642570281124498	0.8131769876708123	0.07307443991269867	-0.24125700837260955	-0.956676431420715	118	
PROTEIN POLY-ADP-RIBOSYLATION%GOBP%GO:0070212	0.5642570281124498	0.8131769876708123	0.07307443991269867	-0.4947256207036377	-0.9450542423197933	5	
INTERNAL PROTEIN AMINO ACID ACETYLATION%GOBP%GO:0006475	0.5644171779141104	0.8131769876708123	0.07399014391013414	-0.44191871539399197	-0.9258317847729799	7	
POSITIVE REGULATION OF PHOSPHOLIPID TRANSPORT%GOBP%GO:2001140	0.5644171779141104	0.8131769876708123	0.07399014391013414	-0.4410624788303199	-0.9240379457742726	7	
REGULATION OF PHOSPHOLIPID TRANSPORT%GOBP%GO:2001138	0.5644171779141104	0.8131769876708123	0.07399014391013414	-0.4410624788303199	-0.9240379457742726	7	
T CELL HOMEOSTASIS%GOBP%GO:0043029	0.5644171779141104	0.8131769876708123	0.07399014391013414	-0.4415175163717876	-0.9249912618581595	7	
TERMINATION OF RNA POLYMERASE II TRANSCRIPTION%GOBP%GO:0006369	0.5644171779141104	0.8131769876708123	0.07399014391013414	-0.440893107310378	-0.92368310781169	7	
POSITIVE REGULATION OF VASCULAR ENDOTHELIAL CELL PROLIFERATION%GOBP%GO:1905564	0.5658153241650294	0.8139908607539029	0.07182762936038092	-0.3775696018591819	-0.9285738443073015	12	
UV-DAMAGE EXCISION REPAIR%GOBP%GO:0070914	0.5658153241650294	0.8139908607539029	0.07182762936038092	-0.37762101659791436	-0.9287002908786456	12	
LUNG MORPHOGENESIS%GOBP%GO:0060425	0.5662650602409639	0.8142743129453132	0.0728938564822936	-0.49284810713239413	-0.9414677044667646	5	
MRNA CAPPING%REACTOME DATABASE ID RELEASE 93%72086	0.5670731707317073	0.8150782204300284	0.07343814108388569	-0.29861389067304317	-0.9239716668605301	29	
RAS SIGNALING PATHWAY%SMPDB%SMP0063784	0.5670731707317073	0.8150782204300284	0.07343814108388569	-0.3173109254289431	-0.9307783184393966	24	
VASOPRESSIN REGULATES RENAL WATER HOMEOSTASIS VIA AQUAPORINS%REACTOME DATABASE ID RELEASE 93%432040	0.5672268907563025	0.8150782204300284	0.07511816352763015	-0.2990833105349946	-0.9284058795323435	31	
ESTROGEN-DEPENDENT GENE EXPRESSION%REACTOME%R-HSA-9018519.3	0.5683168316831683	0.816525248030421	0.07200331366198796	-0.24489162016591054	-0.9458764625265919	94	
ODONTOGENESIS%GOBP%GO:0042476	0.5685071574642127	0.8166795261734224	0.07362127410143941	-0.30900004886924165	-0.9241030281858766	26	
EPITHELIAL TUBE FORMATION%GOBP%GO:0072175	0.5693877551020409	0.8174674594247149	0.07343814108388569	-0.28986861264956637	-0.9382397888768369	36	
SEGMENTATION%GOBP%GO:0035282	0.5699797160243407	0.8177219855832241	0.07307443991269867	-0.3608215363632554	-0.9116593536498642	14	
DNA CYTOSINE DEAMINATION%GOBP%GO:0070383	0.570281124497992	0.8177219855832241	0.07253518643945886	-0.491807654929751	-0.9394801709190976	5	
MEMBRANE RAFT ORGANIZATION%GOBP%GO:0031579	0.570281124497992	0.8177219855832241	0.07253518643945886	-0.3709756884767158	-0.9186358453255822	13	
REGULATION OF MEMBRANE LIPID METABOLIC PROCESS%GOBP%GO:1905038	0.570281124497992	0.8177219855832241	0.07253518643945886	-0.37109673782014413	-0.9189355961431708	13	
HOST-MEDIATED SUPPRESSION OF VIRAL GENOME REPLICATION%GOBP%GO:0044828	0.5705521472392638	0.8178451340524752	0.07343814108388569	-0.43773522785863167	-0.9170672640669831	7	
CD28 DEPENDENT VAV1 PATHWAY%REACTOME%R-HSA-389359.3	0.5705645161290323	0.8178451340524752	0.072714107793444685	-0.4601184899771187	-0.929004521863914	6	
THE NLRP3 INFLAMMASOME%REACTOME%R-HSA-844456.10	0.5714285714285714	0.8180568399816243	0.07182762936038092	-0.3822837367368346	-0.9127623591344153	11	
BETA5 BETA6 BETA7 AND BETA8 INTEGRIN CELL SURFACE INTERACTIONS%PATHWAY INTERACTION DATABASE NCI-NATURE CURATED DATA%BETA5 BETA6 BETA7 AND BETA8 INTEGRIN CELL SURFACE INTERACTIONS	0.5717092337917485	0.8180568399816243	0.07130529873400379	-0.37619424430512693	-0.92519136583187	12	
CANONICAL WNT SIGNALING PATHWAY%GOBP%GO:0060070	0.5722772277227722	0.8183641276667987	0.07165273668294567	-0.27360900629732027	-0.9350340255146745	45	
TRNA THREONYLCARBAMOYLADENOSINE MODIFICATION%GOBP%GO:0002949	0.572289156626506	0.8183641276667987	0.07235708510369071	-0.4909771252729418	-0.9378936438772525	5	
BIOCARTA_EPONFKB_PATHWAY%MSIGDB_C2%BIOCARTA_EPONFKB_PATHWAY	0.5725806451612904	0.8183641276667987	0.07253518643945886	-0.45957763231730964	-0.9279125005202982	6	
VIRAL TRANSCRIPTION%GOBP%GO:0019083	0.5725806451612904	0.8183641276667987	0.07253518643945886	-0.45938976139075677	-0.927533178793186	6	
REGULATION OF CALCIUM ION IMPORT ACROSS PLASMA MEMBRANE%GOBP%GO:1905664	0.5725971370143149	0.8183641276667987	0.07325586558284547	-0.43493405913265754	-0.9111987390403689	7	
RENAL SYSTEM PROCESS INVOLVED IN REGULATION OF BLOOD VOLUME%GOBP%GO:0001977	0.5725971370143149	0.8183641276667987	0.07325586558284547	-0.4355827096585475	-0.9125576796173553	7	
TROP2 REGULATORY SIGNALING%WIKIPATHWAYS_20250810%WP5300%HOMO SAPIENS	0.573170731707317	0.8183641276667987	0.0728938564822936	-0.29692099901212654	-0.9187335182726465	29	
REGULATION OF RENAL SYSTEM PROCESS%GOBP%GO:0098801	0.5740365111561866	0.8190600396077863	0.072714107793444685	-0.39341953222327264	-0.9138354150985888	10	
REGULATION OF GLUCONEOGENESIS%GOBP%GO:0006111	0.5740740740740741	0.8190600396077863	0.07343814108388569	-0.30584768052638095	-0.9280958569499603	27	
BRANCHED-CHAIN KETOACID DEHYDROGENASE KINASE DEFICIENCY%REACTOME%R-HSA-9912481.1	0.5742971887550201	0.8192596523445274	0.0721797965581253	-0.48985267704566837	-0.9357456561382259	5	
SIGNALING BY FGFR2 IIIA TM%REACTOME%R-HSA-8851708.2	0.5756972111553785	0.8202375239923225	0.07165273668294567	-0.33421550713239134	-0.9263473009461486	19	
ANTI-INFLAMMATORY RESPONSE FAVOURING LEISHMANIA PARASITE INFECTION%REACTOME%R-HSA-9662851.3	0.5762376237623762	0.8204599775620701	0.07130529873400379	-0.27242266099136114	-0.9309797977606509	45	
LEISHMANIA PARASITE GROWTH AND SURVIVAL%REACTOME DATABASE ID RELEASE 93%9664433	0.5762376237623762	0.8204599775620701	0.07130529873400379	-0.27242266099136114	-0.9309797977606509	45	
PANTOTHENATE METABOLIC PROCESS%GOBP%GO:0015939	0.5763052208835341	0.8204599775620701	0.07200331366198796	-0.4887630630691425	-0.9336642108523681	5	
REGULATION OF MITOCHONDRIAL ATP SYNTHESIS COUPLED ELECTRON TRANSPORT%GOBP%GO:1905446	0.5763052208835341	0.8204599775620701	0.07200331366198796	-0.4891239652783998	-0.9343536276718084	5	
TRNA WOBBLE BASE MODIFICATION%GOBP%GO:0002097	0.5772357723577236	0.8211603144796846	0.07253518643945886	-0.30818124503217265	-0.9126896397011538	25	
MYOFIBRIL ASSEMBLY%GOBP%GO:0030239	0.5787321063394683	0.8226066578632025	0.072714107793444685	-0.2995888999860276	-0.9175054658638352	28	
MESENCHYME DEVELOPMENT%GOBP%GO:0060485	0.5791583166332666	0.8226750175120525	0.07165273668294567	-0.23924178586390257	-0.9498378186060468	119	
REGULATION OF ENDOCYTIC RECYCLING%GOBP%GO:2001135	0.5791583166332666	0.8226750175120525	0.07165273668294567	-0.34402324058183864	-0.9163282376887004	17	
PHOSPHOLIPID BIOSYNTHESIS%SMPDB%SMP0000025	0.5796812749003984	0.8227680312338652	0.07130529873400379	-0.33233827726807996	-0.9211441706875293	19	
POSITIVE REGULATION OF DNA BINDING%GOBP%GO:0043388	0.5801217038539553	0.8229646224245969	0.0721797965581253	-0.35806290584883504	-0.9046893392292078	14	
PURINE NUCLEOTIDE METABOLIC PROCESS%GOBP%GO:0006163	0.5802469135802469	0.8229646224245969	0.0728938564822936	-0.22428989754158465	-0.9600478209179373	221	
NEGATIVE REGULATION OF GTPASE ACTIVITY%GOBP%GO:0034260	0.5803212851405622	0.8229646224245969	0.07165273668294567	-0.3677231408252173	-0.9105816602290739	13	
MALE MEIOSIS I%GOBP%GO:0007141	0.5807770961145194	0.8233738356146232	0.07253518643945886	-0.4322384403480692	-0.9055513440252517	7	
REGULATION OF EXPRESSION AND FUNCTION OF TYPE II CLASSICAL CADHERINS%REACTOME%R-HSA-9764260.2	0.5813008130081301	0.8236573531872178	0.0721797965581253	-0.31397355067298677	-0.9209886899885263	24	
PROTEIN-PROTEIN INTERACTIONS AT SYNAPSES%REACTOME%R-HSA-6794362.6	0.5816326530612245	0.8237564876353303	0.07235708510369071	-0.2531064372614634	-0.9183276233217852	65	
MITOCHONDRIAL COMPLEX II ASSEMBLY%WIKIPATHWAYS_20250810%WP4920%HOMO SAPIENS	0.5821205821205822	0.8240319715193052	0.07325586558284547	-0.4237656120520271	-0.9162276854843499	8	
EXTRA-NUCLEAR ESTROGEN SIGNALING%REACTOME DATABASE ID RELEASE 93%9009391	0.5821501014198783	0.8240319715193052	0.07200331366198796	-0.2677825308835412	-0.9373050568386646	53	
REGULATION OF CILIUM MOVEMENT%GOBP%GO:0003352	0.5821501014198783	0.8240319715193052	0.07200331366198796	-0.3918919045083985	-0.910287039401406	10	
DEVELOPMENT AND HETEROGENEITY OF THE ILC FAMILY%WIKIPATHWAYS_20250810%WP3893%HOMO SAPIENS	0.5823293172690763	0.8240319715193052	0.07147862874255066	-0.40299844207272495	-0.9109647426322002	9	
GLAND MORPHOGENESIS%GOBP%GO:0022612	0.5823293172690763	0.8240319715193052	0.07147862874255066	-0.36731718722076606	-0.9095764096313345	13	
MITOCHONDRIAL FATTY ACID BETA-OXIDATION OF SATURATED FATTY ACIDS%REACTOME DATABASE ID RELEASE 93%77286	0.5823293172690763	0.8240319715193052	0.07147862874255066	-0.40413311821125664	-0.9135296407771957	9	
DNA-TEMPLATED TRANSCRIPTION INITIATION%GOBP%GO:0006352	0.5830039525691699	0.8245126281235345	0.07061962471225905	-0.23104589263833644	-0.947962672074424	153	
DEFECTIVE EXT1 CAUSES EXOSTOSES 1, TRPS2 AND CHDS%REACTOME DATABASE ID RELEASE 93%3656253	0.5834970530451866	0.8249730017637719	0.07028128417173922	-0.3709304753628927	-0.9122459429531004	12	
DEFECTIVE EXT2 CAUSES EXOSTOSES 2%REACTOME%R-HSA-3656237.5	0.5834970530451866	0.8249730017637719	0.07028128417173922	-0.3709304753628927	-0.9122459429531004	12	
PROTEIN NEDDYLATION%GOBP%GO:0045116	0.5846774193548387	0.8256352647625828	0.07147862874255066	-0.32498609756342833	-0.9127261777910757	20	
CELLULAR RESPONSE TO ALCOHOL%GOBP%GO:0097306	0.5860655737704918	0.8256352647625828	0.0721797965581253	-0.28593393037916887	-0.9201207817448634	35	
EXTRINSIC APOPTOTIC SIGNALING PATHWAY IN ABSENCE OF LIGAND%GOBP%GO:0097192	0.5863453815261044	0.8256352647625828	0.07113273993278939	-0.3656650422027439	-0.905485253034353	13	
MITOCHONDRIAL COMPLEX III ASSEMBLY%WIKIPATHWAYS_20250810%WP4921%HOMO SAPIENS	0.5863453815261044	0.8256352647625828	0.07113273993278939	-0.3662820007229558	-0.9070130087050087	13	
ATTACHMENT OF GPI ANCHOR TO PROTEIN%GOBP%GO:0016255	0.5866935483870968	0.8256982100370718	0.07130529873400379	-0.45668123661755683	-0.9220645184009285	6	
REGULATION OF MITOCHONDRIAL DNA METABOLIC PROCESS%GOBP%GO:1901858	0.5866935483870968	0.8256982100370718	0.07130529873400379	-0.456558511456251	-0.9218167295546135	6	
MAGNESIUM ION HOMEOSTASIS%GOBP%GO:0010960	0.5869120654396728	0.8258322253563131	0.07200331366198796	-0.4304062767946404	-0.9017129113144879	7	
PROTEIN HEXAMERIZATION%GOBP%GO:0034214	0.587426326129666	0.8260210807016127	0.06994587365016587	-0.3703881615258128	-0.9109122062273717	12	
ASSOCIATION OF TRIC CCT WITH TARGET PROTEINS DURING BIOSYNTHESIS%REACTOME DATABASE ID RELEASE 93%390471	0.5877551020408164	0.8260968058596995	0.07182762936038092	-0.28617695558006795	-0.9262907216155284	36	
BIOCARTA_EGFR_SMRTE_PATHWAY%MSIGDB_C2%BIOCARTA_EGFR_SMRTE_PATHWAY	0.5882352941176471	0.8260968058596995	0.07147862874255066	-0.38924104633598633	-0.9041296224966983	10	
GLYCOSPHINGOLIPID METABOLISM%WIKIPATHWAYS_20250810%WP5292%HOMO SAPIENS	0.5882352941176471	0.8260968058596995	0.07147862874255066	-0.38829982301883403	-0.9019433477180424	10	
HOST PATHOGEN INTERACTION OF HUMAN CORONAVIRUSES INTERFERON INDUCTION%WIKIPATHWAYS_20250810%WP4880%HOMO SAPIENS	0.5882352941176471	0.8260968058596995	0.07325586558284547	-0.2957687379748643	-0.9181168779579764	31	
RESPONSE TO AXON INJURY%GOBP%GO:0048678	0.5882352941176471	0.8260968058596995	0.07147862874255066	-0.3562577823508254	-0.9001284758781996	14	
CELL SURFACE RECEPTOR PROTEIN TYROSINE PHOSPHATASE SIGNALING PATHWAY%GOBP%GO:0007185	0.5887096774193549	0.8262755828620255	0.07113273993278939	-0.45576860615742126	-0.92022186733881	6	
ELASTIC FIBRE FORMATION%REACTOME%R-HSA-1566948.4	0.5891783567134269	0.8262755828620255	0.07078990945026231	-0.2903785210157518	-0.9059725062656361	30	
MITOCHONDRIAL CALCIUM ION HOMEOSTASIS%GOBP%GO:0051560	0.5891783567134269	0.8262755828620255	0.07078990945026231	-0.3409321683780094	-0.908094966179738	17	
CALCINEURIN-NFAT SIGNALING CASCADE%GOBP%GO:0033173	0.5892857142857143	0.8262755828620255	0.07028128417173922	-0.3780211737664034	-0.9025848217218619	11	
RHO GTPASES ACTIVATE ROCKS%REACTOME DATABASE ID RELEASE 93%5627117	0.5892857142857143	0.8262755828620255	0.07028128417173922	-0.33331258058825536	-0.9098189523368929	18	
RHOG GTPASE CYCLE%REACTOME DATABASE ID RELEASE 93%9013408	0.5900621118012422	0.8269448977348631	0.07235708510369071	-0.2591332372465356	-0.9239404805029688	61	
MATURATION OF HRSV A PROTEINS%REACTOME%R-HSA-9828806.1	0.59026369168357	0.8270579633295048	0.07130529873400379	-0.354941826574391	-0.8968035540770568	14	
REGULATION OF T-CIRCLE FORMATION%GOBP%GO:1904429	0.5903614457831325	0.8270772332357318	0.07078990945026231	-0.47912388400671785	-0.9152508789281628	5	
CA2+ PATHWAY%REACTOME%R-HSA-4086398.5	0.5906313645621182	0.8272345740751785	0.07147862874255066	-0.2713057170089788	-0.9327546480110436	48	
CLOSTRIDIUM NEUROTOXICITY%REACTOME%R-HSA-168799.3	0.5907258064516129	0.8272345740751785	0.0709609456938284	-0.4545289395423315	-0.9177189123041636	6	
REGULATION OF HEMATOPOIETIC PROGENITOR CELL DIFFERENTIATION%GOBP%GO:1901532	0.591002044989775	0.8273860564438114	0.07165273668294567	-0.3055942769337837	-0.9139176441693228	26	
POSITIVE REGULATION OF VIRAL GENOME REPLICATION%GOBP%GO:0045070	0.5914634146341463	0.8276789056975277	0.07130529873400379	-0.31065465156511207	-0.9112532567489627	24	
NON GENOMIC ACTIONS OF 1 25 DIHYDROXYVITAMIN D3%WIKIPATHWAYS_20250810%WP4341%HOMO SAPIENS	0.592079207920792	0.8283935112389914	0.06994587365016587	-0.2706314329528464	-0.9248584379920797	45	
POSITIVE REGULATION OF STRESS-ACTIVATED MAPK CASCADE%GOBP%GO:0032874	0.5923694779116466	0.8283935112389914	0.07061962471225905	-0.36298501027516583	-0.8988487712600366	13	
POSITIVE REGULATION OF STRESS-ACTIVATED PROTEIN KINASE SIGNALING CASCADE%GOBP%GO:0070304	0.5923694779116466	0.8283935112389914	0.07061962471225905	-0.36298501027516583	-0.8988487712600366	13	
PHOSPHATIDYLGLYCEROL BIOSYNTHETIC PROCESS%GOBP%GO:0006655	0.592741935483871	0.8283935112389914	0.07078990945026231	-0.45301475478619063	-0.9146616900537337	6	
ZINC ION TRANSPORT%GOBP%GO:0006829	0.592741935483871	0.8283935112389914	0.07078990945026231	-0.32291141750075414	-0.9068994214530621	20	
AIRWAY SMOOTH MUSCLE CELL CONTRACTION%WIKIPATHWAYS_20250810%WP4962%HOMO SAPIENS	0.5930470347648262	0.8283935112389914	0.07147862874255066	-0.42651796921658236	-0.8935668006852283	7	
NEGATIVE REGULATION OF B CELL APOPTOTIC PROCESS%GOBP%GO:0002903	0.5930470347648262	0.8283935112389914	0.07147862874255066	-0.4282027036275128	-0.8970963653137586	7	
SUMO IS TRANSFERRED FROM E1 TO E2 (UBE2I, UBC9)%REACTOME DATABASE ID RELEASE 93%3065678	0.5930470347648262	0.8283935112389914	0.07147862874255066	-0.4281774870133143	-0.897043535817935	7	
BLOOD VESSEL ENDOTHELIAL CELL MIGRATION%GOBP%GO:0043534	0.593186372745491	0.8283935112389914	0.07045008506584192	-0.34019451212658725	-0.9061301708602634	17	
BIOCARTA_PARKIN_PATHWAY%MSIGDB_C2%BIOCARTA_PARKIN_PATHWAY	0.5943775100401606	0.8295947912806648	0.07045008506584192	-0.4756602605710474	-0.9086344598774917	5	
AMYLOID-BETA FORMATION%GOBP%GO:0034205	0.5945945945945946	0.8297021511307227	0.0721797965581253	-0.4172236676728443	-0.902083284932164	8	
CHONDROITIN SULFATE PROTEOGLYCAN BIOSYNTHETIC PROCESS%GOBP%GO:0050650	0.5951417004048583	0.8301126479935167	0.07078990945026231	-0.3154534836812685	-0.9076491772151075	22	
CELL RECOGNITION%GOBP%GO:0008037	0.5963114754098361	0.8313253738664392	0.07130529873400379	-0.27482887276512946	-0.9229294755201013	43	
BIOCARTA_BARRESTIN_SRC_PATHWAY%MSIGDB_C2%BIOCARTA_BARRESTIN_SRC_PATHWAY	0.5963488843813387	0.8313253738664392	0.07078990945026231	-0.3867857228463819	-0.8984263938144716	10	
REGULATION OF MICROTUBULE DEPOLYMERIZATION%GOBP%GO:0031114	0.5967741935483871	0.8318004968399518	0.07045008506584192	-0.31996222369751	-0.9095537908516649	21	
GLYCERALDEHYDE-3-PHOSPHATE METABOLIC PROCESS%GOBP%GO:0019682	0.5971370143149284	0.8320716003962078	0.07113273993278939	-0.4229147012125694	-0.8860178557526824	7	
NEGATIVE REGULATION OF TRANSCRIPTION ELONGATION BY RNA POLYMERASE II%GOBP%GO:0034244	0.5971943887775552	0.8320716003962078	0.07011321576425601	-0.33933323245120706	-0.9038360965245776	17	
INTRACELLULAR ZINC ION HOMEOSTASIS%GOBP%GO:0006882	0.5972222222222222	0.8320716003962078	0.06961334388509648	-0.33008244706787	-0.9010018933160824	18	
ACYL-COA BIOSYNTHETIC PROCESS%GOBP%GO:0071616	0.5983263598326359	0.8324908248119152	0.0721797965581253	-0.28917040429190005	-0.9090476652654439	32	
THIOESTER BIOSYNTHETIC PROCESS%GOBP%GO:0035384	0.5983263598326359	0.8324908248119152	0.0721797965581253	-0.28917040429190005	-0.9090476652654439	32	
HIV ELONGATION ARREST AND RECOVERY%REACTOME DATABASE ID RELEASE 93%167287	0.5987394957983193	0.8324908248119152	0.07235708510369071	-0.2947222801930137	-0.9148684935676384	31	
PAUSING AND RECOVERY OF HIV ELONGATION%REACTOME%R-HSA-167290.4	0.5987394957983193	0.8324908248119152	0.07235708510369071	-0.2947222801930137	-0.9148684935676384	31	
MAINTENANCE OF ORGANELLE LOCATION%GOBP%GO:0051657	0.5987525987525988	0.8324908248119152	0.07182762936038092	-0.4146352721789787	-0.8964868902625291	8	
RESPONSE TO UV-C%GOBP%GO:0010225	0.5987525987525988	0.8324908248119152	0.07182762936038092	-0.4155024446150938	-0.8983618120859639	8	
PID_FAS_PATHWAY%MSIGDB_C2%PID_FAS_PATHWAY	0.5991820040899796	0.8324908248119152	0.0709609456938284	-0.3017878415903054	-0.9025340264631957	26	
LEIGH SYNDROME%SMPDB%SMP0000196	0.5991983967935872	0.8324908248119152	0.06994587365016587	-0.3392292137835217	-0.9035590360495771	17	
PRIMARY HYPEROXALURIA II, PH2%SMPDB%SMP0000558	0.5991983967935872	0.8324908248119152	0.06994587365016587	-0.3392292137835217	-0.9035590360495771	17	
PYRUVATE DECARBOXYLASE E1 COMPONENT DEFICIENCY (PDHE1 DEFICIENCY)%SMPDB%SMP0000334	0.5991983967935872	0.8324908248119152	0.06994587365016587	-0.3392292137835217	-0.9035590360495771	17	
PYRUVATE DEHYDROGENASE COMPLEX DEFICIENCY%PATHWHIZ%PW000117	0.5991983967935872	0.8324908248119152	0.06994587365016587	-0.3392292137835217	-0.9035590360495771	17	
PYRUVATE KINASE DEFICIENCY%PATHWHIZ%PW000535	0.5991983967935872	0.8324908248119152	0.06994587365016587	-0.3392292137835217	-0.9035590360495771	17	
PYRUVATE METABOLISM%PATHWHIZ%PW000054	0.5991983967935872	0.8324908248119152	0.06994587365016587	-0.3392292137835217	-0.9035590360495771	17	
POSITIVE REGULATION OF EPIDERMIS DEVELOPMENT%GOBP%GO:0045684	0.6004016064257028	0.8332056829438782	0.06994587365016587	-0.3608193909130409	-0.893486113718924	13	
SNRNA METABOLIC PROCESS%GOBP%GO:0016073	0.6004056795131846	0.8332056829438782	0.07045008506584192	-0.2658783640683298	-0.9306400022547335	53	
REGULATION OF B CELL MEDIATED IMMUNITY%GOBP%GO:0002712	0.6008064516129032	0.8332543465308998	0.07011321576425601	-0.32014750248673846	-0.8991369429796883	20	
REGULATION OF IMMUNOGLOBULIN MEDIATED IMMUNE RESPONSE%GOBP%GO:0002889	0.6008064516129032	0.8332543465308998	0.07011321576425601	-0.32014750248673846	-0.8991369429796883	20	
FAS SIGNALING PATHWAY ( CD95 )%PATHWHIZ%PW070709	0.6008230452674898	0.8332543465308998	0.07113273993278939	-0.29818732857831026	-0.904850492154167	27	
PROTON-TRANSPORTING TWO-SECTOR ATPASE COMPLEX ASSEMBLY%GOBP%GO:0070071	0.6011787819253438	0.8332543465308998	0.06879430956047748	-0.36659620322682684	-0.9015864732292592	12	
INTRACILIARY ANTEROGRADE TRANSPORT%GOBP%GO:0035720	0.6011904761904762	0.8332543465308998	0.06928364673925483	-0.3287818411649183	-0.8974517245887627	18	
NEGATIVE REGULATION OF SIGNAL TRANSDUCTION BY P53 CLASS MEDIATOR%GOBP%GO:1901797	0.6012024048096193	0.8332543465308998	0.06977925170762346	-0.2888803020010562	-0.9012981066890745	30	
BIOCARTA_ACE2_PATHWAY%MSIGDB_C2%BIOCARTA_ACE2_PATHWAY	0.6024096385542169	0.8341091492776885	0.06977925170762346	-0.4728463488191226	-0.9032591586450878	5	
ONE-CARBON METABOLIC PROCESS%GOBP%GO:0006730	0.6024340770791075	0.8341091492776885	0.07028128417173922	-0.38546165501407725	-0.8953508472844988	10	
DISORDERS OF DEVELOPMENTAL BIOLOGY%REACTOME DATABASE ID RELEASE 93%9675151	0.6028225806451613	0.8341091492776885	0.06994587365016587	-0.3461397903346638	-0.9055975233883228	16	
PYRIMIDINE RIBONUCLEOSIDE DIPHOSPHATE METABOLIC PROCESS%GOBP%GO:0009193	0.6028225806451613	0.8341091492776885	0.06994587365016587	-0.4506829956787302	-0.9099537402496825	6	
UDP METABOLIC PROCESS%GOBP%GO:0046048	0.6028225806451613	0.8341091492776885	0.06994587365016587	-0.4506829956787302	-0.9099537402496825	6	
NEGATIVE REGULATION OF VASCULAR ASSOCIATED SMOOTH MUSCLE CELL PROLIFERATION%GOBP%GO:1904706	0.6031434184675835	0.8341091492776885	0.06863256318367258	-0.364987163066687	-0.8976292886471616	12	
BIOCARTA_PGC1A_PATHWAY%MSIGDB_C2%BIOCARTA_PGC1A_PATHWAY	0.604989604989605	0.8357805245050342	0.07130529873400379	-0.41205827883411156	-0.8909151482883683	8	
POSITIVE REGULATION BY SYMBIONT OF ENTRY INTO HOST%GOBP%GO:0075294	0.6053169734151329	0.8357805245050342	0.07045008506584192	-0.4202479874644365	-0.8804310175788083	7	
POSITIVE REGULATION OF VIRAL ENTRY INTO HOST CELL%GOBP%GO:0046598	0.6053169734151329	0.8357805245050342	0.07045008506584192	-0.4202479874644365	-0.8804310175788083	7	
REGULATION OF CILIUM BEAT FREQUENCY%GOBP%GO:0003356	0.6053169734151329	0.8357805245050342	0.07045008506584192	-0.42016990145568933	-0.8802674252566779	7	
IL9%NETPATH%IL9	0.606425702811245	0.8364902591593609	0.06944814420031753	-0.46971296963363607	-0.8972735917609048	5	
INDUCTION OF CELL-CELL FUSION%REACTOME%R-HSA-9733458.3	0.606425702811245	0.8364902591593609	0.06944814420031753	-0.4685354554419009	-0.8950242342671321	5	
MICROTUBULE NUCLEATION BY MICROTUBULE ORGANIZING CENTER%GOBP%GO:0051418	0.606425702811245	0.8364902591593609	0.06944814420031753	-0.4671043880840229	-0.8922905244671737	5	
MYOBLAST MIGRATION%GOBP%GO:0051451	0.606425702811245	0.8364902591593609	0.06944814420031753	-0.46612634597425917	-0.8904222103829245	5	
POSITIVE REGULATION OF PROTEIN LOCALIZATION TO CELL CORTEX%GOBP%GO:1904778	0.606425702811245	0.8364902591593609	0.06944814420031753	-0.46891285914577935	-0.895745173220951	5	
REGULATION OF CILIUM MOVEMENT INVOLVED IN CELL MOTILITY%GOBP%GO:0060295	0.606425702811245	0.8364902591593609	0.06944814420031753	-0.4669995518909207	-0.8920902601491484	5	
REGULATION OF CILIUM-DEPENDENT CELL MOTILITY%GOBP%GO:1902019	0.606425702811245	0.8364902591593609	0.06944814420031753	-0.4669995518909207	-0.8920902601491484	5	
REGULATION OF STEM CELL POPULATION MAINTENANCE%GOBP%GO:2000036	0.6072144288577155	0.8368747573534527	0.06928364673925483	-0.2621538961810468	-0.9223433439030038	54	
REGULATION OF ATP-DEPENDENT ACTIVITY%GOBP%GO:0043462	0.607645875251509	0.8373521746293013	0.06944814420031753	-0.3107163206670495	-0.9056636173412196	23	
BIOCARTA_CXCR4_PATHWAY%MSIGDB_C2%BIOCARTA_CXCR4_PATHWAY	0.6085192697768763	0.8378629757425371	0.06977925170762346	-0.3506003756764339	-0.8858343520736887	14	
SKELETAL MUSCLE TISSUE REGENERATION%GOBP%GO:0043403	0.6085192697768763	0.8378629757425371	0.06977925170762346	-0.3843912199712869	-0.8928644393368902	10	
REGULATION OF LOCALIZATION OF FOXO TRANSCRIPTION FACTORS%REACTOME%R-HSA-9614399.2	0.6091269841269841	0.8383371939773951	0.06863256318367258	-0.37173074463925887	-0.8875654359141606	11	
NUCLEOLAR LARGE RRNA TRANSCRIPTION BY RNA POLYMERASE I%GOBP%GO:0042790	0.6094069529652352	0.8383709457727686	0.07011321576425601	-0.4163777811891293	-0.8723228296734542	7	
REGULATION OF MITOCHONDRIAL MRNA STABILITY%GOBP%GO:0044528	0.6094069529652352	0.8383709457727686	0.07011321576425601	-0.4163372012288754	-0.8722378135478203	7	
VALPROIC ACID PATHWAY%WIKIPATHWAYS_20250810%WP3871%HOMO SAPIENS	0.6094069529652352	0.8383709457727686	0.07011321576425601	-0.41835099543083043	-0.8764567674305479	7	
INTERACTIONS BETWEEN IMMUNE CELLS AND MICRORNAS IN TUMOR MICROENVIRONMENT%WIKIPATHWAYS_20250810%WP4559%HOMO SAPIENS	0.6105476673427992	0.8392326334035999	0.06961334388509648	-0.38422260446167245	-0.8924727790058695	10	
PROTECTION FROM NON-HOMOLOGOUS END JOINING AT TELOMERE%GOBP%GO:0031848	0.6108870967741935	0.8392326334035999	0.06928364673925483	-0.44475811628593703	-0.8979910830922253	6	
POSITIVE REGULATION OF CARDIAC EPITHELIAL TO MESENCHYMAL TRANSITION%GOBP%GO:0062043	0.6112266112266113	0.8392326334035999	0.07078990945026231	-0.4080401268432635	-0.8822274634130627	8	
UROGENITAL SYSTEM DEVELOPMENT%GOBP%GO:0001655	0.6112266112266113	0.8392326334035999	0.07078990945026231	-0.4080970320451161	-0.8823504986946018	8	
GLUCOCORTICOID RECEPTOR PATHWAY%WIKIPATHWAYS_20250810%WP2880%HOMO SAPIENS	0.6119096509240246	0.84005332166731	0.07011321576425601	-0.28116854605757446	-0.9103799227494043	37	
REGULATION OF EPITHELIAL TO MESENCHYMAL TRANSITION%GOBP%GO:0010717	0.6120331950207469	0.8401057909067718	0.07061962471225905	-0.24697837556897442	-0.9062894237870945	70	
CO-TRANSCRIPTIONAL MRNA 3'-END PROCESSING, CLEAVAGE AND POLYADENYLATION PATHWAY%GOBP%GO:0180010	0.6124497991967871	0.8402091016986994	0.06895673516728111	-0.3949205502287323	-0.8927049334209636	9	
PREVENTION OF PHAGOSOMAL-LYSOSOMAL FUSION%REACTOME DATABASE ID RELEASE 93%9636383	0.6124497991967871	0.8402091016986994	0.06895673516728111	-0.3955753576237189	-0.8941851040314992	9	
REGULATION OF AMYLOID PRECURSOR PROTEIN BIOSYNTHETIC PROCESS%GOBP%GO:0042984	0.6124497991967871	0.8402091016986994	0.06895673516728111	-0.39364117089233924	-0.8898129384496879	9	
ESTABLISHMENT OR MAINTENANCE OF CYTOSKELETON POLARITY%GOBP%GO:0030952	0.6129032258064516	0.8403627853071053	0.06911984565510101	-0.44301727686363734	-0.8944762326126547	6	
GLOMERULAR EPITHELIAL CELL DEVELOPMENT%GOBP%GO:0072310	0.6129032258064516	0.8403627853071053	0.06911984565510101	-0.4439481336176766	-0.8963556835639803	6	
PROCESSING OF SMDT1%REACTOME DATABASE ID RELEASE 93%8949664	0.6129032258064516	0.8403627853071053	0.06911984565510101	-0.343571289617361	-0.8988776143996404	16	
CARBOHYDRATE DERIVATIVE TRANSPORT%GOBP%GO:1901264	0.6130346232179226	0.8403919969769894	0.06961334388509648	-0.2666949072270903	-0.9197813625419046	49	
EMBRYONIC HEART TUBE DEVELOPMENT%GOBP%GO:0035050	0.6134453781512605	0.8406707257193362	0.07113273993278939	-0.29160808214778583	-0.9052014888456233	31	
NEGATIVE REGULATION OF CYTOKINE-MEDIATED SIGNALING PATHWAY%GOBP%GO:0001960	0.6142857142857143	0.8407003801625984	0.06961334388509648	-0.2701410849053681	-0.9069356045656457	42	
BIOCARTA_BARR_MAPK_PATHWAY%MSIGDB_C2%BIOCARTA_BARR_MAPK_PATHWAY	0.6144578313253012	0.8407003801625984	0.06879430956047748	-0.3931471083272149	-0.8886961262477154	9	
ERKS ARE INACTIVATED%REACTOME DATABASE ID RELEASE 93%202670	0.6144578313253012	0.8407003801625984	0.06879430956047748	-0.3559960907767446	-0.8815423218867441	13	
MIDBRAIN DOPAMINERGIC NEURON DIFFERENTIATION%GOBP%GO:1904948	0.6144578313253012	0.8407003801625984	0.06879430956047748	-0.39228839800945026	-0.8867550397770216	9	
G ALPHA (Z) SIGNALLING EVENTS%REACTOME DATABASE ID RELEASE 93%418597	0.6150627615062761	0.8407480146870463	0.07078990945026231	-0.2870651830345533	-0.9024296073990294	32	
NEGATIVE REGULATION OF BINDING%GOBP%GO:0051100	0.615546218487395	0.8412920692985689	0.0709609456938284	-0.2914033721180279	-0.9045660338117516	31	
MRNA MODIFICATION%GOBP%GO:0016556	0.6160164271047228	0.8413319544621964	0.06977925170762346	-0.34802687103901825	-0.8947337536967203	15	
MECP2 AND ASSOCIATED RETT SYNDROME%WIKIPATHWAYS_20250810%WP3584%HOMO SAPIENS	0.6172344689378757	0.8417299973909037	0.06847149044920875	-0.2693701435371291	-0.912918918055599	44	
BLOOD BASED NEUROINFLAMMATION MARKERS %WIKIPATHWAYS_20250810%WP5548%HOMO SAPIENS	0.6175869120654397	0.8420939947647582	0.06944814420031753	-0.41319825787475517	-0.8656616414450944	7	
PID_INTEGRIN5_PATHWAY%MSIGDB_C2%PID_INTEGRIN5_PATHWAY	0.6184738955823293	0.8422776768666747	0.06847149044920875	-0.39055641791528106	-0.8828399556575545	9	
POSITIVE REGULATION OF SYNAPTIC TRANSMISSION, GLUTAMATERGIC%GOBP%GO:0051968	0.6184738955823293	0.8422776768666747	0.06847149044920875	-0.35324843317899834	-0.8747383807165416	13	
PROTEIN AUTOPROCESSING%GOBP%GO:0016540	0.618860510805501	0.8424523644979761	0.06736238681662789	-0.3542647950743042	-0.8712592884730538	12	
REGULATION OF FC RECEPTOR MEDIATED STIMULATORY SIGNALING PATHWAY%GOBP%GO:0060368	0.6189516129032258	0.8424523644979761	0.06863256318367258	-0.4415580858911651	-0.8915300458342074	6	
FATTY ACID BETA-OXIDATION USING ACYL-COA DEHYDROGENASE%GOBP%GO:0033539	0.6190476190476191	0.8424523644979761	0.06783382634794552	-0.3695515887406875	-0.882362359539842	11	
DENTATE GYRUS DEVELOPMENT%GOBP%GO:0021542	0.6196319018404908	0.8431309709123096	0.06928364673925483	-0.4126599096316786	-0.86453378716476	7	
EXECUTION PHASE OF APOPTOSIS%GOBP%GO:0097194	0.6197478991596639	0.8431722834221432	0.07061962471225905	-0.29110507819670095	-0.903640078331677	31	
REGULATION OF WNT B CATENIN SIGNALING BY SMALL MOLECULE COMPOUNDS%WIKIPATHWAYS_20250810%WP3664%HOMO SAPIENS	0.6201232032854209	0.8435663248892311	0.06944814420031753	-0.3468373438585469	-0.8916756274200626	15	
5S CLASS RRNA TRANSCRIPTION BY RNA POLYMERASE III%GOBP%GO:0042791	0.6204819277108434	0.8438017372526778	0.06831108583186465	-0.46249771036866943	-0.8834905752919059	5	
HIPPO SIGNALING%GOBP%GO:0035329	0.6209677419354839	0.8440155145081135	0.06847149044920875	-0.3146540536690187	-0.8837085459501518	20	
NATURAL KILLER CELL ACTIVATION%GOBP%GO:0030101	0.6209677419354839	0.8440155145081135	0.06847149044920875	-0.34069716572919817	-0.8913581105815009	16	
NEGATIVE REGULATION OF ADAPTIVE IMMUNE RESPONSE%GOBP%GO:0002820	0.6209677419354839	0.8440155145081135	0.06847149044920875	-0.34044929681755054	-0.8907096168839228	16	
RESPONSE TO METAL ION%GOBP%GO:0010038	0.6212424849699398	0.8442723957231232	0.06815134386794833	-0.23433336747304925	-0.9303504142617818	119	
REGULATION OF NUCLEOCYTOPLASMIC TRANSPORT%GOBP%GO:0046822	0.6224066390041494	0.8452050299876387	0.06977925170762346	-0.24560081364880595	-0.9012344476338812	70	
REGULATION OF ISOTYPE SWITCHING%GOBP%GO:0045191	0.6229838709677419	0.8455154080929408	0.06831108583186465	-0.339512610590521	-0.8882589863841188	16	
POSITIVE REGULATION OF DENDRITIC SPINE DEVELOPMENT%GOBP%GO:0060999	0.623015873015873	0.8455154080929408	0.0675188953767744	-0.3237164078619361	-0.8836249820976211	18	
BRANCHED-CHAIN AMINO ACID CATABOLIC PROCESS%GOBP%GO:0009083	0.6235059760956175	0.8459473392086883	0.06767604016417887	-0.3218102154143123	-0.8919634729810985	19	
SMOOTHENED SIGNALING PATHWAY%GOBP%GO:0007224	0.6239495798319328	0.8464325658618366	0.07028128417173922	-0.28974532299840233	-0.8994191650397687	31	
REGULATION OF ARF PROTEIN SIGNAL TRANSDUCTION%GOBP%GO:0032012	0.6244979919678715	0.846924029727498	0.06799225915440577	-0.4620206959589269	-0.8825793540559133	5	
ACTIVATION OF PROTEIN KINASE B ACTIVITY%GOBP%GO:0032148	0.625	0.846924029727498	0.06815134386794833	-0.4400832449350127	-0.8885522608785023	6	
GLYCEROPHOSPHOLIPID CATABOLISM%REACTOME DATABASE ID RELEASE 93%6814848	0.625	0.846924029727498	0.06815134386794833	-0.44040665767196363	-0.8892052489709188	6	
NANOPARTICLE MEDIATED ACTIVATION OF RECEPTOR SIGNALING%WIKIPATHWAYS_20250810%WP2643%HOMO SAPIENS	0.625	0.846924029727498	0.06815134386794833	-0.31289230774240695	-0.8894562031312908	21	
POSITIVE REGULATION OF ACTIN FILAMENT BUNDLE ASSEMBLY%GOBP%GO:0032233	0.625	0.846924029727498	0.06977925170762346	-0.2730769287987988	-0.9052079465068904	41	
RESPONSE TO STEROL%GOBP%GO:0036314	0.6254980079681275	0.8473800871265209	0.0675188953767744	-0.32085246704440207	-0.889308875577572	19	
AQUAPORIN-MEDIATED TRANSPORT%REACTOME%R-HSA-445717.4	0.6255230125523012	0.8473800871265209	0.06994587365016587	-0.2849102301664769	-0.8956552112491921	32	
INTRACILIARY TRANSPORT INVOLVED IN CILIUM ASSEMBLY%GOBP%GO:0035735	0.6257668711656442	0.8473800871265209	0.06879430956047748	-0.4117432586713455	-0.8626133783541432	7	
PHYSIOLOGICAL FACTORS%REACTOME DATABASE ID RELEASE 93%5578768	0.6257668711656442	0.8473800871265209	0.06879430956047748	-0.4115328252823736	-0.8621725146538721	7	
MORPHOGENESIS OF A BRANCHING EPITHELIUM%GOBP%GO:0061138	0.6260504201680672	0.8476474748315168	0.07011321576425601	-0.2890178104621022	-0.8971608413809649	31	
COBALAMIN (CBL, VITAMIN B12) TRANSPORT AND METABOLISM%REACTOME%R-HSA-196741.7	0.6267748478701826	0.847789179683001	0.06831108583186465	-0.3432008699491853	-0.867138603819237	14	
NEGATIVE REGULATION OF STEM CELL POPULATION MAINTENANCE%GOBP%GO:1902455	0.6270161290322581	0.847789179683001	0.06799225915440577	-0.312194067868245	-0.8874713228003297	21	
PURINE RIBONUCLEOTIDE TRANSPORT%GOBP%GO:0015868	0.6270161290322581	0.847789179683001	0.06799225915440577	-0.3135905175381719	-0.880721595816197	20	
SPERM FLAGELLUM ASSEMBLY%GOBP%GO:0120316	0.6275303643724697	0.8481662435266308	0.06815134386794833	-0.3109250391030643	-0.8946195572930012	22	
DEADENYLATION-DEPENDENT DECAPPING OF NUCLEAR-TRANSCRIBED MRNA%GOBP%GO:0000290	0.6278118609406953	0.8481662435266308	0.06863256318367258	-0.4104838945367646	-0.8599749760783795	7	
MITOCHONDRIAL BETA OXIDATION%WIKIPATHWAYS_20250810%WP5241%HOMO SAPIENS	0.6278118609406953	0.8481662435266308	0.06863256318367258	-0.4103479956368541	-0.8596902641694469	7	
POSITIVE REGULATION OF KIDNEY DEVELOPMENT%GOBP%GO:0090184	0.6278118609406953	0.8481662435266308	0.06863256318367258	-0.4092618494543947	-0.857414758236791	7	
CARDIOLIPIN BIOSYNTHESIS (BARTH SYNDROME)%SMPDB%SMP0074684	0.6290322580645161	0.8484180291648254	0.06783382634794552	-0.43649358654110454	-0.8813045432741666	6	
CARDIOLIPIN BIOSYNTHESIS%SMPDB%SMP0020986	0.6290322580645161	0.8484180291648254	0.06783382634794552	-0.43649358654110454	-0.8813045432741666	6	
METANEPHRIC EPITHELIUM DEVELOPMENT%GOBP%GO:0072207	0.6290322580645161	0.8484180291648254	0.06783382634794552	-0.4371014731823863	-0.8825318998156512	6	
METANEPHRIC NEPHRON EPITHELIUM DEVELOPMENT%GOBP%GO:0072243	0.6290322580645161	0.8484180291648254	0.06783382634794552	-0.4371014731823863	-0.8825318998156512	6	
METANEPHRIC NEPHRON TUBULE DEVELOPMENT%GOBP%GO:0072234	0.6290322580645161	0.8484180291648254	0.06783382634794552	-0.4371014731823863	-0.8825318998156512	6	
METANEPHRIC TUBULE DEVELOPMENT%GOBP%GO:0072170	0.6290322580645161	0.8484180291648254	0.06783382634794552	-0.4371014731823863	-0.8825318998156512	6	
NEGATIVE REGULATION OF NITRIC OXIDE BIOSYNTHETIC PROCESS%GOBP%GO:0045019	0.6290322580645161	0.8484180291648254	0.06783382634794552	-0.43665045199916985	-0.8816212632561743	6	
NEGATIVE REGULATION OF NITRIC OXIDE METABOLIC PROCESS%GOBP%GO:1904406	0.6290322580645161	0.8484180291648254	0.06783382634794552	-0.43665045199916985	-0.8816212632561743	6	
HOMOTYPIC CELL-CELL ADHESION%GOBP%GO:0034109	0.6298568507157464	0.8487163750030435	0.06847149044920875	-0.2849112386582449	-0.8725544196302566	28	
RNA POLYMERASE III TRANSCRIPTION INITIATION FROM TYPE 3 PROMOTER%REACTOME%R-HSA-76071.4	0.6298568507157464	0.8487163750030435	0.06847149044920875	-0.28512735454689275	-0.8732162849700729	28	
MELANOMA%WIKIPATHWAYS_20250810%WP4685%HOMO SAPIENS	0.6306122448979592	0.8490856635799691	0.06831108583186465	-0.2675210929692755	-0.8981395935059077	42	
FATTY ACID CATABOLIC PROCESS%GOBP%GO:0009062	0.6313645621181263	0.8495056250670368	0.06815134386794833	-0.24762421759861672	-0.9020733447259138	66	
HALLMARK_APICAL_JUNCTION%MSIGDBHALLMARK%HALLMARK_APICAL_JUNCTION	0.6314779270633397	0.8495056250670368	0.06523530560177027	-0.23414054814087437	-0.9249978407438041	109	
REGULATION OF PROTEIN LOCALIZATION TO NUCLEOLUS%GOBP%GO:1904749	0.632016632016632	0.8497263235809731	0.06911984565510101	-0.3991139696629253	-0.8629281335452896	8	
REGULATION OF CELL FATE SPECIFICATION%GOBP%GO:0042659	0.6324435318275154	0.8497263235809731	0.06847149044920875	-0.34312006914535226	-0.8821189769587662	15	
SIGNALING BY FGFR4 IN DISEASE%REACTOME%R-HSA-5655291.3	0.6325301204819277	0.8497263235809731	0.06736238681662789	-0.3847729972348	-0.8697667231541458	9	
NEGATIVE REGULATION OF DEVELOPMENTAL GROWTH%GOBP%GO:0048640	0.6332665330661322	0.849941313291404	0.06720650937104644	-0.2818195516209825	-0.8792687716832515	30	
VITAMIN B12 DISORDERS%WIKIPATHWAYS_20250810%WP4271%HOMO SAPIENS	0.6340956340956341	0.8504187962765026	0.06895673516728111	-0.3989585823318097	-0.8625921691095436	8	
REGULATION OF NATURAL KILLER CELL ACTIVATION%GOBP%GO:0032814	0.6345381526104418	0.8504187962765026	0.06720650937104644	-0.38426600354332485	-0.8686206805657543	9	
SYNAPTIC ADHESION-LIKE MOLECULES%REACTOME DATABASE ID RELEASE 93%8849932	0.6349206349206349	0.8504187962765026	0.06658921041039328	-0.32190667719287813	-0.8786850927648262	18	
REGULATION OF AXONOGENESIS%GOBP%GO:0050770	0.6354378818737271	0.850880101309495	0.06783382634794552	-0.2466462003741218	-0.8985105136044047	66	
BRANCHING MORPHOGENESIS OF AN EPITHELIAL TUBE%GOBP%GO:0048754	0.6361788617886179	0.8512065374086323	0.06767604016417887	-0.2832767373226249	-0.8765154178757912	29	
KCNQ2 RELATED EPILEPSIES%WIKIPATHWAYS_20250810%WP5360%HOMO SAPIENS	0.6365461847389559	0.8512065374086323	0.06705125798294667	-0.34871437355169393	-0.8635108263838356	13	
SENSORY PERCEPTION OF CHEMICAL STIMULUS%GOBP%GO:0007606	0.6365461847389559	0.8512065374086323	0.06705125798294667	-0.34858498637034185	-0.863190428831091	13	
LEUKOTRIENE METABOLIC PROCESS%GOBP%GO:0006691	0.6369168356997972	0.8513553033261205	0.0675188953767744	-0.37759816742776886	-0.8770855278125652	10	
LDL INFLUENCE ON CD14 AND TLR4%WIKIPATHWAYS_20250810%WP5272%HOMO SAPIENS	0.6370967741935484	0.8513646632342124	0.06720650937104644	-0.33603016356781085	-0.8791479408263451	16	
POSITIVE REGULATION OF MRNA PROCESSING%GOBP%GO:0050685	0.6370967741935484	0.8513646632342124	0.06720650937104644	-0.31164924409550454	-0.8752695130881742	20	
BIOCARTA_AKAPCENTROSOME_PATHWAY%MSIGDB_C2%BIOCARTA_AKAPCENTROSOME_PATHWAY	0.6380368098159509	0.8522738338689259	0.06783382634794552	-0.40608466953471023	-0.8507584794843426	7	
PID_RANBP2_PATHWAY%MSIGDB_C2%PID_RANBP2_PATHWAY	0.6382536382536382	0.852332201579455	0.06863256318367258	-0.39836962681493493	-0.861318782749885	8	
TGIF DISRUPTION OF SHH SIGNALING%WIKIPATHWAYS_20250810%WP3674%HOMO SAPIENS	0.6385542168674698	0.852452818843065	0.0668966276500666	-0.4555850358019343	-0.8702855740716788	5	
NEGATIVE REGULATION OF ADAPTIVE IMMUNE RESPONSE BASED ON SOMATIC RECOMBINATION OF IMMUNE RECEPTORS BUILT FROM IMMUNOGLOBULIN SUPERFAMILY DOMAINS%GOBP%GO:0002823	0.6386036960985626	0.852452818843065	0.06799225915440577	-0.3413198034880548	-0.877490718099339	15	
NUCLEAR MIGRATION%GOBP%GO:0007097	0.6391129032258065	0.852868896548159	0.06705125798294667	-0.3112780876137003	-0.8742271169994201	20	
PCP CE PATHWAY%REACTOME%R-HSA-4086400.4	0.6391752577319587	0.852868896548159	0.06815134386794833	-0.24564470478845205	-0.9060147545418068	73	
CLASS I PEROXISOMAL MEMBRANE PROTEIN IMPORT%REACTOME DATABASE ID RELEASE 93%9603798	0.6394422310756972	0.8528783808143205	0.06643641376628104	-0.3182133626478251	-0.8819940527087584	19	
NEGATIVE REGULATION OF NON-CANONICAL NF-KAPPAB SIGNAL TRANSDUCTION%GOBP%GO:1901223	0.6394422310756972	0.8528783808143205	0.06643641376628104	-0.3173573694418173	-0.8796214907566898	19	
RNA POLYMERASE II TRANSCRIPTION INITIATION SURVEILLANCE%GOBP%GO:0160240	0.6394422310756972	0.8528783808143205	0.06643641376628104	-0.31801798717191393	-0.8814525292278933	19	
REGULATION OF LYMPHOCYTE MIGRATION%GOBP%GO:2000401	0.6400817995910021	0.8534743962714287	0.06767604016417887	-0.2956325099343844	-0.8841257425695835	26	
NEUROEPITHELIAL CELL DIFFERENTIATION%GOBP%GO:0060563	0.6403326403326404	0.8534743962714287	0.06847149044920875	-0.3956264023382887	-0.8553876308547828	8	
NUCLEOBASE-CONTAINING COMPOUND CATABOLIC PROCESS%GOBP%GO:0034655	0.6404040404040404	0.8534743962714287	0.06705125798294667	-0.21623820591306311	-0.9422337244978354	260	
TRAIL%IOB%TRAIL	0.640495867768595	0.8534743962714287	0.06815134386794833	-0.27476586856621427	-0.8923759485643371	38	
SIGNALING EVENTS MEDIATED BY HDAC CLASS II%PATHWAY INTERACTION DATABASE NCI-NATURE CURATED DATA%SIGNALING EVENTS MEDIATED BY HDAC CLASS II	0.6407563025210085	0.8535334553919877	0.06895673516728111	-0.28572855742750747	-0.8869504359553836	31	
GALACTOSE METABOLISM%SMPDB%SMP0000043	0.640973630831643	0.8535334553919877	0.06720650937104644	-0.3770976134719971	-0.8759228404153052	10	
GALACTOSEMIA%PATHWHIZ%PW000200	0.640973630831643	0.8535334553919877	0.06720650937104644	-0.3770976134719971	-0.8759228404153052	10	
CARBOHYDRATE METABOLISM%REACTOME DATABASE ID RELEASE 93%71387	0.6415478615071283	0.8537588528737637	0.06736238681662789	-0.2203456395538126	-0.9429121036102335	218	
REGULATION OF NOTCH SIGNALING PATHWAY%GOBP%GO:0008593	0.6425619834710744	0.8537588528737637	0.06799225915440577	-0.2502926295494867	-0.8885562592686878	60	
ADIPONECTIN-ACTIVATED SIGNALING PATHWAY%GOBP%GO:0033211	0.642570281124498	0.8537588528737637	0.06658921041039328	-0.4542938417775044	-0.8678190586146667	5	
HEMATOPOIETIC STEM CELL PROLIFERATION%GOBP%GO:0071425	0.642570281124498	0.8537588528737637	0.06658921041039328	-0.37766912917579787	-0.8537086627190285	9	
NEGATIVE REGULATION OF EXTRACELLULAR MATRIX DISASSEMBLY%GOBP%GO:0010716	0.642570281124498	0.8537588528737637	0.06658921041039328	-0.4533555824141746	-0.8660267398937361	5	
PGK1 PKM2 KHKC KHKA ACTING AS PROTEIN KINASES%WIKIPATHWAYS_20250810%WP5433%HOMO SAPIENS	0.642570281124498	0.8537588528737637	0.06658921041039328	-0.4530643196522697	-0.8654703524796852	5	
STEROID HORMONE BIOSYNTHETIC PROCESS%GOBP%GO:0120178	0.642570281124498	0.8537588528737637	0.06658921041039328	-0.3779987761090261	-0.8544538187850004	9	
CALCIUM ION HOMEOSTASIS%GOBP%GO:0055074	0.6437246963562753	0.8543083111367956	0.0668966276500666	-0.2392542429771078	-0.9116959527972155	87	
AXON GUIDANCE MEDIATED BY SEMAPHORINS%PANTHER PATHWAY%P00007	0.6447638603696099	0.855572098274822	0.0675188953767744	-0.338826491802623	-0.8710807241905865	15	
GLYCOSPHINGOLIPID METABOLISM%REACTOME DATABASE ID RELEASE 93%1660662	0.6448979591836734	0.8556347266032136	0.06720650937104644	-0.2655578613066477	-0.8915485016863443	42	
OXIDATIVE DAMAGE RESPONSE%WIKIPATHWAYS_20250810%WP3941%HOMO SAPIENS	0.6462167689161554	0.8564898636656136	0.06720650937104644	-0.2809191498731828	-0.8603284550478604	28	
FGFR2 MUTANT RECEPTOR ACTIVATION%REACTOME%R-HSA-1839126.4	0.6471774193548387	0.8570422153285464	0.06643641376628104	-0.30837930375286876	-0.8660858582398118	20	
SIGNALING BY RETINOIC ACID%REACTOME%R-HSA-5362517.5	0.6491935483870968	0.8582115571186029	0.06628421870126719	-0.30681723014871576	-0.8721866336452264	21	
CYCLIC NUCLEOTIDE TRANSPORT%GOBP%GO:0070729	0.6507276507276507	0.8591732751024787	0.06767604016417887	-0.3895461625804703	-0.8422414862832125	8	
POSITIVE REGULATION OF GENE EXPRESSION VIA CHROMOSOMAL CPG ISLAND DEMETHYLATION%GOBP%GO:0044029	0.6507276507276507	0.8591732751024787	0.06767604016417887	-0.38969903683286916	-0.8425720171674136	8	
REPLICATIVE SENESCENCE%GOBP%GO:0090399	0.6507276507276507	0.8591732751024787	0.06767604016417887	-0.38971959650136295	-0.8426164694234312	8	
ENDOCARDIAL CUSHION FORMATION%GOBP%GO:0003272	0.6511156186612576	0.8593678795360243	0.06643641376628104	-0.33705123211461585	-0.8516007983158533	14	
PRE-NOTCH PROCESSING IN THE ENDOPLASMIC RETICULUM%REACTOME%R-HSA-1912399.4	0.6512096774193549	0.859376824000934	0.06613262047584399	-0.43139753351844357	-0.8710153321147852	6	
RESPONSE TO INTERLEUKIN-1%GOBP%GO:0070555	0.6517311608961304	0.8599497467412623	0.06658921041039328	-0.2604631454962453	-0.89547766363198	48	
RNA POL II CTD PHOSPHORYLATION AND INTERACTION WITH CE DURING HIV INFECTION%REACTOME%R-HSA-167160.4	0.6522633744855967	0.8601922076769688	0.06705125798294667	-0.28661434382699136	-0.8697322294236518	27	
RNA POL II CTD PHOSPHORYLATION AND INTERACTION WITH CE%REACTOME%R-HSA-77075.4	0.6522633744855967	0.8601922076769688	0.06705125798294667	-0.28661434382699136	-0.8697322294236518	27	
POSITIVE REGULATION OF VASCULOGENESIS%GOBP%GO:2001214	0.6523517382413088	0.8601922076769688	0.06674261342419166	-0.39926580279852303	-0.8364727673373364	7	
TRNA 3'-END PROCESSING%GOBP%GO:0042780	0.6523517382413088	0.8601922076769688	0.06674261342419166	-0.39928680828939445	-0.8365167744147153	7	
RECEPTOR-MEDIATED ENDOCYTOSIS OF VIRUS BY HOST CELL%GOBP%GO:0019065	0.6532258064516129	0.860768373972508	0.06598161440087301	-0.4278351984077235	-0.8638227817210418	6	
HALLMARK_BILE_ACID_METABOLISM%MSIGDBHALLMARK%HALLMARK_BILE_ACID_METABOLISM	0.6536885245901639	0.8611476067854902	0.06674261342419166	-0.2524683377482851	-0.8882561004343467	56	
ACTIVATION OF SMO%REACTOME%R-HSA-5635838.2	0.6551724137931034	0.861810325510846	0.06613262047584399	-0.33618181143161385	-0.8494041015612631	14	
ADRENALINE,NORADRENALINE INHIBITS INSULIN SECRETION%REACTOME%R-HSA-400042.6	0.655241935483871	0.861810325510846	0.06583119583688658	-0.30417099484725135	-0.8646642038967449	21	
BIOCARTA_S1P_PATHWAY%MSIGDB_C2%BIOCARTA_S1P_PATHWAY	0.655241935483871	0.861810325510846	0.06583119583688658	-0.4262957984935728	-0.8607146486806286	6	
DETOXIFICATION OF REACTIVE OXYGEN SPECIES%REACTOME%R-HSA-3299685.7	0.6558704453441295	0.8624334922468637	0.06598161440087301	-0.3057468915172156	-0.8797205574755108	22	
RNA METHYLATION%GOBP%GO:0001510	0.6559356136820925	0.8624334922468637	0.06568136019340105	-0.24109442312434465	-0.8891900378041786	69	
EMBRYONIC HEART TUBE MORPHOGENESIS%GOBP%GO:0003143	0.6565040650406504	0.8624334922468637	0.06613262047584399	-0.27808028473923924	-0.8604365444368806	29	
SARS-COV-1 TARGETS HOST INTRACELLULAR SIGNALLING AND REGULATORY PATHWAYS%REACTOME DATABASE ID RELEASE 93%9735871	0.6566265060240963	0.8624792660503271	0.06553210292824141	-0.3427834514034749	-0.8488242637587718	13	
ABC TRANSPORTER DISORDERS%REACTOME DATABASE ID RELEASE 93%5619084	0.6572008113590264	0.8631184725411464	0.06598161440087301	-0.2571088408985708	-0.8999445032393264	53	
REGULATION OF PROTEIN BINDING%GOBP%GO:0043393	0.6585365853658537	0.8641140490295237	0.06598161440087301	-0.2771303879314133	-0.8574973719325666	29	
BIOCARTA_TEL_PATHWAY%MSIGDB_C2%BIOCARTA_TEL_PATHWAY	0.6586345381526104	0.8641140490295237	0.06538341954687732	-0.34264548925059013	-0.848482632264108	13	
NEGATIVE REGULATION OF RESPONSE TO EXTERNAL STIMULUS%GOBP%GO:0032102	0.6588235294117647	0.8641140490295237	0.06421408818446053	-0.2199872109766235	-0.9276434370069836	182	
HIPPO YAP SIGNALING%WIKIPATHWAYS_20250810%WP4537%HOMO SAPIENS	0.6592292089249493	0.8641140490295237	0.06583119583688658	-0.3355303010500957	-0.8477579816004162	14	
TRANSCRIPTION-COUPLED NUCLEOTIDE-EXCISION REPAIR%GOBP%GO:0006283	0.6607142857142857	0.8641140490295237	0.06464845684219278	-0.35792982907106713	-0.8546135861709178	11	
REGULATION OF FOCAL ADHESION DISASSEMBLY%GOBP%GO:0120182	0.6612576064908722	0.8641140490295237	0.06568136019340105	-0.37202239076947735	-0.8641341063408546	10	
ALPHA-BETA T CELL ACTIVATION INVOLVED IN IMMUNE RESPONSE%GOBP%GO:0002287	0.6612903225806451	0.8641140490295237	0.06538341954687732	-0.3310804023664041	-0.8661979951381489	16	
ALPHA-BETA T CELL DIFFERENTIATION INVOLVED IN IMMUNE RESPONSE%GOBP%GO:0002293	0.6612903225806451	0.8641140490295237	0.06538341954687732	-0.3310804023664041	-0.8661979951381489	16	
CD4-POSITIVE, ALPHA-BETA T CELL DIFFERENTIATION INVOLVED IN IMMUNE RESPONSE%GOBP%GO:0002294	0.6612903225806451	0.8641140490295237	0.06538341954687732	-0.3310804023664041	-0.8661979951381489	16	
LACTATE METABOLIC PROCESS%GOBP%GO:0006089	0.6612903225806451	0.8641140490295237	0.06538341954687732	-0.4240934283897588	-0.8562679423868588	6	
SODIUM CALCIUM EXCHANGERS%REACTOME%R-HSA-425561.3	0.6612903225806451	0.8641140490295237	0.06538341954687732	-0.4245871759649802	-0.8572648458802673	6	
T CELL DIFFERENTIATION INVOLVED IN IMMUNE RESPONSE%GOBP%GO:0002292	0.6612903225806451	0.8641140490295237	0.06538341954687732	-0.3310804023664041	-0.8661979951381489	16	
T-HELPER CELL DIFFERENTIATION%GOBP%GO:0042093	0.6612903225806451	0.8641140490295237	0.06538341954687732	-0.3310804023664041	-0.8661979951381489	16	
PANCREAS DEVELOPMENT%GOBP%GO:0031016	0.6613545816733067	0.8641140490295237	0.06479433660007268	-0.3124523473310714	-0.8660262089806987	19	
MARKERS OF KIDNEY CELL LINEAGE%WIKIPATHWAYS_20250810%WP5236%HOMO SAPIENS	0.6619718309859155	0.8641140490295237	0.06523530560177027	-0.29764621621099524	-0.8675673948599362	23	
REGULATION OF RECEPTOR LOCALIZATION TO SYNAPSE%GOBP%GO:1902683	0.6626506024096386	0.8641140490295237	0.06508775669173134	-0.3754815105992762	-0.8487636227747329	9	
APPENDAGE MORPHOGENESIS%GOBP%GO:0035107	0.6632653061224489	0.8641140490295237	0.06583119583688658	-0.27167053318526635	-0.879336680746291	36	
LIMB MORPHOGENESIS%GOBP%GO:0035108	0.6632653061224489	0.8641140490295237	0.06583119583688658	-0.27167053318526635	-0.879336680746291	36	
REGULATION OF OSTEOBLAST PROLIFERATION%GOBP%GO:0033688	0.6646586345381527	0.8641140490295237	0.06494076846128988	-0.3708156977511807	-0.8382167060708506	9	
D-GLYCERIC ACIDURA%PATHWHIZ%PW000505	0.6652806652806653	0.8641140490295237	0.06658921041039328	-0.3864791404039453	-0.8356102482822828	8	
FAMILIAL LIPOPROTEIN LIPASE DEFICIENCY%PATHWHIZ%PW000506	0.6652806652806653	0.8641140490295237	0.06658921041039328	-0.3864791404039453	-0.8356102482822828	8	
GLYCEROL KINASE DEFICIENCY%SMPDB%SMP0000187	0.6652806652806653	0.8641140490295237	0.06658921041039328	-0.3864791404039453	-0.8356102482822828	8	
GLYCEROLIPID METABOLISM%SMPDB%SMP0000039	0.6652806652806653	0.8641140490295237	0.06658921041039328	-0.3864791404039453	-0.8356102482822828	8	
RECEPTOR-TYPE TYROSINE-PROTEIN PHOSPHATASES%REACTOME DATABASE ID RELEASE 93%388844	0.6660117878192534	0.8641140490295237	0.06378453903129748	-0.34287136069666857	-0.8432389046608795	12	
OVARIAN INFERTILITY%WIKIPATHWAYS_20250810%WP34%HOMO SAPIENS	0.6666666666666666	0.8641140490295237	0.06421408818446053	-0.31454796999699575	-0.8585985683987322	18	
POSITIVE REGULATION OF PROTEIN TRANSPORT%GOBP%GO:0051222	0.6666666666666666	0.8641140490295237	0.06335970106437581	-0.2292859402506765	-0.9232094366674458	129	
SARS-COV-2 TARGETS HOST INTRACELLULAR SIGNALLING AND REGULATORY PATHWAYS%REACTOME%R-HSA-9755779.2	0.6673427991886409	0.8641140490295237	0.06523530560177027	-0.3709259705914387	-0.8615873400863724	10	
TRNA PSEUDOURIDINE SYNTHESIS%GOBP%GO:0031119	0.6673596673596673	0.8641140490295237	0.06643641376628104	-0.3843390591559631	-0.8309831581342826	8	
PHENOL-CONTAINING COMPOUND METABOLIC PROCESS%GOBP%GO:0018958	0.6680161943319838	0.8641140490295237	0.06508775669173134	-0.30087436465322587	-0.8657009151895905	22	
OREXIN RECEPTOR PATHWAY%WIKIPATHWAYS_20250810%WP5094%HOMO SAPIENS	0.6680327868852459	0.8641140490295237	0.06568136019340105	-0.2594317773648562	-0.8712229970874239	43	
BIOCARTA_RANBP2_PATHWAY%MSIGDB_C2%BIOCARTA_RANBP2_PATHWAY	0.6686746987951807	0.8641140490295237	0.06464845684219278	-0.366817026740485	-0.829177841579479	9	
SYNTHESIS OF PYROPHOSPHATES IN THE CYTOSOL%REACTOME DATABASE ID RELEASE 93%1855167	0.6686746987951807	0.8641140490295237	0.06464845684219278	-0.3686422119562144	-0.8333036128150983	9	
CELL VOLUME HOMEOSTASIS%GOBP%GO:0006884	0.6686991869918699	0.8641140490295237	0.06523530560177027	-0.2920996869046324	-0.8650635374322581	25	
ALANINE AND ASPARTATE METABOLISM%WIKIPATHWAYS_20250810%WP106%HOMO SAPIENS	0.6687116564417178	0.8641140490295237	0.06553210292824141	-0.3965305865992317	-0.8307424146563639	7	
CS-GAG BIOSYNTHESIS%REACTOME DATABASE ID RELEASE 93%2022870	0.6693386773547094	0.8641140490295237	0.06450312496564929	-0.319278684222287	-0.8504195052350777	17	
EXRNA MECHANISM OF ACTION AND BIOGENESIS%WIKIPATHWAYS_20250810%WP2805%HOMO SAPIENS	0.6693548387096774	0.8641140490295237	0.06479433660007268	-0.42097403004671885	-0.8499697056732614	6	
MEMBRANE RAFT ASSEMBLY%GOBP%GO:0001765	0.6693548387096774	0.8641140490295237	0.06479433660007268	-0.42163604563203133	-0.8513063515279634	6	
EGR2 AND SOX10-MEDIATED INITIATION OF SCHWANN CELL MYELINATION%REACTOME%R-HSA-9619665.3	0.670020120724346	0.8641140490295237	0.06464845684219278	-0.29531544156428624	-0.8607737452916935	23	
EXIT FROM MITOSIS%GOBP%GO:0010458	0.6706349206349206	0.8641140490295237	0.06392719333599958	-0.3539892686311067	-0.8452048802861417	11	
NEGATIVE REGULATION OF NUCLEAR-TRANSCRIBED MRNA CATABOLIC PROCESS, DEADENYLATION-DEPENDENT DECAY%GOBP%GO:1900152	0.6706349206349206	0.8641140490295237	0.06392719333599958	-0.35437032779933736	-0.8461147187959694	11	
HATS ACETYLATE HISTONES%REACTOME%R-HSA-3214847.3	0.6720977596741344	0.8641140490295237	0.06508775669173134	-0.23568305656016145	-0.90331512693027	89	
PID_IL2_PI3K_PATHWAY%MSIGDB_C2%PID_IL2_PI3K_PATHWAY	0.6727642276422764	0.8641140490295237	0.06494076846128988	-0.295746418716459	-0.8675224590053482	24	
PID_CXCR3_PATHWAY%MSIGDB_C2%PID_CXCR3_PATHWAY	0.6728395061728395	0.8641140490295237	0.06553210292824141	-0.2819439164166206	-0.8555598011015192	27	
REGULATION OF INTERFERON-BETA PRODUCTION%GOBP%GO:0032648	0.6741803278688525	0.8641140490295237	0.06523530560177027	-0.25874808351053447	-0.8689270184879531	43	
CELLULAR HYPOTONIC RESPONSE%GOBP%GO:0071476	0.6746987951807228	0.8641140490295237	0.06421408818446053	-0.4447798461500047	-0.8496448595174125	5	
ACRIVASTINE H1-ANTIHISTAMINE ACTION%PATHWHIZ%PW060826	0.6748466257668712	0.8641140490295237	0.06508775669173134	-0.39157301930164656	-0.8203561756957367	7	
ALCAFTADINE H1-ANTIHISTAMINE ACTION%SMPDB%SMP0062881	0.6748466257668712	0.8641140490295237	0.06508775669173134	-0.39157301930164656	-0.8203561756957367	7	
ALIMEMAZINE H1-ANTIHISTAMINE ACTION%SMPDB%SMP0059689	0.6748466257668712	0.8641140490295237	0.06508775669173134	-0.39157301930164656	-0.8203561756957367	7	
ANTAZOLINE H1-ANTIHISTAMINE ACTION%SMPDB%SMP0057584	0.6748466257668712	0.8641140490295237	0.06508775669173134	-0.39157301930164656	-0.8203561756957367	7	
ASTEMIZOLE H1-ANTIHISTAMINE ACTION%SMPDB%SMP0059897	0.6748466257668712	0.8641140490295237	0.06508775669173134	-0.39157301930164656	-0.8203561756957367	7	
AZATADINE H1-ANTIHISTAMINE ACTION%SMPDB%SMP0059865	0.6748466257668712	0.8641140490295237	0.06508775669173134	-0.39157301930164656	-0.8203561756957367	7	
AZELASTINE H1-ANTIHISTAMINE ACTION%SMPDB%SMP0060741	0.6748466257668712	0.8641140490295237	0.06508775669173134	-0.39157301930164656	-0.8203561756957367	7	
BAMIPINE H1-ANTIHISTAMINE ACTION%SMPDB%SMP0062882	0.6748466257668712	0.8641140490295237	0.06508775669173134	-0.39157301930164656	-0.8203561756957367	7	
BEPOTASTINE H1-ANTIHISTAMINE ACTION%SMPDB%SMP0060058	0.6748466257668712	0.8641140490295237	0.06508775669173134	-0.39157301930164656	-0.8203561756957367	7	
BETAHISTINE H1-ANTIHISTAMINE ACTION%PATHWHIZ%PW061694	0.6748466257668712	0.8641140490295237	0.06508775669173134	-0.39157301930164656	-0.8203561756957367	7	
BILASTINE H1-ANTIHISTAMINE ACTION%PATHWHIZ%PW061119	0.6748466257668712	0.8641140490295237	0.06508775669173134	-0.39157301930164656	-0.8203561756957367	7	
BROMODIPHENHYDRAMINE H1-ANTIHISTAMINE ACTION%PATHWHIZ%PW059740	0.6748466257668712	0.8641140490295237	0.06508775669173134	-0.39157301930164656	-0.8203561756957367	7	
BROMPHENIRAMINE H1-ANTIHISTAMINE ACTION%PATHWHIZ%PW058500	0.6748466257668712	0.8641140490295237	0.06508775669173134	-0.39157301930164656	-0.8203561756957367	7	
BUCLIZINE H1-ANTIHISTAMINE ACTION%SMPDB%SMP0058964	0.6748466257668712	0.8641140490295237	0.06508775669173134	-0.39157301930164656	-0.8203561756957367	7	
CARBINOXAMINE H1-ANTIHISTAMINE ACTION%SMPDB%SMP0058797	0.6748466257668712	0.8641140490295237	0.06508775669173134	-0.39157301930164656	-0.8203561756957367	7	
CETIRIZINE H1-ANTIHISTAMINE ACTION%PATHWHIZ%PW059995	0.6748466257668712	0.8641140490295237	0.06508775669173134	-0.39157301930164656	-0.8203561756957367	7	
CHLORCYCLIZINE H1-ANTIHISTAMINE ACTION%SMPDB%SMP0058931	0.6748466257668712	0.8641140490295237	0.06508775669173134	-0.39157301930164656	-0.8203561756957367	7	
CHLOROPYRAMINE H1-ANTIHISTAMINE ACTION%PATHWHIZ%PW058510	0.6748466257668712	0.8641140490295237	0.06508775669173134	-0.39157301930164656	-0.8203561756957367	7	
CHLORPHENAMINE H1-ANTIHISTAMINE ACTION%PATHWHIZ%PW057579	0.6748466257668712	0.8641140490295237	0.06508775669173134	-0.39157301930164656	-0.8203561756957367	7	
CHLORPHENOXAMINE H1-ANTIHISTAMINE ACTION%PATHWHIZ%PW059836	0.6748466257668712	0.8641140490295237	0.06508775669173134	-0.39157301930164656	-0.8203561756957367	7	
CINNARIZINE H1-ANTIHISTAMINE ACTION%SMPDB%SMP0059110	0.6748466257668712	0.8641140490295237	0.06508775669173134	-0.39157301930164656	-0.8203561756957367	7	
CLEMASTINE H1-ANTIHISTAMINE ACTION%PATHWHIZ%PW059823	0.6748466257668712	0.8641140490295237	0.06508775669173134	-0.39157301930164656	-0.8203561756957367	7	
CLOCINIZINE H1-ANTIHISTAMINE ACTION%SMPDB%SMP0062788	0.6748466257668712	0.8641140490295237	0.06508775669173134	-0.39157301930164656	-0.8203561756957367	7	
CYCLIZINE H1-ANTIHISTAMINE ACTION%PATHWHIZ%PW059857	0.6748466257668712	0.8641140490295237	0.06508775669173134	-0.39157301930164656	-0.8203561756957367	7	
CYPROHEPTADINE H1-ANTIHISTAMINE ACTION%SMPDB%SMP0059694	0.6748466257668712	0.8641140490295237	0.06508775669173134	-0.39157301930164656	-0.8203561756957367	7	
DEPTROPINE H1-ANTIHISTAMINE ACTION%SMPDB%SMP0062883	0.6748466257668712	0.8641140490295237	0.06508775669173134	-0.39157301930164656	-0.8203561756957367	7	
DESLORATADINE H1-ANTIHISTAMINE ACTION%SMPDB%SMP0060201	0.6748466257668712	0.8641140490295237	0.06508775669173134	-0.39157301930164656	-0.8203561756957367	7	
DEXBROMPHENIRAMINE H1-ANTIHISTAMINE ACTION%PATHWHIZ%PW058503	0.6748466257668712	0.8641140490295237	0.06508775669173134	-0.39157301930164656	-0.8203561756957367	7	
DEXCHLORPHENIRAMINE H1-ANTIHISTAMINE ACTION%SMPDB%SMP0056811	0.6748466257668712	0.8641140490295237	0.06508775669173134	-0.39157301930164656	-0.8203561756957367	7	
DIMETINDENE H1-ANTIHISTAMINE ACTION%SMPDB%SMP0057582	0.6748466257668712	0.8641140490295237	0.06508775669173134	-0.39157301930164656	-0.8203561756957367	7	
DIPHENHYDRAMINE H1-ANTIHISTAMINE ACTION%SMPDB%SMP0058785	0.6748466257668712	0.8641140490295237	0.06508775669173134	-0.39157301930164656	-0.8203561756957367	7	
DIPHENYLPYRALINE H1-ANTIHISTAMINE ACTION%PATHWHIZ%PW059841	0.6748466257668712	0.8641140490295237	0.06508775669173134	-0.39157301930164656	-0.8203561756957367	7	
DOXEPIN H1-ANTIHISTAMINE ACTION%PATHWHIZ%PW060816	0.6748466257668712	0.8641140490295237	0.06508775669173134	-0.39157301930164656	-0.8203561756957367	7	
DOXYLAMINE H1-ANTIHISTAMINE ACTION%PATHWHIZ%PW059730	0.6748466257668712	0.8641140490295237	0.06508775669173134	-0.39157301930164656	-0.8203561756957367	7	
EBASTINE H1-ANTIHISTAMINE ACTION%PATHWHIZ%PW061153	0.6748466257668712	0.8641140490295237	0.06508775669173134	-0.39157301930164656	-0.8203561756957367	7	
EMBRAMINE H1-ANTIHISTAMINE ACTION%SMPDB%SMP0062622	0.6748466257668712	0.8641140490295237	0.06508775669173134	-0.39157301930164656	-0.8203561756957367	7	
EMEDASTINE H1-ANTIHISTAMINE ACTION%PATHWHIZ%PW061990	0.6748466257668712	0.8641140490295237	0.06508775669173134	-0.39157301930164656	-0.8203561756957367	7	
EPINASTINE H1-ANTIHISTAMINE ACTION%PATHWHIZ%PW062142	0.6748466257668712	0.8641140490295237	0.06508775669173134	-0.39157301930164656	-0.8203561756957367	7	
FENETHAZINE H1-ANTIHISTAMINE ACTION%SMPDB%SMP0059707	0.6748466257668712	0.8641140490295237	0.06508775669173134	-0.39157301930164656	-0.8203561756957367	7	
FEXOFENADINE H1-ANTIHISTAMINE ACTION%SMPDB%SMP0060218	0.6748466257668712	0.8641140490295237	0.06508775669173134	-0.39157301930164656	-0.8203561756957367	7	
FLUNARIZINE H1-ANTIHISTAMINE ACTION%SMPDB%SMP0061047	0.6748466257668712	0.8641140490295237	0.06508775669173134	-0.39157301930164656	-0.8203561756957367	7	
HISTAMINE H1 RECEPTOR ACTIVATION%SMPDB%SMP0063452	0.6748466257668712	0.8641140490295237	0.06508775669173134	-0.39157301930164656	-0.8203561756957367	7	
HISTAPYRRODINE H1-ANTIHISTAMINE ACTION%SMPDB%SMP0058732	0.6748466257668712	0.8641140490295237	0.06508775669173134	-0.39157301930164656	-0.8203561756957367	7	
HOMOCHLORCYCLIZINE H1-ANTIHISTAMINE ACTION%PATHWHIZ%PW063751	0.6748466257668712	0.8641140490295237	0.06508775669173134	-0.39157301930164656	-0.8203561756957367	7	
HYDROXYETHYLPROMETHAZINE H1-ANTIHISTAMINE ACTION%SMPDB%SMP0059710	0.6748466257668712	0.8641140490295237	0.06508775669173134	-0.39157301930164656	-0.8203561756957367	7	
HYDROXYZINE H1-ANTIHISTAMINE ACTION%SMPDB%SMP0058936	0.6748466257668712	0.8641140490295237	0.06508775669173134	-0.39157301930164656	-0.8203561756957367	7	
ISOTHIPENDYL H1-ANTIHISTAMINE ACTION%PATHWHIZ%PW060659	0.6748466257668712	0.8641140490295237	0.06508775669173134	-0.39157301930164656	-0.8203561756957367	7	
KETOTIFEN H1-ANTIHISTAMINE ACTION%PATHWHIZ%PW060812	0.6748466257668712	0.8641140490295237	0.06508775669173134	-0.39157301930164656	-0.8203561756957367	7	
LATREPIRDINE H1-ANTIHISTAMINE ACTION%SMPDB%SMP0062623	0.6748466257668712	0.8641140490295237	0.06508775669173134	-0.39157301930164656	-0.8203561756957367	7	
LEVOCABASTINE H1-ANTIHISTAMINE ACTION%SMPDB%SMP0060224	0.6748466257668712	0.8641140490295237	0.06508775669173134	-0.39157301930164656	-0.8203561756957367	7	
LEVOCETIRIZINE H1-ANTIHISTAMINE ACTION%PATHWHIZ%PW060053	0.6748466257668712	0.8641140490295237	0.06508775669173134	-0.39157301930164656	-0.8203561756957367	7	
LORATADINE H1-ANTIHISTAMINE ACTION%PATHWHIZ%PW061144	0.6748466257668712	0.8641140490295237	0.06508775669173134	-0.39157301930164656	-0.8203561756957367	7	
MEBHYDROLIN H1-ANTIHISTAMINE ACTION%SMPDB%SMP0061052	0.6748466257668712	0.8641140490295237	0.06508775669173134	-0.39157301930164656	-0.8203561756957367	7	
MECLIZINE H1-ANTIHISTAMINE ACTION%PATHWHIZ%PW059891	0.6748466257668712	0.8641140490295237	0.06508775669173134	-0.39157301930164656	-0.8203561756957367	7	
MEPYRAMINE H1-ANTIHISTAMINE ACTION%SMPDB%SMP0057583	0.6748466257668712	0.8641140490295237	0.06508775669173134	-0.39157301930164656	-0.8203561756957367	7	
MEQUITAZINE H1-ANTIHISTAMINE ACTION%SMPDB%SMP0059720	0.6748466257668712	0.8641140490295237	0.06508775669173134	-0.39157301930164656	-0.8203561756957367	7	
METHAPYRILENE H1-ANTIHISTAMINE ACTION%SMPDB%SMP0058741	0.6748466257668712	0.8641140490295237	0.06508775669173134	-0.39157301930164656	-0.8203561756957367	7	
METHDILAZINE H1-ANTIHISTAMINE ACTION%SMPDB%SMP0059730	0.6748466257668712	0.8641140490295237	0.06508775669173134	-0.39157301930164656	-0.8203561756957367	7	
MIRTAZAPINE H1-ANTIHISTAMINE ACTION%SMPDB%SMP0062885	0.6748466257668712	0.8641140490295237	0.06508775669173134	-0.39157301930164656	-0.8203561756957367	7	
MIZOLASTINE H1-ANTIHISTAMINE ACTION%SMPDB%SMP0060230	0.6748466257668712	0.8641140490295237	0.06508775669173134	-0.39157301930164656	-0.8203561756957367	7	
OLOPATADINE H1-ANTIHISTAMINE ACTION%SMPDB%SMP0060740	0.6748466257668712	0.8641140490295237	0.06508775669173134	-0.39157301930164656	-0.8203561756957367	7	
ORPHENADRINE H1-ANTIHISTAMINE ACTION%PATHWHIZ%PW059735	0.6748466257668712	0.8641140490295237	0.06508775669173134	-0.39157301930164656	-0.8203561756957367	7	
OXATOMIDE H1-ANTIHISTAMINE ACTION%SMPDB%SMP0059044	0.6748466257668712	0.8641140490295237	0.06508775669173134	-0.39157301930164656	-0.8203561756957367	7	
OXOMEMAZINE H1-ANTIHISTAMINE ACTION%PATHWHIZ%PW060682	0.6748466257668712	0.8641140490295237	0.06508775669173134	-0.39157301930164656	-0.8203561756957367	7	
PHENBENZAMINE H1-ANTIHISTAMINE ACTION%PATHWHIZ%PW060645	0.6748466257668712	0.8641140490295237	0.06508775669173134	-0.39157301930164656	-0.8203561756957367	7	
PHENINDAMINE H1-ANTIHISTAMINE ACTION%PATHWHIZ%PW062141	0.6748466257668712	0.8641140490295237	0.06508775669173134	-0.39157301930164656	-0.8203561756957367	7	
PHENIRAMINE H1-ANTIHISTAMINE ACTION%SMPDB%SMP0056662	0.6748466257668712	0.8641140490295237	0.06508775669173134	-0.39157301930164656	-0.8203561756957367	7	
PHENYLTOLOXAMINE H1-ANTIHISTAMINE ACTION%PATHWHIZ%PW059850	0.6748466257668712	0.8641140490295237	0.06508775669173134	-0.39157301930164656	-0.8203561756957367	7	
PIMETHIXENE H1-ANTIHISTAMINE ACTION%SMPDB%SMP0062886	0.6748466257668712	0.8641140490295237	0.06508775669173134	-0.39157301930164656	-0.8203561756957367	7	
POSITIVE REGULATION OF SMOOTH MUSCLE CELL APOPTOTIC PROCESS%GOBP%GO:0034393	0.6748466257668712	0.8641140490295237	0.06508775669173134	-0.39206466870984064	-0.8213861946408839	7	
PROMETHAZINE H1-ANTIHISTAMINE ACTION%PATHWHIZ%PW060150	0.6748466257668712	0.8641140490295237	0.06508775669173134	-0.39157301930164656	-0.8203561756957367	7	
PROPIOMAZINE H1-ANTIHISTAMINE ACTION%PATHWHIZ%PW063580	0.6748466257668712	0.8641140490295237	0.06508775669173134	-0.39157301930164656	-0.8203561756957367	7	
PYRROBUTAMINE H1-ANTIHISTAMINE ACTION%SMPDB%SMP0062887	0.6748466257668712	0.8641140490295237	0.06508775669173134	-0.39157301930164656	-0.8203561756957367	7	
QUETIAPINE H1-ANTIHISTAMINE ACTION%SMPDB%SMP0062884	0.6748466257668712	0.8641140490295237	0.06508775669173134	-0.39157301930164656	-0.8203561756957367	7	
QUIFENADINE H1-ANTIHISTAMINE ACTION%PATHWHIZ%PW061693	0.6748466257668712	0.8641140490295237	0.06508775669173134	-0.39157301930164656	-0.8203561756957367	7	
RUPATADINE H1-ANTIHISTAMINE ACTION%SMPDB%SMP0060235	0.6748466257668712	0.8641140490295237	0.06508775669173134	-0.39157301930164656	-0.8203561756957367	7	
TALASTINE H1-ANTIHISTAMINE ACTION%PATHWHIZ%PW058511	0.6748466257668712	0.8641140490295237	0.06508775669173134	-0.39157301930164656	-0.8203561756957367	7	
TEMELASTINE H1-ANTIHISTAMINE ACTION%PATHWHIZ%PW063837	0.6748466257668712	0.8641140490295237	0.06508775669173134	-0.39157301930164656	-0.8203561756957367	7	
TERFENADINE H1-ANTIHISTAMINE ACTION%PATHWHIZ%PW061157	0.6748466257668712	0.8641140490295237	0.06508775669173134	-0.39157301930164656	-0.8203561756957367	7	
THENALIDINE H1-ANTIHISTAMINE ACTION%SMPDB%SMP0062894	0.6748466257668712	0.8641140490295237	0.06508775669173134	-0.39157301930164656	-0.8203561756957367	7	
THENYLDIAMINE H1-ANTIHISTAMINE ACTION%SMPDB%SMP0062624	0.6748466257668712	0.8641140490295237	0.06508775669173134	-0.39157301930164656	-0.8203561756957367	7	
THIAZINAMIUM H1-ANTIHISTAMINE ACTION%PATHWHIZ%PW061692	0.6748466257668712	0.8641140490295237	0.06508775669173134	-0.39157301930164656	-0.8203561756957367	7	
THONZYLAMINE H1-ANTIHISTAMINE ACTION%PATHWHIZ%PW059696	0.6748466257668712	0.8641140490295237	0.06508775669173134	-0.39157301930164656	-0.8203561756957367	7	
TOLPROPAMINE H1-ANTIHISTAMINE ACTION%SMPDB%SMP0062621	0.6748466257668712	0.8641140490295237	0.06508775669173134	-0.39157301930164656	-0.8203561756957367	7	
TRIPELENNAMINE H1-ANTIHISTAMINE ACTION%SMPDB%SMP0057587	0.6748466257668712	0.8641140490295237	0.06508775669173134	-0.39157301930164656	-0.8203561756957367	7	
TRIPROLIDINE H1-ANTIHISTAMINE ACTION%SMPDB%SMP0057581	0.6748466257668712	0.8641140490295237	0.06508775669173134	-0.39157301930164656	-0.8203561756957367	7	
TRITOQUALINE H1-ANTIHISTAMINE ACTION%SMPDB%SMP0062895	0.6748466257668712	0.8641140490295237	0.06508775669173134	-0.39157301930164656	-0.8203561756957367	7	
NON-MOTILE CILIUM ASSEMBLY%GOBP%GO:1905515	0.6748971193415638	0.8641140490295237	0.06538341954687732	-0.28153466709461067	-0.8543179326016068	27	
REACTIVE NITROGEN SPECIES METABOLIC PROCESS%GOBP%GO:2001057	0.6752988047808764	0.8644035402850376	0.06378453903129748	-0.30645740257229614	-0.8494099814924485	19	
SYNTHESIS OF GDP-MANNOSE%REACTOME DATABASE ID RELEASE 93%446205	0.6754032258064516	0.8644248227336959	0.06435833679173605	-0.41897118104063913	-0.8459258434425755	6	
EPITHELIAL TO MESENCHYMAL TRANSITION%GOBP%GO:0001837	0.6755102040816326	0.8644493721585333	0.06494076846128988	-0.2511480209729497	-0.8829761031491612	55	
FILOPODIUM ASSEMBLY%GOBP%GO:0046847	0.6758349705304518	0.8644741174318639	0.0630790410571939	-0.34065592281708434	-0.8377903789889511	12	
POSITIVE REGULATION OF CALCIUM ION TRANSMEMBRANE TRANSPORT%GOBP%GO:1904427	0.676056338028169	0.8644741174318639	0.06421408818446053	-0.29384646392854435	-0.8564920274967504	23	
RESPONSE TO UV-B%GOBP%GO:0010224	0.6765873015873016	0.8645916380828775	0.06350079680659454	-0.3529053637732651	-0.8426168874942804	11	
CHONDROITIN SULFATE DERMATAN SULFATE METABOLISM%REACTOME DATABASE ID RELEASE 93%1793185	0.6773547094188377	0.8653638764355461	0.06392719333599958	-0.27460489413570643	-0.8567592510034174	30	
REGULATION OF SODIUM ION TRANSMEMBRANE TRANSPORTER ACTIVITY%GOBP%GO:2000649	0.6774193548387096	0.8653638764355461	0.06421408818446053	-0.41723870159790194	-0.8424278722212513	6	
CELLULAR COMPONENT DISASSEMBLY INVOLVED IN EXECUTION PHASE OF APOPTOSIS%GOBP%GO:0006921	0.6776180698151951	0.8653638764355461	0.06508775669173134	-0.3328329818197112	-0.85567215625783	15	
REGULATION OF B CELL APOPTOTIC PROCESS%GOBP%GO:0002902	0.6777546777546778	0.8653638764355461	0.06568136019340105	-0.3798821419247796	-0.8213468147336264	8	
MONOSACCHARIDE CATABOLIC PROCESS%GOBP%GO:0046365	0.6778242677824268	0.8653638764355461	0.06598161440087301	-0.2741309310765176	-0.8617689748796015	32	
RNA POLYMERASE II TRANSCRIPTION THE PREINITIATION COMPLEX%WIKIPATHWAYS_20250810%WP5563%HOMO SAPIENS	0.6778947368421052	0.8653638764355461	0.06628421870126719	-0.24482086459778535	-0.8748070618914091	62	
NEGATIVE REGULATION OF RESPONSE TO BIOTIC STIMULUS%GOBP%GO:0002832	0.6784232365145229	0.8658140229062855	0.06553210292824141	-0.24069742388982748	-0.883241413753767	70	
REGULATION OF CARDIAC EPITHELIAL TO MESENCHYMAL TRANSITION%GOBP%GO:0062042	0.678714859437751	0.8658304773345582	0.06392719333599958	-0.3626179971351675	-0.8196860730653399	9	
NON SMALL CELL LUNG CANCER%WIKIPATHWAYS_20250810%WP4255%HOMO SAPIENS	0.6787878787878788	0.8658304773345582	0.06421408818446053	-0.2532227904981573	-0.8817280431062415	52	
REGULATION OF CHOLESTEROL BIOSYNTHETIC PROCESS%GOBP%GO:0045540	0.6794354838709677	0.8664320391391722	0.06407037504997216	-0.3021611295577147	-0.8486220639158887	20	
REGULATION OF STEROL BIOSYNTHETIC PROCESS%GOBP%GO:0106118	0.6794354838709677	0.8664320391391722	0.06407037504997216	-0.3021611295577147	-0.8486220639158887	20	
DERMATAN SULFATE PROTEOGLYCAN METABOLIC PROCESS%GOBP%GO:0050655	0.6807228915662651	0.8673997140366825	0.06378453903129748	-0.33657780935111475	-0.8334574205676023	13	
HETEROTRIMERIC G-PROTEIN SIGNALING PATHWAY-ROD OUTER SEGMENT PHOTOTRANSDUCTION%PANTHER PATHWAY%P00028	0.6807228915662651	0.8673997140366825	0.06378453903129748	-0.33640418095560226	-0.8330274698381109	13	
REGULATION OF TELOMERE CAPPING%GOBP%GO:1904353	0.6807228915662651	0.8673997140366825	0.06378453903129748	-0.33662899489837805	-0.8335841697857836	13	
BIOCARTA_AT1R_PATHWAY%MSIGDB_C2%BIOCARTA_AT1R_PATHWAY	0.6814516129032258	0.8679912782205901	0.06392719333599958	-0.29758823729339784	-0.8459514570662775	21	
BIOCARTA_SET_PATHWAY%MSIGDB_C2%BIOCARTA_SET_PATHWAY	0.6814516129032258	0.8679912782205901	0.06392719333599958	-0.41467884906228364	-0.8372593892485012	6	
NUCLEUS LOCALIZATION%GOBP%GO:0051647	0.682092555331992	0.8682460633224037	0.06378453903129748	-0.2935432702266052	-0.8556082905103449	23	
REGULATION OF MITOCHONDRIAL FISSION%GOBP%GO:0090140	0.682092555331992	0.8682460633224037	0.06378453903129748	-0.2935308215847151	-0.8555720057023214	23	
PID_RHOA_PATHWAY%MSIGDB_C2%PID_RHOA_PATHWAY	0.6827731092436975	0.8688876869088077	0.06583119583688658	-0.27692272057560674	-0.8596156084356426	31	
PROTEIN LOCALIZATION TO CELL SURFACE%GOBP%GO:0034394	0.6832669322709163	0.8692914091148006	0.06321911708594577	-0.3041496620174266	-0.8430136019449234	19	
REGULATION OF SYNAPTIC TRANSMISSION, GLUTAMATERGIC%GOBP%GO:0051966	0.6836734693877551	0.8693847817928964	0.06435833679173605	-0.27138351835326024	-0.8657961750148457	33	
BETA OXIDATION OF LAUROYL-COA TO DECANOYL-COA-COA%REACTOME DATABASE ID RELEASE 93%77310	0.6847389558232931	0.8705985787240671	0.06350079680659454	-0.44240641465194697	-0.845110989808169	5	
DEFECTS IN COBALAMIN (B12) METABOLISM%REACTOME%R-HSA-3296469.6	0.6856581532416502	0.8709014335391784	0.06238614928936257	-0.33547066071517573	-0.8250380315012262	12	
INTERLEUKIN-1 SIGNALING%REACTOME%R-HSA-9020702.4	0.6863543788187373	0.8713544901254502	0.06407037504997216	-0.23376663171634723	-0.8959699423577827	89	
NITRIC OXIDE METABOLIC PROCESS%GOBP%GO:0046209	0.6865079365079365	0.8713544901254502	0.06280039778122341	-0.3084112400563587	-0.8418475858960286	18	
DENDRITE ARBORIZATION%GOBP%GO:0140059	0.6867469879518072	0.8713544901254502	0.06335970106437581	-0.4366268397448822	-0.8340705028065901	5	
GDP-MANNOSE BIOSYNTHETIC PROCESS%GOBP%GO:0009298	0.6867469879518072	0.8713544901254502	0.06335970106437581	-0.4375722984968586	-0.8358765742269925	5	
VERY LONG-CHAIN FATTY ACID CATABOLIC PROCESS%GOBP%GO:0042760	0.6867469879518072	0.8713544901254502	0.06335970106437581	-0.4371540546006421	-0.8350776199139298	5	
DEFECTIVE HLCS CAUSES MULTIPLE CARBOXYLASE DEFICIENCY%REACTOME%R-HSA-3371599.4	0.6871165644171779	0.8715987752192134	0.06421408818446053	-0.38832704746803004	-0.8135557760037692	7	
SIGNALING BY FGFR2 IN DISEASE%REACTOME%R-HSA-5655253.3	0.6871165644171779	0.8715987752192134	0.06421408818446053	-0.273397270057093	-0.8372923350675971	28	
PNAT%PANTHER PATHWAY%P05912	0.687374749498998	0.8716844631327577	0.06321911708594577	-0.27013923969629594	-0.8428265395534217	30	
BIOCARTA_P35ALZHEIMERS_PATHWAY%MSIGDB_C2%BIOCARTA_P35ALZHEIMERS_PATHWAY	0.6875	0.8716844631327577	0.06350079680659454	-0.41129980574004993	-0.8304369150504195	6	
NEGATIVE REGULATION OF LYMPHOCYTE APOPTOTIC PROCESS%GOBP%GO:0070229	0.6876267748478702	0.8716844631327577	0.06378453903129748	-0.36277456906791716	-0.8426532537363964	10	
NEGATIVE REGULATION OF TOLL-LIKE RECEPTOR SIGNALING PATHWAY%GOBP%GO:0034122	0.6876267748478702	0.8716844631327577	0.06378453903129748	-0.3627895896863255	-0.8426881436489045	10	
CYTOSOLIC RIBOSOME ASSEMBLY%GOBP%GO:0042256	0.6881496881496881	0.8719247542824756	0.06494076846128988	-0.3758074438634266	-0.8125368710581055	8	
REGULATION OF PEPTIDYL-SERINE PHOSPHORYLATION%GOBP%GO:0033135	0.6882591093117408	0.8719247542824756	0.06364240816510186	-0.2963492744187948	-0.8526809466662586	22	
TRNA THREONYLCARBAMOYLADENOSINE METABOLIC PROCESS%GOBP%GO:0070525	0.6884920634920635	0.8721076620536289	0.06266182309324915	-0.30669703728587355	-0.8371684520752071	18	
SIGNALING BY NUCLEAR RECEPTORS%REACTOME%R-HSA-9006931.7	0.688588007736944	0.8721169956493375	0.06143641072012707	-0.21737147090261436	-0.9193824119180186	183	
DIACYLGLYCEROL BIOSYNTHETIC PROCESS%GOBP%GO:0006651	0.6887550200803213	0.8722163251075039	0.06321911708594577	-0.43631040469500265	-0.8334660297940908	5	
BIOCARTA_PTC1_PATHWAY%MSIGDB_C2%BIOCARTA_PTC1_PATHWAY	0.6895161290322581	0.8724514398051411	0.06335970106437581	-0.40989432740513065	-0.8275991770395287	6	
BONE GROWTH%GOBP%GO:0098868	0.6896551724137931	0.8724514398051411	0.06364240816510186	-0.3624286175160109	-0.8418496770094005	10	
LIPID OXIDATION%GOBP%GO:0034440	0.6910569105691057	0.8724514398051411	0.06364240816510186	-0.2460952067141313	-0.8728546887473198	57	
NGF%IOB%NGF	0.6912065439672802	0.8724514398051411	0.06392719333599958	-0.3866828009819476	-0.8101110346841824	7	
REGULATION OF PROTEIN LOCALIZATION TO CENTROSOME%GOBP%GO:1904779	0.6915520628683693	0.8724514398051411	0.06197627360019979	-0.3332118869809019	-0.8194829280195712	12	
POSITIVE REGULATION OF TRANSMEMBRANE RECEPTOR PROTEIN SERINE/THREONINE KINASE SIGNALING PATHWAY%GOBP%GO:0090100	0.6918367346938775	0.8724514398051411	0.06378453903129748	-0.23990277840023008	-0.8704217510240276	65	
REGULATION OF ADENYLATE CYCLASE ACTIVITY%GOBP%GO:0045761	0.6919917864476386	0.8724514398051411	0.06407037504997216	-0.327737576201861	-0.8425725028274621	15	
SMALL MOLECULE CATABOLIC PROCESS%GOBP%GO:0044282	0.6921529175050302	0.8724514398051411	0.0630790410571939	-0.21777937517052381	-0.9187217045112671	194	
AKT PHOSPHORYLATES TARGETS IN THE NUCLEUS%REACTOME%R-HSA-198693.4	0.6927710843373494	0.8724514398051411	0.06293946920189672	-0.35732633588725565	-0.8077244466084046	9	
INNATE IMMUNE RESPONSE IN MUCOSA%GOBP%GO:0002227	0.6927710843373494	0.8724514398051411	0.06293946920189672	-0.43304960628981887	-0.8272370591541922	5	
NON-PROTEINOGENIC AMINO ACID CATABOLIC PROCESS%GOBP%GO:0170044	0.6927710843373494	0.8724514398051411	0.06293946920189672	-0.35742750888001446	-0.8079531448357125	9	
ACENOCOUMAROL ACTION PATHWAY%PATHWHIZ%PW000312	0.6935483870967742	0.8724514398051411	0.0630790410571939	-0.4070469828681525	-0.82185023191391815	6	
ALTEPLASE ACTION PATHWAY%PATHWHIZ%PW000302	0.6935483870967742	0.8724514398051411	0.0630790410571939	-0.4070469828681525	-0.82185023191391815	6	
AMINOCAPROIC ACID ACTION PATHWAY%PATHWHIZ%PW000308	0.6935483870967742	0.8724514398051411	0.0630790410571939	-0.4070469828681525	-0.82185023191391815	6	
ANISTREPLASE ACTION PATHWAY%PATHWHIZ%PW000303	0.6935483870967742	0.8724514398051411	0.0630790410571939	-0.4070469828681525	-0.82185023191391815	6	
APROTININ ACTION PATHWAY%SMPDB%SMP0000288	0.6935483870967742	0.8724514398051411	0.0630790410571939	-0.4070469828681525	-0.82185023191391815	6	
ARDEPARIN ACTION PATHWAY%SMPDB%SMP0000275	0.6935483870967742	0.8724514398051411	0.0630790410571939	-0.4070469828681525	-0.82185023191391815	6	
ARGATROBAN ACTION PATHWAY%SMPDB%SMP0000276	0.6935483870967742	0.8724514398051411	0.0630790410571939	-0.4070469828681525	-0.82185023191391815	6	
BIVALIRUDIN ACTION PATHWAY%SMPDB%SMP0000277	0.6935483870967742	0.8724514398051411	0.0630790410571939	-0.4070469828681525	-0.82185023191391815	6	
COAGULATION%SMPDB%SMP0000586	0.6935483870967742	0.8724514398051411	0.0630790410571939	-0.4070469828681525	-0.82185023191391815	6	
DICOUMAROL ACTION PATHWAY%PATHWHIZ%PW000632	0.6935483870967742	0.8724514398051411	0.0630790410571939	-0.4070469828681525	-0.82185023191391815	6	
DICUMAROL ACTION PATHWAY%PATHWHIZ%PW000313	0.6935483870967742	0.8724514398051411	0.0630790410571939	-0.4070469828681525	-0.82185023191391815	6	
ENOXAPARIN ACTION PATHWAY%SMPDB%SMP0000272	0.6935483870967742	0.8724514398051411	0.0630790410571939	-0.4070469828681525	-0.82185023191391815	6	
FONDAPARINUX ACTION PATHWAY%SMPDB%SMP0000273	0.6935483870967742	0.8724514398051411	0.0630790410571939	-0.4070469828681525	-0.82185023191391815	6	
FORMATION OF DEFINITIVE ENDODERM%REACTOME DATABASE ID RELEASE 93%9823730	0.6935483870967742	0.8724514398051411	0.0630790410571939	-0.4068891280947255	-0.8215315144498172	6	
HEPARIN ACTION PATHWAY%SMPDB%SMP0000274	0.6935483870967742	0.8724514398051411	0.0630790410571939	-0.4070469828681525	-0.82185023191391815	6	
LEPIRUDIN ACTION PATHWAY%SMPDB%SMP0000278	0.6935483870967742	0.8724514398051411	0.0630790410571939	-0.4070469828681525	-0.82185023191391815	6	
PHENINDIONE ACTION PATHWAY%SMPDB%SMP0000655	0.6935483870967742	0.8724514398051411	0.0630790410571939	-0.4070469828681525	-0.82185023191391815	6	
PHENPROCOUMON ACTION PATHWAY%PATHWHIZ%PW000314	0.6935483870967742	0.8724514398051411	0.0630790410571939	-0.4070469828681525	-0.82185023191391815	6	
POSITIVE REGULATION OF MEGAKARYOCYTE DIFFERENTIATION%GOBP%GO:0045654	0.6935483870967742	0.8724514398051411	0.0630790410571939	-0.4074385430106411	-0.8226408133638653	6	
RETEPLASE ACTION PATHWAY%SMPDB%SMP0000285	0.6935483870967742	0.8724514398051411	0.0630790410571939	-0.4070469828681525	-0.82185023191391815	6	
STREPTOKINASE ACTION PATHWAY%PATHWHIZ%PW000304	0.6935483870967742	0.8724514398051411	0.0630790410571939	-0.4070469828681525	-0.82185023191391815	6	
TENECTEPLASE ACTION PATHWAY%SMPDB%SMP0000283	0.6935483870967742	0.8724514398051411	0.0630790410571939	-0.4070469828681525	-0.82185023191391815	6	
TRANEXAMIC ACID ACTION PATHWAY%PATHWHIZ%PW000309	0.6935483870967742	0.8724514398051411	0.0630790410571939	-0.4070469828681525	-0.82185023191391815	6	
UROKINASE ACTION PATHWAY%SMPDB%SMP0000284	0.6935483870967742	0.8724514398051411	0.0630790410571939	-0.4070469828681525	-0.82185023191391815	6	
WARFARIN ACTION PATHWAY%SMPDB%SMP0000268	0.6935483870967742	0.8724514398051411	0.0630790410571939	-0.4070469828681525	-0.82185023191391815	6	
XIMELAGATRAN ACTION PATHWAY%SMPDB%SMP0000279	0.6935483870967742	0.8724514398051411	0.0630790410571939	-0.4070469828681525	-0.82185023191391815	6	
NEGATIVE REGULATION OF POTASSIUM ION TRANSMEMBRANE TRANSPORT%GOBP%GO:1901380	0.6943866943866944	0.8729094855100216	0.06450312496564929	-0.3746259106948653	-0.809982266886446	8	
MOTOR BEHAVIOR%GOBP%GO:0061744	0.6947791164658634	0.8730135366357246	0.06280039778122341	-0.43174853797112744	-0.8247516812342486	5	
C4-DICARBOXYLATE TRANSPORT%GOBP%GO:0015740	0.6953907815631263	0.87340117951117	0.06266182309324915	-0.31529933622914147	-0.839820253488184	17	
REGULATION OF CALCIUM IMPORT INTO THE MITOCHONDRION%GOBP%GO:0110097	0.6955645161290323	0.87340117951117	0.06293946920189672	-0.40414554743320497	-0.8159920742921792	6	
POSITIVE REGULATION OF PEPTIDE HORMONE SECRETION%GOBP%GO:0090277	0.6958333333333333	0.87340117951117	0.06450312496564929	-0.26583613628655384	-0.8700208463416351	39	
POSITIVE REGULATION OF PEPTIDE SECRETION%GOBP%GO:0002793	0.6958333333333333	0.87340117951117	0.06450312496564929	-0.26583613628655384	-0.8700208463416351	39	
PID_NEPHRIN_NEPH1_PATHWAY%MSIGDB_C2%PID_NEPHRIN_NEPH1_PATHWAY	0.6961770623742455	0.87340117951117	0.06280039778122341	-0.29049942113716287	-0.846736199816599	23	
PEPTIDYL-AMINO ACID MODIFICATION%GOBP%GO:0018193	0.6964980544747081	0.87340117951117	0.06116926267466889	-0.21565384525159803	-0.9246768041688397	213	
AMYLOID-BETA CLEARANCE BY CELLULAR CATABOLIC PROCESS%GOBP%GO:0150094	0.6967871485943775	0.87340117951117	0.06266182309324915	-0.4299699396654538	-0.8213540971920699	5	
RESPONSE TO PROSTAGLANDIN E%GOBP%GO:0034695	0.6975806451612904	0.8738506574206086	0.06280039778122341	-0.40393441694793847	-0.8155657902375532	6	
C-TERMINAL PROTEIN AMINO ACID MODIFICATION%GOBP%GO:0018410	0.6987951807228916	0.8745820960210489	0.06252374147247618	-0.42915534223190455	-0.8197980048286632	5	
PID_MAPK_TRK_PATHWAY%MSIGDB_C2%PID_MAPK_TRK_PATHWAY	0.6993865030674846	0.8748169037840051	0.06335970106437581	-0.2839593411011529	-0.8492156812061985	26	
POSITIVE REGULATION OF TRANSCRIPTION OF NOTCH RECEPTOR TARGET%GOBP%GO:0007221	0.6995967741935484	0.8748169037840051	0.06266182309324915	-0.4025576513779464	-0.81278602487725915	6	
PID_NFAT_3PATHWAY%MSIGDB_C2%PID_NFAT_3PATHWAY	0.7002053388090349	0.8749820484066624	0.06350079680659454	-0.26721889982419744	-0.8652131427578655	37	
EXCITATORY POSTSYNAPTIC POTENTIAL%GOBP%GO:0060079	0.7008032128514057	0.8749820484066624	0.06238614928936257	-0.3295493455478364	-0.8160530488316089	13	
NEGATIVE REGULATION OF CELL GROWTH INVOLVED IN CONTACT INHIBITION%GOBP%GO:0060243	0.7008032128514057	0.8749820484066624	0.06238614928936257	-0.4253635745813844	-0.8125547452236352	5	
POSITIVE REGULATION OF SODIUM ION TRANSMEMBRANE TRANSPORTER ACTIVITY%GOBP%GO:2000651	0.7008032128514057	0.8749820484066624	0.06238614928936257	-0.42601594052926944	-0.8138009333747903	5	
SPHINGOLIPID MEDIATED SIGNALING PATHWAY%GOBP%GO:0090520	0.7008032128514057	0.8749820484066624	0.06238614928936257	-0.4245658583119094	-0.8110309002617296	5	
SPHINGOSINE-1-PHOSPHATE RECEPTOR SIGNALING PATHWAY%GOBP%GO:0003376	0.7008032128514057	0.8749820484066624	0.06238614928936257	-0.4245658583119094	-0.8110309002617296	5	
PHOSPHATIDYLGLYCEROL METABOLIC PROCESS%GOBP%GO:0046471	0.701195219123506	0.8751052248747518	0.06197627360019979	-0.29587954118289256	-0.8200912540882921	19	
RESPONSE TO PROSTAGLANDIN%GOBP%GO:0034694	0.7014314928425358	0.8751052248747518	0.06321911708594577	-0.3835138844832561	-0.8034720680245232	7	
B CELL PROLIFERATION%GOBP%GO:0042100	0.7016129032258065	0.8751052248747518	0.06252374147247618	-0.4008818602941209	-0.8094025105684762	6	
CDH11 HOMOTYPIC AND HETEROTYPIC INTERACTIONS%REACTOME DATABASE ID RELEASE 93%9833576	0.7016129032258065	0.8751052248747518	0.06252374147247618	-0.4008283367624555	-0.8092944436161011	6	
RAPID GLUCOCORTICOID SIGNALING%PATHWAY INTERACTION DATABASE NCI-NATURE CURATED DATA%RAPID GLUCOCORTICOID SIGNALING	0.7016129032258065	0.8751052248747518	0.06252374147247618	-0.4011630412287182	-0.8099702303306529	6	
REGULATION OF MICROTUBULE POLYMERIZATION%GOBP%GO:0031113	0.7026476578411406	0.8760450079848447	0.06293946920189672	-0.250559416612794	-0.8641330425315701	49	
NEGATIVE REGULATION OF MOLECULAR FUNCTION%GOBP%GO:0044092	0.702755905511811	0.8760450079848447	0.06130260753962072	-0.21688427193206802	-0.9195209317462543	201	
NEGATIVE REGULATION OF PHAGOCYTOSIS%GOBP%GO:0050765	0.7028112449799196	0.8760450079848447	0.06224904294985801	-0.35477987695668994	-0.8019682598291822	9	
NEGATIVE REGULATION OF DNA DAMAGE RESPONSE, SIGNAL TRANSDUCTION BY P53 CLASS MEDIATOR%GOBP%GO:0043518	0.7033398821218074	0.8763986656056804	0.06116926267466889	-0.331103187001045	-0.8142969076483744	12	
NEGATIVE REGULATION OF B CELL ACTIVATION%GOBP%GO:0050869	0.7034764826175869	0.8763986656056804	0.0630790410571939	-0.3823958700591415	-0.8011297972547571	7	
POSITIVE REGULATION OF ENDOCYTIC RECYCLING%GOBP%GO:2001137	0.7034764826175869	0.8763986656056804	0.0630790410571939	-0.38201554861782544	-0.8003330134424057	7	
CS DS DEGRADATION%REACTOME DATABASE ID RELEASE 93%2024101	0.7036290322580645	0.8763986656056804	0.06238614928936257	-0.3237223398916139	-0.8469472665592009	16	
NEGATIVE FEEDBACK REGULATION OF MAPK PATHWAY%REACTOME%R-HSA-5674499.2	0.7036290322580645	0.8763986656056804	0.06238614928936257	-0.3987987995900655	-0.8051966965107088	6	
EPO%IOB%EPO	0.7056451612903226	0.878021263498612	0.06224904294985801	-0.29185817387499663	-0.8296626563328682	21	
NEGATIVE REGULATION OF ESTABLISHMENT OF PROTEIN LOCALIZATION TO MITOCHONDRION%GOBP%GO:1903748	0.7068273092369478	0.878312786439995	0.06197627360019979	-0.4229559259630229	-0.8079555119404231	5	
NEGATIVE REGULATION OF GLYCOPROTEIN BIOSYNTHETIC PROCESS%GOBP%GO:0010561	0.7068273092369478	0.878312786439995	0.06197627360019979	-0.35106643035274526	-0.7935741357416493	9	
NUCLEAR-TRANSCRIBED MRNA CATABOLIC PROCESS, NO-GO DECAY%GOBP%GO:0070966	0.7068273092369478	0.878312786439995	0.06197627360019979	-0.4215422464826632	-0.8052550174960599	5	
ALCOHOL CATABOLIC PROCESS%GOBP%GO:0046164	0.7068607068607069	0.878312786439995	0.06364240816510186	-0.3707660180353745	-0.8016367560260955	8	
CHLORIDE ION HOMEOSTASIS%GOBP%GO:0055064	0.7068607068607069	0.878312786439995	0.06364240816510186	-0.3711957965950798	-0.8025659843632481	8	
MONOATOMIC ANION HOMEOSTASIS%GOBP%GO:0055081	0.7068607068607069	0.878312786439995	0.06364240816510186	-0.3711957965950798	-0.8025659843632481	8	
11P11 2 COPY NUMBER VARIATION SYNDROME %WIKIPATHWAYS_20250810%WP5348%HOMO SAPIENS	0.707983193277311	0.878811743951613	0.06407037504997216	-0.2731594299805919	-0.8479337091395875	31	
OLIGOSACCHARIDE BIOSYNTHETIC PROCESS%GOBP%GO:0009312	0.7083333333333334	0.878811743951613	0.06130260753962072	-0.34070604434651947	-0.8134890996505195	11	
GABA RECEPTOR SIGNALING%WIKIPATHWAYS_20250810%WP4159%HOMO SAPIENS	0.7088353413654619	0.8792129971131692	0.061840603575328466	-0.32654778068015333	-0.8086203647901137	13	
AORTIC VALVE MORPHOGENESIS%GOBP%GO:0003180	0.7116564417177914	0.8810293019254424	0.06252374147247618	-0.2819336904867574	-0.8431577214302712	26	
COENZYME A BIOSYNTHETIC PROCESS%GOBP%GO:0015937	0.7119675456389453	0.8810293019254424	0.06211241889494712	-0.35358373220079087	-0.8213047655814991	10	
MITF-M-REGULATED MELANOCYTE DEVELOPMENT%REACTOME%R-HSA-9730414.5	0.7120315581854043	0.8810293019254424	0.060771945185353275	-0.22607346174539142	-0.9028190644243609	122	
ATP METABOLIC PROCESS%GOBP%GO:0046034	0.7125748502994012	0.8810293019254424	0.06130260753962072	-0.22569462775208476	-0.8921059204650738	115	
BIOCARTA_FOSB_PATHWAY%MSIGDB_C2%BIOCARTA_FOSB_PATHWAY	0.7128514056224899	0.8810293019254424	0.061570675542167844	-0.41759151069046635	-0.7977080875121427	5	
NITRIC OXIDE BIOSYNTHETIC PROCESS%GOBP%GO:0006809	0.7128514056224899	0.8810293019254424	0.061570675542167844	-0.3245505163893697	-0.8036745998057924	13	
POSITIVE REGULATION OF FATTY ACID BIOSYNTHETIC PROCESS%GOBP%GO:0045723	0.7128514056224899	0.8810293019254424	0.061570675542167844	-0.3239237996017827	-0.8021226800336133	13	
TGFBR3 REGULATES TGF-BETA SIGNALING%REACTOME%R-HSA-9839389.1	0.7130977130977131	0.8810293019254424	0.06321911708594577	-0.3700038378798806	-0.7999888390174248	8	
CYSTATHIONINE BETA-SYNTHASE DEFICIENCY%SMPDB%SMP0000177	0.7131630648330058	0.8810293019254424	0.060509298865666666	-0.3288226921253057	-0.808688384389984	12	
GLYCINE N-METHYLTRANSFERASE DEFICIENCY%SMPDB%SMP0000222	0.7131630648330058	0.8810293019254424	0.060509298865666666	-0.3288226921253057	-0.808688384389984	12	
HOMOCYSTINURIA-MEGALOBLASTIC ANEMIA DUE TO DEFECT IN COBALAMIN METABOLISM, CBLG COMPLEMENTATION TYPE%SMPDB%SMP0000570	0.7131630648330058	0.8810293019254424	0.060509298865666666	-0.3288226921253057	-0.808688384389984	12	
HYPERMETHIONINEMIA%SMPDB%SMP0000341	0.7131630648330058	0.8810293019254424	0.060509298865666666	-0.3288226921253057	-0.808688384389984	12	
METHIONINE ADENOSYLTRANSFERASE DEFICIENCY%SMPDB%SMP0000221	0.7131630648330058	0.8810293019254424	0.060509298865666666	-0.3288226921253057	-0.808688384389984	12	
METHIONINE METABOLISM%SMPDB%SMP0000033	0.7131630648330058	0.8810293019254424	0.060509298865666666	-0.3288226921253057	-0.808688384389984	12	
METHYLENETETRAHYDROFOLATE REDUCTASE DEFICIENCY (MTHFRD)%SMPDB%SMP0000340	0.7131630648330058	0.8810293019254424	0.060509298865666666	-0.3288226921253057	-0.808688384389984	12	
S-ADENOSYLHOMOCYSTEINE (SAH) HYDROLASE DEFICIENCY%PATHWHIZ%PW000102	0.7131630648330058	0.8810293019254424	0.060509298865666666	-0.3288226921253057	-0.808688384389984	12	
REGULATION OF PROTEIN UBIQUITINATION%GOBP%GO:0031396	0.7134502923976608	0.8811630179311801	0.06011861425318512	-0.21962659933944162	-0.8957518259043735	141	
REGULATION BY VIRUS OF VIRAL PROTEIN LEVELS IN HOST CELL%GOBP%GO:0046719	0.7137014314928425	0.8813626357053214	0.06238614928936257	-0.3789572450353288	-0.7939257838648213	7	
ASPARTATE FAMILY AMINO ACID CATABOLIC PROCESS%GOBP%GO:0009068	0.7139959432048681	0.8815052108834022	0.06197627360019979	-0.3519835966205101	-0.8175879685176716	10	
CELL FATE SPECIFICATION%GOBP%GO:0001708	0.7145748987854251	0.882109384834666	0.061840603575328466	-0.2893490524695645	-0.8325393219221117	22	
CYTOCHROME P450 - ARRANGED BY SUBSTRATE TYPE%REACTOME%R-HSA-211897.5	0.7151394422310757	0.882299202810417	0.06103637283091772	-0.293539785626911	-0.8136061383533759	19	
DEFECTS IN BIOTIN (BTN) METABOLISM%REACTOME%R-HSA-3323169.4	0.7151767151767152	0.882299202810417	0.0630790410571939	-0.3693046060622253	-0.7984770232124447	8	
KILLING MECHANISMS%REACTOME%R-HSA-9664420.3	0.7151767151767152	0.882299202810417	0.0630790410571939	-0.3692439819158377	-0.798345947165334	8	
WNT5:FZD7-MEDIATED LEISHMANIA DAMPING%REACTOME%R-HSA-9673324.3	0.7151767151767152	0.882299202810417	0.0630790410571939	-0.3692439819158377	-0.798345947165334	8	
POSITIVE REGULATION OF ESTABLISHMENT OF PROTEIN LOCALIZATION%GOBP%GO:1904951	0.7154150197628458	0.8823720762351221	0.06064040094941603	-0.21798283773706895	-0.9158919428049118	180	
GABA-B_RECEPTOR_II_SIGNALING%PANTHER PATHWAY%P05731	0.7157464212678937	0.882670248472405	0.06224904294985801	-0.27885634383821356	-0.8339545340291571	26	
REGULATION OF MICROVILLUS ORGANIZATION%GOBP%GO:0032530	0.716024340770791	0.8829023994025308	0.061840603575328466	-0.35130447226741124	-0.8160104975629111	10	
REGULATION OF MITOCHONDRIAL MEMBRANE PERMEABILITY%GOBP%GO:0046902	0.7163865546218487	0.8830172780178672	0.06350079680659454	-0.27060050617341624	-0.8399903708650194	31	
NEGATIVE REGULATION OF IMMUNE RESPONSE TO TUMOR CELL%GOBP%GO:0002838	0.7168674698795181	0.8832783266717227	0.06130260753962072	-0.4157182646417559	-0.7941297017339315	5	
NEGATIVE REGULATION OF RESPONSE TO TUMOR CELL%GOBP%GO:0002835	0.7168674698795181	0.8832783266717227	0.06130260753962072	-0.4157182646417559	-0.7941297017339315	5	
EMBRYONIC PATTERN SPECIFICATION%GOBP%GO:0009880	0.717741935483871	0.8838637109966027	0.06143641072012707	-0.293818336275524	-0.8251912590856335	20	
NEUROFASCIN INTERACTIONS%REACTOME%R-HSA-447043.2	0.7177914110429447	0.8838637109966027	0.06211241889494712	-0.37723618730529046	-0.7903201208901764	7	
CILIUM DISASSEMBLY%GOBP%GO:0061523	0.7188755020080321	0.8843138671628041	0.06116926267466889	-0.412818007394142	-0.7885894582111119	5	
POSITIVE REGULATION OF RECEPTOR INTERNALIZATION%GOBP%GO:0002092	0.7188755020080321	0.8843138671628041	0.06116926267466889	-0.32256530448940496	-0.7987586797912953	13	
REGULATION OF SYNAPTIC VESICLE TRANSPORT%GOBP%GO:1902803	0.7188755020080321	0.8843138671628041	0.06116926267466889	-0.4134937329566193	-0.7898802692844394	5	
REGULATION OF STRESS FIBER ASSEMBLY%GOBP%GO:0051492	0.71900826446281	0.8843666923049127	0.06252374147247618	-0.24221556182041873	-0.8598821065374684	60	
TRNA WOBBLE URIDINE MODIFICATION%GOBP%GO:0002098	0.7194388777555111	0.88467530790318	0.06103637283091772	-0.31077337020181794	-0.8277650491169848	17	
PRION DISEASE PATHWAY%WIKIPATHWAYS_20250810%WP3995%HOMO SAPIENS	0.719758064516129	0.8849572806226031	0.06130260753962072	-0.28790717022740425	-0.8184311731164813	21	
NEGATIVE REGULATION OF DNA BINDING%GOBP%GO:0043392	0.7200811359026369	0.8851334412106571	0.061570675542167844	-0.35039658273783203	-0.8139016505505674	10	
POSITIVE REGULATION OF GENE EXPRESSION, EPIGENETIC%GOBP%GO:0141137	0.7203219315895373	0.8853189038110827	0.06116926267466889	-0.24784534956601967	-0.8495312646599144	47	
REGULATION OF DOPAMINE RECEPTOR SIGNALING PATHWAY%GOBP%GO:0060159	0.7217741935483871	0.8858015448526255	0.06116926267466889	-0.39361460634739165	-0.7947295254024583	6	
IRON-SULFUR CLUSTER ASSEMBLY%GOBP%GO:0016226	0.7223340040241448	0.8858015448526255	0.06103637283091772	-0.2849175748748446	-0.8304664555478685	23	
METALLO-SULFUR CLUSTER ASSEMBLY%GOBP%GO:0031163	0.7223340040241448	0.8858015448526255	0.06103637283091772	-0.2849175748748446	-0.8304664555478685	23	
PROTEIN K63-LINKED UBIQUITINATION%GOBP%GO:0070534	0.7224489795918367	0.8858322108419956	0.06170540536375225	-0.24533340072519183	-0.8625332953270345	55	
CD4-POSITIVE, ALPHA-BETA T CELL ACTIVATION%GOBP%GO:0035710	0.7231075697211156	0.8865293402408296	0.060509298865666666	-0.29068023067564547	-0.8056802912443046	19	
EMBRYONIC CAMERA-TYPE EYE FORMATION%GOBP%GO:0060900	0.7237903225806451	0.8872559158527181	0.06103637283091772	-0.39213940106698175	-0.791751004856052	6	
ADAPTIVE IMMUNE RESPONSE BASED ON SOMATIC RECOMBINATION OF IMMUNE RECEPTORS BUILT FROM IMMUNOGLOBULIN SUPERFAMILY DOMAINS%GOBP%GO:0002460	0.7254509018036072	0.8882961794749803	0.06064040094941603	-0.24914533196524521	-0.8443752670940081	44	
PHOSPHATIDYLETHANOLAMINE BIOSYNTHETIC PROCESS%GOBP%GO:0006646	0.7255717255717256	0.8883336495870691	0.06238614928936257	-0.3652205297788029	-0.7896468027932328	8	
NEGATIVE REGULATION OF MONOATOMIC ION TRANSPORT%GOBP%GO:0043271	0.7270833333333333	0.8895258793471351	0.06238614928936257	-0.2568472978311891	-0.8514092203187144	41	
NEGATIVE REGULATION OF CYTOSKELETON ORGANIZATION%GOBP%GO:0051494	0.7270875763747454	0.8895258793471351	0.06130260753962072	-0.22891392415498749	-0.8773707090877991	89	
PROTEIN O-LINKED GLYCOSYLATION VIA XYLOSE%GOBP%GO:0180064	0.7272727272727273	0.889541327745038	0.06197627360019979	-0.26288796711697193	-0.8537992737100983	38	
EMBRYONIC APPENDAGE MORPHOGENESIS%GOBP%GO:0035113	0.7274549098196392	0.889541327745038	0.060509298865666666	-0.26311072502175675	-0.820897779007556	30	
EMBRYONIC LIMB MORPHOGENESIS%GOBP%GO:0030326	0.7274549098196392	0.889541327745038	0.060509298865666666	-0.26311072502175675	-0.820897779007556	30	
BIOCARTA_TNFR1_PATHWAY%MSIGDB_C2%BIOCARTA_TNFR1_PATHWAY	0.7276422764227642	0.889541327745038	0.06116926267466889	-0.2791213000127314	-0.826627586357316	25	
INHIBITION OF GNAQ REGULATED SIGNALING IN UVEAL MELANOMA%WIKIPATHWAYS_20250810%WP5490%HOMO SAPIENS	0.7276422764227642	0.889541327745038	0.06116926267466889	-0.2788630058839645	-0.8179978024417455	24	
KIDNEY MORPHOGENESIS%GOBP%GO:0060993	0.7276422764227642	0.889541327745038	0.06116926267466889	-0.2801982181110359	-0.8219144233075201	24	
CHROMATIN ORGANIZATION%REACTOME DATABASE ID RELEASE 93%4839726	0.7283702213279678	0.8899892279964223	0.06064040094941603	-0.21352232795225307	-0.9184554634989356	224	
REGULATION OF LEUKOCYTE DIFFERENTIATION%GOBP%GO:1902105	0.7286821705426356	0.8901494604420336	0.05884381695958071	-0.22119753144834436	-0.897275481765312	134	
ACYL CHAIN REMODELING OF DAG AND TAG%REACTOME%R-HSA-1482883.5	0.7289156626506024	0.8902137948967789	0.060509298865666666	-0.4108287943031099	-0.7847895453060876	5	
PID_ALK1_PATHWAY%MSIGDB_C2%PID_ALK1_PATHWAY	0.7294589178356713	0.8904354704946713	0.06037863579204014	-0.30752926560425586	-0.8191241658913798	17	
NEGATIVE REGULATION OF SPHINGOLIPID BIOSYNTHETIC PROCESS%GOBP%GO:0090155	0.7298387096774194	0.8904571515460504	0.06064040094941603	-0.38858988159311086	-0.7845843299375238	6	
NEGATIVE REGULATION OF CELL-CELL ADHESION MEDIATED BY CADHERIN%GOBP%GO:2000048	0.7300613496932515	0.8904571515460504	0.06130260753962072	-0.375077407030702	-0.7857974172233426	7	
DEVELOPMENTAL INDUCTION%GOBP%GO:0031128	0.7309236947791165	0.8904571515460504	0.06037863579204014	-0.34274744335870366	-0.7747693388620123	9	
REGULATION OF TRANSCRIPTION OF NUCLEOLAR LARGE RRNA BY RNA POLYMERASE I%GOBP%GO:1901836	0.7309236947791165	0.8904571515460504	0.06037863579204014	-0.3201814882716004	-0.7928557079945837	13	
ADENINE NUCLEOTIDE TRANSPORT%GOBP%GO:0051503	0.7318548387096774	0.8907135773276686	0.060509298865666666	-0.28550534985759374	-0.8116035395381774	21	
PURINE NUCLEOTIDE TRANSPORT%GOBP%GO:0015865	0.7318548387096774	0.8907135773276686	0.060509298865666666	-0.28550534985759374	-0.8116035395381774	21	
RUNX3 REGULATES YAP1-MEDIATED TRANSCRIPTION%REACTOME%R-HSA-8951671.3	0.7318548387096774	0.8907135773276686	0.060509298865666666	-0.3879540692353932	-0.7833005898396068	6	
POSITIVE REGULATION OF CELL-CELL ADHESION%GOBP%GO:0022409	0.7321772639691715	0.8907135773276686	0.058345277674361214	-0.21997122585667905	-0.8941976809307964	138	
AMINO-ACID BETAINE METABOLIC PROCESS%GOBP%GO:0006577	0.7322515212981744	0.8907135773276686	0.060771945185353275	-0.34814650101364136	-0.8086751577152687	10	
CARNITINE METABOLIC PROCESS%GOBP%GO:0009437	0.7322515212981744	0.8907135773276686	0.060771945185353275	-0.34814650101364136	-0.8086751577152687	10	
BIOTIN METABOLISM INCLUDING IMDS%WIKIPATHWAYS_20250810%WP5031%HOMO SAPIENS	0.7329317269076305	0.8907135773276686	0.06024840861580194	-0.34174741523547864	-0.7725088081333743	9	
REGULATION OF GERMINAL CENTER FORMATION%GOBP%GO:0002634	0.7329317269076305	0.8907135773276686	0.06024840861580194	-0.40998664769789894	-0.7831808268799468	5	
SPLICEOSOMAL TRI-SNRNP COMPLEX ASSEMBLY%GOBP%GO:0000244	0.7330595482546202	0.8907447009891386	0.06130260753962072	-0.31541963956419483	-0.8109046214000485	15	
ENDOTHELIAL TUBE MORPHOGENESIS%GOBP%GO:0061154	0.7338877338877339	0.8911914668635263	0.061840603575328466	-0.3626484654438146	-0.7840857178785045	8	
MORPHOGENESIS OF AN ENDOTHELIUM%GOBP%GO:0003159	0.7338877338877339	0.8911914668635263	0.061840603575328466	-0.3626484654438146	-0.7840857178785045	8	
ACTIN FILAMENT-BASED TRANSPORT%GOBP%GO:0099515	0.7341513292433538	0.8911914668635263	0.06103637283091772	-0.37280663793805635	-0.781040093922434	7	
GPCRS CLASS B SECRETIN LIKE%WIKIPATHWAYS_20250810%WP334%HOMO SAPIENS	0.7341513292433538	0.8911914668635263	0.06103637283091772	-0.37268105923175976	-0.7807770031011357	7	
NEGATIVE REGULATION OF AXON REGENERATION%GOBP%GO:0048681	0.7341513292433538	0.8911914668635263	0.06103637283091772	-0.3741478948762281	-0.7838500638595515	7	
PHASE 0 - RAPID DEPOLARISATION%REACTOME%R-HSA-5576892.4	0.7350597609561753	0.8916680543018151	0.05973179763644106	-0.2882615475178763	-0.7989764113607305	19	
REGULATION OF VASCULAR ENDOTHELIAL GROWTH FACTOR RECEPTOR SIGNALING PATHWAY%GOBP%GO:0030947	0.7350597609561753	0.8916680543018151	0.05973179763644106	-0.28827238862773724	-0.7990064597356402	19	
BLOOD COAGULATION%PANTHER PATHWAY%P00011	0.7363083164300203	0.8922759409502248	0.060509298865666666	-0.34423568926445197	-0.7995911189589908	10	
REGULATION OF NUCLEAR-TRANSCRIBED MRNA CATABOLIC PROCESS, NONSENSE-MEDIATED DECAY%GOBP%GO:2000622	0.7363083164300203	0.8922759409502248	0.060509298865666666	-0.34555940509330735	-0.8026658478548813	10	
REGULATION OF SMOOTHENED SIGNALING PATHWAY%GOBP%GO:0008589	0.7364185110663984	0.8922759409502248	0.06011861425318512	-0.24619708591445538	-0.8438815661408248	47	
BIOLOGICAL PROCESS INVOLVED IN INTERACTION WITH SYMBIONT%GOBP%GO:0051702	0.7369477911646586	0.8922759409502248	0.059989249649032995	-0.4060681432095048	-0.7756954670454611	5	
CCL18 SIGNALING%WIKIPATHWAYS_20250810%WP5097%HOMO SAPIENS	0.7369477911646586	0.8922759409502248	0.059989249649032995	-0.40760044363603715	-0.77862255826128135	5	
CELLULAR RESPONSE TO ZINC ION%GOBP%GO:0071294	0.7369477911646586	0.8922759409502248	0.059989249649032995	-0.3403131123515597	-0.7692666135710686	9	
ENDONUCLEOLYTIC CLEAVAGE IN 5'-ETS OF TRICISTRONIC RRNA TRANSCRIPT (SSU-RRNA, 5.8S RRNA, LSU-RRNA)%GOBP%GO:0000480	0.7369477911646586	0.8922759409502248	0.059989249649032995	-0.40462827708157145	-0.7729449493127417	5	
ENDONUCLEOLYTIC CLEAVAGE TO GENERATE MATURE 5'-END OF SSU-RRNA FROM (SSU-RRNA, 5.8S RRNA, LSU-RRNA)%GOBP%GO:0000472	0.7369477911646586	0.8922759409502248	0.059989249649032995	-0.40462827708157145	-0.7729449493127417	5	
RRNA 5'-END PROCESSING%GOBP%GO:0000967	0.7369477911646586	0.8922759409502248	0.059989249649032995	-0.40462827708157145	-0.7729449493127417	5	
THIAMINE-CONTAINING COMPOUND METABOLIC PROCESS%GOBP%GO:0042723	0.7369477911646586	0.8922759409502248	0.059989249649032995	-0.40570686248719745	-0.7750053271679279	5	
VITAMIN B1 (THIAMIN) METABOLISM%REACTOME%R-HSA-196819.4	0.7369477911646586	0.8922759409502248	0.059989249649032995	-0.40570686248719745	-0.7750053271679279	5	
REGULATION OF PTEN GENE TRANSCRIPTION%REACTOME%R-HSA-8943724.2	0.7378048780487805	0.8926772772737642	0.060509298865666666	-0.24039380387006531	-0.8526328556148236	57	
REGULATION OF STEM CELL PROLIFERATION%GOBP%GO:0072091	0.7379032258064516	0.8926772772737642	0.06011861425318512	-0.2815036655782722	-0.8002279869370386	21	
GENERATION OF SECOND MESSENGER MOLECULES%REACTOME DATABASE ID RELEASE 93%202433	0.7380952380952381	0.8926772772737642	0.05934876803356285	-0.3367273540803665	-0.8039893528273925	11	
GLOMERULAR EPITHELIUM DEVELOPMENT%GOBP%GO:0072010	0.7380952380952381	0.8926772772737642	0.05934876803356285	-0.3377042509708271	-0.8063218473195182	11	
MYELOID CELL DEVELOPMENT%GOBP%GO:0061515	0.7380952380952381	0.8926772772737642	0.05934876803356285	-0.292749698178979	-0.799097421477662	18	
CILIUM ORGANIZATION%GOBP%GO:0044782	0.7383367139959433	0.8928596519287714	0.06037863579204014	-0.21090953536258716	-0.9155068503464843	252	
REGULATION OF PROTEIN EXPORT FROM NUCLEUS%GOBP%GO:0046825	0.7388663967611336	0.8932791941245646	0.06024840861580194	-0.28180907597129423	-0.8108446701940266	22	
SRP-DEPENDENT COTRANSLATIONAL PROTEIN TARGETING TO MEMBRANE, TRANSLOCATION%GOBP%GO:0006616	0.7389558232931727	0.8932791941245646	0.05986031177644726	-0.404320750365188	-0.7723574935275905	5	
WNT SIGNALING IN ADULT HIPPOCAMPAL NEUROGENESIS%WIKIPATHWAYS_20250810%WP5536%HOMO SAPIENS	0.7402862985685071	0.8946678403959153	0.06064040094941603	-0.3699049618559846	-0.7749610032382966	7	
SRP-DEPENDENT COTRANSLATIONAL PROTEIN TARGETING TO MEMBRANE%GOBP%GO:0006614	0.7406679764243614	0.8949094239629725	0.058718587955594134	-0.3195601852791262	-0.7859086861628811	12	
ACYL CHAIN REMODELLING OF PS%REACTOME DATABASE ID RELEASE 93%1482801	0.7409638554216867	0.8950002157357145	0.05973179763644106	-0.33985886836613816	-0.7682398099607533	9	
SEMAPHORIN INTERACTIONS%REACTOME%R-HSA-373755.3	0.7418032786885246	0.8953857043842444	0.06064040094941603	-0.24151844743887763	-0.8497312424138713	56	
CD4-POSITIVE, ALPHA-BETA T CELL DIFFERENTIATION%GOBP%GO:0043367	0.7420634920634921	0.8953857043842444	0.05909547987173424	-0.29212992371372126	-0.7974056684881086	18	
EPITHELIAL STRUCTURE MAINTENANCE%GOBP%GO:0010669	0.7420634920634921	0.8953857043842444	0.05909547987173424	-0.33577398843250045	-0.8017130428663883	11	
MITOCHONDRIAL PROTEIN DEGRADATION%REACTOME%R-HSA-9837999.2	0.7421259842519685	0.8953857043842444	0.058718587955594134	-0.22456066180200315	-0.868519634481541	93	
FRUCTOSE METABOLIC PROCESS%GOBP%GO:0006000	0.7423312883435583	0.8953857043842444	0.060509298865666666	-0.36884341213420657	-0.7727370275628994	7	
FIBROBLAST GROWTH FACTOR RECEPTOR SIGNALING PATHWAY%GOBP%GO:0008543	0.7424547283702213	0.8953857043842444	0.05973179763644106	-0.28082407991998126	-0.8185348986845836	23	
REGULATION OF VIRAL ENTRY INTO HOST CELL%GOBP%GO:0046596	0.7426326129666012	0.8953857043842444	0.05859375689456714	-0.31934399259029944	-0.7853769937936159	12	
BIOSYNTHESIS OF DHA-DERIVED SPMS%REACTOME%R-HSA-9018677.3	0.7429718875502008	0.8953857043842444	0.059603704257597284	-0.40261452234504613	-0.7690981554999651	5	
POSITIVE REGULATION OF PINOCYTOSIS%GOBP%GO:0048549	0.7429718875502008	0.8953857043842444	0.059603704257597284	-0.4029368801414623	-0.7697139424944098	5	
CAMP/PKA SIGNAL TRANSDUCTION%GOBP%GO:0141156	0.7439516129032258	0.8963529740784114	0.05973179763644106	-0.38587566982028404	-0.7791041871804314	6	
NEGATIVE REGULATION OF TRANSFERASE ACTIVITY%GOBP%GO:0051348	0.7442827442827443	0.8965265353814412	0.06116926267466889	-0.23396652738707813	-0.8606004468750413	72	
POSITIVE REGULATION OF ANOIKIS%GOBP%GO:2000210	0.7449799196787149	0.8969132846241241	0.05947602869573201	-0.4010412182826182	-0.7660927367053173	5	
MITOCHONDRIAL GENE EXPRESSION%WIKIPATHWAYS_20250810%WP391%HOMO SAPIENS	0.7450199203187251	0.8969132846241241	0.05909547987173424	-0.2851477690750937	-0.7903459313421197	19	
RESPIRATORY SYNCYTIAL VIRUS (RSV) GENOME REPLICATION, TRANSCRIPTION AND TRANSLATION%REACTOME%R-HSA-9820965.1	0.7454909819639278	0.8973232528626935	0.05934876803356285	-0.30085382334192434	-0.8013436920091807	17	
MET RECEPTOR RECYCLING%REACTOME DATABASE ID RELEASE 93%8875656	0.7459677419354839	0.8977873593810994	0.059603704257597284	-0.38486023652804635	-0.7770539715496992	6	
REGULATION OF TYPE I INTERFERON-MEDIATED SIGNALING PATHWAY%GOBP%GO:0060338	0.7478991596638656	0.8985323327131878	0.06143641072012707	-0.260866452702971	-0.8097741998005822	31	
PID_PI3KCI_PATHWAY%MSIGDB_C2%PID_PI3KCI_PATHWAY	0.7479674796747967	0.8985323327131878	0.05986031177644726	-0.2760526307162687	-0.8097540387918313	24	
PID_MYC_PATHWAY%MSIGDB_C2%PID_MYC_PATHWAY	0.7479838709677419	0.8985323327131878	0.05947602869573201	-0.2838583518582213	-0.7972185594033367	20	
MITOCHONDRIAL MRNA MODIFICATION%REACTOME DATABASE ID RELEASE 93%9937008	0.748015873015873	0.8985323327131878	0.058718587955594134	-0.3324212552477924	-0.7937078667180526	11	
PROMOTER CLEARANCE DURING DNA-TEMPLATED TRANSCRIPTION%GOBP%GO:0001109	0.7484662576687117	0.8987368111105658	0.06011861425318512	-0.36424100676789484	-0.7630948625535668	7	
RNA POLYMERASE II PROMOTER CLEARANCE%GOBP%GO:0001111	0.7484662576687117	0.8987368111105658	0.06011861425318512	-0.36424100676789484	-0.7630948625535668	7	
PID_HDAC_CLASSII_PATHWAY%MSIGDB_C2%PID_HDAC_CLASSII_PATHWAY	0.7484909456740443	0.8987368111105658	0.05934876803356285	-0.27891950595997483	-0.8129835219869893	23	
INOSITOL PHOSPHATE BIOSYNTHETIC PROCESS%GOBP%GO:0032958	0.748995983935743	0.89883268482490275	0.05922191938038196	-0.33716723343795463	-0.7621554576069294	9	
PROTEIN POLYGLUTAMYLATION%GOBP%GO:0018095	0.748995983935743	0.89883268482490275	0.05922191938038196	-0.3996669626293106	-0.763467551995168	5	
ENDONUCLEOLYTIC CLEAVAGE OF TRICISTRONIC RRNA TRANSCRIPT (SSU-RRNA, 5.8S RRNA, LSU-RRNA)%GOBP%GO:0000479	0.7505070993914807	0.9000485836392302	0.059603704257597284	-0.3124326819510694	-0.7893990468458402	14	
ZINC INFLUX INTO CELLS BY THE SLC39 GENE FAMILY%REACTOME DATABASE ID RELEASE 93%442380	0.7505112474437627	0.9000485836392302	0.059989249649032995	-0.3633887368412133	-0.7613093337677485	7	
CORNEA DEVELOPMENT IN CAMERA-TYPE EYE%GOBP%GO:0061303	0.751004016064257	0.9000485836392302	0.05909547987173424	-0.3955403077469949	-0.7555845709246195	5	
NEGATIVE REGULATION OF EXECUTION PHASE OF APOPTOSIS%GOBP%GO:1900118	0.751004016064257	0.9000485836392302	0.05909547987173424	-0.39744603278988566	-0.7592250000051216	5	
REGULATION OF CALCIUM ION TRANSPORT INTO CYTOSOL%GOBP%GO:0010522	0.751004016064257	0.9000485836392302	0.05909547987173424	-0.39609891953565146	-0.7566516643165665	5	
T-HELPER 1 TYPE IMMUNE RESPONSE%GOBP%GO:0042088	0.751004016064257	0.9000485836392302	0.05909547987173424	-0.3974904818259465	-0.7593099091918271	5	
PID_CASPASE_PATHWAY%MSIGDB_C2%PID_CASPASE_PATHWAY	0.7510460251046025	0.9000485836392302	0.06103637283091772	-0.26120111083306974	-0.8211222740756583	32	
CHOLINE TRANSPORT%GOBP%GO:0015871	0.7520161290322581	0.9005244436337103	0.05922191938038196	-0.3823433457598927	-0.7719722307468714	6	
HDACS DEACETYLATE HISTONES%REACTOME%R-HSA-3214815.5	0.7520833333333333	0.9005244436337103	0.060771945185353275	-0.25135255896970066	-0.8331950075572098	41	
R-LOOP PROCESSING%GOBP%GO:0062176	0.7525354969574036	0.9008467480902853	0.05947602869573201	-0.3383620742233153	-0.7859478780936637	10	
METABOLIC REPROGRAMMING IN COLON CANCER%WIKIPATHWAYS_20250810%WP4290%HOMO SAPIENS	0.7540322580645161	0.9015936134045653	0.05909547987173424	-0.28181016046867763	-0.7914661967257367	20	
FORMATION OF HIV-1 ELONGATION COMPLEX CONTAINING HIV-1 TAT%REACTOME%R-HSA-167200.5	0.7541666666666667	0.9015936134045653	0.06064040094941603	-0.25075400549416027	-0.8312108950038286	41	
HIV TRANSCRIPTION ELONGATION%REACTOME%R-HSA-167169.4	0.7541666666666667	0.9015936134045653	0.06064040094941603	-0.25075400549416027	-0.8312108950038286	41	
NOTCH SIGNALING%WIKIPATHWAYS_20250810%WP61%HOMO SAPIENS	0.7541666666666667	0.9015936134045653	0.06064040094941603	-0.2523039542951348	-0.8257331110717673	39	
TAT-MEDIATED ELONGATION OF THE HIV-1 TRANSCRIPT%REACTOME%R-HSA-167246.4	0.7541666666666667	0.9015936134045653	0.06064040094941603	-0.25075400549416027	-0.8312108950038286	41	
BIOCARTA_HSP27_PATHWAY%MSIGDB_C2%BIOCARTA_HSP27_PATHWAY	0.754601226993865	0.9018941103400819	0.05973179763644106	-0.36278354479046515	-0.7600414398837452	7	
INTRAFLAGELLAR TRANSPORT PROTEINS BINDING TO DYNEIN%WIKIPATHWAYS_20250810%WP4532%HOMO SAPIENS	0.7549800796812749	0.9019089862341462	0.05846932103863807	-0.28393844181976635	-0.7869940311010297	19	
DISORDERS OF TRANSMEMBRANE TRANSPORTERS%REACTOME%R-HSA-5619115.5	0.7553816046966731	0.9022791798912342	0.057609110864425044	-0.22196588481901514	-0.8739843782662066	110	
PID_SYNDECAN_1_PATHWAY%MSIGDB_C2%PID_SYNDECAN_1_PATHWAY	0.7560483870967742	0.9028565699642013	0.05896944666909967	-0.27822934351845136	-0.7909201005010609	21	
NEGATIVE REGULATION OF DEFENSE RESPONSE TO VIRUS%GOBP%GO:0050687	0.756385068762279	0.9029300905714596	0.05773085492998127	-0.31561538461538463	-0.7762070610868171	12	
HEDGEHOG 'OFF' STATE%REACTOME%R-HSA-5610787.3	0.7570281124497992	0.9033691425500815	0.058718587955594134	-0.22829429645827243	-0.8595872512129541	82	
PEPTIDYL-LYSINE DIMETHYLATION%GOBP%GO:0018027	0.7570281124497992	0.9033691425500815	0.058718587955594134	-0.3920645766963552	-0.7489450231892549	5	
REGULATION OF TRIGLYCERIDE CATABOLIC PROCESS%GOBP%GO:0010896	0.7570281124497992	0.9033691425500815	0.058718587955594134	-0.39189949258257395	-0.7486296697174726	5	
EUKARYOTIC TRANSCRIPTION INITIATION%WIKIPATHWAYS_20250810%WP405%HOMO SAPIENS	0.7573221757322176	0.9036105359015286	0.06064040094941603	-0.25858582751219444	-0.8129007646764824	32	
PROTEIN REPAIR%GOBP%GO:0030091	0.7580645161290323	0.9040580457614403	0.05884381695958071	-0.37786473019803485	-0.7629296597585528	6	
ERYTHROCYTE DEVELOPMENT%GOBP%GO:0048821	0.7586206896551724	0.904498637102859	0.05909547987173424	-0.3370809026000793	-0.7829719709354294	10	
HEART GROWTH%GOBP%GO:0060419	0.7588357588357588	0.904498637102859	0.06024840861580194	-0.3557473968827167	-0.769164851495587	8	
REDUCTION OF CYTOSOLIC CA++ LEVELS%REACTOME DATABASE ID RELEASE 93%418359	0.7588357588357588	0.904498637102859	0.06024840861580194	-0.3542082752625646	-0.7658371019104276	8	
MITOCHONDRIAL CALCIUM ION TRANSPORT%REACTOME%R-HSA-8949215.3	0.7591093117408907	0.90462573508164	0.05896944666909967	-0.2770555313888028	-0.7971673736912146	22	
PHOSPHATIDYLCHOLINE METABOLIC PROCESS%GOBP%GO:0046470	0.7591836734693878	0.90462573508164	0.05934876803356285	-0.2567782601073491	-0.8311337276193403	36	
RNA DECAPPING%GOBP%GO:0110154	0.7597535934291582	0.9048668054800401	0.059603704257597284	-0.3086083302878049	-0.793393593305409	15	
POSITIVE REGULATION OF AMYLOID-BETA FORMATION%GOBP%GO:1902004	0.7606490872210954	0.9051554877264583	0.05896944666909967	-0.31009916434282037	-0.7835031317186313	14	
CELLULAR RESPONSE TO THYROID HORMONE STIMULUS%GOBP%GO:0097067	0.7607361963190185	0.9051554877264583	0.05934876803356285	-0.3587206727529877	-0.7515296119417935	7	
PEPTIDYL-LYSINE MONOMETHYLATION%GOBP%GO:0018026	0.7607361963190185	0.9051554877264583	0.05934876803356285	-0.35799761680571784	-0.7500147899737881	7	
RESPONSE TO THYROID HORMONE%GOBP%GO:0097066	0.7607361963190185	0.9051554877264583	0.05934876803356285	-0.3587206727529877	-0.7515296119417935	7	
PENTOSE PHOSPHATE PATHWAY%REACTOME%R-HSA-71336.8	0.7610441767068273	0.9051554877264583	0.05846932103863807	-0.3127985946241218	-0.774573672385595	13	
POSTTRANSLATIONAL REGULATION OF ADHERENS JUNCTION STABILITY AND DISSASSEMBLY%PATHWAY INTERACTION DATABASE NCI-NATURE CURATED DATA%POSTTRANSLATIONAL REGULATION OF ADHERENS JUNCTION STABILITY AND DISSASSEMBLY	0.7618069815195072	0.9051554877264583	0.05947602869573201	-0.25693090847349914	-0.8319022304868414	37	
RECYCLING PATHWAY OF L1%REACTOME%R-HSA-437239.3	0.7621951219512195	0.9051554877264583	0.05896944666909967	-0.27067959102510786	-0.8016271670956838	25	
POSITIVE REGULATION OF MONOATOMIC ION TRANSMEMBRANE TRANSPORT%GOBP%GO:0034767	0.7626774847870182	0.9051554877264583	0.05884381695958071	-0.24014686412289432	-0.8405733913398133	53	
GLYCOSAMINOGLYCAN SYNTHESIS IN FIBROBLASTS%WIKIPATHWAYS_20250810%WP5395%HOMO SAPIENS	0.7627811860940695	0.9051554877264583	0.05922191938038196	-0.2710302412797572	-0.8105496022188611	26	
OOGENESIS%GOBP%GO:0048477	0.7627811860940695	0.9051554877264583	0.05922191938038196	-0.2710721833681311	-0.8106750352439256	26	
POSITIVE REGULATION OF MICROTUBULE POLYMERIZATION OR DEPOLYMERIZATION%GOBP%GO:0031112	0.7627811860940695	0.9051554877264583	0.05922191938038196	-0.2710029720896787	-0.810468050318724	26	
NEGATIVE REGULATION OF CERAMIDE BIOSYNTHETIC PROCESS%GOBP%GO:1900060	0.7630522088353414	0.9052912457154803	0.058345277674361214	-0.3885600061505343	-0.7422503845385895	5	
CAP-DEPENDENT TRANSLATIONAL INITIATION%GOBP%GO:0002191	0.7641129032258065	0.9058329058329059	0.05846932103863807	-0.37522685353002605	-0.7576036417738782	6	
REGULATION OF HUMORAL IMMUNE RESPONSE%GOBP%GO:0002920	0.7641129032258065	0.9058329058329059	0.05846932103863807	-0.37601439848397206	-0.7591937383236241	6	
FORMATION OF HIV ELONGATION COMPLEX IN THE ABSENCE OF HIV TAT%REACTOME%R-HSA-167152.5	0.764344262295082	0.9058329058329059	0.05922191938038196	-0.2463818882843834	-0.827398899701087	43	
PTEN REGULATION%REACTOME DATABASE ID RELEASE 93%6807070	0.7648221343873518	0.9058329058329059	0.0574877409561325	-0.22100542062484238	-0.8808205037676518	121	
BIOCARTA_CASPASE_PATHWAY%MSIGDB_C2%BIOCARTA_CASPASE_PATHWAY	0.7650602409638554	0.9058329058329059	0.0582216241124161	-0.3120239468936653	-0.7726554357064761	13	
FORMATION OF XYLULOSE-5-PHOSPHATE%REACTOME DATABASE ID RELEASE 93%5661270	0.7650602409638554	0.9058329058329059	0.0582216241124161	-0.38603618025850384	-0.7374292225321675	5	
LYSINE METABOLIC PROCESS%GOBP%GO:0006553	0.7650602409638554	0.9058329058329059	0.0582216241124161	-0.3853956307612952	-0.7362056068663932	5	
CONTACT INHIBITION%GOBP%GO:0060242	0.7650727650727651	0.9058329058329059	0.05986031177644726	-0.3530101901597352	-0.7632467106432763	8	
DETECTION OF CELL DENSITY%GOBP%GO:0060245	0.7650727650727651	0.9058329058329059	0.05986031177644726	-0.3530101901597352	-0.7632467106432763	8	
REGULATION OF TOLL-LIKE RECEPTOR 9 SIGNALING PATHWAY%GOBP%GO:0034163	0.7650727650727651	0.9058329058329059	0.05986031177644726	-0.3528782329388723	-0.7629614046731464	8	
NEGATIVE REGULATION OF NERVOUS SYSTEM DEVELOPMENT%GOBP%GO:0051961	0.7657841140529531	0.9065623604575276	0.05884381695958071	-0.24082102183690354	-0.8305471217913871	49	
REGULATION OF INSULIN SECRETION%REACTOME%R-HSA-422356.6	0.7663934426229508	0.9070693395919671	0.05909547987173424	-0.23799917480543173	-0.8373494308424471	56	
BIOCARTA_HSWI_SNF_PATHWAY%MSIGDB_C2%BIOCARTA_HSWI_SNF_PATHWAY	0.7667342799188641	0.9072546232521495	0.05859375689456714	-0.33389804999263006	-0.7755788366462164	10	
MAINTENANCE OF PROTEIN LOCALIZATION IN ENDOPLASMIC RETICULUM%GOBP%GO:0035437	0.7667342799188641	0.9072546232521495	0.05859375689456714	-0.3340615204368752	-0.775958546012523	10	
REGULATION OF ACTIVATED T CELL PROLIFERATION%GOBP%GO:0046006	0.7678571428571429	0.9078484584788648	0.0574877409561325	-0.32506604661673544	-0.7761461528996303	11	
GENITALIA DEVELOPMENT%GOBP%GO:0048806	0.7681451612903226	0.9078484584788648	0.0582216241124161	-0.3741710582204174	-0.7554719330115592	6	
THIAMINE METABOLIC PATHWAYS%WIKIPATHWAYS_20250810%WP4297%HOMO SAPIENS	0.7681451612903226	0.9078484584788648	0.0582216241124161	-0.37336613870521296	-0.7538467562676326	6	
PROTEIN LIPOYLATION%REACTOME%R-HSA-9857492.1	0.768762677484787	0.9078484584788648	0.05846932103863807	-0.3334248948366319	-0.7744797912176783	10	
RESPONSE TO ZINC ION%GOBP%GO:0010043	0.768762677484787	0.9078484584788648	0.05846932103863807	-0.3083147724755191	-0.7789946493458823	14	
NEGATIVE REGULATION OF CARDIOCYTE DIFFERENTIATION%GOBP%GO:1905208	0.7689161554192229	0.9078484584788648	0.05884381695958071	-0.35526650682278027	-0.7442930399282847	7	
POSITIVE REGULATION OF NUCLEOBASE-CONTAINING COMPOUND TRANSPORT%GOBP%GO:0032241	0.7690763052208835	0.9078484584788648	0.05797547575714859	-0.3826163515765272	-0.7308964628191931	5	
POSITIVE REGULATION OF RNA EXPORT FROM NUCLEUS%GOBP%GO:0046833	0.7690763052208835	0.9078484584788648	0.05797547575714859	-0.3826163515765272	-0.7308964628191931	5	
RESPONSE OF MTB TO PHAGOCYTOSIS%REACTOME DATABASE ID RELEASE 93%9637690	0.771255060728745	0.9092428609290604	0.0582216241124161	-0.273578790521705	-0.7871638037493467	22	
ESTABLISHMENT OF MELANOSOME LOCALIZATION%GOBP%GO:0032401	0.7720739219712526	0.9092428609290604	0.05884381695958071	-0.3057384660200416	-0.7860155295908747	15	
ESTABLISHMENT OF PIGMENT GRANULE LOCALIZATION%GOBP%GO:0051905	0.7720739219712526	0.9092428609290604	0.05884381695958071	-0.3057384660200416	-0.7860155295908747	15	
REGULATION OF KERATINOCYTE PROLIFERATION%GOBP%GO:0010837	0.7720739219712526	0.9092428609290604	0.05884381695958071	-0.3055338253154943	-0.7854894238186619	15	
TRANSCRIPTION ELONGATION-COUPLED CHROMATIN REMODELING%GOBP%GO:0140673	0.7721774193548387	0.9092428609290604	0.05797547575714859	-0.3713670613562971	-0.7498105092200713	6	
CELLULAR RESPONSE TO CHOLESTEROL%GOBP%GO:0071397	0.7728194726166329	0.9093188966758325	0.0582216241124161	-0.3316602201491477	-0.7703808024957968	10	
NEGATIVE REGULATION OF CARTILAGE DEVELOPMENT%GOBP%GO:0061037	0.7728194726166329	0.9093188966758325	0.0582216241124161	-0.3317131924394047	-0.7705038466023824	10	
NEGATIVE REGULATION OF CHONDROCYTE DIFFERENTIATION%GOBP%GO:0032331	0.7728194726166329	0.9093188966758325	0.0582216241124161	-0.3317131924394047	-0.7705038466023824	10	
ENTRAINMENT OF CIRCADIAN CLOCK%GOBP%GO:0009649	0.7732793522267206	0.9096425928344434	0.05809835768732064	-0.2729179542372058	-0.7852623902575697	22	
LATERAL MESODERM DEVELOPMENT%GOBP%GO:0048368	0.7741935483870968	0.9102829803462329	0.057852975703250924	-0.3705140731822907	-0.7480882792119101	6	
MAINTENANCE OF SYNAPSE STRUCTURE%GOBP%GO:0099558	0.7751004016064257	0.9111316325473814	0.057609110864425044	-0.37848850618897517	-0.7230112075748865	5	
GLUTAMINOLYSIS AND CANCER%SMPDB%SMP0002298	0.7752100840336135	0.9111517831437218	0.05973179763644106	-0.25452952071369467	-0.7901032763160291	31	
GDP-MANNOSE METABOLIC PROCESS%GOBP%GO:0019673	0.7754677754677755	0.9112371067258286	0.05922191938038196	-0.3491569837778542	-0.7549156562477372	8	
RECEPTOR CLUSTERING%GOBP%GO:0043113	0.7762096774193549	0.9117065064492851	0.05773085492998127	-0.27404861162646765	-0.7790355708308234	21	
KIDNEY EPITHELIUM DEVELOPMENT%GOBP%GO:0072073	0.7768595041322314	0.9118590917118601	0.05884381695958071	-0.2520849037965029	-0.8187134243347384	38	
REGULATION OF PEROXISOME PROLIFERATOR ACTIVATED RECEPTOR SIGNALING PATHWAY%GOBP%GO:0035358	0.7768762677484787	0.9118590917118601	0.05797547575714859	-0.3300317080868288	-0.766598092501577	10	
STEM CELL PROLIFERATION%GOBP%GO:0072089	0.7768762677484787	0.9118590917118601	0.05797547575714859	-0.3059457647522441	-0.7730090641406296	14	
FOREBRAIN CELL MIGRATION%GOBP%GO:0021885	0.7775551102204409	0.911883781852822	0.057366742676855584	-0.2902800569407953	-0.7731797786767798	17	
CELLULAR PIGMENT ACCUMULATION%GOBP%GO:0043482	0.7777777777777778	0.911883781852822	0.056886416047570075	-0.3200352258054412	-0.7641342794380591	11	
PIGMENT ACCUMULATION%GOBP%GO:0043476	0.7777777777777778	0.911883781852822	0.056886416047570075	-0.3200352258054412	-0.7641342794380591	11	
POSITIVE REGULATION OF ALCOHOL BIOSYNTHETIC PROCESS%GOBP%GO:1902932	0.7779960707269156	0.9120311123201822	0.056411838821759604	-0.3076053676165639	-0.7565076672772068	12	
MRNA CIS SPLICING, VIA SPLICEOSOME%GOBP%GO:0045292	0.7788844621513944	0.912475404174089	0.05700595265823873	-0.27838066651273763	-0.771589509033501	19	
NEURAL CREST FORMATION%GOBP%GO:0014029	0.7789046653144016	0.912475404174089	0.057852975703250924	-0.32981396121341966	-0.7660923097730892	10	
ATRIAL CARDIAC MUSCLE TISSUE DEVELOPMENT%GOBP%GO:0003228	0.7791164658634538	0.912475404174089	0.057366742676855584	-0.32512598343607896	-0.7349366074483246	9	
EXCITATORY SYNAPSE ASSEMBLY%GOBP%GO:1904861	0.7791164658634538	0.912475404174089	0.057366742676855584	-0.30757236889842166	-0.7616321281374949	13	
MICROGLIA PATHOGEN PHAGOCYTOSIS PATHWAY%WIKIPATHWAYS_20250810%WP3937%HOMO SAPIENS	0.7791164658634538	0.912475404174089	0.057366742676855584	-0.32433254387245924	-0.7331430633736887	9	
REGULATION OF INTRACELLULAR PROTEIN TRANSPORT%GOBP%GO:0033157	0.7791164658634538	0.912475404174089	0.057366742676855584	-0.22309387690003463	-0.8614055712429062	95	
BIOCARTA_41BB_PATHWAY%MSIGDB_C2%BIOCARTA_41BB_PATHWAY	0.7799607072691552	0.9127041982139413	0.05629407497009682	-0.3065285095647901	-0.7538593020063136	12	
RESPONSE TO CHOLESTEROL%GOBP%GO:0070723	0.780241935483871	0.9129247886838021	0.0574877409561325	-0.30039419977882287	-0.7859143934215189	16	
PROTEIN LOCALIZATION TO MITOCHONDRION%GOBP%GO:0070585	0.78099173553719	0.9134147039464271	0.05859375689456714	-0.23491452421791725	-0.833962914779662	60	
MONOUBIQUITINATED PROTEIN DEUBIQUITINATION%GOBP%GO:0035520	0.7811244979919679	0.9134147039464271	0.057246113520288446	-0.32219495125284103	-0.7283111054619715	9	
REGULATION OF TP53 ACTIVITY THROUGH ACETYLATION%REACTOME DATABASE ID RELEASE 93%6804758	0.781563126252505	0.9138190881228078	0.05712585100181134	-0.25167078213078237	-0.7852054912439249	30	
GLIOGENESIS%GOBP%GO:0042063	0.782258064516129	0.914305900192997	0.057366742676855584	-0.22776594509207634	-0.851881457776989	80	
REGULATION OF PROTEIN AUTOUBIQUITINATION%GOBP%GO:1902498	0.782258064516129	0.914305900192997	0.057366742676855584	-0.3614728681891724	-0.7298335893772913	6	
DAG1 CORE M2 GLYCOSYLATIONS%REACTOME%R-HSA-8932504.1	0.7831325301204819	0.9151107158279449	0.05712585100181134	-0.37777130426092187	-0.7216411658864397	5	
GDNF%IOB%GDNF	0.7831325301204819	0.9151107158279449	0.05712585100181134	-0.30643451197856586	-0.7588144875591504	13	
REGULATION OF RELAXATION OF MUSCLE%GOBP%GO:1901077	0.7832310838445807	0.9151172720462492	0.05797547575714859	-0.3516225926698906	-0.7366589402031314	7	
ERK MAPK TARGETS%REACTOME DATABASE ID RELEASE 93%198753	0.7834008097165992	0.9152069734776501	0.0574877409561325	-0.27152932769562943	-0.7812669176978363	22	
CLASS I PI3K SIGNALING EVENTS MEDIATED BY AKT%PATHWAY INTERACTION DATABASE NCI-NATURE CURATED DATA%CLASS I PI3K SIGNALING EVENTS MEDIATED BY AKT	0.7836734693877551	0.9153440164328612	0.057852975703250924	-0.25013496995497064	-0.7980068264225347	33	
FATTY ACID OXIDATION%GOBP%GO:0019395	0.7848360655737705	0.9162609903880069	0.05797547575714859	-0.23443757270369137	-0.8248186920480053	56	
POSITIVE REGULATION OF G PROTEIN-COUPLED RECEPTOR SIGNALING PATHWAY%GOBP%GO:0045745	0.7849898580121704	0.9162609903880069	0.0574877409561325	-0.3011686981034961	-0.7609392261336336	14	
REGULATION OF CDH11 FUNCTION%REACTOME DATABASE ID RELEASE 93%9762292	0.7852760736196319	0.9163105262928296	0.057852975703250924	-0.3511251915636198	-0.7356168712933406	7	
'DE NOVO' PROTEIN FOLDING%GOBP%GO:0006458	0.7858627858627859	0.9167778423702595	0.05859375689456714	-0.34363339417460914	-0.7429730503028138	8	
CELLULAR RESPONSE TO ACIDIC PH%GOBP%GO:0071468	0.7858627858627859	0.9167778423702595	0.05859375689456714	-0.3447941401378609	-0.7454827102589286	8	
HIGH LAMINAR FLOW SHEAR STRESS ACTIVATES SIGNALING BY PIEZO1 AND PECAM1:CDH5:KDR IN ENDOTHELIAL CELLS%REACTOME DATABASE ID RELEASE 93%9856530	0.7862903225806451	0.9170592888094091	0.05712585100181134	-0.2345720953461162	-0.813198316987747	50	
KISSPEPTIN KISSPEPTIN RECEPTOR SYSTEM IN THE OVARY%WIKIPATHWAYS_20250810%WP4871%HOMO SAPIENS	0.7868525896414342	0.9174735667087268	0.05652995250563114	-0.27731606208162934	-0.7686387379882131	19	
CELL RECRUITMENT (PRO-INFLAMMATORY RESPONSE)%REACTOME%R-HSA-9664424.3	0.7870182555780934	0.9174735667087268	0.057366742676855584	-0.3005412611891888	-0.7593539307060968	14	
PURINERGIC SIGNALING IN LEISHMANIASIS INFECTION%REACTOME%R-HSA-9660826.3	0.7870182555780934	0.9174735667087268	0.057366742676855584	-0.3005412611891888	-0.7593539307060968	14	
INTRACELLULAR DISTRIBUTION OF MITOCHONDRIA%GOBP%GO:0048312	0.7871485943775101	0.9175168770262773	0.056886416047570075	-0.3760672058409007	-0.7183858959473551	5	
15Q11Q13 COPY NUMBER VARIATION%WIKIPATHWAYS_20250810%WP5407%HOMO SAPIENS	0.7875751503006012	0.9175720731922249	0.05676723874874463	-0.2505874202909558	-0.7818254339387671	30	
BIOCARTA_CCR3_PATHWAY%MSIGDB_C2%BIOCARTA_CCR3_PATHWAY	0.7876984126984127	0.9175720731922249	0.05629407497009682	-0.3170525344204292	-0.7570126361047785	11	
REGULATION OF HIPPO SIGNALING%GOBP%GO:0035330	0.7877551020408163	0.9175720731922249	0.057609110864425044	-0.2403451516246256	-0.806902717035657	42	
EMBRYONIC SKELETAL JOINT MORPHOGENESIS%GOBP%GO:0060272	0.7879417879417879	0.9176809609740766	0.05846932103863807	-0.3427542178686977	-0.7410721747976087	8	
NEGATIVE REGULATION OF NEUROGENESIS%GOBP%GO:0050768	0.7903225806451613	0.9201272471363672	0.056886416047570075	-0.2398791265058683	-0.817167077795996	46	
CELLULAR RESPONSE TO REACTIVE OXYGEN SPECIES%GOBP%GO:0034614	0.7907444668008048	0.9204007589692309	0.05676723874874463	-0.2243059162009804	-0.827030043293278	68	
BIOCARTA_PLATELETAPP_PATHWAY%MSIGDB_C2%BIOCARTA_PLATELETAPP_PATHWAY	0.7923387096774194	0.921058670068934	0.05676723874874463	-0.3578104117913592	-0.7224388886016995	6	
REGULATION OF TYPE I INTERFERON PRODUCTION%GOBP%GO:0032479	0.7923387096774194	0.921058670068934	0.05676723874874463	-0.22011532598944478	-0.8455530813037064	92	
REGULATION OF INTRACELLULAR TRANSPORT%GOBP%GO:0032386	0.7925636007827789	0.9211093799046343	0.05536428377253621	-0.20913647714364925	-0.885498363894499	185	
INFECTION WITH MYCOBACTERIUM TUBERCULOSIS%REACTOME DATABASE ID RELEASE 93%9635486	0.7927565392354124	0.9211093799046343	0.056648418361399534	-0.2704926280935678	-0.7884211923513956	23	
NUCLEAR EVENTS STIMULATED BY ALK SIGNALING IN CANCER%REACTOME DATABASE ID RELEASE 93%9725371	0.7927565392354124	0.9211093799046343	0.056648418361399534	-0.27100966633553614	-0.7899282349281085	23	
P-BODY ASSEMBLY%GOBP%GO:0033962	0.7931726907630522	0.9213754498882741	0.05652995250563114	-0.304530101947823	-0.7540986547626091	13	
PYRIDINE-CONTAINING COMPOUND CATABOLIC PROCESS%GOBP%GO:0072526	0.7941176470588235	0.9220002838679882	0.05859375689456714	-0.25144385582506157	-0.780524843404647	31	
POSTSYNAPTIC DENSITY ORGANIZATION%GOBP%GO:0097106	0.7941787941787942	0.9220002838679882	0.05809835768732064	-0.34168198684169054	-0.7387538938322843	8	
POSTSYNAPTIC SPECIALIZATION ORGANIZATION%GOBP%GO:0099084	0.7941787941787942	0.9220002838679882	0.05809835768732064	-0.34168198684169054	-0.7387538938322843	8	
REGULATION OF STEROID BIOSYNTHETIC PROCESS%GOBP%GO:0050810	0.7946611909650924	0.9223428134200518	0.0574877409561325	-0.251536760556037	-0.8144368203858394	37	
ROOF OF MOUTH DEVELOPMENT%GOBP%GO:0060021	0.7955010224948875	0.9230875002864661	0.057246113520288446	-0.2644500113428943	-0.7908706072379005	26	
TRANSPORT OF RCBL WITHIN THE BODY%REACTOME%R-HSA-9758890.2	0.7963709677419355	0.9232933233308326	0.05652995250563114	-0.3547997161296199	-0.7163601285765352	6	
CARBOXYLIC ACID CATABOLIC PROCESS%GOBP%GO:0046395	0.7965116279069767	0.9232933233308326	0.054680848878544186	-0.2127972599150694	-0.8649529835266736	139	
ORGANIC ACID CATABOLIC PROCESS%GOBP%GO:0016054	0.7965116279069767	0.9232933233308326	0.054680848878544186	-0.2127972599150694	-0.8649529835266736	139	
POSITIVE REGULATION OF B CELL MEDIATED IMMUNITY%GOBP%GO:0002714	0.7967145790554415	0.9233111753036578	0.057366742676855584	-0.29729546976836163	-0.7643096374390412	15	
POSITIVE REGULATION OF IMMUNOGLOBULIN MEDIATED IMMUNE RESPONSE%GOBP%GO:0002891	0.7967145790554415	0.9233111753036578	0.057366742676855584	-0.29729546976836163	-0.7643096374390412	15	
MITOCHONDRIAL TRNA PROCESSING%GOBP%GO:0090646	0.7975951903807615	0.9240899496392415	0.05617665863071758	-0.28558547967872583	-0.7606754673344122	17	
WNT SIGNALING PATHWAY%PANTHER PATHWAY%P00057	0.7984189723320159	0.9240899496392415	0.05547933087042326	-0.21032323380806112	-0.878379758347863	169	
NEGATIVE REGULATION OF CATION TRANSMEMBRANE TRANSPORT%GOBP%GO:1904063	0.799163179916318	0.9247633516307873	0.05809835768732064	-0.2500649564586442	-0.7861142131404588	32	
G PROTEIN-COUPLED DOPAMINE RECEPTOR SIGNALING PATHWAY%GOBP%GO:0007212	0.7991886409736308	0.9247633516307873	0.056648418361399534	-0.32091389846637153	-0.7454192321328147	10	
NEGATIVE REGULATION OF RETROGRADE PROTEIN TRANSPORT, ER TO CYTOSOL%GOBP%GO:1904153	0.7995910020449898	0.9251202122367767	0.05700595265823873	-0.34663590926566706	-0.72621170220346	7	
EPHB-MEDIATED FORWARD SIGNALING%REACTOME%R-HSA-3928662.4	0.8004201680672269	0.9257822077791512	0.0582216241124161	-0.2498903705867857	-0.7757025588498783	31	
PROTEIN COMPLEX OLIGOMERIZATION%GOBP%GO:0051259	0.80078125	0.9257822077791512	0.054793950077336284	-0.2137530022789598	-0.8638795899334393	135	
REGULATION OF NEURON MIGRATION%GOBP%GO:2001222	0.8008130081300813	0.9257822077791512	0.056648418361399534	-0.2638342020028725	-0.7813543057810182	25	
ACYLGLYCEROL CATABOLIC PROCESS%GOBP%GO:0046464	0.8008213552361396	0.9257822077791512	0.05712585100181134	-0.29627591145437343	-0.7616884799558161	15	
NEUTRAL LIPID CATABOLIC PROCESS%GOBP%GO:0046461	0.8008213552361396	0.9257822077791512	0.05712585100181134	-0.29627591145437343	-0.7616884799558161	15	
POSITIVE REGULATION OF STEM CELL PROLIFERATION%GOBP%GO:2000648	0.8012170385395537	0.9261239816273846	0.05652995250563114	-0.2996481844452055	-0.7570974640456372	14	
RESPONSE TO PH%GOBP%GO:0009268	0.8015717092337917	0.9261239816273846	0.05502111171631165	-0.3011452836105315	-0.7406200931438769	12	
AMYLOID PRECURSOR PROTEIN CATABOLIC PROCESS%GOBP%GO:0042987	0.8015873015873016	0.9261239816273846	0.05547933087042326	-0.31359362040460537	-0.7487539365742258	11	
BIOCARTA_PCAF_PATHWAY%MSIGDB_C2%BIOCARTA_PCAF_PATHWAY	0.8015873015873016	0.9261239816273846	0.05547933087042326	-0.3142646022687477	-0.7503560109770733	11	
CELL-CELL JUNCTION MAINTENANCE%GOBP%GO:0045217	0.8015873015873016	0.9261239816273846	0.05547933087042326	-0.3141640970400184	-0.7501160389854229	11	
CELLULAR RESPONSE TO ESTRADIOL STIMULUS%GOBP%GO:0071392	0.8035363457760314	0.9270022596033141	0.05490737032909582	-0.3004761979858309	-0.7389745808790132	12	
RAS PROTEIN SIGNAL TRANSDUCTION%GOBP%GO:0007265	0.8047808764940239	0.9280712707847458	0.05547933087042326	-0.23076549821248796	-0.8046569911469302	51	
WNT BETA CATENIN SIGNALING AND ARTD FAMILY MEMBERS%WIKIPATHWAYS_20250810%WP5529%HOMO SAPIENS	0.8072289156626506	0.9298897717317124	0.055710422676667086	-0.30234107129893584	-0.748678024562174	13	
IL11 SIGNALING%WIKIPATHWAYS_20250810%WP2332%HOMO SAPIENS	0.8073022312373225	0.9298897717317124	0.05617665863071758	-0.24548489208511987	-0.7909382163265359	34	
DISPLACEMENT OF DNA GLYCOSYLASE BY APEX1%REACTOME%R-HSA-110357.3	0.8077709611451943	0.9299688447809851	0.05652995250563114	-0.34397545405052166	-0.7206379758272176	7	
NEURONAL ION CHANNEL CLUSTERING%GOBP%GO:0045161	0.8077709611451943	0.9299688447809851	0.05652995250563114	-0.34419532893093147	-0.7210986197100526	7	
POSITIVE REGULATION OF BONE MINERALIZATION%GOBP%GO:0030501	0.808641975308642	0.9304533000921922	0.05676723874874463	-0.25643203190894703	-0.7781438982775793	27	
NEURONAL STEM CELL POPULATION MAINTENANCE%GOBP%GO:0097150	0.8094302554027505	0.9310327565204333	0.05456806466709405	-0.29728496639478574	-0.7311262419979693	12	
SULFUR AMINO ACID CATABOLIC PROCESS%GOBP%GO:0000098	0.8112449799196787	0.9322472014925373	0.05547933087042326	-0.3135374380231849	-0.7087410811449412	9	
REGULATION OF AMINO ACID IMPORT ACROSS PLASMA MEMBRANE%GOBP%GO:0010958	0.8118609406952966	0.9322472014925373	0.05629407497009682	-0.3406630231822087	-0.7136983426414786	7	
REGULATION OF AMINO ACID TRANSMEMBRANE TRANSPORT%GOBP%GO:1903789	0.8118609406952966	0.9322472014925373	0.05629407497009682	-0.3406630231822087	-0.7136983426414786	7	
ADRENAL GLAND DEVELOPMENT%GOBP%GO:0030325	0.8125	0.9323863636363635	0.05559470977588687	-0.34776774702501106	-0.7021621964392855	6	
DENDRITE EXTENSION%GOBP%GO:0097484	0.8125	0.9323863636363635	0.05559470977588687	-0.34843157857409157	-0.7035025088246504	6	
MANGANESE ION TRANSPORT%GOBP%GO:0006828	0.8125	0.9323863636363635	0.05559470977588687	-0.34796158960487067	-0.7025535752626584	6	
PID_LYMPH_ANGIOGENESIS_PATHWAY%MSIGDB_C2%PID_LYMPH_ANGIOGENESIS_PATHWAY	0.8125	0.9323863636363635	0.05559470977588687	-0.29032143261071686	-0.7595612457747704	16	
ACTIVATED NOTCH1 TRANSMITS SIGNAL TO THE NUCLEUS%REACTOME DATABASE ID RELEASE 93%2122948	0.8139059304703476	0.9328661056615047	0.05617665863071758	-0.24976979704710356	-0.7649320585946483	28	
GAMMA-AMINOBUTYRIC ACID SIGNALING PATHWAY%GOBP%GO:0007214	0.8139059304703476	0.9328661056615047	0.05617665863071758	-0.33982489634357604	-0.7119424440116013	7	
GLYCOSYLCERAMIDE METABOLIC PROCESS%GOBP%GO:0006677	0.8139059304703476	0.9328661056615047	0.05617665863071758	-0.3400270716993138	-0.7123660069065851	7	
CILIUM ASSEMBLY%GOBP%GO:0060271	0.8143712574850299	0.9328661056615047	0.05502111171631165	-0.20482249143560954	-0.8841330312783292	230	
BETA-OXIDATION OF VERY LONG CHAIN FATTY ACIDS%REACTOME%R-HSA-390247.6	0.8145161290322581	0.9328661056615047	0.05547933087042326	-0.3450935175455027	-0.6967627801300461	6	
REGULATION OF PROTEIN AUTOPHOSPHORYLATION%GOBP%GO:0031952	0.8145161290322581	0.9328661056615047	0.05547933087042326	-0.3454410644861685	-0.6974644965063095	6	
SEMA4D INDUCED CELL MIGRATION AND GROWTH-CONE COLLAPSE%REACTOME%R-HSA-416572.5	0.8147410358565738	0.9328661056615047	0.05490737032909582	-0.268090961641623	-0.7430694669305065	19	
POSITIVE REGULATION OF PEPTIDYL-SERINE PHOSPHORYLATION%GOBP%GO:0033138	0.8154158215010142	0.9328661056615047	0.055710422676667086	-0.29517782352744204	-0.7458025552495976	14	
REGULATION OF BACH1 ACTIVITY%REACTOME%R-HSA-9708530.4	0.8154761904761905	0.9328661056615047	0.054680848878544186	-0.30869962765896086	-0.7370687615724539	11	
DISEASES ASSOCIATED WITH N-GLYCOSYLATION OF PROTEINS%REACTOME%R-HSA-3781860.5	0.8165322580645161	0.9336885695022415	0.05536428377253621	-0.2649388158949188	-0.7440828841395801	20	
HOST-MEDIATED ACTIVATION OF VIRAL TRANSCRIPTION%GOBP%GO:0043923	0.8165322580645161	0.9336885695022415	0.05536428377253621	-0.2873078009012497	-0.7516767508721204	16	
MODULATION BY SYMBIONT OF ENTRY INTO HOST%GOBP%GO:0052372	0.8165322580645161	0.9336885695022415	0.05536428377253621	-0.2873995365701371	-0.7519167567797639	16	
COTRANSLATIONAL PROTEIN TARGETING TO MEMBRANE%GOBP%GO:0006613	0.8167330677290837	0.9336885695022415	0.054793950077336284	-0.2672373386931205	-0.7407034746366248	19	
GLUCOSYLCERAMIDE METABOLIC PROCESS%GOBP%GO:0006678	0.8172690763052208	0.9340489060129081	0.05513517633852569	-0.365418620742677	-0.6980443367059588	5	
PEPTIDYL-LYSINE HYDROXYLATION%GOBP%GO:0017185	0.8172690763052208	0.9340489060129081	0.05513517633852569	-0.36495733066810176	-0.697163153028232	5	
BIOCARTA_DSP_PATHWAY%MSIGDB_C2%BIOCARTA_DSP_PATHWAY	0.8179959100204499	0.9343373236730104	0.05594285930657051	-0.33794694348327564	-0.7080080814516873	7	
POSITIVE REGULATION OF INTRACELLULAR TRANSPORT%GOBP%GO:0032388	0.8190854870775348	0.9354733448283735	0.05456806466709405	-0.21826396149062466	-0.8492441136775339	101	
CELLULAR RESPONSE TO ALKALOID%GOBP%GO:0071312	0.8192771084337349	0.9354751721719302	0.05502111171631165	-0.2993638537556362	-0.7413056310615717	13	
P38MAPK EVENTS%REACTOME%R-HSA-171007.5	0.8194726166328601	0.935481435752712	0.05547933087042326	-0.308952468850946	-0.7176352074403611	10	
SULFUR AMINO ACID METABOLIC PROCESS%GOBP%GO:0000096	0.819838056680162	0.9356816397441609	0.05536428377253621	-0.2619445504175789	-0.7536887939482104	22	
NEGATIVE REGULATION OF MONOATOMIC ION TRANSMEMBRANE TRANSPORT%GOBP%GO:0034766	0.8204081632653061	0.9362237801935795	0.055710422676667086	-0.24454023735573766	-0.7801579234602647	33	
TYPE II INTERFERON SIGNALING%WIKIPATHWAYS_20250810%WP619%HOMO SAPIENS	0.8205645161290323	0.936293687079204	0.05513517633852569	-0.2645949078588892	-0.7431170155390757	20	
3Q29 COPY NUMBER VARIATION SYNDROME%WIKIPATHWAYS_20250810%WP4906%HOMO SAPIENS	0.8208333333333333	0.9364918887601391	0.056648418361399534	-0.24105866397122916	-0.7889298489508655	39	
PID_INSULIN_GLUCOSE_PATHWAY%MSIGDB_C2%PID_INSULIN_GLUCOSE_PATHWAY	0.821501014198783	0.9370364904774349	0.05536428377253621	-0.29302859314979124	-0.7403722641514487	14	
AMIDE METABOLIC PROCESS%GOBP%GO:0043603	0.8217821782178217	0.9372486188732391	0.05423159354958409	-0.20476755627049675	-0.8859917176419314	237	
REGULATION OF CELL SHAPE%GOBP%GO:0008360	0.8224489795918367	0.9379004694303016	0.05559470977588687	-0.22582222078465733	-0.8349594811205824	74	
REGULATION OF CALCINEURIN-MEDIATED SIGNALING%GOBP%GO:0106056	0.8245967741935484	0.939370570254504	0.05490737032909582	-0.2634600381489231	-0.7489355264102139	21	
REGULATION OF CALCINEURIN-NFAT SIGNALING CASCADE%GOBP%GO:0070884	0.8245967741935484	0.939370570254504	0.05490737032909582	-0.2634600381489231	-0.7489355264102139	21	
CELLULAR RESPONSE TO INTERFERON-BETA%GOBP%GO:0035458	0.8253012048192772	0.9397383375181709	0.054680848878544186	-0.29473139201489346	-0.729834406559989	13	
CILIOPATHIES%WIKIPATHWAYS_20250810%WP4803%HOMO SAPIENS	0.8253968253968254	0.9397383375181709	0.054120056962023176	-0.2143009062423062	-0.8531677069562794	120	
REGULATION OF PROTEIN IMPORT INTO NUCLEUS%GOBP%GO:0042306	0.826530612244898	0.9407191069393638	0.05536428377253621	-0.24191743885146286	-0.7717903964762572	33	
PID_P38_MK2_PATHWAY%MSIGDB_C2%PID_P38_MK2_PATHWAY	0.8271119842829077	0.9407191069393638	0.05356693847709506	-0.28850969930030507	-0.709544834330028	12	
PROTEIN AUTOUBIQUITINATION%GOBP%GO:0051865	0.8272357723577236	0.9407191069393638	0.05513517633852569	-0.22849162852304813	-0.8082633915565843	59	
BIOCARTA_AGPCR_PATHWAY%MSIGDB_C2%BIOCARTA_AGPCR_PATHWAY	0.8273092369477911	0.9407191069393638	0.05456806466709405	-0.36111324671330824	-0.6898199557138416	5	
DORSAL/VENTRAL AXIS SPECIFICATION%GOBP%GO:0009950	0.8273092369477911	0.9407191069393638	0.05456806466709405	-0.3612096812475528	-0.6900041706844839	5	
PROTEIN PROCESSING INVOLVED IN PROTEIN TARGETING TO MITOCHONDRION%GOBP%GO:0006627	0.8273092369477911	0.9407191069393638	0.05456806466709405	-0.3611901283924041	-0.6899668196601293	5	
NEGATIVE REGULATION OF DNA BIOSYNTHETIC PROCESS%GOBP%GO:2000279	0.8279352226720648	0.9410698372388318	0.05490737032909582	-0.2590501724372703	-0.74536084726739	22	
HEDGEHOG SIGNALING%WIKIPATHWAYS_20250810%WP4249%HOMO SAPIENS	0.8282208588957055	0.9411581335940521	0.05536428377253621	-0.2480273414459337	-0.7595957042164555	28	
RESPONSE TO TYPE I INTERFERON%GOBP%GO:0034340	0.8284518828451883	0.9411581335940521	0.056411838821759604	-0.24360652658519494	-0.7658112343065212	32	
CYTOPLASMIC MICROTUBULE ORGANIZATION%GOBP%GO:0031122	0.8286290322580645	0.9412415149530344	0.054680848878544186	-0.22743000105657973	-0.7884385984566527	50	
BLASTOCYST FORMATION%GOBP%GO:0001825	0.8293172690763052	0.941425936295662	0.054455595394037055	-0.3607871338368507	-0.68919699554264	5	
MITOCHONDRIAL PROTEIN PROCESSING%GOBP%GO:0034982	0.8293650793650794	0.941425936295662	0.05389790253573186	-0.3024479633420235	-0.7221419328269968	11	
OMEGA 6 FATTY ACIDS IN SENESCENCE%WIKIPATHWAYS_20250810%WP5424%HOMO SAPIENS	0.8293650793650794	0.941425936295662	0.05389790253573186	-0.26911648940612115	-0.7345875814706262	18	
NEGATIVE REGULATION OF GLIAL CELL PROLIFERATION%GOBP%GO:0060253	0.8302658486707567	0.9423397747564576	0.05524956631252492	-0.3326855448000301	-0.6969853074355007	7	
CELLULAR PROTEOSTASIS%WIKIPATHWAYS_20250810%WP4918%HOMO SAPIENS	0.8306451612903226	0.9425164185659092	0.05456806466709405	-0.3363063201599262	-0.6790209456166856	6	
TGF_BETA_RECEPTOR%IOB%TGF_BETA_RECEPTOR	0.8313253012048193	0.9428086023628526	0.05434343902691621	-0.2132324046826379	-0.8455481453205475	118	
PROTEIN IMPORT INTO MITOCHONDRIAL MATRIX%GOBP%GO:0030150	0.8326612903225806	0.9438628781778443	0.054455595394037055	-0.2614283847186304	-0.7431601631255578	21	
NEGATIVE REGULATION OF INTRINSIC APOPTOTIC SIGNALING PATHWAY IN RESPONSE TO DNA DAMAGE BY P53 CLASS MEDIATOR%GOBP%GO:1902166	0.8333333333333334	0.9438628781778443	0.053676960063812645	-0.3013650941838212	-0.71955641293041	11	
PROTEIN HETEROTETRAMERIZATION%GOBP%GO:0051290	0.8333333333333334	0.9438628781778443	0.053676960063812645	-0.2995099558334539	-0.7151269792546383	11	
COBALAMIN METABOLIC PROCESS%GOBP%GO:0009235	0.8336798336798337	0.9440381417379692	0.05582647177874898	-0.32406720208476414	-0.7006687991262933	8	
LEUKOCYTE DEGRANULATION%GOBP%GO:0043299	0.8336798336798337	0.9440381417379692	0.05582647177874898	-0.32458714683945616	-0.7017929766565661	8	
POSITIVE REGULATION OF TRANSCRIPTION BY RNA POLYMERASE I%GOBP%GO:0045943	0.8340336134453782	0.9441130096554602	0.05629407497009682	-0.24290578507637797	-0.7540212077829814	31	
GDP-L-FUCOSE METABOLIC PROCESS%GOBP%GO:0046368	0.8346774193548387	0.9447331728897278	0.05434343902691621	-0.3351290795349978	-0.6766440320874451	6	
MUCOSAL IMMUNE RESPONSE%GOBP%GO:0002385	0.8357588357588358	0.9455224057085484	0.055710422676667086	-0.3236154284188882	-0.699692014959584	8	
RIBOSOMAL LARGE SUBUNIT EXPORT FROM NUCLEUS%GOBP%GO:0000055	0.8387096774193549	0.9476630116904943	0.054120056962023176	-0.33301911648143045	-0.6723839007073144	6	
RNA POLYMERASE II TRANSCRIBES SNRNA GENES%REACTOME%R-HSA-6807505.4	0.8392484342379958	0.9481629470461624	0.055710422676667086	-0.22158207379610548	-0.8151246880786827	71	
EMBRYONIC AXIS SPECIFICATION%GOBP%GO:0000578	0.8408644400785854	0.9495528474611482	0.052805004567128964	-0.2864864293369784	-0.7045689158274085	12	
BIOCARTA_CHEMICAL_PATHWAY%MSIGDB_C2%BIOCARTA_CHEMICAL_PATHWAY	0.8413654618473896	0.9496829459302303	0.053787280776029955	-0.28730877320883585	-0.7114540007457134	13	
CLATHRIN COAT ASSEMBLY%GOBP%GO:0048268	0.8417849898580122	0.9498476175206562	0.05423159354958409	-0.2828675304061382	-0.7146991073143011	14	
REGULATION OF FZD BY UBIQUITINATION%REACTOME%R-HSA-4641263.4	0.8418891170431212	0.9498476175206562	0.054793950077336284	-0.28199685484084197	-0.7249788032434089	15	
NEURON PROJECTION ARBORIZATION%GOBP%GO:0140058	0.841995841995842	0.9498500298225322	0.05536428377253621	-0.3196223352872538	-0.6910585100836111	8	
PROTEIN POLYUBIQUITINATION%GOBP%GO:0000209	0.8424124513618677	0.9499891799206895	0.052269331749930564	-0.2027990252862422	-0.8695581308622576	213	
POSITIVE REGULATION OF CANONICAL WNT SIGNALING PATHWAY%GOBP%GO:0090263	0.8430583501006036	0.9499891799206895	0.053787280776029955	-0.21754059023808867	-0.8020858602830974	68	
ATP TRANSPORT%GOBP%GO:0015867	0.8432539682539683	0.9499891799206895	0.05312980547054692	-0.2939773863548958	-0.7019171021815779	11	
POSITIVE REGULATION OF CHOLESTEROL BIOSYNTHETIC PROCESS%GOBP%GO:0045542	0.8432539682539683	0.9499891799206895	0.05312980547054692	-0.2938477197062295	-0.701607502727654	11	
POSITIVE REGULATION OF GRANULOCYTE CHEMOTAXIS%GOBP%GO:0071624	0.8432539682539683	0.9499891799206895	0.05312980547054692	-0.2942003741371027	-0.7024495204735061	11	
POSITIVE REGULATION OF NEUTROPHIL CHEMOTAXIS%GOBP%GO:0090023	0.8432539682539683	0.9499891799206895	0.05312980547054692	-0.2942003741371027	-0.7024495204735061	11	
POSITIVE REGULATION OF NEUTROPHIL MIGRATION%GOBP%GO:1902624	0.8432539682539683	0.9499891799206895	0.05312980547054692	-0.2942003741371027	-0.7024495204735061	11	
POSITIVE REGULATION OF STEROL BIOSYNTHETIC PROCESS%GOBP%GO:0106120	0.8432539682539683	0.9499891799206895	0.05312980547054692	-0.2938477197062295	-0.701607502727654	11	
POSITIVE REGULATION OF TRANSCRIPTION REGULATORY REGION DNA BINDING%GOBP%GO:2000679	0.8433734939759037	0.9499891799206895	0.053676960063812645	-0.3565772276466518	-0.6811549828828607	5	
REPRESSION OF WNT TARGET GENES%REACTOME%R-HSA-4641265.5	0.8447937131630648	0.9511536763640407	0.05258989506236158	-0.28119935890578834	-0.6915661865524904	12	
RUFFLE ORGANIZATION%GOBP%GO:0031529	0.8447937131630648	0.9511536763640407	0.05258989506236158	-0.28292699825357265	-0.6958150474323102	12	
SARS COV 2 MITOCHONDRIAL CHRONIC OXIDATIVE STRESS AND ENDOTHELIAL DYSFUNCTION%WIKIPATHWAYS_20250810%WP5183%HOMO SAPIENS	0.845841784989858	0.9518143230013446	0.0540088272801684	-0.28124953468210107	-0.7106110449695442	14	
POSITIVE REGULATION OF EARLY ENDOSOME TO LATE ENDOSOME TRANSPORT%GOBP%GO:2000643	0.8461538461538461	0.9518143230013446	0.05513517633852569	-0.31708005022304125	-0.6855618112152306	8	
GENERATION OF PRECURSOR METABOLITES AND ENERGY%GOBP%GO:0006091	0.8472222222222222	0.9522252442777273	0.05291298484305835	-0.202480728515708	-0.8747745336275372	233	
BIOCARTA_RAB_PATHWAY%MSIGDB_C2%BIOCARTA_RAB_PATHWAY	0.8473895582329317	0.9522252442777273	0.05345721410899102	-0.30428169410270756	-0.6878187759989932	9	
SYNTHESIS OF KETONE BODIES%REACTOME%R-HSA-77111.7	0.8473895582329317	0.9522252442777273	0.05345721410899102	-0.356082541777506	-0.6802100045763259	5	
CELL-SUBSTRATE JUNCTION ASSEMBLY%GOBP%GO:0007044	0.8475609756097561	0.9523091824550562	0.0540088272801684	-0.25264701899514397	-0.741097606964329	24	
SIGNALING MEDIATED BY P38-GAMMA AND P38-DELTA%PATHWAY INTERACTION DATABASE NCI-NATURE CURATED DATA%SIGNALING MEDIATED BY P38-GAMMA AND P38-DELTA	0.847870182555781	0.9523305746571092	0.05389790253573186	-0.297511774059408	-0.6910607462925905	10	
RECEPTOR INTERNALIZATION%GOBP%GO:0031623	0.8491735537190083	0.953359499420451	0.054680848878544186	-0.2360476998859657	-0.7666282977261671	38	
POSITIVE REGULATION OF LAMELLIPODIUM MORPHOGENESIS%GOBP%GO:2000394	0.8493975903614458	0.9535023001594796	0.05334778506754903	-0.3554016646158028	-0.6789093526124129	5	
TRANSCRIPTION INITIATION-COUPLED CHROMATIN REMODELING%GOBP%GO:0045815	0.8496993987975952	0.9535211280627045	0.053238649475589886	-0.23113741491898648	-0.7833448650960989	44	
CRISTAE FORMATION%GOBP%GO:0042407	0.8498985801217038	0.9535211280627045	0.053787280776029955	-0.28051611789278774	-0.7087579785399721	14	
LAMELLIPODIUM ASSEMBLY%GOBP%GO:0030032	0.850597609561753	0.9540697674418605	0.05291298484305835	-0.26004037892632786	-0.7207556143108457	19	
ATYPICAL NF-KAPPAB PATHWAY%PATHWAY INTERACTION DATABASE NCI-NATURE CURATED DATA%ATYPICAL NF-KAPPAB PATHWAY	0.8506876227897839	0.9540697674418605	0.052269331749930564	-0.27924733019724735	-0.6867654748607579	12	
BIOTIN TRANSPORT AND METABOLISM%REACTOME%R-HSA-196780.3	0.8511904761904762	0.954190367842245	0.05269730857084192	-0.28762971559410877	-0.6867610429987279	11	
LEUKOCYTE AGGREGATION%GOBP%GO:0070486	0.8514056224899599	0.954190367842245	0.053238649475589886	-0.35473756982042515	-0.6776407593206778	5	
SIGNALING BY NOTCH2%REACTOME%R-HSA-1980145.4	0.8517034068136272	0.954190367842245	0.05312980547054692	-0.24103773252951866	-0.7520306869822104	30	
ACETYLCHOLINE RECEPTOR SIGNALING PATHWAY%GOBP%GO:0095500	0.8521560574948666	0.9544225391985504	0.05423159354958409	-0.2754605911997211	-0.7081748832319688	15	
UREA CYCLE AND ASSOCIATED PATHWAYS%WIKIPATHWAYS_20250810%WP4595%HOMO SAPIENS	0.8526522593320236	0.9545845044566272	0.05216303054600547	-0.2774773117762689	-0.6824123892268257	12	
APICAL PROTEIN LOCALIZATION%GOBP%GO:0045176	0.852760736196319	0.9545845044566272	0.0540088272801684	-0.3221005911209109	-0.674809540229667	7	
CELLULAR RESPONSE TO ACETYLCHOLINE%GOBP%GO:1905145	0.8537074148296593	0.9545845044566272	0.05302125120430776	-0.26861843860951046	-0.7154826518273812	17	
RESPONSE TO ACETYLCHOLINE%GOBP%GO:1905144	0.8537074148296593	0.9545845044566272	0.05302125120430776	-0.26861843860951046	-0.7154826518273812	17	
BICARBONATE TRANSPORT%GOBP%GO:0015701	0.8539553752535497	0.9545918057159912	0.05356693847709506	-0.2775659621002817	-0.7013040522858176	14	
PROTEIN O-LINKED GLYCOSYLATION VIA MANNOSE%GOBP%GO:0035269	0.8539553752535497	0.9545918057159912	0.05356693847709506	-0.2792226719623688	-0.7054899305936332	14	
PID_AR_PATHWAY%MSIGDB_C2%PID_AR_PATHWAY	0.8542094455852156	0.9547674198242744	0.054120056962023176	-0.23649621411536637	-0.7657378755758365	37	
MAPK AND NFKB SIGNALING INHIBITED BY YERSINIA YOPJ%WIKIPATHWAYS_20250810%WP3849%HOMO SAPIENS	0.8565815324165029	0.9565297893350889	0.051951247619708235	-0.27641662464949346	-0.6798037938365525	12	
CONSTITUTIVE SIGNALING BY NOTCH1 T(7;9)(NOTCH1:M1580_K2555) TRANSLOCATION MUTANT%REACTOME%R-HSA-2660826.2	0.8568548387096774	0.9565297893350889	0.05312980547054692	-0.3244648667884265	-0.6551124003893227	6	
INTRACELLULAR MRNA LOCALIZATION%GOBP%GO:0008298	0.8568548387096774	0.9565297893350889	0.05312980547054692	-0.32494912534770104	-0.6560901450379668	6	
SIGNALING BY NOTCH1 T(7;9)(NOTCH1:M1580_K2555) TRANSLOCATION MUTANT%REACTOME%R-HSA-2660825.3	0.8568548387096774	0.9565297893350889	0.05312980547054692	-0.3244648667884265	-0.6551124003893227	6	
G PROTEIN-COUPLED SEROTONIN RECEPTOR SIGNALING PATHWAY%GOBP%GO:0098664	0.857429718875502	0.9568395799076058	0.05291298484305835	-0.3521715348178245	-0.6727389669661606	5	
MELANOSOME LOCALIZATION%GOBP%GO:0032400	0.8577154308617234	0.9568395799076058	0.052805004567128964	-0.2655241026342498	-0.7072406870513044	17	
PIGMENT GRANULE LOCALIZATION%GOBP%GO:0051875	0.8577154308617234	0.9568395799076058	0.052805004567128964	-0.2655241026342498	-0.7072406870513044	17	
HEME BIOSYNTHETIC PROCESS%GOBP%GO:0006783	0.8585657370517928	0.9571374826779837	0.052482762263545854	-0.2587285197704522	-0.7171195257322701	19	
NEGATIVE REGULATION OF LYMPHOCYTE MEDIATED IMMUNITY%GOBP%GO:0002707	0.8585657370517928	0.9571374826779837	0.052482762263545854	-0.25751299659980564	-0.7137504522322787	19	
DISEASES ASSOCIATED WITH GLYCOSYLATION PRECURSOR BIOSYNTHESIS%REACTOME DATABASE ID RELEASE 93%5609975	0.8588709677419355	0.957369359038503	0.05302125120430776	-0.27300087597849537	-0.7142458742750605	16	
BIOCARTA_ACH_PATHWAY%MSIGDB_C2%BIOCARTA_ACH_PATHWAY	0.8608870967741935	0.958748371772278	0.05291298484305835	-0.32314289587843253	-0.6524432684593756	6	
CARDIAC RIGHT VENTRICLE MORPHOGENESIS%GOBP%GO:0003215	0.8608870967741935	0.958748371772278	0.05291298484305835	-0.3218696094825376	-0.6498724332393587	6	
ENDOPLASMIC RETICULUM TUBULAR NETWORK ORGANIZATION%GOBP%GO:0071786	0.8608870967741935	0.958748371772278	0.05291298484305835	-0.25338672915684185	-0.7116387517505074	20	
MITOCHONDRIAL FATTY ACID BETA-OXIDATION OF UNSATURATED FATTY ACIDS%REACTOME%R-HSA-77288.4	0.8608870967741935	0.958748371772278	0.05291298484305835	-0.3225901490389757	-0.6513272422085572	6	
REGULATION OF G PROTEIN-COUPLED RECEPTOR SIGNALING PATHWAY%GOBP%GO:0008277	0.8614457831325302	0.9589367078262173	0.05269730857084192	-0.21665528740905607	-0.8157633627029437	82	
PID_PI3K_PLC_TRK_PATHWAY%MSIGDB_C2%PID_PI3K_PLC_TRK_PATHWAY	0.8631790744466801	0.9591078655465511	0.05269730857084192	-0.24726679766613385	-0.7207234622949061	23	
CELLULAR RESPONSE TO BRAIN-DERIVED NEUROTROPHIC FACTOR STIMULUS%GOBP%GO:1990416	0.8634538152610441	0.9591078655465511	0.05258989506236158	-0.3489053063393329	-0.6664996234779581	5	
CELLULAR RESPONSE TO POTASSIUM ION%GOBP%GO:0035865	0.8634538152610441	0.9591078655465511	0.05258989506236158	-0.34745767049815035	-0.6637342635778625	5	
CHOLESTASIS%WIKIPATHWAYS_20250810%WP5238%HOMO SAPIENS	0.8634538152610441	0.9591078655465511	0.05258989506236158	-0.3464924290178143	-0.6618904020156551	5	
GLYCOSIDE CATABOLIC PROCESS%GOBP%GO:0016139	0.8634538152610441	0.9591078655465511	0.05258989506236158	-0.34651866596782394	-0.6619405213947098	5	
INTESTINAL LIPID ABSORPTION%GOBP%GO:0098856	0.8634538152610441	0.9591078655465511	0.05258989506236158	-0.34817736149073036	-0.6651090600250926	5	
LONG-TERM SYNAPTIC DEPRESSION%GOBP%GO:0060292	0.8634538152610441	0.9591078655465511	0.05258989506236158	-0.3482214752015624	-0.6651933286536447	5	
MITOCHONDRIAL ELECTRON TRANSPORT, SUCCINATE TO UBIQUINONE%GOBP%GO:0006121	0.8634538152610441	0.9591078655465511	0.05258989506236158	-0.3496578765280234	-0.6679372277169578	5	
PROTEIN LOCALIZATION TO ENDOPLASMIC RETICULUM EXIT SITE%GOBP%GO:0070973	0.8634538152610441	0.9591078655465511	0.05258989506236158	-0.3500576673795676	-0.6687009319289111	5	
REGULATION OF CYTOPLASMIC MRNA PROCESSING BODY ASSEMBLY%GOBP%GO:0010603	0.8634538152610441	0.9591078655465511	0.05258989506236158	-0.34558314753594216	-0.6601534385637039	5	
REGULATION OF RIBOSOME BIOGENESIS%GOBP%GO:0090069	0.8634538152610441	0.9591078655465511	0.05258989506236158	-0.34681896415687397	-0.6625141688179402	5	
REGULATION OF SPONTANEOUS SYNAPTIC TRANSMISSION%GOBP%GO:0150003	0.8634538152610441	0.9591078655465511	0.05258989506236158	-0.3453968702997714	-0.6597976007317348	5	
RESPONSE TO POTASSIUM ION%GOBP%GO:0035864	0.8634538152610441	0.9591078655465511	0.05258989506236158	-0.34745767049815035	-0.6637342635778625	5	
STRIATUM DEVELOPMENT%GOBP%GO:0021756	0.8634538152610441	0.9591078655465511	0.05258989506236158	-0.34642884600599677	-0.6617689419728698	5	
SUBPALLIUM DEVELOPMENT%GOBP%GO:0021544	0.8634538152610441	0.9591078655465511	0.05258989506236158	-0.34642884600599677	-0.6617689419728698	5	
NEUROMUSCULAR PROCESS%GOBP%GO:0050905	0.8657314629258517	0.9604260314844224	0.052375908409799665	-0.23970218496740653	-0.7478638175875624	30	
REGULATION OF NUCLEOBASE-CONTAINING COMPOUND TRANSPORT%GOBP%GO:0032239	0.8661257606490872	0.9604260314844224	0.05291298484305835	-0.2748115094629943	-0.6943445937782176	14	
REGULATION OF RNA EXPORT FROM NUCLEUS%GOBP%GO:0046831	0.8661257606490872	0.9604260314844224	0.05291298484305835	-0.2748115094629943	-0.6943445937782176	14	
POSITIVE REGULATION OF CYTOPLASMIC TRANSLATION%GOBP%GO:2000767	0.8664047151277013	0.9604260314844224	0.0514264916187015	-0.2715850944358779	-0.6679213950357691	12	
PHOSPHOLIPID TRANSPORT%GOBP%GO:0015914	0.8665338645418327	0.9604260314844224	0.05205700307320985	-0.22132761782536423	-0.7717480143114293	51	
PROTEIN INSERTION INTO ER MEMBRANE BY STOP-TRANSFER MEMBRANE-ANCHOR SEQUENCE%GOBP%GO:0045050	0.8670634920634921	0.9604260314844224	0.051845762486506596	-0.2817475578801631	-0.6727164692022815	11	
MEMBRANOUS SEPTUM MORPHOGENESIS%GOBP%GO:0003149	0.8674698795180723	0.9605385103165699	0.052375908409799665	-0.34491712687064746	-0.6588811663609541	5	
NEGATIVE REGULATION OF RIG-I SIGNALING PATHWAY%GOBP%GO:0039536	0.8674698795180723	0.9605385103165699	0.052375908409799665	-0.3441992773122165	-0.6575098875305234	5	
FATTY ACID BETA OXIDATION%WIKIPATHWAYS_20250810%WP143%HOMO SAPIENS	0.868421052631579	0.9613754985620111	0.05269730857084192	-0.25132253707588303	-0.7231262477450453	22	
[2FE-2S] CLUSTER ASSEMBLY%GOBP%GO:0044571	0.8690228690228691	0.9617447293630277	0.05389790253573186	-0.30498885965108247	-0.6594193323603493	8	
REGULATION OF RETINOIC ACID RECEPTOR SIGNALING PATHWAY%GOBP%GO:0048385	0.8694779116465864	0.9621127801834446	0.052269331749930564	-0.29722234404826	-0.671861347051067	9	
REGULATION OF CHONDROCYTE DIFFERENTIATION%GOBP%GO:0032330	0.8709677419354839	0.9626652040002801	0.052375908409799665	-0.2504448354313499	-0.7119373244547755	21	
REGULATION OF PHOSPHATASE ACTIVITY%GOBP%GO:0010921	0.8709677419354839	0.9626652040002801	0.052375908409799665	-0.31857271098602397	-0.6432158139595296	6	
EXTRACELLULAR NEGATIVE REGULATION OF SIGNAL TRANSDUCTION%GOBP%GO:1900116	0.8711656441717791	0.9626652040002801	0.05302125120430776	-0.31112899283176565	-0.6518237420002454	7	
EXTRACELLULAR REGULATION OF SIGNAL TRANSDUCTION%GOBP%GO:1900115	0.8711656441717791	0.9626652040002801	0.05302125120430776	-0.31112899283176565	-0.6518237420002454	7	
MATERNAL TO ZYGOTIC TRANSITION (MZT)%REACTOME%R-HSA-9816359.2	0.8722109533468559	0.9628533923017963	0.05258989506236158	-0.220920042569745	-0.7732747628249496	53	
PID_HIF1A_PATHWAY%MSIGDB_C2%PID_HIF1A_PATHWAY	0.8722109533468559	0.9628533923017963	0.05258989506236158	-0.2861098292570374	-0.6645762936714322	10	
REGULATION OF P38-ALPHA AND P38-BETA%PATHWAY INTERACTION DATABASE NCI-NATURE CURATED DATA%REGULATION OF P38-ALPHA AND P38-BETA	0.8724279835390947	0.9628882329252244	0.053238649475589886	-0.23974635073273373	-0.7275111403525254	27	
MITOCHONDRIAL TRNA AMINOACYLATION%REACTOME DATABASE ID RELEASE 93%379726	0.8729838709677419	0.9630315405836882	0.052269331749930564	-0.24850931605990514	-0.706435240611188	21	
A4B7 INTEGRIN SIGNALING%PATHWAY INTERACTION DATABASE NCI-NATURE CURATED DATA%A4B7 INTEGRIN SIGNALING	0.875	0.9644431384072878	0.05216303054600547	-0.31581550268146175	-0.6376488588415417	6	
REGULATION OF CARDIAC MUSCLE CELL PROLIFERATION%GOBP%GO:0060043	0.875	0.9644431384072878	0.05216303054600547	-0.26585489730432044	-0.6955500156358044	16	
TELENCEPHALON CELL MIGRATION%GOBP%GO:0022029	0.875	0.9644431384072878	0.05216303054600547	-0.2656511906164255	-0.6950170625422669	16	
ACTIN FILAMENT NETWORK FORMATION%GOBP%GO:0051639	0.8752598752598753	0.9644431384072878	0.05356693847709506	-0.30262862314081895	-0.6543162424127654	8	
MITOCHONDRIAL TRNA MODIFICATION%GOBP%GO:0070900	0.8755020080321285	0.9644431384072878	0.051951247619708235	-0.27249937374629907	-0.6747819340399579	13	
POSITIVE REGULATION OF ENDOTHELIAL CELL-MATRIX ADHESION VIA FIBRONECTIN%GOBP%GO:1904906	0.8755020080321285	0.9644431384072878	0.051951247619708235	-0.3405642419086995	-0.6505660271656803	5	
REGULATION OF ENDOTHELIAL CELL-MATRIX ADHESION VIA FIBRONECTIN%GOBP%GO:1904904	0.8755020080321285	0.9644431384072878	0.051951247619708235	-0.3405642419086995	-0.6505660271656803	5	
CELLULAR COMPONENT DISASSEMBLY%GOBP%GO:0022411	0.8757637474541752	0.9646235437335059	0.05258989506236158	-0.19844916886365327	-0.8492118276169993	218	
WNT SIGNALING PATHWAY, PLANAR CELL POLARITY PATHWAY%GOBP%GO:0060071	0.8760162601626016	0.9647937469307579	0.052482762263545854	-0.24568648017813494	-0.7206800351244378	24	
METALLOPROTEASE DUBS%REACTOME DATABASE ID RELEASE 93%5689901	0.8765182186234818	0.9652386064832571	0.052269331749930564	-0.2456406136126281	-0.7067777417902551	22	
REGULATION OF ACTIN FILAMENT BUNDLE ASSEMBLY%GOBP%GO:0032231	0.8772635814889336	0.9657353782804159	0.051951247619708235	-0.21260210417106432	-0.7838773510516474	68	
SIGNALING BY WNT%REACTOME%R-HSA-195721.7	0.8778004073319755	0.966110307465977	0.052482762263545854	-0.19958075731879274	-0.8542078462265815	220	
REGULATION OF ACTOMYOSIN STRUCTURE ORGANIZATION%GOBP%GO:0110020	0.8784067085953878	0.9663455254558869	0.053787280776029955	-0.21611869087735902	-0.7761797132944285	63	
POSITIVE REGULATION OF HEMATOPOIETIC PROGENITOR CELL DIFFERENTIATION%GOBP%GO:1901534	0.8790322580645161	0.9663804195691368	0.051951247619708235	-0.3134152387498079	-0.6328025940320484	6	
REGULATION OF PROTEIN NEDDYLATION%GOBP%GO:2000434	0.8790322580645161	0.9663804195691368	0.051951247619708235	-0.2630357379020893	-0.6881743141302681	16	
TRANSCRIPTION INITIATION AT RNA POLYMERASE III PROMOTER%GOBP%GO:0006384	0.8790322580645161	0.9663804195691368	0.051951247619708235	-0.31339841815843994	-0.6327686323335258	6	
SIRNA PROCESSING%GOBP%GO:0030422	0.8793456032719836	0.9663804195691368	0.05258989506236158	-0.30740491542489173	-0.6440216980674265	7	
REGULATION OF MITOCHONDRIAL TRANSCRIPTION%GOBP%GO:1903108	0.8794178794178794	0.9663804195691368	0.05334778506754903	-0.3002922177791449	-0.649264678019624	8	
RRNA BASE METHYLATION%GOBP%GO:0070475	0.8794178794178794	0.9663804195691368	0.05334778506754903	-0.30133036035704686	-0.6515092560228931	8	
ASPIRIN ADME%REACTOME DATABASE ID RELEASE 93%9749641	0.8795180722891566	0.9663804195691368	0.051740545987316304	-0.3374329686677214	-0.6445844831816837	5	
POSITIVE REGULATION OF VITAMIN D RECEPTOR SIGNALING PATHWAY%GOBP%GO:0070564	0.8795180722891566	0.9663804195691368	0.051740545987316304	-0.33674175443991694	-0.6432640847406058	5	
REGULATION OF PROTEIN K48-LINKED UBIQUITINATION%GOBP%GO:0061945	0.8795180722891566	0.9663804195691368	0.051740545987316304	-0.33701761080641723	-0.643791041943795	5	
SEQUESTERING OF EXTRACELLULAR LIGAND FROM RECEPTOR%GOBP%GO:0035581	0.8795180722891566	0.9663804195691368	0.051740545987316304	-0.33793529127286354	-0.6455440496345541	5	
HYALURONAN METABOLIC PROCESS%GOBP%GO:0030212	0.8801571709233792	0.9669428219979308	0.050702793702934776	-0.2664260323355929	-0.6552334823863063	12	
NEGATIVE REGULATION OF INTRINSIC APOPTOTIC SIGNALING PATHWAY BY P53 CLASS MEDIATOR%GOBP%GO:1902254	0.8803245436105477	0.9669428219979308	0.05216303054600547	-0.2720552635379514	-0.6873806043117047	14	
REGULATION OF MESENCHYMAL CELL PROLIFERATION%GOBP%GO:0010464	0.8803245436105477	0.9669428219979308	0.05216303054600547	-0.2716137522738895	-0.6862650725790905	14	
POSTSYNAPTIC SIGNAL TRANSDUCTION%GOBP%GO:0098926	0.8809523809523809	0.9673087033408212	0.05111479544164116	-0.25162103750643633	-0.6868315271088646	18	
PROTEIN DESUMOYLATION%GOBP%GO:0016926	0.8814968814968815	0.9676149413708345	0.053238649475589886	-0.2962934481697939	-0.640618899976853	8	
CELL-CELL JUNCTION ORGANIZATION%GOBP%GO:0045216	0.8815261044176707	0.9676149413708345	0.05163559644842005	-0.21193331288732126	-0.7979839036345148	82	
SIGNALING BY HIGH-KINASE ACTIVITY BRAF MUTANTS%REACTOME DATABASE ID RELEASE 93%6802948	0.8821138211382114	0.9681521216059334	0.05216303054600547	-0.24247754642443786	-0.7181058161363344	25	
NEGATIVE REGULATION OF POTASSIUM ION TRANSPORT%GOBP%GO:0043267	0.8823529411764706	0.9683066271537595	0.05205700307320985	-0.2820258022010811	-0.6550899101691621	10	
RESPONSE TO MANGANESE ION%GOBP%GO:0010042	0.8835341365461847	0.9688360181571949	0.051530912208538955	-0.3349037751697558	-0.6397530676558404	5	
EMBRYONIC CAMERA-TYPE EYE MORPHOGENESIS%GOBP%GO:0048596	0.8835758835758836	0.9688360181571949	0.05312980547054692	-0.29401048252510303	-0.6356828781072479	8	
MALATE METABOLIC PROCESS%GOBP%GO:0006108	0.8835758835758836	0.9688360181571949	0.05312980547054692	-0.2934741362778868	-0.6345232387530173	8	
CDC42 SIGNALING EVENTS%PATHWAY INTERACTION DATABASE NCI-NATURE CURATED DATA%CDC42 SIGNALING EVENTS	0.8836734693877552	0.9688360181571949	0.052269331749930564	-0.2131871255291143	-0.7734912965003531	65	
AKT PHOSPHORYLATES TARGETS IN THE CYTOSOL%REACTOME%R-HSA-198323.6	0.8843813387423936	0.9692362712886918	0.051951247619708235	-0.26950300046160947	-0.6809320022410682	14	
REGULATION OF JUN KINASE ACTIVITY%GOBP%GO:0043506	0.8843813387423936	0.9692362712886918	0.051951247619708235	-0.26931312650947475	-0.6804522626827737	14	
PYRIMIDINE METABOLISM%PANTHER PATHWAY%P02771	0.8850806451612904	0.969893982490488	0.05163559644842005	-0.31025072956369787	-0.6264132760467566	6	
REGULATION OF TELOMERE MAINTENANCE VIA TELOMERASE%GOBP%GO:0032210	0.8852459016393442	0.969893982490488	0.052375908409799665	-0.22392774600206794	-0.751993468127012	43	
GLYCOSYLPHOSPHATIDYL INOSITOL ANCHOR PATHWAY%WIKIPATHWAYS_20250810%WP5505%HOMO SAPIENS	0.8853118712273642	0.969893982490488	0.051530912208538955	-0.24182653854298036	-0.7048664106081092	23	
RETINOIC ACID RECEPTORS-MEDIATED SIGNALING%PATHWAY INTERACTION DATABASE NCI-NATURE CURATED DATA%RETINOIC ACID RECEPTORS-MEDIATED SIGNALING	0.885480572597137	0.969901181198288	0.052269331749930564	-0.2426699242590586	-0.7257345514282726	26	
PORPHYRIN-CONTAINING COMPOUND BIOSYNTHETIC PROCESS%GOBP%GO:0006779	0.8866396761133604	0.97050164656514	0.051740545987316304	-0.24184742357110228	-0.695863657786383	22	
TETRAPYRROLE BIOSYNTHETIC PROCESS%GOBP%GO:0033014	0.8866396761133604	0.97050164656514	0.051740545987316304	-0.24184742357110228	-0.695863657786383	22	
DIGESTION%GOBP%GO:0007586	0.8870967741935484	0.9707345306657805	0.051530912208538955	-0.24418337507671484	-0.6857910547093355	20	
POSITIVE REGULATION OF T CELL ACTIVATION%GOBP%GO:0050870	0.8871287128712871	0.9707345306657805	0.050702793702934776	-0.20972209042991682	-0.8153065021231245	100	
HYPOXIA RESPONSE VIA HIF ACTIVATION%PANTHER PATHWAY%P00030	0.8875502008032129	0.9707641943022033	0.05132233304211431	-0.2688668359104546	-0.6657867907754214	13	
TRANSCRIPTION PREINITIATION COMPLEX ASSEMBLY%GOBP%GO:0070897	0.8879837067209776	0.9710323344170418	0.051951247619708235	-0.22133235650784472	-0.7633343229537194	49	
CELL-SUBSTRATE JUNCTION ORGANIZATION%GOBP%GO:0150115	0.8882113821138211	0.9710323344170418	0.051845762486506596	-0.2417535895142953	-0.7159617921824815	25	
NEGATIVE REGULATION OF TELOMERE MAINTENANCE VIA TELOMERE LENGTHENING%GOBP%GO:1904357	0.8882113821138211	0.9710323344170418	0.051845762486506596	-0.24173822569185402	-0.7159162916797923	25	
PIECEMEAL MICROAUTOPHAGY OF THE NUCLEUS%GOBP%GO:0034727	0.8888888888888888	0.9710323344170418	0.050702793702934776	-0.24924649415096975	-0.6803499099309702	18	
RNA POLYMERASE II PREINITIATION COMPLEX ASSEMBLY%GOBP%GO:0051123	0.8891129032258065	0.9710323344170418	0.0514264916187015	-0.21942833339735676	-0.7474998454422712	46	
BIOCARTA_IRES_PATHWAY%MSIGDB_C2%BIOCARTA_IRES_PATHWAY	0.8895582329317269	0.9710323344170418	0.051218434854034045	-0.3287692035669525	-0.628034444897233	5	
BIOCARTA_RNAPOL3_PATHWAY%MSIGDB_C2%BIOCARTA_RNAPOL3_PATHWAY	0.8895582329317269	0.9710323344170418	0.051218434854034045	-0.3265699980165026	-0.6238333919333096	5	
GAMMA-DELTA T CELL ACTIVATION%GOBP%GO:0046629	0.8895582329317269	0.9710323344170418	0.051218434854034045	-0.3256512325350635	-0.6220783115825163	5	
JNK SIGNALING IN THE CD4+ TCR PATHWAY%PATHWAY INTERACTION DATABASE NCI-NATURE CURATED DATA%JNK SIGNALING IN THE CD4+ TCR PATHWAY	0.8895582329317269	0.9710323344170418	0.051218434854034045	-0.2907021456586941	-0.6571226527342541	9	
MOLYBDENUM COFACTOR MOCO BIOSYNTHESIS%WIKIPATHWAYS_20250810%WP4507%HOMO SAPIENS	0.8895582329317269	0.9710323344170418	0.051218434854034045	-0.32825800932161153	-0.6270579313107286	5	
NEGATIVE REGULATION OF NUCLEAR-TRANSCRIBED MRNA CATABOLIC PROCESS, NONSENSE-MEDIATED DECAY%GOBP%GO:2000623	0.8895582329317269	0.9710323344170418	0.051218434854034045	-0.32889643727952067	-0.6282774942862209	5	
FRUCTOSE GALACTOSE METABOLISM%PANTHER PATHWAY%P02744	0.8895705521472392	0.9710323344170418	0.05205700307320985	-0.3047706815679083	-0.6385029061530673	7	
PID_TCR_JNK_PATHWAY%MSIGDB_C2%PID_TCR_JNK_PATHWAY	0.8898128898128899	0.971189193337514	0.052805004567128964	-0.2906797908335897	-0.6284815577245015	8	
MYOBLAST DIFFERENTIATION%GOBP%GO:0045445	0.8904382470119522	0.9716115152980482	0.05080541390663644	-0.24709693100692665	-0.6848801752926174	19	
PROTEIN INSERTION INTO MEMBRANE%GOBP%GO:0051205	0.890495867768595	0.9716115152980482	0.052482762263545854	-0.2196507204123831	-0.779775348665275	60	
GLYOXYLATE METABOLISM AND GLYCINE DEGRADATION%REACTOME%R-HSA-389661.10	0.8908730158730159	0.9719153146022952	0.05060042438536184	-0.27322557955148374	-0.6523689097947714	11	
NEGATIVE REGULATION OF TELOMERE MAINTENANCE VIA TELOMERASE%GOBP%GO:0032211	0.8911290322580645	0.9720627612644718	0.05132233304211431	-0.24097174907378027	-0.6767711761725905	20	
MEMBRANE TUBULATION%GOBP%GO:0097749	0.891566265060241	0.9722407183279579	0.05111479544164116	-0.3255364440075528	-0.6218590357246391	5	
ENDOGENOUS_CANNABINOID_SIGNALING%PANTHER PATHWAY%P05730	0.8917835671342685	0.9723699891477307	0.05101141320391501	-0.25474127322251916	-0.678519920816331	17	
JNK CASCADE%GOBP%GO:0007254	0.8922764227642277	0.9726919462507293	0.05163559644842005	-0.2299992854380111	-0.7116642252103853	29	
SEMA4D IN SEMAPHORIN SIGNALING%REACTOME DATABASE ID RELEASE 93%400685	0.8927125506072875	0.9729519341686244	0.0514264916187015	-0.23931313435641477	-0.6885717886534354	22	
PHARYNGEAL ARCH ARTERY MORPHOGENESIS%GOBP%GO:0061626	0.893574297188755	0.9736617898740759	0.05101141320391501	-0.3246048657330224	-0.6200794796160515	5	
SPHINGOLIPID BIOSYNTHETIC PROCESS%GOBP%GO:0030148	0.893970893970894	0.973892168846805	0.05258989506236158	-0.21453970208911022	-0.789142641694496	72	
CELL JUNCTION ORGANIZATION%REACTOME DATABASE ID RELEASE 93%446728	0.8948412698412699	0.9744091067083768	0.05039643224429567	-0.19524985614167664	-0.82538327777468945	190	
PROTEIN DEACYLATION%GOBP%GO:0035601	0.8951612903225806	0.9746269384447384	0.05111479544164116	-0.25770401828902134	-0.67422505948859	16	
GLYPICAN 3 NETWORK%PATHWAY INTERACTION DATABASE NCI-NATURE CURATED DATA%GLYPICAN 3 NETWORK	0.8955823293172691	0.9746770879250394	0.050908286551510536	-0.3236154637349884	-0.6181894651990261	5	
PURINE NUCLEOTIDE CATABOLIC PROCESS%GOBP%GO:0006195	0.8957915831663327	0.974786016494765	0.05080541390663644	-0.21977071220558506	-0.7448221178950983	44	
REGULATION OF GLIAL CELL PROLIFERATION%GOBP%GO:0060251	0.896049896049896	0.974786016494765	0.052482762263545854	-0.2855053354850211	-0.6172938182930183	8	
NUCLEOTIDE-BINDING DOMAIN, LEUCINE RICH REPEAT CONTAINING RECEPTOR (NLR) SIGNALING PATHWAYS%REACTOME%R-HSA-168643.3	0.8979166666666667	0.9761386220602849	0.052482762263545854	-0.2226947466797194	-0.7381987750724537	41	
POSITIVE REGULATION OF TRANSCRIPTION BY RNA POLYMERASE III%GOBP%GO:0045945	0.8993839835728953	0.9770864727197096	0.051740545987316304	-0.2555109562118543	-0.6568868555452437	15	
PLASMA MEMBRANE BOUNDED CELL PROJECTION ASSEMBLY%GOBP%GO:0120031	0.8995901639344263	0.9771123686759232	0.05163559644842005	-0.19480844596966526	-0.852105498506745	279	
REGULATION OF PROTEIN K63-LINKED UBIQUITINATION%GOBP%GO:1900044	0.9007936507936508	0.9780783288171907	0.05009228744021063	-0.2711739945545116	-0.6474704289496649	11	
SENSORY PROCESSING OF SOUND BY OUTER HAIR CELLS OF THE COCHLEA%REACTOME%R-HSA-9662361.2	0.9014084507042254	0.9785300557479386	0.050702793702934776	-0.23709047930599403	-0.691061932841048	23	
DIGESTIVE SYSTEM PROCESS%GOBP%GO:0022600	0.9018036072144289	0.9786353264227121	0.05049830441007088	-0.2514079626830038	-0.6696414317724587	17	
ENDODERM DIFFERENTIATION%WIKIPATHWAYS_20250810%WP2853%HOMO SAPIENS	0.9027777777777778	0.9795845272206304	0.04999139140245922	-0.20592923608238148	-0.7972195106573153	96	
PID_CD40_PATHWAY%MSIGDB_C2%PID_CD40_PATHWAY	0.9032258064516129	0.979962676619568	0.050702793702934776	-0.23654262126243003	-0.6643319336064901	20	
RND1 GTPASE CYCLE%REACTOME DATABASE ID RELEASE 93%9696273	0.9040816326530612	0.9805707839296545	0.051218434854034045	-0.22471491220726159	-0.7169090910104144	33	
BIOCARTA_ARF_PATHWAY%MSIGDB_C2%BIOCARTA_ARF_PATHWAY	0.9047619047619048	0.9806567276844688	0.049890735672630714	-0.26888369740137474	-0.642001985404406	11	
REGULATION OF PHOSPHOLIPID METABOLIC PROCESS%GOBP%GO:1903725	0.9047619047619048	0.9806567276844688	0.049890735672630714	-0.2425509147622248	-0.6620734769982402	18	
DNA-TEMPLATED TRANSCRIPTION ELONGATION%GOBP%GO:0006354	0.9049586776859504	0.9806569888738352	0.051740545987316304	-0.2229929832821169	-0.7242295996149758	38	
CXCR3-MEDIATED SIGNALING EVENTS%PATHWAY INTERACTION DATABASE NCI-NATURE CURATED DATA%CXCR3-MEDIATED SIGNALING EVENTS	0.9054621848739496	0.9806569888738352	0.052482762263545854	-0.23217106178170424	-0.7206987859998983	31	
HEMATOPOIETIC STEM CELL GENE REGULATION BY GABP ALPHA BETA COMPLEX%WIKIPATHWAYS_20250810%WP3657%HOMO SAPIENS	0.9055441478439425	0.9806569888738352	0.0514264916187015	-0.25110936687882146	-0.6455709173982309	15	
MIRNA CATABOLIC PROCESS%GOBP%GO:0010587	0.9056224899598394	0.9806569888738352	0.05039643224429567	-0.28324232869337845	-0.6402599814868407	9	
NATURAL KILLER CELL DIFFERENTIATION%GOBP%GO:0001779	0.9056224899598394	0.9806569888738352	0.05039643224429567	-0.3209087510185081	-0.613018941926323	5	
PHOSPHATIDYLETHANOLAMINE BIOSYNTHESIS%SMPDB%SMP0029731	0.9056224899598394	0.9806569888738352	0.05039643224429567	-0.32017235621500706	-0.611612236868111	5	
ESTABLISHMENT OR MAINTENANCE OF APICAL/BASAL CELL POLARITY%GOBP%GO:0035088	0.9058577405857741	0.9806569888738352	0.052269331749930564	-0.22755295677111426	-0.7153445892347294	32	
ESTABLISHMENT OR MAINTENANCE OF BIPOLAR CELL POLARITY%GOBP%GO:0061245	0.9058577405857741	0.9806569888738352	0.052269331749930564	-0.22755295677111426	-0.7153445892347294	32	
WNT5A-DEPENDENT INTERNALIZATION OF FZD4%REACTOME DATABASE ID RELEASE 93%5099900	0.9066937119675457	0.9811871006233024	0.05080541390663644	-0.2638549938187098	-0.6666616287556778	14	
PLATELET CALCIUM HOMEOSTASIS%REACTOME DATABASE ID RELEASE 93%418360	0.9067460317460317	0.9811871006233024	0.0497903187820785	-0.24019708768975223	-0.6556484075415769	18	
NEGATIVE REGULATION OF AMYLOID-BETA CLEARANCE%GOBP%GO:1900222	0.907258064516129	0.9812078243785769	0.05049830441007088	-0.3002159957604375	-0.6061525969347453	6	
RESPONSE TO ALKALOID%GOBP%GO:0043279	0.907258064516129	0.9812078243785769	0.05049830441007088	-0.25256152376302304	-0.6607708700633308	16	
ALKANESULFONATE METABOLIC PROCESS%GOBP%GO:0019694	0.9076305220883534	0.9812078243785769	0.050294806366235845	-0.31600297629290874	-0.6036476398908657	5	
DETERMINATION OF LEFT/RIGHT ASYMMETRY IN LATERAL MESODERM%GOBP%GO:0003140	0.9076305220883534	0.9812078243785769	0.050294806366235845	-0.3149073575766895	-0.601554723994868	5	
TAURINE METABOLIC PROCESS%GOBP%GO:0019530	0.9076305220883534	0.9812078243785769	0.050294806366235845	-0.31600297629290874	-0.6036476398908657	5	
FORMATION OF ANNULAR GAP JUNCTIONS%REACTOME DATABASE ID RELEASE 93%196025	0.9085239085239085	0.9819238642509773	0.051845762486506596	-0.278950493098834	-0.6031215308364477	8	
NEGATIVE REGULATION OF CELLULAR RESPONSE TO VASCULAR ENDOTHELIAL GROWTH FACTOR STIMULUS%GOBP%GO:1902548	0.9085239085239085	0.9819238642509773	0.051845762486506596	-0.2790157715127556	-0.6032626699199373	8	
GPI ANCHORED PROTEIN BIOSYNTHESIS%GOBP%GO:0180046	0.9094650205761317	0.9824948440046745	0.05132233304211431	-0.23287473034383954	-0.7066591842334222	27	
POSITIVE REGULATION OF MIRNA PROCESSING%GOBP%GO:1903800	0.9096385542168675	0.9824948440046745	0.05019342526494341	-0.3137008716470811	-0.5992500229679556	5	
RND2 GTPASE CYCLE%REACTOME DATABASE ID RELEASE 93%9696270	0.9096509240246407	0.9824948440046745	0.051218434854034045	-0.2233401777995686	-0.723140680787157	37	
CELLULAR RESPONSE TO UV-B%GOBP%GO:0071493	0.9106029106029107	0.9828199794937097	0.051740545987316304	-0.27880495137645833	-0.6028068536855861	8	
TNFALPHA%NETPATH%TNFALPHA	0.9106796116504854	0.9828199794937097	0.04860342472590687	-0.19673175859832634	-0.8142093624498139	156	
RND3 GTPASE CYCLE%REACTOME DATABASE ID RELEASE 93%9696264	0.9107505070993914	0.9828199794937097	0.05060042438536184	-0.21909527982993227	-0.7059124020314974	34	
B CELL ACTIVATION%REACTOME%R-HSA-983705.3	0.911522633744856	0.983222157301912	0.051218434854034045	-0.20987583299072743	-0.7806446071626747	78	
INTRACELLULAR SIGNALLING THROUGH ADENOSINE RECEPTOR A2A AND ADENOSINE%SMPDB%SMP0000320	0.9118852459016393	0.9835055461877029	0.05101141320391501	-0.21938814826231023	-0.7059798542166343	35	
SUMOYLATION OF TRANSCRIPTION COFACTORS%REACTOME DATABASE ID RELEASE 93%3899300	0.9122448979591836	0.9836283462596948	0.05080541390663644	-0.21493026413762414	-0.7215781676207985	42	
ADVANCED GLYCOSYLATION ENDPRODUCT RECEPTOR SIGNALING%REACTOME%R-HSA-879415.2	0.9126984126984127	0.9836283462596948	0.04949048661354951	-0.26305180816478735	-0.6280774354791692	11	
ESTABLISHMENT OF PROTEIN LOCALIZATION TO MITOCHONDRION%GOBP%GO:0072655	0.9134808853118712	0.9840407873939478	0.05009228744021063	-0.2013113742349591	-0.7422477185122048	68	
PROTEIN TARGETING TO MITOCHONDRION%GOBP%GO:0006626	0.9138276553106213	0.9840729595827201	0.049890735672630714	-0.22467651831005095	-0.7009841763790516	30	
CELLULAR RESPONSE TO INTERLEUKIN-12%GOBP%GO:0071349	0.9141104294478528	0.9840729595827201	0.05080541390663644	-0.29373592927465175	-0.6153847985592644	7	
MYD88 DISTINCT INPUT OUTPUT PATHWAY%WIKIPATHWAYS_20250810%WP3877%HOMO SAPIENS	0.9141104294478528	0.9840729595827201	0.05080541390663644	-0.2939879650391794	-0.6159128203731656	7	
REGULATION OF CARTILAGE DEVELOPMENT%GOBP%GO:0061035	0.9141104294478528	0.9840729595827201	0.05080541390663644	-0.23693384814474802	-0.7085801033091327	26	
RESPONSE TO INTERLEUKIN-12%GOBP%GO:0070671	0.9141104294478528	0.9840729595827201	0.05080541390663644	-0.29373592927465175	-0.6153847985592644	7	
REGULATION OF DNA DAMAGE RESPONSE, SIGNAL TRANSDUCTION BY P53 CLASS MEDIATOR%GOBP%GO:0043516	0.9156378600823045	0.9842627793475468	0.05101141320391501	-0.23019221550722446	-0.6985190835735628	27	
FATTY ACID TRANSMEMBRANE TRANSPORT%GOBP%GO:1902001	0.9156626506024096	0.9842627793475468	0.049890735672630714	-0.27438273915454037	-0.6202331703096945	9	
REGULATION OF MRNA 3'-END PROCESSING%GOBP%GO:0031440	0.9156626506024096	0.9842627793475468	0.049890735672630714	-0.27763967838907766	-0.6275953744817483	9	
SEROTONIN RECEPTOR 2 AND ELK SRF GATA4 SIGNALING%WIKIPATHWAYS_20250810%WP732%HOMO SAPIENS	0.9156626506024096	0.9842627793475468	0.049890735672630714	-0.27915552548845696	-0.6310218970649464	9	
PID_LYSOPHOSPHOLIPID_PATHWAY%MSIGDB_C2%PID_LYSOPHOSPHOLIPID_PATHWAY	0.9159836065573771	0.9844749034127208	0.05080541390663644	-0.2147376691029847	-0.7211313801406857	43	
FREE FATTY ACIDS REGULATE INSULIN SECRETION%REACTOME%R-HSA-400451.5	0.9161554192229039	0.9845520909920008	0.050702793702934776	-0.2910324990724491	-0.6097210384107878	7	
NEGATIVE REGULATION OF TYPE I INTERFERON PRODUCTION%GOBP%GO:0032480	0.9183673469387755	0.9857456555062885	0.05049830441007088	-0.22045266532348534	-0.7033112237879149	33	
MICROAUTOPHAGY%GOBP%GO:0016237	0.9193548387096774	0.9858329230980541	0.049890735672630714	-0.23061431185408454	-0.6555652700108516	21	
TARGETED THERAPY IN BREAST CANCER%WIKIPATHWAYS_20250810%WP5496%HOMO SAPIENS	0.9193548387096774	0.9858329230980541	0.049890735672630714	-0.2471490999434105	-0.6466104708736563	16	
GABA SYNTHESIS, RELEASE, REUPTAKE AND DEGRADATION%REACTOME DATABASE ID RELEASE 93%888590	0.9194499017681729	0.9858329230980541	0.04870108645215302	-0.2540390800659727	-0.624769695493467	12	
GLIAL CELL PROLIFERATION%GOBP%GO:0014009	0.9196787148594378	0.9859708870324503	0.049690139272460555	-0.30723186638673505	-0.5868925451882847	5	
ADP TRANSPORT%GOBP%GO:0015866	0.9213709677419355	0.9870164460850515	0.0497903187820785	-0.2938643702906351	-0.5933283159915347	6	
BIOCARTA_IL12_PATHWAY%MSIGDB_C2%BIOCARTA_IL12_PATHWAY	0.9213709677419355	0.9870164460850515	0.0497903187820785	-0.29384923781379824	-0.5932977626890383	6	
COENZYME A BIOSYNTHESIS%PANTHER PATHWAY%P02736	0.9213709677419355	0.9870164460850515	0.0497903187820785	-0.2952811037998123	-0.5961887788178976	6	
REGULATION OF T CELL MIGRATION%GOBP%GO:2000404	0.9213709677419355	0.9870164460850515	0.0497903187820785	-0.24676703474735917	-0.6456108825426458	16	
NEGATIVE REGULATION OF VASCULAR ENDOTHELIAL GROWTH FACTOR SIGNALING PATHWAY%GOBP%GO:1900747	0.9222903885480572	0.9872491184678889	0.05039643224429567	-0.28587001954309066	-0.5989055027250935	7	
DOSAGE COMPENSATION BY INACTIVATION OF X CHROMOSOME%GOBP%GO:0009048	0.922920892494929	0.9872491184678889	0.04999139140245922	-0.25512746555732635	-0.6446104705739124	14	
MITOCHONDRIAL RNA MODIFICATION%GOBP%GO:1900864	0.922920892494929	0.9872491184678889	0.04999139140245922	-0.2540578122301064	-0.6419078617697055	14	
POSITIVE REGULATION OF T CELL MIGRATION%GOBP%GO:2000406	0.922920892494929	0.9872491184678889	0.04999139140245922	-0.25459959858081715	-0.6432767506649849	14	
SEX-CHROMOSOME DOSAGE COMPENSATION%GOBP%GO:0007549	0.922920892494929	0.9872491184678889	0.04999139140245922	-0.25512746555732635	-0.6446104705739124	14	
REGULATION OF MRNA METABOLIC PROCESS%GOBP%GO:1903311	0.9230769230769231	0.9872491184678889	0.04870108645215302	-0.189676863211944	-0.8227623099699942	242	
REGULATION OF PROTEIN MODIFICATION BY SMALL PROTEIN CONJUGATION OR REMOVAL%GOBP%GO:1903320	0.9230769230769231	0.9872491184678889	0.04870108645215302	-0.1955826125451204	-0.8200425639790766	174	
REGULATION OF POST-TRANSLATIONAL PROTEIN MODIFICATION%GOBP%GO:1901873	0.923679060665362	0.9872664779831442	0.04831175810550189	-0.1920665351240278	-0.8083714603813916	178	
RHOT2 GTPASE CYCLE%REACTOME%R-HSA-9013419.2	0.9243353783231084	0.9876965621949897	0.050294806366235845	-0.2834838212151786	-0.5939063520220429	7	
PHOSPHATIDYLETHANOLAMINE METABOLIC PROCESS%GOBP%GO:0046337	0.9246031746031746	0.9876965621949897	0.04889707722601022	-0.23255331455580497	-0.634783759551528	18	
THYROXINE THYROID HORMONE PRODUCTION%WIKIPATHWAYS_20250810%WP1981%HOMO SAPIENS	0.9249492900608519	0.9876965621949897	0.049890735672630714	-0.25137151517465084	-0.6351206066020355	14	
DEACTIVATION OF THE BETA-CATENIN TRANSACTIVATING COMPLEX%REACTOME%R-HSA-3769402.5	0.925	0.9876965621949897	0.05111479544164116	-0.21821904528599784	-0.7141810030782878	39	
GDP-FUCOSE BIOSYNTHESIS%REACTOME DATABASE ID RELEASE 93%6787639	0.9257028112449799	0.98782822263156	0.04939101059815013	-0.30445144921965095	-0.5815812272997258	5	
GDP-L-FUCOSE BIOSYNTHETIC PROCESS%GOBP%GO:0042350	0.9257028112449799	0.98782822263156	0.04939101059815013	-0.30445144921965095	-0.5815812272997258	5	
RESPONSE OF ENDOTHELIAL CELLS TO SHEAR STRESS%REACTOME DATABASE ID RELEASE 93%9860931	0.9273858921161826	0.9888364161838734	0.05080541390663644	-0.20580874214355935	-0.7552170747658936	70	
ER-PHAGOSOME PATHWAY%REACTOME%R-HSA-1236974.8	0.9275653923541247	0.9888364161838734	0.04939101059815013	-0.2002856285707817	-0.7386814814403068	69	
POSITIVE REGULATION OF PROTEIN SUMOYLATION%GOBP%GO:0033235	0.927710843373494	0.9888364161838734	0.04929176623126693	-0.25921874425762415	-0.5859554578761252	9	
LYSOPHOSPHATIDIC ACID LPA6 SIGNALLING%PATHWHIZ%PW064749	0.9284253578732107	0.9892085351822998	0.05009228744021063	-0.2806612841214917	-0.587993059681151	7	
PROTEIN-RNA COMPLEX ASSEMBLY%GOBP%GO:0022618	0.9291338582677166	0.9894280735998201	0.04831175810550189	-0.1890211013703681	-0.7987778559422345	186	
TCA CYCLE IN SENESCENCE%WIKIPATHWAYS_20250810%WP5050%HOMO SAPIENS	0.9294354838709677	0.9895352264482643	0.04939101059815013	-0.2908270436991089	-0.5871957866553507	6	
MITOCHONDRIAL CARRIER DEFICIENCY ASSOCIATED WITH SHUTTLE DISTURBANCES%WIKIPATHWAYS_20250810%WP5507%HOMO SAPIENS	0.929718875502008	0.9896229241289481	0.04919275210451909	-0.30180815539003714	-0.5765318505485858	5	
NEGATIVE REGULATION OF TELOMERE MAINTENANCE%GOBP%GO:0032205	0.9306122448979591	0.9900177139580856	0.049890735672630714	-0.2165833646165037	-0.6909669746882838	33	
AGGREPHAGY%REACTOME%R-HSA-9646399.4	0.9314516129032258	0.9906105617460749	0.04929176623126693	-0.22006944293877062	-0.625589464163768	21	
POSITIVE REGULATION OF PEPTIDASE ACTIVITY%GOBP%GO:0010952	0.9317269076305221	0.9907963206102303	0.049093966819213915	-0.3009596005925208	-0.5749108908131813	5	
STEM CELL DIVISION%GOBP%GO:0017145	0.9325153374233128	0.9914205822556892	0.049890735672630714	-0.2788849466874329	-0.5842715842159911	7	
ANDROGEN RECEPTOR SIGNALING%WIKIPATHWAYS_20250810%WP138%HOMO SAPIENS	0.9326315789473684	0.991437111457114	0.051218434854034045	-0.20399281630447733	-0.7289180869917083	62	
NEGATIVE REGULATION OF PEROXISOME PROLIFERATOR ACTIVATED RECEPTOR SIGNALING PATHWAY%GOBP%GO:0035359	0.9334677419354839	0.9919244698931693	0.04919275210451909	-0.28929933002487646	-0.5841112487756713	6	
CHROMATIN MODIFYING ENZYMES%REACTOME%R-HSA-3247509.6	0.93359375	0.9919244698931693	0.0477342401407188	-0.189158126472233	-0.8084073178211582	210	
NEGATIVE REGULATION OF PROTEIN KINASE ACTIVITY BY REGULATION OF PROTEIN PHOSPHORYLATION%GOBP%GO:0044387	0.9337349397590361	0.9919674381600635	0.048995408986248136	-0.30006919351118627	-0.5732099823613207	5	
CELLULAR RESPONSE TO CALCIUM ION%GOBP%GO:0071277	0.9342915811088296	0.9923446502262714	0.04999139140245922	-0.21257289420330558	-0.6882778949384879	37	
NUCLEAR BODY ORGANIZATION%GOBP%GO:0030575	0.9345238095238095	0.9923772032540367	0.048408761881695135	-0.2552026989255777	-0.6093364565208707	11	
REGULATION OF TRANSCRIPTION INITIATION BY RNA POLYMERASE II%GOBP%GO:0060260	0.9346938775510204	0.9924379518241743	0.049690139272460555	-0.2003651835486262	-0.7269703797164471	65	
REGULATION OF MITOCHONDRIAL TRANSLATION%GOBP%GO:0070129	0.9354838709677419	0.9928152264229332	0.049093966819213915	-0.22374720111703011	-0.6283958889261098	20	
INTESTINAL ABSORPTION%GOBP%GO:0050892	0.9355509355509356	0.9928152264229332	0.05049830441007088	-0.25963291379376763	-0.5613548077412562	8	
REGULATION OF GLYCOGEN METABOLIC PROCESS%GOBP%GO:0070873	0.9356136820925554	0.9928152264229332	0.048995408986248136	-0.22286715202610619	-0.6496043421767501	23	
ENDOCHONDRAL OSSIFICATION%GOBP%GO:0001958	0.9357429718875502	0.9928152264229332	0.04889707722601022	-0.2976089797801184	-0.5685103360801108	5	
PHENOL-CONTAINING COMPOUND CATABOLIC PROCESS%GOBP%GO:0019336	0.9357429718875502	0.9928152264229332	0.04889707722601022	-0.29805980341347915	-0.5693715261406531	5	
REPLACEMENT OSSIFICATION%GOBP%GO:0036075	0.9357429718875502	0.9928152264229332	0.04889707722601022	-0.2976089797801184	-0.5685103360801108	5	
MACROMOLECULE DEACYLATION%GOBP%GO:0098732	0.935871743486974	0.9928448643866767	0.04879897016828393	-0.23463272943823754	-0.6249595088593558	17	
LONG-CHAIN FATTY ACID TRANSPORT%GOBP%GO:0015909	0.9362549800796812	0.9931439714914513	0.04850598364694698	-0.220723952932774	-0.6117820199541049	19	
N-TERMINAL PROTEIN AMINO ACID ACETYLATION%GOBP%GO:0006474	0.9375	0.9933948557899269	0.048995408986248136	-0.28500353903003206	-0.5754378106371797	6	
NEGATIVE REGULATION OF PROTEIN LOCALIZATION%GOBP%GO:1903828	0.9375	0.9933948557899269	0.048995408986248136	-0.19935405002911946	-0.7832011311228001	111	
REGULATION OF IMMUNE RESPONSE TO TUMOR CELL%GOBP%GO:0002837	0.9375	0.9933948557899269	0.048995408986248136	-0.23590101899691185	-0.6171823769865824	16	
BIOCARTA_STRESS_PATHWAY%MSIGDB_C2%BIOCARTA_STRESS_PATHWAY	0.937625754527163	0.9934211964999943	0.04889707722601022	-0.2185345890542011	-0.6369759593320047	23	
REGULATION OF TRANSFORMING GROWTH FACTOR BETA2 PRODUCTION%GOBP%GO:0032909	0.9377510040160643	0.9934469965076576	0.04879897016828393	-0.29714768970554317	-0.567629152402384	5	
PHOSPHATIDYLINOSITOL-MEDIATED SIGNALING%GOBP%GO:0048015	0.9378757515030061	0.9934722592037222	0.04870108645215302	-0.23332106803945946	-0.621465813561463	17	
POSITIVE REGULATION OF LIPID STORAGE%GOBP%GO:0010884	0.9384920634920635	0.9938480173403034	0.048214971002556443	-0.25376917298159885	-0.6059136885693078	11	
MITOCHONDRIAL RNA 3'-END PROCESSING%GOBP%GO:0000965	0.9386503067484663	0.9938480173403034	0.04959019569563381	-0.2696655132641292	-0.5649566192607662	7	
RHO GTPASES ACTIVATE RHOTEKIN AND RHOPHILINS%REACTOME DATABASE ID RELEASE 93%5666185	0.9386503067484663	0.9938480173403034	0.04959019569563381	-0.26949106095902425	-0.5645911369144277	7	
CDP-CHOLINE PATHWAY%GOBP%GO:0006657	0.9397590361445783	0.9948250155767678	0.04870108645215302	-0.29339127068218457	-0.5604534178428786	5	
REGULATORY NCRNA PROCESSING%GOBP%GO:0070918	0.9400826446280992	0.9950606019144554	0.04999139140245922	-0.21491205814521505	-0.6979846250409872	38	
TRANSCRIPTION ELONGATION BY RNA POLYMERASE II%GOBP%GO:0006368	0.9408163265306122	0.9950883608357941	0.04939101059815013	-0.21438671777241503	-0.6839590014443274	33	
RETINOIC ACID RECEPTOR SIGNALING PATHWAY%GOBP%GO:0048384	0.9411764705882353	0.9952554537011883	0.049093966819213915	-0.2614359989618474	-0.6072638876949014	10	
TRK RECEPTOR SIGNALING MEDIATED BY PI3K AND PLC-GAMMA%PATHWAY INTERACTION DATABASE NCI-NATURE CURATED DATA%TRK RECEPTOR SIGNALING MEDIATED BY PI3K AND PLC-GAMMA	0.9411764705882353	0.9952554537011883	0.050702793702934776	-0.22026881154552838	-0.6837521603952644	31	
PID_TELOMERASE_PATHWAY%MSIGDB_C2%PID_TELOMERASE_PATHWAY	0.9418837675350702	0.9957894958821326	0.04850598364694698	-0.20263195137316672	-0.712925630073583	54	
AMIDE BIOSYNTHETIC PROCESS%GOBP%GO:0043604	0.943089430894309	0.996375153222921	0.049093966819213915	-0.19700034124616228	-0.755585508467097	90	
REGULATION OF EMBRYONIC DEVELOPMENT%GOBP%GO:0045995	0.9432048681541582	0.996375153222921	0.048995408986248136	-0.20359533164277835	-0.712633991724104	53	
PID_CDC42_PATHWAY%MSIGDB_C2%PID_CDC42_PATHWAY	0.9438877755511023	0.996375153222921	0.048408761881695135	-0.2017563768674707	-0.709845071938898	54	
POSITIVE REGULATION OF LYMPHOCYTE MIGRATION%GOBP%GO:2000403	0.9438877755511023	0.996375153222921	0.048408761881695135	-0.22942957732180502	-0.6111005753721496	17	
PROTEIN BRANCHED POLYUBIQUITINATION%GOBP%GO:0141198	0.9442231075697212	0.996375153222921	0.048118399265797474	-0.21620066917081834	-0.5992448048492374	19	
ANDROGEN RECEPTOR SIGNALING PATHWAY%GOBP%GO:0030521	0.944558521560575	0.996375153222921	0.04949048661354951	-0.2317940709438963	-0.5959136964370337	15	
G-SECRETASE MEDIATED ERBB4 SIGNALLING PATHWAY%PATHWHIZ%PW090995	0.9455645161290323	0.9967910306002624	0.04860342472590687	-0.28055465385638345	-0.5664552669367985	6	
SIGNALING BY HEDGEHOG%REACTOME DATABASE ID RELEASE 93%5358351	0.946	0.9968775352216359	0.048214971002556443	-0.1949798540319119	-0.7680176799815261	112	
AMYLOID FIBER FORMATION%REACTOME%R-HSA-977225.8	0.9467213114754098	0.9968775352216359	0.04929176623126693	-0.20836860540908106	-0.6997428100263945	43	
PID_AJDISS_2PATHWAY%MSIGDB_C2%PID_AJDISS_2PATHWAY	0.9474789915966386	0.9968775352216359	0.05039643224429567	-0.217016928911358	-0.6736577591004799	31	
RNA POLYMERASE I TRANSCRIPTION TERMINATION%REACTOME DATABASE ID RELEASE 93%73863	0.9474789915966386	0.9968775352216359	0.05039643224429567	-0.21746924108902793	-0.6750618136576589	31	
BIOCARTA_DEATH_PATHWAY%MSIGDB_C2%BIOCARTA_DEATH_PATHWAY	0.9475806451612904	0.9968775352216359	0.04850598364694698	-0.21235200276829397	-0.6036511650682971	21	
BIOCARTA_TERT_PATHWAY%MSIGDB_C2%BIOCARTA_TERT_PATHWAY	0.9475806451612904	0.9968775352216359	0.04850598364694698	-0.27661716590597674	-0.5585052623392992	6	
ENDODERMAL CELL FATE COMMITMENT%GOBP%GO:0001711	0.9475806451612904	0.9968775352216359	0.04850598364694698	-0.2761701294763497	-0.557602671216343	6	
REGULATION OF EXTRACELLULAR EXOSOME ASSEMBLY%GOBP%GO:1903551	0.9475806451612904	0.9968775352216359	0.04850598364694698	-0.2771900477428084	-0.5596619422565458	6	
INTRINSIC APOPTOTIC SIGNALING PATHWAY IN RESPONSE TO OXIDATIVE STRESS%GOBP%GO:0008631	0.9489194499017681	0.9968775352216359	0.04725873366732593	-0.24353846153846154	-0.5989450537170029	12	
MAP2K AND MAPK ACTIVATION%REACTOME DATABASE ID RELEASE 93%5674135	0.9491869918699187	0.9968775352216359	0.04879897016828393	-0.21321830204228204	-0.6597404745611314	29	
MRNA PSEUDOURIDINE SYNTHESIS%GOBP%GO:1990481	0.949290060851927	0.9968775352216359	0.04870108645215302	-0.2587536018737878	-0.6010332121547886	10	
GENETIC CAUSES OF PORTO SINUSOIDAL VASCULAR DISEASE%WIKIPATHWAYS_20250810%WP5269%HOMO SAPIENS	0.9493927125506073	0.9968775352216359	0.04860342472590687	-0.2098080534146483	-0.6036772992094132	22	
REGULATION OF MAST CELL ACTIVATION%GOBP%GO:0033003	0.9495967741935484	0.9969846953260534	0.048408761881695135	-0.27556114950136074	-0.556373107174008	6	
DOPAMINERGIC NEURON AXON GUIDANCE%GOBP%GO:0036514	0.9497991967871486	0.9969846953260534	0.048214971002556443	-0.2885478761014592	-0.5512012780623816	5	
REGULATION OF RESPONSE TO TUMOR CELL%GOBP%GO:0002834	0.9498997995991983	0.9969846953260534	0.048118399265797474	-0.22343520890899332	-0.5951341859082323	17	
SLC25A46 PATHWAY%WIKIPATHWAYS_20250810%WP5521%HOMO SAPIENS	0.9498997995991983	0.9969846953260534	0.048118399265797474	-0.22325090299433994	-0.5946432751381218	17	
NEURAL TUBE CLOSURE%GOBP%GO:0001843	0.950920245398773	0.997410450599739	0.048995408986248136	-0.22343398801134148	-0.6682070947124711	26	
TUBE CLOSURE%GOBP%GO:0060606	0.950920245398773	0.997410450599739	0.048995408986248136	-0.22343398801134148	-0.6682070947124711	26	
MIRNA REGULATION OF PROSTATE CANCER SIGNALING%WIKIPATHWAYS_20250810%WP3981%HOMO SAPIENS	0.9512195121951219	0.997410450599739	0.04870108645215302	-0.21828327019839666	-0.6464536127413144	25	
BRAIN MORPHOGENESIS%GOBP%GO:0048854	0.9513184584178499	0.997410450599739	0.04860342472590687	-0.23956677172117188	-0.605294491189771	14	
POSITIVE REGULATION OF T-HELPER 17 TYPE IMMUNE RESPONSE%GOBP%GO:2000318	0.9513184584178499	0.997410450599739	0.04860342472590687	-0.25441529523170636	-0.5909561876901223	10	
RIBOSOMAL SUBUNIT EXPORT FROM NUCLEUS%GOBP%GO:0000054	0.9523809523809523	0.9977109026153519	0.04754341942013011	-0.24820853618677058	-0.5926367963780215	11	
RIBOSOME LOCALIZATION%GOBP%GO:0033750	0.9523809523809523	0.9977109026153519	0.04754341942013011	-0.24820853618677058	-0.5926367963780215	11	
REGULATION OF MITOCHONDRIAL GENE EXPRESSION%GOBP%GO:0062125	0.9529652351738241	0.9977109026153519	0.04889707722601022	-0.21635848903238009	-0.6626083152029584	28	
REGULATION OF EARLY ENDOSOME TO LATE ENDOSOME TRANSPORT%GOBP%GO:2000641	0.9543650793650794	0.9983721389108129	0.04744831936562972	-0.21590637444626276	-0.5893438257112018	18	
HALLMARK_NOTCH_SIGNALING%MSIGDBHALLMARK%HALLMARK_NOTCH_SIGNALING	0.9554655870445344	0.9989203716677961	0.04831175810550189	-0.2056800078716466	-0.5917997409181319	22	
TRANSCRIPTION BY RNA POLYMERASE I%GOBP%GO:0006360	0.9556451612903226	0.9989203716677961	0.048118399265797474	-0.20727461777384484	-0.5892177275332444	21	
NEGATIVE REGULATION OF STRESS FIBER ASSEMBLY%GOBP%GO:0051497	0.9563492063492064	0.9989203716677961	0.04735342452541926	-0.2138656361811318	-0.5837733718534495	18	
KENNEDY PATHWAY FROM SPHINGOLIPIDS%WIKIPATHWAYS_20250810%WP3933%HOMO SAPIENS	0.9567779960707269	0.9989203716677961	0.04688198568783333	-0.2353023241731391	-0.5786895519554686	12	
METHYLATION%REACTOME DATABASE ID RELEASE 93%156581	0.9574036511156186	0.9989203716677961	0.04831175810550189	-0.24763111855865289	-0.5751978930495715	10	
MITOCHONDRIAL BETA-OXIDATION OF LONG CHAIN SATURATED FATTY ACIDS%SMPDB%SMP0000482	0.9574036511156186	0.9989203716677961	0.04831175810550189	-0.24508829011749156	-0.5692914077489525	10	
CARDIAC MUSCLE TISSUE GROWTH%GOBP%GO:0055017	0.9576612903225806	0.9989203716677961	0.04802204159682506	-0.2664952201662212	-0.5380684975338647	6	
HEME B BIOSYNTHETIC PROCESS%GOBP%GO:0006785	0.9576612903225806	0.9989203716677961	0.04802204159682506	-0.2691834537905582	-0.5434961889812566	6	
HEME B METABOLIC PROCESS%GOBP%GO:0046492	0.9576612903225806	0.9989203716677961	0.04802204159682506	-0.2691834537905582	-0.5434961889812566	6	
LOSS OF MECP2 BINDING ABILITY TO THE NCOR SMRT COMPLEX%REACTOME%R-HSA-9022537.2	0.9576612903225806	0.9989203716677961	0.04802204159682506	-0.2703675663919769	-0.5458869774087521	6	
NUCLEOSIDE SALVAGE%GOBP%GO:0043174	0.9576612903225806	0.9989203716677961	0.04802204159682506	-0.26888974015753103	-0.5429031650120854	6	
REGULATION OF DEVELOPMENTAL PIGMENTATION%GOBP%GO:0048070	0.9576612903225806	0.9989203716677961	0.04802204159682506	-0.267491926803014	-0.5400809030179353	6	
REGULATION OF PIGMENTATION%GOBP%GO:0120305	0.9576612903225806	0.9989203716677961	0.04802204159682506	-0.267491926803014	-0.5400809030179353	6	
CUT CATABOLIC PROCESS%GOBP%GO:0071034	0.95783132530120485	0.9989203716677961	0.047829963311422925	-0.282686643891708	-0.540004804434902	5	
SYNAPTIC VESICLE BUDDING FROM PRESYNAPTIC ENDOCYTIC ZONE MEMBRANE%GOBP%GO:0016185	0.95783132530120485	0.9989203716677961	0.047829963311422925	-0.2428670306852265	-0.5489929463848611	9	
SYNAPTIC VESICLE BUDDING%GOBP%GO:0070142	0.95783132530120485	0.9989203716677961	0.047829963311422925	-0.2428670306852265	-0.5489929463848611	9	
FAS LIGAND PATHWAY AND STRESS INDUCTION OF HEAT SHOCK PROTEINS%WIKIPATHWAYS_20250810%WP314%HOMO SAPIENS	0.959349593495935	1	0.04831175810550189	-0.20916254338928603	-0.6471911384450301	29	
RRNA TRANSCRIPTION%GOBP%GO:0009303	0.9596774193548387	1	0.04792589670581297	-0.20992937412199839	-0.5895884060426545	20	
PYRIMIDINE-CONTAINING COMPOUND SALVAGE%GOBP%GO:0008655	0.9598393574297188	1	0.0477342401407188	-0.28108155019288533	-0.5369386591901182	5	
CYTOSOLIC DNA SENSING PATHWAY%WIKIPATHWAYS_20250810%WP4655%HOMO SAPIENS	0.9604166666666667	1	0.04939101059815013	-0.20431868244269497	-0.6686882961260995	39	
REGULATION OF TRANSCRIPTION BY RNA POLYMERASE I%GOBP%GO:0006356	0.9604166666666667	1	0.04939101059815013	-0.20464629969764536	-0.6697605124372816	39	
MITOCHONDRIAL RNA PROCESSING%GOBP%GO:0000963	0.9611451942740287	1	0.04850598364694698	-0.2118261187733858	-0.6487277125299625	28	
POSITIVE REGULATION OF T-HELPER 17 CELL DIFFERENTIATION%GOBP%GO:2000321	0.9611451942740287	1	0.04850598364694698	-0.25689375723707675	-0.5381994413787005	7	
GENERAL TRANSCRIPTION REGULATION%PANTHER PATHWAY%P00023	0.9613821138211383	1	0.048214971002556443	-0.2074542830217341	-0.6419054359759279	29	
PID_PI3KCI_AKT_PATHWAY%MSIGDB_C2%PID_PI3KCI_AKT_PATHWAY	0.9613821138211383	1	0.048214971002556443	-0.21391325676776293	-0.6335116636519792	25	
MITOCHONDRIAL FISSION AND FUSION%WIKIPATHWAYS_20250810%WP4318%HOMO SAPIENS	0.9614604462474645	1	0.048118399265797474	-0.24153103731961856	-0.5610286161971847	10	
METANEPHRIC NEPHRON MORPHOGENESIS%GOBP%GO:0072273	0.9616935483870968	1	0.047829963311422925	-0.2636348785439919	-0.5322933105787421	6	
PEROXISOMAL MEMBRANE TRANSPORT%GOBP%GO:0015919	0.9616935483870968	1	0.047829963311422925	-0.2051837036699998	-0.5762601508182497	20	
PEROXISOMAL TRANSPORT%GOBP%GO:0043574	0.9616935483870968	1	0.047829963311422925	-0.2051837036699998	-0.5762601508182497	20	
VINBLASTINE ACTION PATHWAY%SMPDB%SMP0000436	0.9616935483870968	1	0.047829963311422925	-0.26403979505754793	-0.5331108592760126	6	
VINCRISTINE ACTION PATHWAY%SMPDB%SMP0000437	0.9616935483870968	1	0.047829963311422925	-0.26403979505754793	-0.5331108592760126	6	
VINDESINE ACTION PATHWAY%SMPDB%SMP0000438	0.9616935483870968	1	0.047829963311422925	-0.26403979505754793	-0.5331108592760126	6	
VINORELBINE ACTION PATHWAY%SMPDB%SMP0000439	0.9616935483870968	1	0.047829963311422925	-0.26403979505754793	-0.5331108592760126	6	
CARDIOMYOCYTE SIGNALING CONVERGING ON TITIN%WIKIPATHWAYS_20250810%WP5344%HOMO SAPIENS	0.9618473895582329	1	0.047638725929082505	-0.23803432060797305	-0.5894371683117196	13	
POSITIVE REGULATION OF MITOCHONDRIAL FISSION%GOBP%GO:0090141	0.9619238476953907	1	0.04754341942013011	-0.21267368323793545	-0.5664701635697288	17	
RHO GTPASES ACTIVATE NADPH OXIDASES%REACTOME%R-HSA-5668599.9	0.9623015873015873	1	0.04706995900826619	-0.23824735138247244	-0.5688529058590163	11	
REGULATION OF PINOCYTOSIS%GOBP%GO:0048548	0.9625779625779626	1	0.04919275210451909	-0.24638572746847123	-0.5327129394045774	8	
BIOCARTA_TNFR2_PATHWAY%MSIGDB_C2%BIOCARTA_TNFR2_PATHWAY	0.9630390143737166	1	0.04860342472590687	-0.21788647933705757	-0.5601590100068795	15	
UBIQUITIN-DEPENDENT PROTEIN CATABOLIC PROCESS VIA THE C-END DEGRON RULE PATHWAY%GOBP%GO:0140627	0.9630390143737166	1	0.04860342472590687	-0.21843502346695393	-0.5615692486673175	15	
STORE-OPERATED CALCIUM ENTRY%GOBP%GO:0002115	0.9631901840490797	1	0.048408761881695135	-0.2521799353221361	-0.5283238556553835	7	
REGULATION OF CDH1 POSTTRANSLATIONAL PROCESSING AND TRAFFICKING TO PLASMA MEMBRANE%REACTOME DATABASE ID RELEASE 93%9768727	0.9634146341463414	1	0.048118399265797474	-0.20713908148894528	-0.6409301387953731	29	
VITAMIN TRANSMEMBRANE TRANSPORT%GOBP%GO:0035461	0.9634888438133874	1	0.04802204159682506	-0.23868695606319118	-0.5544223804547599	10	
BIOCARTA_NDKDYNAMIN_PATHWAY%MSIGDB_C2%BIOCARTA_NDKDYNAMIN_PATHWAY	0.963855421686747	1	0.04754341942013011	-0.23617980680180242	-0.533876696424798	9	
INNER MITOCHONDRIAL MEMBRANE ORGANIZATION%GOBP%GO:0007007	0.9642857142857143	1	0.04959019569563381	-0.2012654282806125	-0.663657231273775	40	
FC EPSILON RECEPTOR (FCERI) SIGNALING%REACTOME%R-HSA-2454202.5	0.9645669291338582	1	0.04660150729859922	-0.19121813387397846	-0.7411594882094814	97	
INTERLEUKIN-1 FAMILY SIGNALING%REACTOME DATABASE ID RELEASE 93%446652	0.9651162790697675	1	0.04586203431179851	-0.1861385707227028	-0.7312909334939904	105	
BIOCARTA_PPARA_PATHWAY%MSIGDB_C2%BIOCARTA_PPARA_PATHWAY	0.9655172413793104	1	0.04792589670581297	-0.19930515484897401	-0.6421497565164697	34	
MESENCHYMAL TO EPITHELIAL TRANSITION%GOBP%GO:0060231	0.9658634538152611	1	0.04744831936562972	-0.2802963047533369	-0.5354386367476741	5	
LKB1 SIGNALING EVENTS%PATHWAY INTERACTION DATABASE NCI-NATURE CURATED DATA%LKB1 SIGNALING EVENTS	0.9663865546218487	1	0.04949048661354951	-0.1992575500960294	-0.6570364077766688	40	
PROTEIN HYDROXYLATION%GOBP%GO:0018126	0.9666011787819253	1	0.04641549568438488	-0.22675689139119717	-0.5576733861133972	12	
LXRS REGULATE GENE EXPRESSION LINKED TO LIPOGENESIS%REACTOME DATABASE ID RELEASE 93%9029558	0.967280163599182	1	0.048214971002556443	-0.24636678200692042	-0.5161451406077829	7	
COMPLEX III ASSEMBLY%REACTOME%R-HSA-9865881.2	0.967479674796748	1	0.04792589670581297	-0.205092161820286	-0.6016034186220748	24	
WNT SIGNALING PATHWAY%GOBP%GO:0016055	0.9675456389452333	1	0.047829963311422925	-0.1939730915964975	-0.7257132974089476	79	
RHOA SIGNALING PATHWAY%PATHWAY INTERACTION DATABASE NCI-NATURE CURATED DATA%RHOA SIGNALING PATHWAY	0.96875	1	0.048995408986248136	-0.1997715739161341	-0.6622119890923156	41	
CELL-CELL COMMUNICATION%REACTOME DATABASE ID RELEASE 93%1500931	0.9688715953307393	1	0.04586203431179851	-0.1815832082298722	-0.7785893197537546	213	
THYROID HORMONES PRODUCTION AND PERIPHERAL DOWNSTREAM SIGNALING EFFECTS%WIKIPATHWAYS_20250810%WP4746%HOMO SAPIENS	0.9692622950819673	1	0.048214971002556443	-0.1930772527033842	-0.6793012109893765	56	
ENDOGENOUS STEROLS%REACTOME DATABASE ID RELEASE 93%211976	0.9695740365111561	1	0.0477342401407188	-0.22969919837385044	-0.5335456048853583	10	
PROTEIN-RNA COMPLEX ORGANIZATION%GOBP%GO:0071826	0.9702380952380952	1	0.04669480412820537	-0.1838282440255044	-0.7779759986577014	195	
MAPK FAMILY SIGNALING CASCADES%REACTOME%R-HSA-5683057.5	0.9703557312252964	1	0.04650840487191565	-0.17995886929529994	-0.7727386618628433	215	
16P12 2 COPY NUMBER VARIATION SYNDROME 520KB %WIKIPATHWAYS_20250810%WP5510%HOMO SAPIENS	0.9705882352941176	1	0.04929176623126693	-0.19586462405054786	-0.6458484957517506	40	
POSITIVE REGULATION OF NUCLEOCYTOPLASMIC TRANSPORT%GOBP%GO:0046824	0.9705882352941176	1	0.04929176623126693	-0.19604345992926764	-0.646438193272768	40	
REGULATION OF TRANSCRIPTION BY RNA POLYMERASE III%GOBP%GO:0006359	0.9711934156378601	1	0.04831175810550189	-0.20772535294390293	-0.630343310496597	27	
NUCLEOTIDE TRANSMEMBRANE TRANSPORT%GOBP%GO:1901679	0.971252566735113	1	0.048214971002556443	-0.2150133132042372	-0.5527724576083882	15	
CLATHRIN-DEPENDENT ENDOCYTOSIS%GOBP%GO:0072583	0.9715447154471545	1	0.0477342401407188	-0.20680447743216906	-0.6398948062882985	29	
CONSTITUTIVE SIGNALING BY AKT1 E17K IN CANCER%REACTOME%R-HSA-5674400.3	0.9715447154471545	1	0.0477342401407188	-0.20227860840509723	-0.5933503321168159	24	
NEPHRIN NEPH1 SIGNALING IN THE KIDNEY PODOCYTE%PATHWAY INTERACTION DATABASE NCI-NATURE CURATED DATA%NEPHRIN NEPH1 SIGNALING IN THE KIDNEY PODOCYTE	0.9715447154471545	1	0.0477342401407188	-0.20132139613584862	-0.5905425106554011	24	
STING PATHWAY IN KAWASAKI LIKE DISEASE AND COVID 19%WIKIPATHWAYS_20250810%WP4961%HOMO SAPIENS	0.9716024340770791	1	0.047638725929082505	-0.22595783966764119	-0.5709098745595255	14	
NEGATIVE REGULATION OF ACTIN FILAMENT POLYMERIZATION%GOBP%GO:0030837	0.97165991902834	1	0.04754341942013011	-0.1909595237909343	-0.5494447315261086	22	
MITOCHONDRION ORGANIZATION%GOBP%GO:0007005	0.9717171717171718	1	0.04744831936562972	-0.18139254109992967	-0.7875537232936403	247	
POSITIVE REGULATION OF PROTEIN LOCALIZATION TO CILIUM%GOBP%GO:1903566	0.9717741935483871	1	0.04735342452541926	-0.2591880670459788	-0.5233149537434494	6	
ENDOPLASMIC RETICULUM MEMBRANE FUSION%GOBP%GO:0016320	0.9718875502008032	1	0.04716424556708607	-0.27784496473639914	-0.5307559415618449	5	
RESPONSE TO ANTIBIOTIC%GOBP%GO:0046677	0.9724950884086444	1	0.04613791602697367	-0.21741596581601833	-0.5347008291913832	12	
PYRUVATE FAMILY AMINO ACID CATABOLIC PROCESS%GOBP%GO:0009080	0.9734151329243353	1	0.04792589670581297	-0.24364422330207985	-0.5104413057235679	7	
JOUBERT SYNDROME%WIKIPATHWAYS_20250810%WP4656%HOMO SAPIENS	0.9735772357723578	1	0.047638725929082505	-0.18894399995854547	-0.6701498110284799	57	
REGULATION OF CARDIOCYTE DIFFERENTIATION%GOBP%GO:1905207	0.9737903225806451	1	0.04725873366732593	-0.20894013550773885	-0.546645241419042	16	
SYNTHESIS OF GLYCOSYLPHOSPHATIDYLINOSITOL (GPI)%REACTOME DATABASE ID RELEASE 93%162710	0.9737903225806451	1	0.04725873366732593	-0.21367290681997542	-0.5590274814815925	16	
RHOBTB2 GTPASE CYCLE%REACTOME%R-HSA-9013418.4	0.9738430583501007	1	0.04716424556708607	-0.2008946013333031	-0.5855596222214663	23	
ACTIN FILAMENT CAPPING%GOBP%GO:0051693	0.9738955823293173	1	0.04706995900826619	-0.22696084057441657	-0.5620162455739197	13	
BARBED-END ACTIN FILAMENT CAPPING%GOBP%GO:0051016	0.9738955823293173	1	0.04706995900826619	-0.22696084057441657	-0.5620162455739197	13	
PROTOPORPHYRINOGEN IX METABOLIC PROCESS%GOBP%GO:0046501	0.9738955823293173	1	0.04706995900826619	-0.26916275851464594	-0.5141706759536212	5	
NEGATIVE REGULATION OF MAPK PATHWAY%REACTOME DATABASE ID RELEASE 93%5675221	0.9747899159663865	1	0.049093966819213915	-0.19379783972182216	-0.6390334337862662	40	
SUBSTRATE ADHESION-DEPENDENT CELL SPREADING%GOBP%GO:0034446	0.9747899159663865	1	0.049093966819213915	-0.2041574270951106	-0.633739660451963	31	
DNA-TEMPLATED TRANSCRIPTION TERMINATION%GOBP%GO:0006353	0.9753593429158111	1	0.04802204159682506	-0.2080434513420363	-0.5348538105565189	15	
NUCLEAR-TRANSCRIBED MRNA CATABOLIC PROCESS, NONSENSE-MEDIATED DECAY%GOBP%GO:0000184	0.9754601226993865	1	0.047829963311422925	-0.20418488892469494	-0.6253260773144298	28	
INDOLE-CONTAINING COMPOUND METABOLIC PROCESS%GOBP%GO:0042430	0.9758064516129032	1	0.04716424556708607	-0.2524587706652911	-0.5097281344723259	6	
REGULATION OF POTASSIUM ION EXPORT ACROSS PLASMA MEMBRANE%GOBP%GO:1903764	0.9758064516129032	1	0.04716424556708607	-0.25421998848074445	-0.5132841300477804	6	
FRUCTOSE 1,6-BISPHOSPHATE METABOLIC PROCESS%GOBP%GO:0030388	0.9759036144578314	1	0.04697587278218445	-0.2637041592988391	-0.5037433357671869	5	
PAR4-MEDIATED THROMBIN SIGNALING EVENTS%PATHWAY INTERACTION DATABASE NCI-NATURE CURATED DATA%PAR4-MEDIATED THROMBIN SIGNALING EVENTS	0.9759036144578314	1	0.04697587278218445	-0.2258490407811511	-0.5105243391283452	9	
VITAMIN D IN INFLAMMATORY DISEASES%WIKIPATHWAYS_20250810%WP4482%HOMO SAPIENS	0.9759519038076152	1	0.04688198568783333	-0.20346287033474414	-0.541936565371575	17	
REGULATION OF TOLL-LIKE RECEPTOR SIGNALING PATHWAY%GOBP%GO:0034121	0.9761904761904762	1	0.04641549568438488	-0.20692648451544612	-0.5648320775061475	18	
COENZYME A BIOSYNTHESIS%REACTOME%R-HSA-196783.7	0.9775051124744376	1	0.0477342401407188	-0.23868174395540262	-0.5000447758858645	7	
BIOCARTA_FAS_PATHWAY%MSIGDB_C2%BIOCARTA_FAS_PATHWAY	0.9777327935222672	1	0.04725873366732593	-0.1849111605859494	-0.5320418744631968	22	
PRENYLATION%GOBP%GO:0097354	0.9779116465863453	1	0.04688198568783333	-0.22409041301475852	-0.5065490188210062	9	
PROTEIN PRENYLATION%GOBP%GO:0018342	0.9779116465863453	1	0.04688198568783333	-0.22409041301475852	-0.5065490188210062	9	
HISTONE MRNA CATABOLIC PROCESS%GOBP%GO:0071044	0.9781746031746031	1	0.04632277857946331	-0.22809272105126105	-0.5446071338144811	11	
NEGATIVE REGULATION OF RECEPTOR INTERNALIZATION%GOBP%GO:0002091	0.9781746031746031	1	0.04632277857946331	-0.23171675499981217	-0.5532600830733189	11	
CD40L SIGNALLING PATHWAY%SMPDB%SMP0089759	0.9783889980353635	1	0.04586203431179851	-0.19676923076923078	-0.48392338831588555	12	
RAF MAP KINASE CASCADE%REACTOME DATABASE ID RELEASE 93%5673001	0.9784313725490196	1	0.04577044581080999	-0.178438612606637	-0.7513437612308345	179	
HEME BIOSYNTHESIS%REACTOME DATABASE ID RELEASE 93%189451	0.9797160243407708	1	0.04725873366732593	-0.22281187509613906	-0.5175477211736933	10	
MELANOSOME TRANSPORT%GOBP%GO:0032402	0.9797160243407708	1	0.04725873366732593	-0.2151695275871486	-0.5436518962320531	14	
NEGATIVE REGULATION OF ANDROGEN RECEPTOR SIGNALING PATHWAY%GOBP%GO:0060766	0.9797160243407708	1	0.04725873366732593	-0.2192389132215947	-0.5092484405576443	10	
PIGMENT GRANULE TRANSPORT%GOBP%GO:0051904	0.9797160243407708	1	0.04725873366732593	-0.2151695275871486	-0.5436518962320531	14	
POSITIVE REGULATION OF CARTILAGE DEVELOPMENT%GOBP%GO:0061036	0.9797160243407708	1	0.04725873366732593	-0.21397810064978537	-0.5406416116393283	14	
MALONIC ACIDURIA%SMPDB%SMP0000198	0.9798387096774194	1	0.04697587278218445	-0.19496490995394075	-0.5100821822050856	16	
MALONYL-COA DECARBOXYLASE DEFICIENCY%PATHWHIZ%PW000478	0.9798387096774194	1	0.04697587278218445	-0.19496490995394075	-0.5100821822050856	16	
METHYLMALONIC ACIDURIA DUE TO COBALAMIN-RELATED DISORDERS%PATHWHIZ%PW000208	0.9798387096774194	1	0.04697587278218445	-0.19496490995394075	-0.5100821822050856	16	
PROPANOATE METABOLISM%SMPDB%SMP0000016	0.9798387096774194	1	0.04697587278218445	-0.19496490995394075	-0.5100821822050856	16	
RHO GTPASES ACTIVATE PAKS%REACTOME%R-HSA-5627123.4	0.9798387096774194	1	0.04697587278218445	-0.18717268854107028	-0.5256760639295587	20	
VALPROIC ACID METABOLISM PATHWAY%SMPDB%SMP0000635	0.9798387096774194	1	0.04697587278218445	-0.2476085755376804	-0.49993532391673023	6	
RNA MODIFICATION%GOBP%GO:0009451	0.9803536345776032	1	0.04577044581080999	-0.1761448922429086	-0.7197384706806927	145	
BIOCARTA_IFNA_PATHWAY%MSIGDB_C2%BIOCARTA_IFNA_PATHWAY	0.9815950920245399	1	0.04754341942013011	-0.23652441368704344	-0.49552511002170424	7	
REGULATION OF STEM CELL DIVISION%GOBP%GO:2000035	0.9818548387096774	1	0.04688198568783333	-0.24576489798234588	-0.49621283759402246	6	
RETINOL METABOLIC PROCESS%GOBP%GO:0042572	0.9818548387096774	1	0.04688198568783333	-0.2408148892468592	-0.4862184978778296	6	
SIGNALING BY FGFR2%REACTOME%R-HSA-5654738.4	0.9820717131474104	1	0.04632277857946331	-0.18386230727153938	-0.641110097048481	51	
PROTEIN-CONTAINING COMPLEX DISASSEMBLY%GOBP%GO:0032984	0.9822485207100592	1	0.04586203431179851	-0.18308398415261135	-0.7311415944517186	122	
RNA CATABOLIC PROCESS%GOBP%GO:0006401	0.982421875	1	0.045405922659017876	-0.17281445392238423	-0.7246765680815785	166	
REGULATION OF DNA-TEMPLATED TRANSCRIPTION ELONGATION%GOBP%GO:0032784	0.983739837398374	1	0.04716424556708607	-0.18691109845440063	-0.7164299618674338	91	
APPENDAGE DEVELOPMENT%GOBP%GO:0048736	0.9838709677419355	1	0.046788296531802984	-0.18720191341316755	-0.6377180156103115	46	
INSULIN PROCESSING%REACTOME%R-HSA-264876.7	0.9838709677419355	1	0.046788296531802984	-0.18497433203196878	-0.5195019612555736	20	
LIMB DEVELOPMENT%GOBP%GO:0060173	0.9838709677419355	1	0.046788296531802984	-0.18720191341316755	-0.6377180156103115	46	
PID_NFKAPPAB_ATYPICAL_PATHWAY%MSIGDB_C2%PID_NFKAPPAB_ATYPICAL_PATHWAY	0.9839357429718876	1	0.04660150729859922	-0.1981504637335629	-0.4906739832493434	13	
PLATELET SENSITIZATION BY LDL%REACTOME%R-HSA-432142.4	0.9839357429718876	1	0.04660150729859922	-0.1954112176158326	-0.48389087117197627	13	
REGULATION OF GENE EXPRESSION IN LATE STAGE (BRANCHING MORPHOGENESIS) PANCREATIC BUD PRECURSOR CELLS%REACTOME%R-HSA-210744.4	0.9839357429718876	1	0.04660150729859922	-0.2002419818570722	-0.49585314614083387	13	
TOLL SIGNALING PATHWAY%GOBP%GO:0008063	0.9839357429718876	1	0.04660150729859922	-0.259552548627662	-0.49581268266764505	5	
ANGIOTENSIN II RECEPTOR TYPE 1 PATHWAY%WIKIPATHWAYS_20250810%WP5036%HOMO SAPIENS	0.9858870967741935	1	0.04669480412820537	-0.1911910865430082	-0.5002088153455831	16	
BIOCARTA_RAS_PATHWAY%MSIGDB_C2%BIOCARTA_RAS_PATHWAY	0.9858870967741935	1	0.04669480412820537	-0.1829565259978503	-0.4786649251482839	16	
MAJOR RECEPTORS TARGETED BY EPINEPHRINE AND NOREPINEPHRINE%WIKIPATHWAYS_20250810%WP4589%HOMO SAPIENS	0.9858870967741935	1	0.04669480412820537	-0.23558357681070274	-0.47565619052801206	6	
POSITIVE REGULATION OF PROTEIN NEDDYLATION%GOBP%GO:2000436	0.9859437751004017	1	0.04650840487191565	-0.24709771661413085	-0.4720207233690199	5	
SIGNALING BY FGFR%REACTOME%R-HSA-190236.4	0.9873684210526316	1	0.04860342472590687	-0.18212343680414	-0.6507732456298035	62	
SURFACTANT METABOLISM%REACTOME%R-HSA-5683826.5	0.9875259875259875	1	0.04802204159682506	-0.22090098648021492	-0.4776121370110801	8	
CD40 CD40L SIGNALING%PATHWAY INTERACTION DATABASE NCI-NATURE CURATED DATA%CD40 CD40L SIGNALING	0.9877300613496932	1	0.04725873366732593	-0.19619403473158573	-0.5867426308537088	26	
BIOCARTA_ARAP_PATHWAY%MSIGDB_C2%BIOCARTA_ARAP_PATHWAY	0.9878296146044625	1	0.04688198568783333	-0.19210647791967994	-0.48538030533712456	14	
MITOCHONDRIAL OUTER MEMBRANE PERMEABILIZATION INVOLVED IN PROGRAMMED CELL DEATH%GOBP%GO:1902686	0.9878296146044625	1	0.04688198568783333	-0.2052702185047363	-0.47680193780566266	10	
REGULATION OF MITF-M-DEPENDENT GENES INVOLVED IN APOPTOSIS%REACTOME DATABASE ID RELEASE 93%9824594	0.9878296146044625	1	0.04688198568783333	-0.19903133077132665	-0.5028767855596825	14	
REGULATION OF CELL FATE COMMITMENT%GOBP%GO:0010453	0.9879275653923542	1	0.04650840487191565	-0.18494486247324796	-0.5390699555034951	23	
REGULATION OF ACTIN CYTOSKELETON%WIKIPATHWAYS_20250810%WP51%HOMO SAPIENS	0.9879518072289156	1	0.04641549568438488	-0.1808649923949094	-0.6810036171087991	82	
RESPONSE TO ACIDIC PH%GOBP%GO:0010447	0.9879518072289156	1	0.04641549568438488	-0.20952568580323258	-0.47362593130852	9	
INHIBITION OF EXOSOME BIOGENESIS AND SECRETION BY MANUMYCIN A IN CRPC CELLS%WIKIPATHWAYS_20250810%WP4301%HOMO SAPIENS	0.9879759519038076	1	0.04632277857946331	-0.17514428626394768	-0.4665081780581334	17	
JNK (C-JUN KINASES) PHOSPHORYLATION AND ACTIVATION MEDIATED BY ACTIVATED HUMAN TAK1%REACTOME DATABASE ID RELEASE 93%450321	0.9879759519038076	1	0.04632277857946331	-0.1740845789481224	-0.4636855788188096	17	
NUCLEIC ACID CATABOLIC PROCESS%GOBP%GO:0141188	0.9882352941176471	1	0.0453152441270267	-0.17181612760104045	-0.7245153135651884	182	
FGF SIGNALING PATHWAY%PANTHER PATHWAY%P00021	0.9898373983739838	1	0.04688198568783333	-0.17067463101378533	-0.6053517007491022	57	
BIOCARTA_NKCELLS_PATHWAY%MSIGDB_C2%BIOCARTA_NKCELLS_PATHWAY	0.9898580121703854	1	0.046788296531802984	-0.1985461297831357	-0.4611832155390305	10	
C-TYPE LECTIN RECEPTORS (CLRS)%REACTOME DATABASE ID RELEASE 93%5621481	0.9899193548387096	1	0.04650840487191565	-0.17639402062086362	-0.6776016480863899	92	
FAS (CD95) SIGNALING PATHWAY%PATHWAY INTERACTION DATABASE NCI-NATURE CURATED DATA%FAS (CD95) SIGNALING PATHWAY	0.9899799599198397	1	0.046230252407761636	-0.19244345236864857	-0.60041795187523	30	
MIRNA PROCESSING%GOBP%GO:0035196	0.9899799599198397	1	0.046230252407761636	-0.1896251211206775	-0.5916248406792658	30	
MEMBRANE LIPID BIOSYNTHETIC PROCESS%GOBP%GO:0046467	0.9900990099009901	1	0.04567904149300621	-0.17015540419825123	-0.6614887689219456	100	
TRNA PROCESSING%GOBP%GO:0008033	0.9901380670611439	1	0.04549678100850074	-0.17611472202705405	-0.703310009694504	122	
PI3 KINASE PATHWAY%PANTHER PATHWAY%P00048	0.9915966386554622	1	0.04831175810550189	-0.18759578794054743	-0.5823294927020963	31	
GAIN-OF-FUNCTION MRAS COMPLEXES ACTIVATE RAF SIGNALING%REACTOME DATABASE ID RELEASE 93%9726842	0.9916839916839917	1	0.047829963311422925	-0.21260384156057566	-0.45967280057215265	8	
SHOC2 M1731 MUTANT ABOLISHES MRAS COMPLEX FUNCTION%REACTOME DATABASE ID RELEASE 93%9726840	0.9916839916839917	1	0.047829963311422925	-0.21260384156057566	-0.45967280057215265	8	
SIGNALING BY MRAS-COMPLEX MUTANTS%REACTOME%R-HSA-9660537.5	0.9916839916839917	1	0.047829963311422925	-0.21260384156057566	-0.45967280057215265	8	
REGULATION OF DNA-TEMPLATED TRANSCRIPTION INITIATION%GOBP%GO:2000142	0.9917525773195877	1	0.04744831936562972	-0.16789672990273913	-0.6192558258571237	73	
CELLULAR RESPONSE TO HYDROGEN PEROXIDE%GOBP%GO:0070301	0.9917695473251029	1	0.04735342452541926	-0.19330642739895226	-0.586589030467704	27	
CLEC7A (DECTIN-1) SIGNALING%REACTOME DATABASE ID RELEASE 93%5607764	0.9917695473251029	1	0.04735342452541926	-0.1767740718530049	-0.6575208012841209	78	
METABOLISM OF SPHINGOLIPIDS IN ER AND GOLGI APPARATUS%WIKIPATHWAYS_20250810%WP4142%HOMO SAPIENS	0.9917864476386037	1	0.04725873366732593	-0.17698182022378575	-0.45499822433869686	15	
ASSEMBLY OF ACTIVE LPL AND LIPC LIPASE COMPLEXES%REACTOME DATABASE ID RELEASE 93%8963889	0.9918200408997955	1	0.04706995900826619	-0.22448554673081805	-0.4703033547701996	7	
S-ADENOSYLMETHIONINE METABOLIC PROCESS%GOBP%GO:0046500	0.9918200408997955	1	0.04706995900826619	-0.22129950019223377	-0.46362850020886376	7	
INTRACELLULAR SIGNALLING THROUGH ADENOSINE RECEPTOR A2B AND ADENOSINE%SMPDB%SMP0000321	0.9918367346938776	1	0.04697587278218445	-0.1711780951465529	-0.5540651620836368	36	
FORMATION OF TC-NER PRE-INCISION COMPLEX%REACTOME%R-HSA-6781823.4	0.9920318725099602	1	0.04586203431179851	-0.17920055028628717	-0.6248550009519354	51	
MIRO GTPASE CYCLE%REACTOME%R-HSA-9715370.3	0.9937629937629938	1	0.0477342401407188	-0.18755767456167333	-0.40552024319842833	8	
POSITIVE REGULATION OF TYROSINE PHOSPHORYLATION OF STAT PROTEIN%GOBP%GO:0042531	0.9937629937629938	1	0.0477342401407188	-0.20123457434360928	-0.4350911991122982	8	
PID_LKB1_PATHWAY%MSIGDB_C2%PID_LKB1_PATHWAY	0.9938775510204082	1	0.04688198568783333	-0.17852019693837362	-0.5695338634048778	33	
MAPK CASCADE%WIKIPATHWAYS_20250810%WP422%HOMO SAPIENS	0.9939024390243902	1	0.04669480412820537	-0.15862224607868114	-0.4908092546537081	29	
NEGATIVE REGULATION OF HIPPO SIGNALING%GOBP%GO:0035331	0.9939024390243902	1	0.04669480412820537	-0.16676932553125962	-0.48918981335238787	24	
VEGFR2 MEDIATED CELL PROLIFERATION%REACTOME DATABASE ID RELEASE 93%5218921	0.9939148073022313	1	0.04660150729859922	-0.16856439452223418	-0.42589837765063676	14	
FC-EPSILON RECEPTOR SIGNALING PATHWAY%GOBP%GO:0038095	0.9939516129032258	1	0.04632277857946331	-0.16698411778909114	-0.4368766831712069	16	
BIOCARTA_CD40_PATHWAY%MSIGDB_C2%BIOCARTA_CD40_PATHWAY	0.9940476190476191	1	0.04558782025712307	-0.19675409583878165	-0.4697812525851586	11	
ANTIGEN RECEPTOR-MEDIATED SIGNALING PATHWAY%GOBP%GO:0050851	0.9958592132505176	1	0.04744831936562972	-0.15977957510063467	-0.5696946441979984	61	
SYNTHESIS OF PIPS AT THE GOLGI MEMBRANE%REACTOME DATABASE ID RELEASE 93%1660514	0.9958932238193019	1	0.04706995900826619	-0.17196276063707008	-0.4420948470487687	15	
RUNX1 INTERACTS WITH CO-FACTORS WHOSE PRECISE EFFECT ON RUNX1 TARGETS IS NOT KNOWN%REACTOME%R-HSA-8939243.3	0.9959016393442623	1	0.04697587278218445	-0.1645160510279871	-0.5294042483195882	35	
TRNA MODIFICATION IN THE NUCLEUS AND CYTOSOL%REACTOME%R-HSA-6782315.8	0.9959016393442623	1	0.04697587278218445	-0.1765509341819681	-0.5928928043393781	43	
FC RECEPTOR SIGNALING PATHWAY%GOBP%GO:0038093	0.9959100204498977	1	0.04688198568783333	-0.16285098098974943	-0.49873898928281785	28	
G13 SIGNALING%WIKIPATHWAYS_20250810%WP524%HOMO SAPIENS	0.9959349593495935	1	0.04660150729859922	-0.16778419970201866	-0.4968988322361904	25	
GLYCOSPHINGOLIPID BIOSYNTHETIC PROCESS%GOBP%GO:0006688	0.9959349593495935	1	0.04660150729859922	-0.15758173553859872	-0.46668387434540903	25	
AMINE LIGAND-BINDING RECEPTORS%REACTOME DATABASE ID RELEASE 93%375280	0.9959839357429718	1	0.04604576830180555	-0.23102944568309372	-0.44132615859486773	5	
BIOCARTA_PKC_PATHWAY%MSIGDB_C2%BIOCARTA_PKC_PATHWAY	0.9959839357429718	1	0.04604576830180555	-0.22580149150457446	-0.43133941024729666	5	
EXCITATORY NEURAL SIGNALLING THROUGH 5-HTR 4 AND SEROTONIN%PATHWHIZ%PW000441	0.9959839357429718	1	0.04604576830180555	-0.23126009072038134	-0.44176675043373115	5	
EXCITATORY NEURAL SIGNALLING THROUGH 5-HTR 6 AND SEROTONIN%SMPDB%SMP0000312	0.9959839357429718	1	0.04604576830180555	-0.23126009072038134	-0.44176675043373115	5	
EXCITATORY NEURAL SIGNALLING THROUGH 5-HTR 7 AND SEROTONIN%SMPDB%SMP0000311	0.9959839357429718	1	0.04604576830180555	-0.23126009072038134	-0.44176675043373115	5	
INTERLEUKIN-17A-MEDIATED SIGNALING PATHWAY%GOBP%GO:0038173	0.9959839357429718	1	0.04604576830180555	-0.2321616317048305	-0.4434889275281114	5	
INTRACELLULAR SIGNALLING THROUGH HISTAMINE H2 RECEPTOR AND HISTAMINE%PATHWHIZ%PW000449	0.9959839357429718	1	0.04604576830180555	-0.23126009072038134	-0.44176675043373115	5	
INTRACELLULAR SIGNALLING THROUGH LHCGR RECEPTOR AND LUTEINIZING HORMONE CHORIOGONADOTROPIN%SMPDB%SMP0000338	0.9959839357429718	1	0.04604576830180555	-0.23126009072038134	-0.44176675043373115	5	
MONOAMINE GPCRS%WIKIPATHWAYS_20250810%WP58%HOMO SAPIENS	0.9959839357429718	1	0.04604576830180555	-0.23102944568309372	-0.44132615859486773	5	
HALLMARK_ADIPOGENESIS%MSIGDBHALLMARK%HALLMARK_ADIPOGENESIS	0.9960629921259843	1	0.04513442222090974	-0.16794167686843986	-0.6836259449549651	142	
PRESYNAPTIC ENDOCYTOSIS%GOBP%GO:0140238	0.9978991596638656	1	0.04802204159682506	-0.18080089497895155	-0.5612369798331764	31	
SYNAPTIC VESICLE ENDOCYTOSIS%GOBP%GO:0048488	0.9978991596638656	1	0.04802204159682506	-0.18080089497895155	-0.5612369798331764	31	
INTERLEUKIN-17 SIGNALING%REACTOME%R-HSA-448424.8	0.9979296066252588	1	0.04735342452541926	-0.16920394854144094	-0.611513233127077	64	
MAP KINASE ACTIVATION%REACTOME DATABASE ID RELEASE 93%450294	0.9979296066252588	1	0.04735342452541926	-0.1447055733652379	-0.5159482373128998	61	
POSITIVE REGULATION OF DNA-TEMPLATED TRANSCRIPTION, ELONGATION%GOBP%GO:0032786	0.9979508196721312	1	0.04688198568783333	-0.14184248198503474	-0.49904257717089456	56	
NUCLEOTIDE TRANSPORT%GOBP%GO:0006862	0.9979550102249489	1	0.046788296531802984	-0.15644558327092156	-0.46786994945797644	26	
DNA-TEMPLATED TRANSCRIPTION%GOBP%GO:0006351	0.9979674796747967	1	0.04650840487191565	-0.1617221778895494	-0.7245834814660808	347	
NUCLEAR-TRANSCRIBED MRNA CATABOLIC PROCESS%GOBP%GO:0000956	0.9979674796747967	1	0.04650840487191565	-0.17040498142659186	-0.6531620398949063	91	
REGULATION OF TRANSCRIPTION ELONGATION BY RNA POLYMERASE II%GOBP%GO:0034243	0.9979838709677419	1	0.04613791602697367	-0.15331125075562124	-0.573408863798821	80	
MITOCHONDRIAL MEMBRANE ORGANIZATION%GOBP%GO:0007006	0.9979919678714859	1	0.045953808103906306	-0.1704813617120604	-0.6419065538235931	82	
REGULATION OF TYROSINE PHOSPHORYLATION OF STAT PROTEIN%GOBP%GO:0042509	0.9979919678714859	1	0.045953808103906306	-0.17784736696998665	-0.4020181319966284	9	
IL1%NETPATH%IL1	0.9979959919839679	1	0.04586203431179851	-0.1358804498536435	-0.4239430357169207	30	
POSITIVE REGULATION OF TRANSCRIPTION INITIATION BY RNA POLYMERASE II%GOBP%GO:0060261	0.9979959919839679	1	0.04586203431179851	-0.1550543097968216	-0.5455318904961303	54	
TAIL-ANCHORED MEMBRANE PROTEIN INSERTION INTO ER MEMBRANE%GOBP%GO:0071816	0.9979959919839679	1	0.04586203431179851	-0.14944729114623506	-0.398062563133152	17	
ANTIGEN PROCESSING: UBIQUITINATION & PROTEASOME DEGRADATION%REACTOME DATABASE ID RELEASE 93%983168	1	1	0.04650840487191565	-0.15487134911394676	-0.6756968588235545	267	
MATRIGLYCAN BIOSYNTHESIS ON DAG1%REACTOME%R-HSA-9939291.1	1	1	0.0453152441270267	-0.12854907521177733	-0.30693107207859827	11	
NEGATIVE REGULATION OF CIRCADIAN RHYTHM%GOBP%GO:0042754	1	1	0.04604576830180555	-0.2109795479009688	-0.4259793037887941	6	
PARADOXICAL ACTIVATION OF RAF SIGNALING BY KINASE INACTIVE BRAF%REACTOME DATABASE ID RELEASE 93%6802955	1	1	0.04632277857946331	-0.11778833617503373	-0.37950725084152215	34	
PI3K AKT SIGNALING%REACTOME DATABASE ID RELEASE 93%1257604	1	1	0.044507053776927666	-0.15507551907974768	-0.6584665614803138	197	
POSITIVE REGULATION OF DNA-TEMPLATED TRANSCRIPTION INITIATION%GOBP%GO:2000144	1	1	0.04802204159682506	-0.12564570167035594	-0.4489639692193248	62	
PROTEIN LOCALIZATION%REACTOME%R-HSA-9609507.4	1	1	0.04495430676400623	-0.15058335223632352	-0.6129668846148597	142	
SIGNALING BY MODERATE KINASE ACTIVITY BRAF MUTANTS%REACTOME%R-HSA-6802946.3	1	1	0.04632277857946331	-0.11778833617503373	-0.37950725084152215	34	
SIGNALING BY RAS MUTANTS%REACTOME DATABASE ID RELEASE 93%6802949	1	1	0.04632277857946331	-0.11778833617503373	-0.37950725084152215	34	
SIGNALING DOWNSTREAM OF RAS MUTANTS%REACTOME DATABASE ID RELEASE 93%9649948	1	1	0.04632277857946331	-0.11778833617503373	-0.37950725084152215	34	
T CELL ACTIVATION%PANTHER PATHWAY%P00053	1	1	0.04660150729859922	-0.1340295181866563	-0.44997280642757137	42	
T CELL RECEPTOR SIGNALING PATHWAY%GOBP%GO:0050852	1	1	0.04549678100850074	-0.14111289766435994	-0.49204703704049585	51	
TRANSCRIPTION BY RNA POLYMERASE II%GOBP%GO:0006366	1	1	0.04641549568438488	-0.1624121242482802	-0.7095765777629728	269	
UPTAKE AND FUNCTION OF ANTHRAX TOXINS%REACTOME DATABASE ID RELEASE 93%5210891	1	1	0.04669480412820537	-0.20302772715530715	-0.42534863639575815	7	
