ESRP1,4.506071638311021
HSPA6,4.1523184129320585
KLHDC7B,3.861886291710236
MOV10L1,3.349542867906328
ALPK2,3.2424631823335557
LAMP3,3.080914448405245
DMGDH,2.7345249965318343
FCGR2A,2.679234642463475
P4HA2,2.5198369498721096
MOCOS,2.402147498748935
SPP1,2.3742582221454938
SGCG,2.310676954633395
ICAM1,2.3022656410977924
ADRA1D,2.2939053305369264
NMRAL2P,2.189052995865976
BEX2,2.181375114356905
MILR1,2.141368320430381
NNMT,2.077203919488623
HKDC1,2.0621815642682573
GDF15,1.9912696310057538
ALPK1,1.9901939975378964
HES7,1.9762422857412174
ARHGAP24,1.9738038768644108
FIRRE,1.9541886272722377
TRIB3,1.929535169404493
TLCD2,1.9175680922484888
ASNSP1,1.9094768247718186
AMOT,1.8934071832451622
SLC30A2,1.8863607049048778
NEBL,1.8774868374049476
ADM2,1.8035403740164881
C2CD4A,1.785643882431063
CACNA1I,1.7850324880840946
ASB11,1.784583436958473
MUC12-AS1,1.7765688066509
TRIM67,1.7711094223071975
VWA5A,1.7701027613826363
LCNL1,1.7588735700705254
ELFN1,1.7574054507680343
UNC5B,1.7447109564576342
SCN9A,1.7337150800667602
ESRRB,1.7297296850110424
PCK2,1.7237620606441955
PTGDS,1.6711123305381501
DUSP23,1.6617259900526231
DLL4,1.6552597079199465
VGF,1.6454779301623603
HIGD1AP1,1.6415609511795612
LY96,1.6383659110473645
RPL21P16,1.6350599812844566
MAPT-AS1,1.6348196329694002
MYO5B,1.624964304679571
NGEF,1.6245215454265411
DRAIC,1.6190333044705727
CEBPA-DT,1.590665203438681
S100A5,1.5761176925109623
BATF2,1.567462697390082
KCNQ1,1.5489270689849413
GPNMB,1.5389926311759845
ABCC3,1.5350032010418446
CRYAB,1.5242227472421228
SLC7A3,1.515219567823586
C8orf48,1.5126709630686688
CAPN14,1.5049022077919385
IL6R,1.5026615907688814
NCKAP1L,1.5012949277600112
SLC6A9,1.5006491300267382
SESN2,1.4990887315287564
RPSAP9,1.495379656053156
GBP3,1.4920189949558798
LARP6,1.4861200858927524
EMP1,1.4783089328076595
HSD3BP5,1.4723263418831734
PITPNM3,1.4680215882861873
MTCO1P28,1.467554067540706
SERTAD4,1.4553646222047818
GPR27,1.451078519089674
IFITM3-AS1,1.4510659519471092
RPL39P36,1.44111956400658
TUBA8,1.439087738255445
SH3BGR,1.4334545500704272
RPS6KA2-IT1,1.4227601423683256
AHNAK2,1.4058380193060565
CHL1,1.3956844576538594
AKNA,1.3947874801891558
SLFN5,1.3872865918687929
MIOX,1.3813976727081598
NAT16,1.3657019458610813
LINC02427,1.361303890144331
NUPR1,1.3600719920506323
HMGA2-AS1,1.3516521234333019
NUP107-DT,1.3442109956877566
KRT8,1.3412140630205602
SOSTDC1,1.340848475334036
INHBE,1.340609263915543
REELD1,1.3390022921964135
LINC01359,1.3380818176175224
C2orf66,1.3375791614538213
DNAH10,1.334361766342915
BGLAP,1.3336583904124917
CLDN1,1.3332386366131461
PPP2R2C,1.3273554515027428
ATP6V1B1,1.3254135168967536
ARMH1,1.3198829418735265
RPL26P6,1.319446972949361
PSORS1C1,1.313029405323502
NAXD-AS1,1.3123021499993504
IL20RB,1.3119904354112082
RNU6-1028P,1.3067509914091349
ERICH2,1.304734536466721
RGS6,1.302511124760007
C16orf89,1.3001590911972163
L3MBTL2-AS1,1.2944992905744954
ITGA3,1.2943607220084723
BTC,1.2848943581337642
LINC00323,1.2826630833719164
CHRNA9,1.281561324430041
FAM167A,1.2743658854492188
RPS4XP11,1.2726198140208858
NRP2,1.2678077858821506
WDR11-DT,1.263379773485015
TMEM26,1.2579432481578197
RPL7AP6,1.2571609902911276
FBLL1,1.2564930568937651
FBXW10B,1.2563329624781343
OSGIN1,1.2517481530297068
KCNK10,1.2477265776362927
CCIN,1.246651256977303
FTLP3,1.2423437297375501
GPRC5A,1.2379893416705194
CLDN20,1.2359862153867585
HS3ST1,1.2340057262487858
DDIT4,1.2266410493236748
CASP16P,1.2264618363499986
ATF5,1.2263618134456913
RPL6P27,1.2226226335100694
RBP1,1.221455084205844
WARS1,1.2208520285423137
PCLO,1.2175882074890774
PCDHGA12,1.212345881390972
RPL7AP39,1.209143340734176
RGS22,1.1977303718729475
BBC3,1.1950507141133904
HAP1,1.1941555897661125
MAP7,1.1908984070938828
LBH,1.1906015568058284
CCPG1,1.1901421242224497
RPL26P19,1.1882855544656048
PLEK,1.1877293860792864
TAL2,1.1861192860519751
CNGA3,1.1857109868390214
IL2RB,1.1826882288133334
EFCAB8,1.1822689251069542
CHAC1,1.181951637772137
STAT6,1.1764001931535866
VEGFA,1.1749943689493723
GFAP,1.1730916227040429
KNDC1,1.1730669985954139
LINC-PINT,1.172700631286776
MYO16,1.1710808452119612
HMGA1P2,1.1707613552152059
RENBP,1.170239615564342
MATN1-AS1,1.1686853481289585
EOLA1-DT,1.1680971594209206
EVX2,1.1650397908240204
BEST1,1.1622816994185161
CEBPA,1.161346424222403
MRPL42P1,1.155583209920875
IGFBP4,1.1537858661696556
BCL6-AS1,1.1506266293393084
DOCK6-AS1,1.1504568815935148
DDIT3,1.1495659559560871
CYP4F11,1.1482768218714976
PIWIL2,1.1458550153306988
DDX59-AS1,1.1449175488214318
SLC4A5,1.142324774152471
KCNG1,1.1358850791966213
CTSS,1.134379195745777
C22orf15,1.1318456003326198
HERC3,1.1288481999351647
NGFR,1.1231596680840366
SYTL1,1.1170655402720036
RPL7AP70,1.1145524974485777
RPS3P3,1.1134422870586482
LAMC2,1.111143556587778
KRT18,1.1104177136475368
H19,1.109750419554847
FUT3,1.1071330064583587
CDH3,1.1053169577619595
IGSF21,1.10523695698837
PPP1R15A,1.1044969311252977
FTH1P8,1.1036687722267824
SLC7A11,1.1003626269922384
DDR2,1.0971038441991339
STK32A,1.0958605852756078
NMNAT2,1.0945604823808064
GAP43,1.0920506423442855
HMGN1P1,1.0895756995390993
WFDC2,1.0873057390877046
CTRC,1.0860220224347696
EIF4EBP3,1.0856376511866557
ANKRD26P1,1.0844901331260122
C4B,1.084024173015832
ACTRT3,1.0838093359906171
ST6GAL1,1.0807741911866577
LINC02614,1.079847313463553
HMGA2,1.0797971173688095
RDH16,1.0796484010102676
CYCSP34,1.0769809314107752
SLC2A3,1.0767910001776837
HSPD1P4,1.0759654498338629
SERPINE1,1.0746068736490295
ZNNT1,1.0720895998828628
GTF2I-AS1,1.066274417695041
FAM181A-AS1,1.0639523034795444
NOXA1,1.0632240228605014
MYH7,1.06230819046838
CSTA,1.0621256150168874
LINC02608,1.0618918839214941
CEBPB,1.0609253001800365
ELMOD1,1.0603685145107293
SH3BP5,1.0591243505217958
ACOT12,1.0589005257295907
KLF4,1.0559377216027674
PCDHGA7,1.0547495824212392
LINC01376,1.053217601287568
ASNS,1.0530079438330398
SLC7A5,1.0466667791537068
MYOF,1.0434471218507892
DCT,1.0433666498564875
SLC6A4,1.0409930341793598
ATXN1-AS1,1.0404602047478888
ATXN1,1.0396082299240428
GNB1-DT,1.0369145828428417
DLK1,1.0367587883314107
RANP4,1.0353755978417456
FUT1,1.0342959568645926
LIN7A,1.0323283356043123
PROSER2,1.0300992652110883
SEPHS1P1,1.0296501555382853
GPAT4-AS1,1.0265879834226401
FBXO39,1.026572264824956
SEC22B4P,1.026321494929892
GJB5,1.0259921448710847
KCNQ3,1.0237409229039076
SLC2A12,1.0231468271193231
CXCL11,1.0208691743390284
THBS1,1.0186262851646133
USP32P1,1.0185310180789668
RNF150,1.012409148889464
BGN,1.0116969834416683
CNTNAP2,1.0111149310540999
HAL,1.005536869973392
MEIOB,1.004828768915809
ARHGAP26,1.0032376791850508
TNFSF13B,1.0031101902375226
SHISA6,1.002647933546139
SLCO3A1,1.0020440598945242
PCDHA12,0.9982003637802441
NDUFV2,0.9973166725145537
PCDHB11,0.9966944067356015
PYGB,0.9953125784120695
AZGP1,0.9938365054082944
TRPM8,0.9915545512955252
MANEA-DT,0.9907933650452556
DRC7,0.9903899884659203
SYT4,0.988360709199811
IFITM2,0.9871334817096841
FLACC1,0.9861397554651624
NPAS2,0.9860397250190076
STX3,0.9859490633517064
UNC5CL,0.9855921902528224
RBM20,0.9849192278656751
HSPA1A,0.9848962921989498
UQCRB-AS1,0.984108402220144
CLTRN,0.9829392221496307
LINC01354,0.9818239980930717
ANXA2,0.9815950271239844
TTC39A,0.9786351641274694
PTP4A3,0.9771873518743025
ISG20,0.9767475689125796
SYNE1,0.9751675482141117
NQO1,0.9712766194894908
ACP5,0.9711850065702197
RASD1,0.9708225668239308
SEMA4A,0.9679517665226807
MYO1B,0.9678189295450513
KLLN,0.9670959991877471
CAV1,0.9666269609458127
BCAN-AS1,0.9661587128017527
S100A3,0.9648382285813656
IL15RA,0.9646869670721994
PDE10A,0.9634417402139552
ZBTB20,0.962661639513577
STC2,0.9623011847674945
MAPT-IT1,0.9608007136858814
ARNILA,0.960108208304839
CEBPD,0.9577563386013656
SCTR,0.9568759498021446
CDHR5,0.9531547803055794
MAFF,0.9528941513067442
LINC01607,0.9508804229992248
KRT8P26,0.9505602174983596
KDM7A,0.9489090680836462
PPL,0.9465421788715953
NGFR-AS1,0.9461321265990587
KANK3,0.9454236236361501
COL6A3,0.9454041782589868
CATSPER2P1,0.9452009362290924
ALOX12P2,0.9449209409220427
C5AR1,0.9421937656364494
ZNF541,0.9405331123319602
GTPBP2,0.9404996778117428
DEPP1,0.9397196755718918
STAT5A,0.9381866522104577
CMYA5,0.9380708015363113
SVIL,0.931536404544528
TFPI2,0.9312153114474345
RPL21P118,0.9308945643425173
MVP,0.9300269244680575
PTPRN,0.9288293489247303
FAM218A,0.9274969812579108
A2M,0.9258870028069013
ISLR,0.9248804558112862
DMD,0.9244817860531348
RAB43,0.9211529424732025
GPR35,0.9209877893208863
FTL,0.9192932364973815
SLC47A2,0.9192734538989328
LRRC53,0.9181338831230894
TMEM184A,0.9172192444062545
ARHGAP9,0.9170444005000143
PCDHAC1,0.9162838917491818
LINC02044,0.9146274732632462
ADAMTS9-AS2,0.9145526700030452
GREM2,0.9135207955620713
SH3TC1,0.9134025728555073
HEXA-AS1,0.9129235016495968
ZNF697,0.9127947967564485
CSF1,0.9124794096041248
PKD2L2-DT,0.9115511137432684
LINC02525,0.9096800292885403
PLAC8L1,0.9095312290155467
STK32A-AS1,0.9087182656758144
PDE1C,0.90631734515393
EDN3,0.9056854957392129
SEL1L3,0.9040153039561578
CFAP221,0.9030195353668738
RPL10AP6,0.9023317885605693
SPRED3,0.902246460881121
KBTBD11-AS1,0.9021025948603739
PGM2L1,0.9014858325847029
PAPPA2,0.9004273592519612
TCP11L2,0.8998053758177238
MIR34AHG,0.8992834540715067
ANXA1,0.899279013754906
ITGB4,0.8984880983439871
CYP2F2P,0.8971626089953372
BCO2,0.8969450600832884
RETREG1-AS1,0.8962239555687962
KHSRPP1,0.8955391280623861
LINC02995,0.8953789106932596
ADORA2A,0.8943849107610627
PECAM1,0.8937055805401983
TMEM256-PLSCR3,0.8934343207026039
BMF,0.8933877671493187
ELOA-AS1,0.8930911171272675
LONP1,0.8904829524767333
SYNE3,0.8901993050788584
MAP1LC3B2,0.8900647374295737
VLDLR-AS1,0.8890519385227337
PTGS1,0.8888529567643693
ACHE,0.8886279501325776
DOC2B,0.8885408061296659
SYT16,0.8868189723634521
ALDH1L2,0.885978549531296
LINC01979,0.8851161131303098
PLA2G4C,0.8842614914507766
CALB1,0.8828123936792295
ADAMTSL4,0.8810661040418554
ADCY5,0.8773406352364279
BAIAP2L1,0.8742124542040519
GAB2,0.8737531967601601
ERICH6-AS1,0.8733217176547835
RAB3IL1,0.8728487123938216
EEF1A1P9,0.8727977099174307
LYST,0.8721611864142648
LINC02934,0.8720617460867699
FAM83G,0.871915390427625
UBE2E1-AS1,0.8711361106880469
RSPH9,0.8710787470271221
GRIK4,0.8705382531117003
DNAH7,0.8697293601608046
RPS27P3,0.8691487891361864
OPLAH,0.8685641095119706
SOX30,0.8682244997509361
IMPDH1P8,0.8680789978067766
PPM1J,0.8677161621828366
EPPK1,0.8676094644017636
LINC01234,0.8671000280136049
CTBS,0.8661808563651111
APOL6,0.8658087089117963
RPL6P13,0.8658061169998609
HHIPL2,0.8650423009239961
RIMS3,0.862201198804575
MAN2A1-DT,0.8617587360136144
BMS1P10,0.8600511079481243
SLCO5A1-AS1,0.8598936522063987
OSCAR,0.8588765586864098
KCTD16,0.8586072344694707
SLC1A5,0.8583693175591823
RAB39B,0.8583151464003671
RPS6KA2,0.8564202436638535
AHNAK,0.8556500089169475
HOGA1,0.8517552415444966
ARHGAP27,0.8492749337465403
ZBTB7B,0.8484092100048651
CDNF,0.8475928785339351
SMOX,0.8474024880495575
SULF2,0.8465699516228364
PHF24,0.8458280376910663
GGN,0.8444669935526518
NECTIN3,0.8439397449375026
TRIM47,0.8439161371606672
CYP4F3,0.8438687373181263
S100A16,0.8433433880169935
MIR635,0.8417721663048089
IL11,0.8410881967163797
SERPINB8,0.8410678115303216
SLC6A12,0.8408431156555032
OSMR,0.8402126844797916
LINC01012,0.8366542347885728
GDAP1L1,0.8363368201785889
ANGPTL8,0.8350456716012954
APOL1,0.8347134014060457
GLIS3,0.8342188885826642
C4orf46P2,0.8336888599296658
PCDHA10,0.8330029101771406
COLCA1,0.8327893681183564
PLEKHH2,0.8324019078648567
PDGFB,0.8317163902366712
PTGES2-AS1,0.8310922271453367
ZNF593OS,0.8308834920429714
AHSG,0.8291075491788672
HSD17B14,0.82862399778897
PAK6,0.8263241628436133
ACTR2P2,0.826199178016864
FBXW10,0.8255083193755882
CFAP74,0.8254960985271497
MLANA,0.8252201855981371
MCHR1,0.8224203784624542
SLC37A1,0.821297358855133
SAMD11,0.8212209347176191
ARHGEF2,0.8207344690791198
ULBP1,0.8206031034320328
BEX4,0.8204612139841765
C19orf38,0.8201834138251489
RYR2,0.820101791782465
UBE2Q2P2,0.8200769367580656
IFI35,0.81989564299690465
ETV3L,0.8184437726027128
EML2,0.8183173585763011
SYT15,0.8183016301034628
LCMT1-AS2,0.8169087558466828
PLK5,0.8161200498579775
SHISAL1,0.8159373644360078
TEX22,0.8153857359144601
HERPUD1,0.8144812278442441
ATF3,0.8140026373175138
COPG2IT1,0.8113987166647069
RNF187,0.8109134698525435
C6orf141,0.8095095175166674
FTH1P23,0.8090256224611734
SNORD3A,0.8088604082261719
FST,0.8088345243014888
ABCA1,0.8074695390741083
PLCD1,0.8064746940565778
PHYHD1,0.8059706480365376
NAV2,0.805804545297157
LINC00942,0.8055125779980679
FGF11,0.8053646769159741
SRXN1,0.8043386642213961
MSRB3,0.8024178250844586
FBXO6,0.8016536430795929
RPL10P9,0.7992676204443699
NUTM2D,0.7991585088943732
GSN-AS1,0.7991443288777494
SARS1,0.796386673517926
BNC2,0.7959350882339394
MIR193BHG,0.7935058861331623
SRPX2,0.7931482439237627
LINC00960,0.7923526210853512
ESYT3,0.7922837092175335
PNMA6A,0.7921932300969535
PPP1R36,0.7917067199321596
NIBAN1,0.7912195239039744
SULT1C2,0.789498708221662
TNFRSF10B,0.7892831612347828
MET,0.7891318904677269
LURAP1L,0.7889949217680444
RIMKLBP2,0.7887808434329627
S100A2,0.7886632812134753
CCDC154,0.7884459225703174
B3GNT7,0.7880769065967408
SRRM3,0.787746079544434
GARS1,0.7876498084557154
TICAM2-AS1,0.7862389510929243
PTPRH,0.7861352676546604
VAMP8,0.7859489084149851
TCEA1,0.785632816023386
HOXB-AS1,0.7855498238750557
FAM66B,0.7853937887466512
GPR143,0.7846102371023869
PLEKHG1,0.7842019228351046
CNTNAP3B,0.7833834012295509
CDH1,0.7825925835626859
CRIM1-DT,0.7824774280355096
HSPA9P1,0.7820819954043701
MAFG-AS1,0.7820410454666851
FOSB,0.7811924275723128
CCN3,0.7810099368670967
ITGB5,0.7801015811385525
ZHX1-C8orf76,0.7789431065317594
MEG3,0.7776492564941317
LRIG2-DT,0.7768733453642203
APOE,0.7765261209361639
CFAP70,0.7755247019468476
LSMEM2,0.7743049442222494
TSPAN10,0.7729151792017749
TRPM4,0.7723371795706737
SF1-DT,0.7721622139283809
RBM47,0.7713192558009677
NAMPTP1,0.7699997693512085
GAPDH-DT,0.7699325431487898
RNF227,0.7693584230489601
ERN1,0.7692924032848454
NPIPB2,0.7690479328193025
HMOX1,0.7686900538022725
COLEC12,0.7682078196200653
LINC00662,0.7672355828375755
NONOP2,0.7667838250693186
JAK3,0.7656117520951478
DOCK6,0.7653334075608915
KCNK7,0.7652107556662819
MYO15A,0.7647229300486735
PPIL6,0.7632941234578878
GPR179,0.7625132070305521
SH3BGRL2,0.7620893310756203
GCNT4,0.7618185213054827
ZFYVE28,0.7609298174936211
COL19A1,0.760131997897394
MFAP3L,0.7596784489357241
MIR616,0.7595891884084501
SOX18,0.7589175226707369
GCNA,0.7586960913362475
DRD4,0.7586821019510912
EPB41L4A-AS1,0.7583876582888729
FAM20A,0.7579571457622809
ECEL1,0.757608676894533
SLC22A15,0.7575583614638619
RPL7P9,0.757021387074843
EEF1A1P6,0.7561944182188388
LEMD1,0.7558482935580539
SPON2,0.7543867792078657
PLCD3,0.7540580311016165
C4orf50,0.7528951277342584
MKNK2,0.7528412455274789
FRY,0.7521520287544164
TNFRSF1A,0.7520038388068077
COPB2-DT,0.7514560617763829
CACNA1D,0.7512517782690962
PLXNA4,0.7506574792035435
XPOT,0.7497831598461608
SEL1L,0.7480316342972458
CAMK2N1,0.7480129242242052
MAP6-AS1,0.7476369398024398
ARHGAP30,0.7476308603050085
PCDHB16,0.7451566702283939
NFE2L1,0.7444071138758823
KCNMA1,0.744082841927124
BLVRB,0.7419209885006504
ADCY10,0.7413101582470131
AARS1,0.7376107153796603
HOXB9,0.7375760044061599
PFN1P2,0.7374583241824989
PCDHGA1,0.7367673654546391
MTCH1P2,0.7366162041417653
NDUFB8P2,0.7364430666721135
IFITM10,0.7363512738388253
WIPI1,0.7362177281356492
PHLDA2,0.7361742658791557
ARHGAP6,0.7359258102616332
GLIPR1,0.735743750084843
GLTC1,0.7354232818841786
RNF32-AS1,0.7353818702783428
SNORC,0.7351673588244086
GOLGA4-AS1,0.7346495638397489
ROR1,0.7343068434868597
SCN7A,0.73363340277808
DCDC2,0.7332400404791355
DACT1,0.7326255402486549
KDM7A-DT,0.7322514555214089
VLDLR,0.7304499752901591
EEF1A1P13,0.7298820607747124
GJB2,0.7298538001453013
FTH1,0.729677060931432
STAT3,0.7291051789191065
UBE2FP1,0.7281367821787088
LINC03018,0.7265007144820084
ADAMTS9,0.7263206995695579
MRPS30-DT,0.7254610776649393
IL1RAP,0.7240479751404596
LRATD2,0.7240301634815416
PTPN6,0.7236159932203232
IL34,0.7235255873508492
EFHC2,0.7232092267756997
GJD3,0.7227177436968611
RNF175,0.7210426466483129
JDP2,0.7202581046808875
GRIN2B,0.7195983584456096
SQSTM1,0.718471686252289
SDK2,0.7178577421876097
BDNF,0.7174352420413255
YPEL3-DT,0.7167336195790321
SSBP3P1,0.7163148341405552
GTF2IRD2P1,0.7145681726080237
ATF4,0.7131984933103399
CNTNAP3P2,0.7127150010822434
GOT1,0.7126160579821867
NCKAP5,0.7114892226394459
PGPEP1,0.7098211194698285
ABHD6,0.7097757889299834
NAMPT,0.709537761174116
LINC02649,0.7095068107272602
FHL2,0.7094418791157178
RPS18P12,0.7093480766017414
NBR2,0.7086956243541266
GPR61,0.708664065899788
SLC35D2,0.7084222752018541
CAVIN3,0.7062688557416416
RBM24,0.7058156966017574
DCDC2B,0.7058124515545706
SNORD59A,0.7055734375805258
FOXL2,0.7055598429444917
PROX2,0.705287523052732
EIF4EBP1,0.7026200035955271
TINCR,0.7021203927205604
KLRG2,0.7019228101719741
FADS3,0.701172362677091
CLIC2,0.7007130538469014
C22orf23,0.6992994839691011
GLRA2,0.6984447975280162
WDR86,0.6983018276634784
SLC16A3,0.6974057606204394
LINC03073,0.6970936016037194
SGSM1,0.6967642925438277
PACRG,0.69574992230635
SGTB,0.6945177845253763
SYN2,0.694174937682757
LRRC43,0.6928923202019969
PKD1L2,0.6920231636678011
ERRFI1,0.6919997576209657
FKBP14-AS1,0.6910294309284424
ZNF469,0.6909481670599712
ABLIM3,0.6906660246171717
CRYZP1,0.6904151274135691
LOH12CR2,0.690176258901676
EPHB2,0.6899747597011502
FANK1,0.689639075312551
TMC6,0.6893865830034785
RPL13AP25,0.6872960959836477
DNAAF9,0.687008033326596
TTC39B,0.6866138491347106
CARS1,0.6865292704005976
ZFP36,0.6853530940929574
CD44,0.6852825787012318
MTHFD2,0.6849910748841735
MIR100HG,0.6848984698487196
LINC00908,0.6840735379651162
EIF4HP2,0.6839247518893141
SLC51A,0.6835492972651955
MEG8,0.6832056245221462
ALDH3A2,0.6831014705084731
OTUD7A,0.6830347397424544
CHGA,0.6824687985650042
C19orf18,0.6816576498549173
MAP1LC3B,0.6816493601298
TMEM106A,0.68128642989007
EGR2,0.6812113802329941
UPP1,0.6807100956317118
ARHGAP25,0.6806560069096614
BSN-DT,0.6805341878104243
LINC00654,0.6796264946276247
KRTAP5-AS1,0.6795351249451277
LINC02019,0.679133370232459
TPD52L1,0.6791030038651865
ARX,0.6788501827766301
CCDC177,0.6783881265259261
CATSPERG,0.6783828086493299
DNAI4,0.6782221300795632
TMEM232,0.6764094811498823
RELB,0.6763605850292322
CCDC110,0.6754465658305167
UFSP1,0.6750091849956915
MACF1,0.6749448287825759
RUNX1,0.6745890094825093
GASK1B,0.6737045357087946
PLPP2,0.673692602603926
RASGRP1,0.672604640492469
METTL27,0.6719197227489094
THSD4,0.6718098549793007
RGS16,0.6710305248168438
BEX5,0.6710119226555867
TRIM16L,0.6706993832439988
PCDHAC2,0.6706315177921142
RNLS,0.6698529856096498
SYT14,0.6695417614900645
MDFIC,0.6694306611165922
ARHGDIG,0.6679324793827559
PSAT1,0.6678680689853762
SLC1A4,0.667430390648693
BCAT1,0.6673887269258952
PROX1-AS1,0.6673306523188854
ACVR1,0.6671315780448025
SNORA22,0.6666090452577601
PDZK1P1,0.6662443435014928
TARID,0.6653236787598646
EFNA1,0.6647712545990809
NMRK1,0.6645037207071854
DHRS4-AS1,0.6644253784287205
RSPH1,0.6644052503318498
C1QTNF4,0.6640376777051384
ASS1,0.6629527002168472
BMAL1,0.6619865468398948
PHGDH,0.6607618779350927
CLDN4,0.6593456461489899
CREBRF,0.6578234074724901
RMND5A,0.6574713853368453
LINC00921,0.6572745527393037
IGF2BP2,0.6565448381913155
FIGNL2,0.6561378398924098
ALKBH3-AS1,0.6560329983750656
RPL23AP81,0.6560073488894762
SLC1A3-AS1,0.6558899033780792
SPTLC3,0.6556143656009554
GSDME,0.6554658393116054
STK31,0.655450953509832
ZNF843,0.6554474282305722
TMEM88,0.6534066487430104
NXPH4,0.6531382385469394
FGF1,0.6531293350299353
MAP1B,0.6528693311996141
TAS2R5,0.6526569778210787
HYAL1,0.651548714080777
TTLL9,0.6509719669133357
CHD5,0.6498926496684708
USP38-DT,0.6495567586783211
EPB41L4B,0.6494924202521349
UCN,0.6492123486698524
LINC01341,0.648840450691398
FOXP4-AS1,0.648661490198803
DLEU2L,0.6476833704434881
MAGI2-AS3,0.6475096727698186
SNRPGP15,0.6474545944206582
SYCP2L,0.6467168422558296
FRAS1,0.6466949904686745
COLQ,0.6450765256752781
CILP2,0.6446934995256639
INHBC,0.6442834026275355
SLC12A7,0.6440558438679002
TM6SF2,0.6437881852988169
NOP53,0.6427278994773231
L1CAM,0.6426053705441256
FBXO27,0.6424391907105164
NALF1,0.6415189239907411
DNAH5,0.6414910718532466
MFAP2,0.6414389973998037
CARMIL3,0.6413730091569856
POPDC3,0.6406529043272147
SLC38A1,0.6405184024616477
PTPDC1,0.6403247309870218
CFAP58,0.6391094773973359
RPL8P5,0.6384672910920566
HCLS1,0.6380606890309899
ZNF516-AS1,0.6376107072310363
IL23A,0.6371715977807175
DPY19L3-DT,0.6360938590675447
RPE65,0.6358203426362022
EEF1A1P4,0.6357544731345482
FOS,0.6353728825034732
SDAD1P1,0.6352722656545771
ICAM5,0.6350187436101722
SIPA1L1-AS1,0.6344737740152274
ITGA9,0.6344081570476113
LINC02585,0.6341885177836536
PROS1,0.6335228089773111
MAGOH2P,0.633456709173125
ARHGEF38,0.6330674041564128
TAS2R31,0.6312115856527232
SLC7A8,0.6309138822377659
B3GNT2,0.6306180487189137
KIRREL3,0.6294572390820314
FAR2P2,0.6292289713442325
BACH1-IT1,0.6283965375145002
HK2,0.6274839957430306
DUSP15,0.6261389281179716
EPHB1,0.625161628232849
INSYN2A,0.6247421018080345
SHMT2,0.6246985720948646
FTH1P20,0.6246857612677277
ALMS1-IT1,0.62433993246174
C1orf115,0.6243317165758472
TCEA1P2,0.6237832759946349
MYO15B,0.6227722899844199
TATDN2P2,0.6226436157378148
PTCHD1,0.6218288038214803
C1orf162,0.6215993243083766
CARD14,0.6201251917987757
ESRRG,0.61950211718562
VPS13C,0.619319190653103
DMXL1-DT,0.6192086759743664
SMCO2,0.618376673127552
FALEC,0.6179367952563667
HSPA9,0.6174979227691522
BST2,0.6174709833936893
DENND2C,0.6174680537955629
TLR6,0.617465263110221
PLCD4,0.6174382664198406
SPATA17,0.6173582687194724
ATP8B1,0.6173402213549027
DUXAP8,0.6170644633115822
ZACN,0.6165338639592081
JPH4,0.6165173319662177
MATN2,0.6158190568462347
C1S,0.6158070406969983
POU2AF3,0.6156922008432553
ABHD1,0.6154456296642333
TSBP1-AS1,0.6150418157261952
RACK1,0.6150339982909262
AMY2B,0.6149699280216443
TRIM22,0.6146894640051356
ABCG4,0.614289417497467
PHLDA3,0.6137909604926266
GARNL3,0.6132385222727625
GALR1,0.6118104539232163
ANKRD33BP1,0.6116235022363259
TTC21A,0.6115994972628429
MXI1,0.6112830863304003
LINC02352,0.6109736302641536
DUSP18,0.6103196600375601
GNG3,0.6099931334649805
RRAGC-DT,0.6091533150956107
SLC2A9,0.6086134559885936
APC2,0.6086024104781466
RNA5SP118,0.6085812330453965
IL32,0.6073351035354705
GRPR,0.6068349182367604
HLA-E,0.6066459564906392
SHROOM3-AS1,0.6058888757322977
FOXD3,0.6052365622702351
MAP1LC3A,0.6050403330621524
FAUP4,0.6045836629834138
SPATA1,0.603613296639313
LAT,0.6034403033075753
BHLHE40,0.6023884713932857
C11orf65,0.6015270617536297
F2RL1,0.601426803212383
STBD1,0.6002814227421113
TMEM63C,0.6000068298908487
XBP1,0.599445494445764
IFIT2,0.5993644237855171
KLHL24,0.5991642481623234
SLC7A1,0.5990363198586036
RHOBTB2-AS1,0.5989613747128317
DNASE2,0.598916136014284
SPACDR,0.5982244291808787
APRG1,0.5981526195326531
NKPD1,0.598020911256935
CASP8,0.5979533457995304
DOCK7,0.5976625040033623
MDP1,0.597438609368661
CABCOCO1,0.5974017065693406
NCOA7,0.5968578498111323
CYRIA,0.5962402475815299
PROX1,0.5959947501618542
EIF4B,0.5959473181585488
MEG9,0.5959383782482748
KDM2B-DT,0.5952106602058608
PCDH1,0.5949827851839871
SLC6A17,0.5948980915163693
PCNX2,0.5936067385571385
ATP1A4,0.5934106847009861
ZNF460,0.5931159022085845
COLEC11,0.5929363508888983
RNF213,0.5927483241997578
CYSTM1,0.5925407653272359
MIR29B2CHG,0.5925396788803781
ZFP2,0.5924416280722117
RPL32P18,0.5924031438346484
LRRN4CL,0.5922490624883775
S100A11,0.5921122510821439
KCNB1,0.5917718391554044
XPOTP1,0.5917700084098354
HIVEP3,0.5915830484056351
WASHC5-AS1,0.591329885142969
CEBPG,0.5912660782632008
NYAP1,0.5907937092984992
ZRANB2-DT,0.590748401133886
LRP1,0.5905453997766137
A4GALT,0.5903331433838659
USP27X-DT,0.5900002965239657
TPPP,0.5892876938616701
RPL37P2,0.5889360084163916
CNTNAP3,0.5887555150239543
RPL24P4,0.5883560143487147
LARGE2,0.5881880284642925
SHC4,0.5878142547357093
CBS,0.5873291206767411
SOCS2,0.5867325732944385
SPTSSB,0.5866306378564963
CRYBB2,0.5865642612757964
BEND3P3,0.586517323042817
PER1,0.5861551327018946
BAG3,0.5860745840637173
VSTM2L,0.5854489209930039
TENM4,0.5854486518312836
MRGPRE,0.5848585291083271
METRNL,0.5842969481259954
CASZ1,0.5838391420832776
PIK3IP1,0.5838005920405478
RPL18AP3,0.58336409169998
FUOM,0.5833438281348231
DNAJC28,0.583175916491863
LASP1NB,0.5831062023642647
EIF1,0.5823353317458546
HNRNPA1P10,0.5818562942742791
SH2D5,0.5815309768453716
SPATA31H1,0.5811907808608285
AFF3,0.580974433378119
DRAM1,0.5809166037312524
HERPUD1-IT1,0.5798685119935817
DHRS4L1,0.5792031586040475
ALDH1L1,0.5791809439894104
MMP14,0.5787688509774165
ZNF474,0.5784452007468858
RWDD2A,0.5784157417713234
SEPHS2,0.5782361067857996
ZNF436,0.5773553958868256
EPCIP-AS1,0.5770344577516477
SEC14L1P1,0.5768623906524296
SERPINH1,0.5757253899290234
TMBIM1,0.5752273620103188
LINC00623,0.574560350113164
SLC3A2,0.5740515141063353
C19orf73,0.5737328973546022
PATJ,0.5735149425787203
GOLGA2P10,0.5733978348534715
PLEKHG4,0.573267220624328
TENT5C,0.572166942192292
NEK5,0.5720273178028332
RRAD,0.5717911625981196
ZNF337-AS1,0.571786547540864
MKRN2OS,0.5716923886121273
ACTG2,0.5715066341268297
RSPH4A,0.5714940887581726
DBNDD1,0.5713871843856001
ZDHHC11B,0.5705893279525054
B3GALT4,0.5703925120188424
TIMP3,0.5703358483588399
TBC1D30,0.5694368259983266
SMAD7,0.5689203601687052
CIMAP1B,0.5687620178883638
UBR5-DT,0.5686186062068299
CPEB1,0.5679837649371118
ZSCAN18,0.567934633066075
GDF6,0.5678593232305091
SOCS3,0.5678247595285533
LINC02872,0.567281543512782
LIPH,0.566723568380779
ST6GALNAC6,0.5666792477267951
KIAA0087,0.56664352826939135
PFKFB2,0.5661595696265705
RAB3GAP2,0.5659008159559856
PYROXD1,0.5658031670229201
KBTBD11,0.5656769074151048
FAM27C,0.5655513562937041
SEC1P,0.5654921461498164
DOCK11,0.5654486175976784
PLAAT3,0.5647179688993638
APOBEC3G,0.5646259767728171
CCDC81,0.5644773657927559
RBPMS-AS1,0.5644581748796949
SALL4,0.5640038932731999
RPL13P12,0.5635495462471746
MAST4,0.5627469355636961
ICA1,0.5626782501726378
PDZD2,0.5625389520319023
ATXN7L3-AS1,0.5622324349193354
FAT2,0.5616987428223362
PRUNE2,0.5607954534241948
PDPK2P,0.5604851232846441
GRM6,0.5602457229150908
EEF1A1P12,0.5598253724178496
PRADX,0.5593912717863947
TRDJ4,0.559184075476972
LVRN,0.5591200657496666
RPS15P4,0.5590581898111908
SMG1P4,0.5583603409092646
KDM6B,0.5579898142203942
PDZRN3,0.5575592042782633
HPX,0.5567981178524454
TBC1D29P,0.5558039260389321
AGAP1-IT1,0.5555264273357673
TXNDC2,0.5552803934802326
COL6A2,0.5551451741389429
ALDH8A1,0.5551065680653621
EPCAM-DT,0.5551052105315578
ALS2CL,0.5548466794853223
IL12A-AS1,0.5547765809157701
CATSPER3,0.5546905736606034
TIPARP-AS1,0.5546193587027322
CPLX2,0.5530697540624478
IARS1,0.5530017195669421
CCDC18-AS1,0.5529905593322393
EEF1AKMT4,0.552711004792902
SLC17A7,0.5517400349888079
RORA-AS1,0.5514032705569825
LINC01145,0.5512413539305029
AHI1-DT,0.5509704805701349
MIR1281,0.5508319263637041
IL12RB2,0.5507809245108437
CLCF1,0.5506860810878884
GGACT,0.5502312000896801
CCDC62,0.5500613334279356
LGALS3,0.549781942059015
FCGBP,0.548601995996863
KCNJ4,0.5485407834837928
PCDHGA3,0.5483696579923113
CUTALP,0.5483259437313242
GOSR2-DT,0.5480448297382299
YARS1,0.5479243003321641
PPARA,0.5476959996263026
RAP1GAP2,0.5475662468934879
GPT2,0.5475572422117495
TMEM86A,0.5473970227406242
MICALL1,0.5467216826476756
RNF39,0.5462763758842877
ABCA17P,0.5461610283649667
ANKRD24,0.54603827655466175
VN1R1,0.5447851463165688
UNC93B1,0.5443044353320836
CFAP276,0.5439625455688155
RANBP9,0.5435426237215545
TFCP2L1,0.5432548409063831
BEAN1,0.5429035398479723
PRKAB1-AS1,0.5423545017739302
GABARAPL1,0.542315160773634
POSTN,0.5421768926169935
IRS2,0.5421500371564593
CFAP263,0.5398613439717306
IL16,0.5393464337825663
HES4,0.5392280993525153
DOCK3,0.5391738998804763
OSBP2,0.5390964600863103
TMEM51-AS1,0.5389292491523424
PPP1R8P1,0.5389277387343497
G6PD,0.5387424131264859
L3MBTL4,0.5380648307384425
FILIP1L,0.5372501126925147
SCG2,0.5371021206241129
WNT9B,0.5367023422678732
WDR31,0.536492583683369
FAM225B,0.5361764210845136
KLHL29,0.5361691382864859
PRDM16,0.5357851890971945
IDNK,0.5344309597346579
ZDBF2,0.5341370757808538
SDS,0.5337355618147847
ZNF467,0.5332399673363641
PPP1R26-AS1,0.5325574971433163
PPP1R3C,0.5324892012921986
RAB27B,0.5318286727905425
ACOX2,0.5316788712898831
HOXA-AS2,0.5313955007553464
FRG1BP,0.5313441391624536
SKIL,0.5310317191958176
ERVW-1,0.5309634803132938
SSPOP,0.5309516218470633
TRIM7,0.5295333784543456
FZD5,0.529483268229287
SCRG1,0.5288745774322404
STING1,0.5288400896748365
NEK6,0.5282390044281648
RPL4P4,0.528225747209849
SLC35F6,0.5280482848479483
RPS15P5,0.5276996937357383
DNAJC27-AS1,0.5276203581728239
ANKRD37,0.5276106461483094
NEXN-AS1,0.52725680568432
CLSTN2,0.5270494916659053
LONRF2,0.526680061160869
RPL29P4,0.5260708265996128
FOSL2,0.5257417564075135
CCDC8,0.5252124712599965
RHBDL2,0.5249756555126741
KCTD14,0.5246388192297298
DGKE,0.5245049336862351
L3HYPDH,0.5244876826506812
GOLGA7B,0.5243732004220861
PLB1,0.5241707806909837
TMEM130,0.5239656857292955
VIM,0.5239118827328333
SPNS2,0.5235881682130015
EEF2,0.5235166297045416
LRTOMT,0.5230857960032861
EDEM1,0.5229012801143352
LIPE-AS1,0.5228534509757137
NRP1,0.5224618672244741
LRRC8D-DT,0.5223963739921897
TRDD3,0.521821931805062
PROZ,0.5214227348303644
LINC00355,0.5210764606713308
TMC7,0.5208583591214531
ZNF252P-AS1,0.5204487977758913
PARD3B,0.520030014184574
BHLHE41,0.5200038896411132
KIAA1549L,0.5199668465466758
ENTPD6,0.5198575875156459
RPL5P1,0.5195852969455155
NAALADL2,0.5191704102129598
MUC20,0.5186839499324489
HBEGF,0.5185917962230627
MGAT3,0.5182787749208794
WEE2-AS1,0.5178396501069655
PRNP,0.517341238110252
AXDND1,0.5165835070907119
RBP4,0.5159926677792318
MAP3K15,0.5159289629117272
DNAH10OS,0.5157222176922182
ACTN1,0.5148208133784008
KREMEN1,0.5144617982513127
CLN3,0.5141675523803687
IGF2R,0.5141465611494406
NR1D1,0.5137997074161804
UNC80,0.5137106687976487
MXD1,0.5135606497185852
TUBE1,0.5134488005841644
STARD6,0.5127944262816647
ADGRG6,0.5127565135120612
GHITM,0.5123188841078742
ALDH2,0.512089030928108
NFATC2,0.5120676276714724
RPL3P2,0.5120235533546619
EIF3E,0.5116345933253982
CAPS,0.5115642232608266
FAM169A-AS1,0.5114011539790344
TPT1,0.5112237065726558
CLIP4,0.5111543756353711
TNFRSF21,0.5108747656468968
GPR146,0.5108654619689789
CARMIL2,0.5104962211554529
ACAP1,0.5099096066881711
LGI4,0.5098359922688834
H2AZ1-DT,0.5097806714382758
CDC42EP5,0.5096029416704656
RASA4DP,0.5094462157243221
LLGL2,0.5091830319616001
TMEM217,0.5085370014433084
FSCN3,0.508147693226632
MEGF6,0.5081414382324473
PTPRE,0.5078969515755543
LINC00847,0.5078809827119685
HVCN1,0.50778507274477
PRTG,0.5077362179130971
INSYN1-AS1,0.5075470517344604
TMEM150A,0.5071021536453255
TMEM30A-DT,0.5067412314274342
SNORD48,0.5055523830310679
BACH2,0.5053801480971671
OPTN,0.5049050105982748
PCDHGA6,0.504202872683025
SPEG,0.5034969956408448
CAV2,0.5031959410880499
B4GALNT3,0.5030848418996712
HMCN2,0.5030845884378852
GPCPD1,0.5029742614437454
PHEX,0.5022675635410631
RPL22,0.5022122751513788
FOXD3-AS1,0.5021658022223162
NRG1,0.502099599501347
TSPAN33,0.5019077749449132
DRAXIN,0.5018171219558123
MFF-DT,0.5014761222140586
IL27RA,0.5013652893159409
NOS1AP,0.501310123505705
GALNT15,0.5010872086283055
MMP19,0.5010824046798016
TVP23C,0.5010098638022784
SHFL,0.50096625075113
ZBBX,0.5008269382175503
S100A10,0.5008108839312627
NEPRO-AS1,0.50073207595968
SP140L,0.5005506202559988
RPL7AP45,0.5002932391003599
SYTL3,0.5002268407119189
NT5E,0.4999206980574223
CPQ,0.4998844034994578
SEPTIN5,0.49964316892160315
IFT122P2,0.4993775236198694
MSS51,0.4981680449966779
FAM87B,0.4981474127973851
LACTB2-AS1,0.4978876663698372
RETREG1,0.49785551182249205
GNPTAB,0.4970509059707214
LINC02924,0.49693305241434205
ZDHHC11,0.49676329084227516
SLC38A4-AS1,0.4966210206222976
TPP1,0.49652550102237725
MCF2L2P1,0.4964208620140141
ASGR1,0.49630028793920905
RRAGD,0.4957223637022089
SUGT1P3,0.49560769746710914
LINC03000,0.49544612041537894
CACNB2,0.4952038760063647
ZNF516,0.49510843781172903
SLC47A1,0.4947649970791686
PCDHGA2,0.4945697615726394
DHX58,0.49455431401129013
BTG1-DT,0.4935421472515711
DHRS4L2,0.49339358917234666
OGFRP1,0.4928411478140319
IL17RE,0.49273715332968926
AGBL5-IT1,0.4925209155338306
TM4SF19-AS1,0.49250879180266366
ST3GAL5-AS1,0.492383857000838
GRIK1,0.49234382297105456
KIF16B,0.49226636023295106
MAP10,0.49158123226095474
KIF17,0.4912800272913708
CCDC136,0.49127961164536216
GOLGA6L9,0.4911237040617479
CDC42EP3,0.4909830191739318
MFAP4,0.4907439405244639
OXR1,0.4892872934733397
NTAN1P2,0.488674600023428
BMP2,0.4886584936423881
WNK4,0.4885288171917667
KIZ,0.4884288893592305
RPL5P12,0.4881836555745751
RHCE,0.48756774648893503
TWF2-DT,0.48715529964835447
AFTPH-DT,0.48714259422979755
NARS1,0.487107841942418
GALNT3,0.48691741962837454
CTXND1,0.48611444745728966
GPR158,0.4857332129286126
WASHC2C,0.4854009163412032
ABHD12B,0.4851168281555766
PLTP,0.4850175414546605
DNAH1,0.484191646616232
SAT1,0.4841302035494195
SDCBP2-AS1,0.4841129008704889
KDM5B,0.48410075121157203
SGPL1,0.4835425409023263
SYTL2,0.48353889023547153
FXYD7,0.48268880645163703
PCDHB12,0.48259551049258237
MAP3K7CL,0.4822972178437952
NALF2,0.4822853407608927
IFIT3,0.48208476518560994
IGBP1,0.4820331775166655
MYCL,0.4820141112513824
RPL10P16,0.4818768919511529
PTK6,0.48186510329495646
PANX2,0.48170262641320954
ABCA9,0.48163210864936706
AATBC,0.4814227529338435
PHACTR2,0.481288446600178
MTMR7,0.4809893665172142
AZIN2,0.4806948638436768
CPEB4,0.48063515250815153
SLC40A1,0.48045552979194345
REPS2,0.4801858885111482
ZNF554,0.4800784526262551
PROM2,0.4800103683134014
EPB41,0.4795865489072839
CNR1,0.4793223679512735
TLR3,0.47881459356319545
NR1I3,0.4787995673872803
NPAS1,0.4787577323496897
MARK1,0.4784531341437366
NANOS3,0.478354730343156
PMS2P5,0.47816469560009395
EEF1A1,0.477822358446643
LINC01473,0.4777711913409733
THBS3-AS1,0.4776111754123954
ZNF578,0.476823910008984
LHFPL2,0.476385718638654
PDIA2,0.476237823151242
FAM89A,0.47575122538518566
MLXIPL,0.47529435735088565
HOXC-AS3,0.4750896767582255
GRAMD1C,0.4750177064360673
SMPD2,0.474991795202755
MEIOC,0.47493066411240376
CYFIP2,0.47492602852187615
RPL13AP26,0.47469288742678517
ZC3H12D,0.4745719131565281
VRK2,0.47432786641216573
RPS7P11,0.4743017771940474
PODN,0.4742704951671979
MYL5,0.47426012945115836
GADD45B,0.4738304241531741
RBM33-DT,0.4737283981313025
CXADR,0.47370733058489745
HEY1,0.473700945956676
FRMD5,0.47331435918688847
BTLA,0.47318996787715284
TRAPPC12-AS1,0.47276908444911125
NFASC,0.47275517516175725
DLGAP1-AS4,0.47272727044578544
MATK,0.47161232480105875
EPRS1,0.47158218072162844
CRIM1,0.4713347950024096
CPLANE2,0.47123338345550053
KCNQ4,0.47110969686110077
DUSP14,0.4708336478829029
PRELID2,0.4704980262335937
H2AZ2P1,0.4702438478394016
CASP4,0.47023384722338296
AGT,0.4702337095886886
TUBB1,0.46939902228075336
PPP1R9A,0.4691872238094915
HMGB1P31,0.4691832617266598
TIGD1,0.46905078605513845
LIX1L-AS1,0.46885956633925424
SRRM5,0.46855560136939234
LRP1B,0.46848814636645136
SLC39A14,0.46838688628908226
GIMAP1,0.467998079028776
ZNF385C,0.46757937311948283
PCDHGA11,0.4674230986600526
EEF1A2,0.46627312173608376
STAM-DT,0.4662139143700998
CCDC191,0.4661122740087604
NSUN7,0.4659786127243569
PPM1L,0.46591056781465634
TCEAL5,0.4656718725860001
ADAMTS3,0.46537134163833893
CYP2R1,0.46497815649302143
FAM107A,0.46345840849913383
SERPINB6,0.4634494346009018
ZNF558,0.463237686788947
INPP4B,0.46321498030807523
BLTP3A,0.4632050789564645
SMIM45,0.4628220896793683
UNC13A,0.4620098533815399
CHD1-DT,0.46185139595774627
DIRAS1,0.46171037248628755
WDR19,0.46168115604774274
SNX18,0.46150333015996453
PCDHGA5,0.46077270222707295
ZNF155,0.46072588381100166
SPTBN4,0.46057327414956567
FEZ2,0.4602060301781787
RPS23P8,0.45991538094589
TRABD2B,0.45991394008941455
RPS7P1,0.4596158111423746
HCN2,0.4596019786266693
ANKRD11,0.45948185515394224
SOX9-AS1,0.4594441475407928
F10,0.4592099825280303
KCNQ2-AS1,0.459144939160759
DNAJB9,0.4589441314664527
TFAP2E,0.4588609119959789
ZNF709,0.45874889957577447
YY1-DT,0.45859672464019885
DCAF4L1,0.45844052718020906
CYP2D8P,0.4579988368995298
ABCC6,0.4579576309679577
BOD1L1,0.4578519347867168
INHCAP,0.4577070100545067
SEC62-AS1,0.4575279396915763
ACP6,0.4574068971092075
PRSS23,0.4573999227523165
CIART,0.45708399012920264
COPZ2,0.4568009655795128
ZNF32-AS1,0.4567106635342834
CERS4,0.45664033141891436
FHIT,0.4565555938294592
GAPDHP65,0.4563851504074998
KIFC2,0.4557416037728398
RTCA-AS1,0.45543244064644123
SPTBN1-AS2,0.45532305600680556
HTR7P1,0.4552281488243253
RPL3P4,0.4544556371976233
SLC39A4,0.45389643579884936
RNF31,0.4538517924523814
LRP10,0.45322207469327064
FKBP1B,0.4530900401934163
CLCN3,0.4529564637399444
MIR22HG,0.4523493974172048
NBPF20,0.45231770723112596
RTN4RL1,0.45225712872859963
CKMT2,0.45175280643933513
RHBDF1,0.4509017667240037
TMEM267,0.45077369432309816
PEX5L,0.4506061600829901
FAAH,0.4504473837021844
ZNF528-AS1,0.4503561146017313
NLRC4,0.4500795524522725
SLC4A10,0.44959363517736123
RCSD1,0.449588338840077
DDX25,0.44946760825274934
EPHX1,0.4493551964641971
VDR,0.4492906300093505
PCDHB13,0.4492157313658157
JDP2-AS1,0.4480303905485526
PINLYP,0.4478164560064503
HYOU1,0.4475821595669239
TENT5B,0.4474369166141284
CHRD,0.4468005316799503
MYH7B,0.4462045947664512
TMPPE,0.4455863455623531
NLRP1,0.44541709872156204
UBE2E2,0.44537549074405935
RPL26,0.4453650749838476
ABTB1,0.4451165941091471
JMY,0.4450530589939012
CD81-AS1,0.444788963182753
TRIM16,0.44444798582691525
PYCR1,0.44419082092872064
TRIM66,0.4441039986733463
GRB10,0.4440205312804862
NOTUM,0.4438471587996689
LAMB1,0.44362706163526405
TARS1,0.44361049501583694
RPL5,0.44351291284459377
ADAMTS10,0.44319113179352715
KTN1-AS1,0.44312070210502097
MIDEAS-AS1,0.4426731658804719
PXDC1,0.4415247197697052
CENPBD1P,0.4414756886218808
PHYKPL,0.44131655309927637
SERPINE2,0.4410326820236694
FOSL1,0.4406674687718663
RPS4XP16,0.4406259858825203
C11orf42,0.44008316399345576
DELEC1,0.44005565493779647
ZNF529-AS1,0.4400539510334631
INSYN1,0.43993598448683896
MFSD4A,0.439855343756759
PREP-AS1,0.4397989205925123
MALAT1,0.43972876601576577
C17orf67,0.439678647098763
SIRPB1,0.43965461611611173
DIRAS3,0.43950230322547346
WBP2,0.4385687612990508
EIF2S2,0.43841417986579406
FKBP2,0.4382581033461874
MICAL2,0.43809137714959523
PMS2,0.4380423485923537
ZBED6,0.4380314711769047
ZNF763,0.4379193515369158
IDUA,0.43781096426767185
FAT3,0.437798517429136
TBC1D3L,0.4374371939875029
AMT,0.4372966731590133
IGF1R,0.43686069197752825
BHLHE40-AS1,0.4367965962265838
CFAP43,0.43653129853373934
KCNH8,0.4365243063163233
HIC1,0.4365004638046948
TP53RK-DT,0.43634926237830424
PRKCE,0.4360910757343972
PLEKHF1,0.43605320470936454
N4BP2L2-IT2,0.4359854525652149
HNRNPKP1,0.4357282975507623
GAS5,0.4354916102534543
MTHFD1L,0.4354292748776401
NME5,0.43541247757286883
RFTN1,0.435258739799731
RPL3,0.4352179697094396
SNUPN,0.4350300625823144
HPSE,0.43463383475172324
PFKFB1,0.43449153861487205
PDE8B,0.43432342906745414
SHC2,0.4343222645379261
SORL1,0.43427065575074614
CEACAM19,0.43402550746061086
STAB1,0.4339119837347648
TFEB,0.43361300813855014
ITGA5,0.4334471869370104
MYO9A,0.4330861014917839
ODAD4,0.4329326175521219
EIF3L,0.43278511478655773
SYBU,0.43255346555828583
DUSP8P5,0.43236194871621586
DNAAF1,0.43227326116224285
EPS15,0.4320650171486997
PCDHGA4,0.43193820121722354
MGAM,0.43167123950948155
MPV17L,0.43099956929169686
DYNC2H1,0.4306154052721799
FBXO32,0.4306088162313374
RPH3AL,0.4305578457137773
SPOCK2,0.4302420174570765
CD163L1,0.4294050080124748
LINC00852,0.4292255681829713
HHIP,0.4289012075113784
LINC00345,0.4287726976067779
KIF1A,0.4287413374618846
SLC2A10,0.42871031831294987
RPS6P25,0.42870038957798046
SYT5,0.42839028269566337
RPL23AP87,0.42830873707038303
OCLN,0.42644743435308835
LINC01503,0.42637365699535834
BLTP1,0.4262702798534704
NAPA-AS1,0.4262456755282681
CES3,0.425196072883567
LPP,0.42515852565942197
SVEP1,0.4249275109724659
RSL24D1,0.4248242756625503
CPT1A,0.42461441411452894
ALG1L6P,0.42436284406863334
RPS2P46,0.42372923945273244
TRAF1,0.4232955429822564
LINC03082,0.42315964100142434
LMO2,0.42283858000933006
MROCKI,0.42277610199888005
ZNF471,0.4225515691900696
ADORA2A-AS1,0.4225222700182712
RPL4,0.4223665087477143
HID1,0.42225670474375415
BAMBI,0.4221963408868925
SYT9-AS1,0.422024372068943
RNF212B,0.4220239946404276
TRIM56,0.4215626355327281
LRRC23,0.4212914770099523
PPFIA4,0.4209966349600883
SLC67A1,0.4208075071061956
TAMALIN,0.42067738250234404
MRC2,0.4206011471909849
PRDM6,0.42053404239588854
SPNS1,0.420471060872734
TAFA2,0.42031670200194154
RTN2,0.42028963312667583
GSG1L,0.4200760093019754
CARD19,0.42005366460292304
MIR3936HG,0.4200302087068246
MKLN1-AS,0.4199311201361284
ZNF470,0.4197786570498375
AIMP2,0.4192412077648792
DRC12,0.4189476597888353
NEK11,0.4187576694479862
MYOZ2,0.41873361957878313
SHC1,0.4184443981860026
GFPT1,0.41816794485407693
NCK1,0.41812916761110813
DDAH2,0.4180102005357982
NLRC5,0.4179096367011452
SEC24B-AS1,0.4175842109650078
ELAVL3,0.41758219811005964
ZFAS1,0.4175590391654911
NPIPB5,0.41713287957429723
INPP5B,0.41683746948713835
FNDC4,0.41679240957336905
HIVEP1,0.41604326626142574
COL8A2,0.4160354718110405
EPS8L2,0.41573871073657165
A1BG,0.41538189188744884
FBLIM1,0.41531246387349413
CHADL,0.4150920069994973
ATRN,0.4147651919173573
MARS1,0.41474931307356333
ADAP1,0.41446544466728324
ZNF251,0.41373908925593234
TENM2,0.4135769615896572
CLIP1,0.4135473417247433
MCTP1,0.4134500444299214
ZNF788P,0.4134466100020464
ZNF415,0.4134115665649012
S100A6,0.4128367318899526
HEXIM2-AS1,0.4127311458307391
TATDN3,0.4127031238410108
SRRM2-AS1,0.4125245923544557
RAB33A,0.41222693045216435
LRRC56,0.41211938183696784
GFI1,0.412096840678121
GLI1,0.4119818131636145
PGLYRP1,0.41136174871408016
SEMA6A-AS1,0.41120961624007657
RPL34-DT,0.411173418799235
SEPTIN7-DT,0.4110755036860395
IQCK,0.4109922319313654
TNKS1BP1,0.4109468229857755
HHIPL1,0.41091259679982933
HSPA1B,0.41066804342221247
MAGED2,0.4106199247031891
BAIAP2,0.41056900642230837
ZNF662,0.4103848589989444
MINDY4,0.41009813674571705
IDH1-AS1,0.4100325682255368
UBXN1,0.4100309432228642
RARA-AS1,0.4100155352883698
HS1BP3,0.4098316739839209
GPC1,0.4094714114536745
MLKL,0.40946125296739805
H6PD,0.40926246207956896
KDM4A,0.40899889220594626
SAT2,0.40889012549670417
ALKBH7,0.40849894472314885
SDSL,0.4083768326947938
NUAK1,0.40825309615818295
DMAC2L,0.40817269607226714
PRKAG2,0.4080490807779893
SNHG18,0.40787569961084913
S1PR2,0.4076595726792902
ATP2B1,0.4075504135295278
RNF217,0.4074889216863439
TAFA5,0.4071826504196984
GTF2IP14,0.40671860181366676
TPST2,0.4066794726103305
KIF26B,0.40664161773672824
DSC2,0.40652418032236326
CIMIP6,0.4064188926907955
DPP4-DT,0.4063114160805926
NUP210L,0.4062750100803841
WFDC3,0.4062384323856716
NEURL2,0.40611378601854875
LINC00174,0.40575735134149243
WASHC2A,0.40575016712588624
DDO,0.40561489354154695
DNAL4,0.4053663581771306
AGAP4,0.40534608190088495
MYO6,0.4050674666037614
WNT5B,0.4042296888875165
LYN,0.4040816201992239
ADAM12,0.40375426929612396
DGKI,0.40369432142432926
HDHD5-AS1,0.4036667397552226
RPL27A,0.40354861975423717
FAIM2,0.40330630205780676
CEP70,0.4032206028507804
RASGEF1B,0.40311614286257064
SLC45A1,0.40289485298110883
FHIP2A,0.4028725310655869
OGT,0.40271634771749043
SYN1,0.40235425039856376
C1orf54,0.401912779622181
MED13L,0.4018455463438058
HEMK1,0.4016828025337777
IGSF9B,0.40165956684557635
ZNF555,0.4016249957543687
SPACA9,0.4015190807702126
LINC03040,0.40137023222252466
PLAC9,0.4011831525247277
SORCS2,0.4010259865406688
LINC00467,0.40102244356064787
LINC00173,0.40099620363013094
ZNF792,0.40087144733112845
CTSL,0.4007507705893614
ZC3H6,0.4006087505715604
DNMT3A,0.4005486911105331
ARL6IP4,0.4003833618104941
SOCS1,0.40007837746575514
ELOCP19,0.4000585918498106
PPARGC1A,0.3999913069404624
BIN1,0.39990565040827425
STK40,0.39980244682737565
TNFRSF12A,0.3996678765412379
KMT2D,0.39946630205065076
LINC01730,0.39941762562464744
LINC02361,0.3994128932115174
LGALS4,0.3993974811452332
SNHG8,0.39929526282570493
YBX3,0.39926428632746747
TUBB3,0.3992239557488992
SLC38A2,0.39922018676868115
PSD2,0.39851468992999617
AAK1,0.3984340299965122
PJA2,0.3979910746926551
GHET1,0.3978835147300532
STON1,0.3978215646977472
RPL36AP37,0.3978113084377504
GPRC5C,0.39779712267556594
GEM,0.3977785548217895
CTH,0.3976903588615935
ADAM32,0.3973646057282326
SLC35E1P1,0.3972958515399664
KLHL5,0.39727880841397845
RAP2C-AS1,0.39696727623237815
GSAP,0.3967828492807647
SLC35F2,0.396749785868369
TPT1-AS1,0.39624841438821984
NPIPA5,0.39603764444315065
NEUROD2,0.39582123152583926
MT-TP,0.39527624391616667
LNX1,0.39512734530885824
RAB3B,0.39510363340300675
RRH,0.3948148035076449
CFAP69,0.394523259872841
EIF3FP3,0.3944643847945851
ZFHX3,0.3942582728850768
PIK3CD,0.3941581097975162
ADAMTS9-AS1,0.3940834738009908
GRIN3A,0.3940582176811968
LCA5L,0.39362061627386574
ALPK3,0.3935171462303719
NINJ1,0.39321859820102056
RCN1,0.392851148920399
ELMO1,0.39285081799646954
RPS3AP47,0.39244900852316483
DLGAP4,0.39240495091833055
PICK1,0.3921652715116003
ADAMTS2,0.39190868280783153
LINC01841,0.3919068891896528
ZNF19,0.39156998649935926
ANKRD12,0.3915054157317549
RPL26L1-AS1,0.3914725261721346
OPN3,0.39100513763320793
ATOSB,0.3907753009740863
ADORA2B,0.3906931540525043
RRN3P3,0.3903230288775036
UBE2D3-AS1,0.39028390904596066
NFAT5,0.38992337366205765
FAM131B-AS1,0.3895670132211943
PPCS,0.389297153329938
UBE2E1,0.3892382579871904
CD160,0.3890481448485679
CCT6B,0.3890151695256626
MIOS-DT,0.38899517793206423
ZBED3-AS1,0.388880095402836
TP53RK,0.38886862178728343
STYXL1,0.3887612748751243
RILPL1,0.38874822146228794
IER5L,0.38825645372446904
TRNP1,0.38813160536096725
MCMDC2,0.3878218427237725
SULT4A1,0.3877124648912413
RPL13P5,0.38754671125111206
LIFR,0.3874931330287726
BOLA3-DT,0.38729393488686414
ZNF334,0.3871277458030918
FAM131C,0.38710797004127667
EMC1-AS1,0.38707924784233416
KLF13,0.3869909573029491
WHAMMP2,0.38694369204695006
NDUFV2P1,0.3869016408105122
TMEM102,0.3868801818432605
ARHGEF3,0.38679015180085
AVIL,0.3859608151241882
SPMAP2L,0.38542967104265047
SYT7,0.3853005871422562
TAS2R4,0.3852653873620983
KIAA1671,0.38509677528902075
RND3,0.38490493787845625
SAMD4A,0.38474203376752053
PRKAB2,0.3845117243520126
CHST2,0.3841388537387803
CSDC2,0.38386709025004456
FRMD3,0.3836561825892676
VPS33B-DT,0.38360664093219643
LAMA5-AS1,0.38352473448431273
TMCO1-AS1,0.38310895488472885
NMI,0.38297444351719023
CBFA2T3,0.3826712550269575
ACSS1,0.3824243338267584
FAM228B,0.3819537409472955
FNDC3B,0.38182148024586904
KCTD18,0.3816046515131339
LONRF1,0.38146191986152345
RAD51-AS1,0.38139649959998634
LYPLAL1-DT,0.3813740068989929
CCDC192,0.38121058828606724
AKAP13,0.38118460829841916
CLIP3,0.3808926251778629
DET1,0.3805516801052451
RPL13A,0.37998495302975344
RPL13AP5,0.37996665394492396
AFAP1L2,0.3798979547756642
MCF2L2,0.37977305209154644
ITPKC,0.3793821268199114
ITGA6,0.37925113197479704
PABPC1,0.3786154477864571
STEAP3,0.37840154172433743
NPM1P6,0.37781524193824934
USF3,0.3777971536955972
DPH5,0.37777571230916535
SWT1,0.3776126770435314
SYT12,0.3774806540307263
IL21R-AS1,0.37745884634642274
WHRN,0.37739665167479286
KDM3A,0.37726329256498575
LCDR,0.37693566695031616
ZNF274,0.3768137719755722
DNHD1,0.3765871003345702
PMS2P2,0.37611661258785434
PDP1,0.37602427227769547
WHAMMP3,0.3758846749882254
EBF1,0.3757973771879564
MELTF-AS1,0.37507736414927617
IRS1,0.3748025562002994
SLC8B1,0.3746136655877938
LGALS9,0.37446646953568663
KMT2C,0.3744553803039803
SLC29A3,0.37443703811292117
IRF7,0.3744287187661035
ZMYND15,0.3742997060703536
GPR157,0.3742948551670415
SAMD8,0.374014599303003
ST3GAL6,0.3737354181693771
LRATD1,0.3736756815540346
HCG25,0.3734343240113159
HLCS-AS1,0.3733612575963162
AP2A2,0.3729194540133528
MRI1,0.37276801398193277
HSPA5,0.37260643747145733
SERTAD4BP,0.3725129617255911
PELI3,0.37250504816469426
HLA-DMA,0.3724116782491365
TMEM220-AS1,0.3722481349836535
POU6F1,0.3722006644420202
LHFPL6,0.3721420513964615
NRIP2,0.37210954474668323
SSPN,0.37207527729323575
RFX2,0.37190220703352733
TMPRSS9,0.37185836978933207
ZNF783,0.3717550954412054
PREPL,0.3715817762877586
RINL,0.3715432785302466
INHA,0.3711904024941868
CASTOR1,0.3711066979651746
BIRC6,0.37099923213967095
ZBTB37,0.3706656294660329
DNAAF11,0.3704890655840353
ENOX1,0.3704393899679582
CFAP418,0.3701146278142455
SIRT5,0.3698010250756414
CDC42EP1,0.36975503307661545
ANKZF1,0.3693779907081347
PKD1P4,0.3692647965221226
HLCS,0.3692050035646969
WDR26,0.369083774977649
GARRE1,0.36875385859931376
TPTE2P5,0.3687063184798949
NCKAP5L,0.36854453771708373
TBL1X,0.3682441982410001
CPNE5,0.3682347173649684
PRICKLE3,0.36802236022337936
ZNF440,0.36790745251372325
ZNF277,0.3677179609664445
ANKHD1-EIF4EBP3,0.3676939408426736
SLC66A3,0.36757856892356794
BBS12,0.3674564340687847
RPS3A,0.367246128189344
GPRC5B,0.36685673230140126
PCDHGB2,0.3665803281953031
IL20RA,0.3664894732391794
ZHX1,0.3664491788822108
SUPT3H,0.36634118909592134
RAPGEF4,0.36632360989298646
FLRT1,0.3662991221585087
EIF3F,0.36627786752017383
FBXO24,0.36623052601708334
CDK5R2,0.3662137308491538
YBEY,0.3658735689290179
SMG1P3,0.3655531820697003
FUCA1,0.3655506023760897
CLCN7,0.3654288857699915
NUP50-DT,0.3651840408441232
CHRNB2,0.36518170600213407
ARNT2-DT,0.3649576214664977
ZBTB38,0.36493043143876414
CAPN5,0.36467439258323964
MAD2L1-DT,0.36440427051735647
NEB,0.3644029185599131
SCAND3,0.3641791905242609
KCNAB2,0.36393517499412487
GASAL1,0.3638122676318306
EHD3,0.3637632166529536
RORA,0.3636133981506359
SNHG29,0.36356136108111375
MIF-AS1,0.36349220095033297
NUDT14,0.3633684806203822
RIMBP2,0.36331242763607063
LINC01270,0.3630697422476693
PTPN14,0.3629023915358225
CATSPER2,0.3628520254983958
ALK,0.3626325401641046
C4A,0.362172504786456
HPS1,0.362118693870101
NUDT4,0.3620639479437378
RPS25,0.3618379326425745
ATP1B2,0.3617646748216804
MRPS31P5,0.36162392455665504
SDCBP,0.3616173867880594
NDUFA4L2,0.3615788996156257
MDN1,0.36124870304170065
AXIN1,0.36117384304616895
PVT1,0.3610347683136382
TENM1,0.36065758616812416
PLXNA1,0.3605579623754806
CIMIP2C,0.3600417444278734
USP50,0.3599886977963999
RGS14,0.359931013582111
MAFK,0.35978251440150916
WDSUB1,0.3596329153078952
IDS,0.35941112243008283
CCNB1IP1,0.3593191382046005
DST,0.3591084067071126
SNORD99,0.3590965631646314
ZNF419,0.3590582430236031
TNFAIP2,0.35901262095439396
DNAJA4,0.3589290859881771
FAM86HP,0.35892747253770374
RASL10B,0.358821499005936
PTPRG,0.3587273653972029
SLC22A23,0.3583900774868151
NACA,0.35837780668534686
ARHGEF10L,0.35825632750359626
RGS11,0.3581290534890699
SLC4A3,0.35789336555273216
H2BC7,0.3576144689628452
SAXO4,0.35756862853258353
MREG,0.3575144797376754
SLC22A20P,0.357487679001663
GRK1,0.35745879709002093
RBM44,0.3574550720951655
CFAP53,0.35744580605610193
ZNF641,0.3572028205798163
TNXB,0.35719410177879896
LYRM1,0.35709513572478957
SPDYE3,0.3570435975454838
PLCH2,0.3568564858605506
RGS8,0.35679165702878707
CAMK2D,0.35659581102719656
CSF1R,0.35635899560439155
IQUB,0.3562714351608958
JAG1,0.3562302412803221
ZNF844,0.35621790380411206
CCDC102B,0.3560174648864222
EGFEM1P,0.35587815663668493
TAOK1,0.3557012791147944
LINC01252,0.35517759398049115
MRPL45P2,0.35511573452987216
CDC42BPG,0.354729320880918
ZFAND2A,0.3547101049900718
KHNYN,0.3545779005500123
HRH3,0.3544490341721365
MNX1-AS1,0.3544375123624186
RPL9,0.3543930084524878
GBP2,0.35420877119372246
LINC02993,0.35411057677994884
CYTH3,0.35405804137997443
GPR155,0.3538892367912329
PTPN13,0.35382598983108704
ZFP3,0.3536621182159148
ABLIM1,0.35344866735146646
UNC13D,0.3533363127622036
SOD3,0.35306246869391383
PARP10,0.3530072855783937
ZNF425,0.3527114005872689
ZNF225,0.3525457553686653
METTL23,0.35254395713809056
ZNF658,0.35235907393737836
TMEM14B-DT,0.352328143726842
TAX1BP1,0.35196318285265477
RNF103,0.35190495077077705
LINC01138,0.3518592435686454
LINC03052,0.3517760004969602
GHR,0.35174321945534237
PWWP2B,0.35166525248597763
ASPHD1,0.351560790620478
PPP1CB-DT,0.3514405087165476
PIGA,0.35127804922825845
PANK2-AS1,0.3509627050671127
ZNF73P,0.35080100921498564
RIPPLY3,0.35037364692791517
RPL10,0.3503119093820273
NUMB,0.35000725039056035
PBXIP1,0.35000407926509525
SLC16A6,0.349754845453749
PLIN3,0.34958326658069167
DNAJB4,0.3493907382726331
HLA-F,0.34936156180999106
GPD1,0.3493065179678999
ZKSCAN1,0.3491985288053074
PLD3,0.34911403663808593
CFAP36,0.34887355826541255
NTN5,0.3488417420159489
CLIP2,0.34883861637593033
RAB11FIP1P1,0.3488144385650492
TPST1,0.34875740035012787
TRPC3,0.3487457345521983
DST-AS1,0.3487205722103166
ERICH2-DT,0.34865265890644376
OAZ3,0.3486169525521794
PLBD1-AS1,0.3481378828143044
SPI1,0.3480159798894324
KLF7,0.3479634988173701
CSRNP1,0.34787537480144354
KLHL28,0.347753124049798
VSTM5,0.34769058061950503
TICAM1,0.3476864271482592
KCNN1,0.34748074006440627
CDC42BPA,0.347380590098319
BRI3,0.3471064465546733
SNORD94,0.34701874665297755
DCST2,0.3469137450983113
ATP7B,0.34632085004563923
GRIN2D,0.3462427853051451
CPEB2,0.3461894701778615
HOXD10,0.3461303739125953
SGMS1-AS1,0.34607165168076337
CALCOCO2,0.34601834663532166
DAAM1,0.3459231907794168
GOLGA2P7,0.3458874797861065
FAM13A-AS1,0.3458565500491776
RFX3-DT,0.3456735846738432
ENTPD3-AS1,0.34558844027917796
ZFP64,0.34558163963384764
ZNF44,0.3454977830020088
TARBP1,0.34533637533371786
KLF11,0.3452211992516989
RPL34,0.34517661877308087
KCNF1,0.34515415950415873
TDRP,0.345090171412186
SOCS7,0.34489628378618636
CD59,0.34484342419421915
NIPSNAP3B,0.3447614677240977
RPS20P14,0.34466566085014766
RNF41,0.3442533254797706
CYP4V2,0.3441362210862571
DUSP3,0.3440909646353396
FBXL2,0.3440756905910261
RELN,0.34397921528551706
TRIM8-DT,0.343933894197656
ZNF518B,0.3438958722744901
SP8,0.34372895557202526
LIF,0.34347656608788224
GJA3,0.34341399571555503
CA12,0.34330801571687136
HMGA1,0.3430249861042069
DOK5,0.34280574143135273
EFCAB6,0.3424775020049068
ZNF350,0.34224183463335756
NBEAL1,0.34193690366385987
SATB1,0.34171515998111185
ATP1A1,0.3416508569073641
CLMN,0.34163382299135037
ZNF485,0.34150418522918996
PMP2,0.3412970406558754
ATE1OSP,0.3410812486486094
SH3BP5-AS1,0.34095260994371385
PAIP2B,0.3406883166838325
MAN2A1,0.3403093674454824
ZNF329,0.3401238985251761
SLC33A1,0.3401089599691854
MEF2A,0.3398293735422821
NPC2,0.33981270604641617
AFF4,0.3395381031285242
ZNF568,0.3395023773952747
RPL23,0.3392144110568522
MYADM,0.33914134696390114
CBX3P2,0.3391218018544477
TP53BP2,0.33908714190255684
ETS1,0.33907112617523494
ARID5A,0.33888224528476485
TFE3,0.33881375028054234
HAX1,0.33879312532801287
PCDHA13,0.3383305261987339
TMEM87B,0.33829133165753666
EEF1A1P5,0.33828248670321565
LINC02609,0.338093664425051
TTLL1,0.3379089960828699
ZNF597,0.33760512395651904
TAGLN,0.33745060528728277
LRIF1,0.337193958018076
ABL2,0.33698484792468764
SERPINB1,0.3369169055161064
LAMA2,0.3368278609427457
ARHGAP32,0.33675738586131176
SLC23A3,0.33671360506665027
SPDYE6,0.336628551119797
TP53,0.3366059197184907
GLT8D2,0.33636912664483143
DNAI1,0.3363687495204442
ANXA4,0.3362916205100808
MISFA,0.3361460282107934
RHBDD1,0.33612251948487426
GNAS-AS1,0.3360833585362143
SPATA2L,0.33596394021552195
ZNF625,0.3359392722716968
ARL8A,0.33571372096736013
PROB1,0.3354508650617479
TBC1D8,0.33528251702357575
GALNT18,0.3352294005435298
NIPAL2,0.33514435038878515
CNKSR3,0.33494273684888254
ELF4,0.33492678146843435
SYF2,0.3346192807045367
DNAJC4,0.33456711782759124
RPS27,0.3345406545611799
RAPH1,0.33443086425334545
ABR,0.33439054578890093
PIP4K2A,0.33437499536695664
ARSA,0.33436770312269565
TYSND1,0.3342856958988326
TMEM191B,0.3341796321294542
SPRN,0.33414891677985015
EFNA3,0.3341486123490523
ANKRD36C,0.33407431359836987
KAZN,0.3339391212377092
ADGRE5,0.3339362541048337
CAMK2B,0.33393067600948445
ZNF45-AS1,0.33377868609304223
ZNF563,0.33356979106233287
RTN1,0.33347587327216444
ZNF546,0.33331303632613446
H2AC25,0.33330197168595194
NUDT16,0.3331351511102772
EGF,0.3330145828300607
TBC1D8-AS1,0.33287688093958934
RRAGC,0.3326360472247706
STARD10,0.33262913293820023
SDCBP2,0.332561107049457
CTNNA1,0.3325274514276326
TMEM185B,0.3324233101980097
ZNF235,0.3323226936629032
RPL31,0.3323065883300988
NPIPB3,0.33229599404806875
SLC35A1,0.3320940186501847
HMBOX1,0.3319047856066828
CUX2,0.3318916460174373
ZNF140,0.33178329812158797
PIP5KL1,0.3316499873826369
EFCAB13,0.33143120657251907
ERP29,0.33122253949399805
PHYHIP,0.3310530186952883
NRBF2,0.330817474259311
CBR1,0.33053537045521697
RGMB-AS1,0.33034645615179115
NFIL3,0.33020361676521093
YPEL2,0.3299121695079587
PAQR3,0.3297692451131283
ZNF571-AS1,0.32973323529996007
TIRAP,0.32932577668560037
ZNF773,0.32929582436857396
GARIN1A,0.32925967621915836
APP-DT,0.3291190192235358
RAB11FIP4,0.32910268598944425
LRRC39,0.32910154527153646
AATK,0.32899580556606234
BCL6,0.3288512799985031
LAMP2,0.3283289124912774
TPCN1,0.3283196799260321
BRWD3,0.3281209795316036
ZNF559-ZNF177,0.32808264691333155
UBXN6,0.32803505203683114
HOMER3-AS1,0.32765365615948
FBN2,0.3273988299507307
SHANK1,0.3273890575849472
CDC37L1-DT,0.3273362691862074
EFCAB13-DT,0.32724571561211135
FCHSD1,0.3272422676765503
LY6S-AS1,0.32714837681238357
NHSL1-AS1,0.3269045219456216
CMTM4,0.32682811555820185
PSTPIP2,0.32682809652511247
GTF2IP12,0.32673853482112225
OSMR-DT,0.3263444200337938
SNHG32,0.3262001187965136
LURAP1L-AS1,0.32615877410445543
PIWIL2-DT,0.32612425546683765
SMG1,0.3261164151089673
UBXN2AP1,0.326088287507285
SH3RF3-AS1,0.3260785911176087
GLDN,0.32589748666475404
CHSY3-AS1,0.3258242626527412
RBCK1,0.3257722987275279
RIT1,0.3253178093867251
ZNF441,0.3252760088405353
PSEN2,0.3246816861728486
SLC7A7,0.32456180134584217
SH2B3,0.32447799179409637
WDR97,0.3244245192770203
TMEM192,0.3243673440667496
GRINA,0.32425532108569116
MED13,0.32415735060146333
RPL31P46,0.32410069951754944
FAM86B1,0.32384450823556515
C1QTNF6,0.32377445198292093
PTH1R,0.32368983540364515
LINC02983,0.32356511033939134
SYT11,0.32343099529946073
PKD1P3,0.3233833134419491
PWP2,0.32333755305151535
RCCD1,0.3233023428245992
TMX2P1,0.3231561866759205
LINC02381,0.3230996220675031
MTSS2,0.3229194846475481
RPL29,0.3226583389241946
DDX47,0.3226151847660109
RPL12,0.3224852803088287
GZF1,0.3223737500593212
PARP14,0.32226118963218664
ZMYM2,0.32224769843949175
SNX30,0.32224345486502276
TTC17,0.32217996233234364
ZNF470-DT,0.3220786263497169
IL17D,0.3219959047369516
CFL1P1,0.32185046806350404
HHAT,0.32177835173027547
RAB13,0.3216581628820844
AVL9,0.32163050053848696
CAMLG,0.32157341538286266
WDR25,0.3214605222020271
COL26A1,0.32134315768477156
NARF-AS2,0.3213321656282522
LINC01152,0.32126025169529315
YPEL5,0.321018901042253
PIERCE2,0.3209924013110045
PLD6,0.3208718394554034
CDON,0.32054534898753945
ZMYM5,0.32049882084166775
ARID3C,0.31998325717712267
HAUS7,0.3198951249785967
PLPPR5,0.31989130284852285
GSC-DT,0.3198905360901655
CACNA1A,0.3198812642334231
LRRC37A3,0.3198602042547441
EFEMP1,0.31973519439605885
MEF2D,0.3196202741254804
GSN,0.3195360353788822
AGPAT4,0.3192384853182304
ISCU,0.3192353102865839
EMP3,0.31911678447503306
NAT8L,0.31908827063759343
KIAA1549,0.3190692781357006
PLAAT4,0.3189741993928067
RAB32,0.31884940695540137
KDM5A,0.31884571806863415
NADK2-AS1,0.3186007372765243
VPS13D,0.31857786019055706
LAMA4,0.31838761537479343
ITPR1-DT,0.31834981012945107
CHMP3-AS1,0.3183268360807609
USP40,0.3182898095410473
BCAR3,0.31826207086633124
ARPIN,0.31816706721575505
HABP4,0.3181514821816075
ALOX12,0.3180680729611749
SEMA6A,0.31795794166240743
ANG,0.31787690106480887
GNAT2,0.31787224343397913
FLVCR2,0.3177574167922638
EHD2,0.31765512008340774
ZNF566-AS1,0.3174974998142453
EIF3H,0.31740640833488887
ARMCX1,0.3173118104945052
SLC9B1,0.31729837218624307
PTK2B,0.31729507843651755
OSER1,0.3172508968603589
ATP1B1,0.31721867853900926
CCNG1,0.3171902250385358
OSBPL9,0.3171825773894191
ZKSCAN8P1,0.3170560456230369
ZNF571,0.3165668427455261
CRACD,0.31617095180828825
SRCIN1,0.31608754083542245
TRIM8,0.31598875815567407
NOVA2,0.3159124182931795
PGLS,0.31584647587293263
GMDS-DT,0.31583541623004163
ARHGAP27P1-BPTFP1-KPNA2P3,0.31576088294150767
EPM2A-DT,0.31570561893880206
GSTO2,0.31569647240464566
RASSF8,0.31567731443161473
RPS12,0.31562718289460434
MIA2,0.3156118014686859
LYRM9,0.31553548560457384
WASH5P,0.31541473428277345
AMZ2P1,0.3153061082737024
TBCE,0.31523675832791276
ZNF174,0.31508747731811837
NCOA3,0.315000272290024
ADPRM,0.3147168973363732
SMIM10L2A,0.31467937038540755
ZNF337,0.31443840080886803
PHYH,0.314355715722584
IL13RA2,0.3143498137551746
RPAP2,0.31434356215086356
KIF5A,0.31420895381936426
DENND10,0.3141945164154192
ARID3A,0.31414785468884066
GLIS2,0.3140653935146476
SNHG7,0.31394496423528173
PNMA6B,0.31358450247145797
TSC22D4,0.31351205957303835
PNRC1,0.3135052714852783
SLC35E4,0.3134347447672308
ACVR1B,0.3134322588606455
OGDHL,0.31293224247858936
ZNF785,0.3129274409933
FGGY,0.3129263991258406
RPL35A,0.31225232978824147
MIR23AHG,0.31220656555025034
THAP8,0.31204153713372684
TIMP4,0.31183287688766353
ZHX2,0.3118206823178705
CTIF,0.3117599284400725
KCP,0.3117505487931127
HOXA1,0.311471222494531
AKAP6,0.31143882216860813
C3orf33,0.3113701062589437
RPS18,0.3113128093441432
RBM5-AS1,0.3112605395850992
NOG,0.3111342498601671
FLRT2,0.31080910257464134
DLG3,0.3107156944966867
DYNC1H1,0.31070254325136254
CELSR1,0.3106397223701794
TMEM268,0.3106167982230373
RNF217-AS1,0.3105947879004598
SEMA4F,0.310538490779811
CELSR3,0.3103712218169304
TSSK6,0.3101911831564567
SSBP3-AS1,0.31017093821955805
FLYWCH2,0.30989580765938723
AGK-DT,0.30988938260779825
ARHGEF4,0.3098738800815547
MAFG,0.30949334467331385
JPX,0.3093820875670078
NIM1K,0.3093818420919483
TTN-AS1,0.3093634386687037
AP5Z1,0.30932472831193736
CHMP1B,0.30923151123075104
TSNARE1,0.309186077602537
SLC25A5-AS1,0.30912975161244705
MMP24OS,0.30891705974986616
RPLP0P6,0.30876714888405427
ORAI3,0.3086978070821308
C1orf226,0.308675334008119
SHISA5,0.30864458897722563
UBTD1,0.30857148672317447
SLC6A8,0.3083911034500224
RPS11,0.30834412278918377
KLF15,0.30832763960019116
COQ8A,0.308226740363298
ADAM9,0.30811052904142333
JHY,0.30807756618616294
BCAS4,0.30799720488749416
UCHL1,0.3079571915071197
LRRC75B,0.30778620574004173
RPL14P1,0.3074290671933131
TRPM7,0.30739991569736225
LMX1B,0.3073185207421287
MAP4,0.3072905416596703
RPL13,0.3071851255476799
CLIC4,0.3069828108872549
EOLA2-DT,0.30695048235242894
COMT,0.30692478138692997
UAP1L1,0.3068429710006095
PLXNA3,0.3068149661026505
MGAT4B,0.3067655137048944
NPAS3,0.30676502851027704
MIR570,0.3067078689436936
EAF1,0.3066955668006834
SLC44A2,0.30668211450811533
NDUFA7,0.30660448887587277
TYW1B,0.306456709732114
DALRD3,0.30643069349590113
KIF13B,0.3060955770996745
KLHL36,0.30578220698736813
KIAA0040,0.30574262685143455
GABBR2,0.30556608589396433
PEX12,0.30542572685769015
HMGN1P37,0.3053742339835997
CRYGS,0.3053665913670789
PLIN1,0.30535535481184806
PPP2R3A,0.305353974410353
UQCC6,0.30532043911510703
TEAD3,0.3053102121341056
GCC1,0.30520196115552123
ZNF160,0.3051381512349503
TEX21P,0.30511144331612194
CAPN1-AS1,0.30499364263653583
ZSWIM4,0.3047911700794388
CTNS,0.30473570820035534
ZNF181,0.3045516408559421
CLEC11A,0.30440571253594045
EIF4E3,0.30440485920084814
TMEM144,0.3043141453656643
MYG1,0.3040205788824978
TRIM38,0.30370494661415215
DNAJC18,0.30348771742901937
H3-3B,0.3034399215439306
IGIP,0.30340303286621373
STX7,0.30323484434381753
LANCL1-AS1,0.30312731841555923
MMP28,0.30307557813255714
STARD13-AS,0.30306702746344905
ATG2B,0.30273081518582
KSR1,0.30264662628114264
SOCS2-AS1,0.30264373784308984
SLC12A1,0.3023482570990161
AMDHD2,0.30234473735195866
PLIN2,0.30211217389096967
LIMCH1,0.3020550034455217
USP32,0.30198736624636313
IL1RAPL2,0.3019037980926733
UST,0.3016915418123824
MED28-DT,0.30163370028433495
RN7SKP23,0.3015618694175629
C2,0.3015116130133233
ACBD4,0.30149404294557924
DHX9-AS1,0.3014914981014844
CHST3,0.30140739631270946
ZNF461,0.3013330083041547
PPP2R5A,0.3012816178456419
ZBTB22,0.30125472994507085
CEP164,0.30117771045524666
AR,0.3011453203155435
ZNF605,0.30114304506771
SLC22A4,0.3007038952908209
SMIM29-AS1,0.3005860568462627
SNX25,0.30034898689131967
ZFAND3,0.3001339833693066
AGAP1,0.3001312025928677
KANSL1L-AS1,0.3000476672715881
MINAR1,0.30002117624315505
BMP8B,0.29991004880851957
OR7E14P,0.299620441405813
TRIB1,0.2993683487386995
ADAM17,0.2993681563359986
LAMC1-AS1,0.29926675018228355
TMEM81,0.2991363693940461
ZNF626,0.298807042354303
SLC25A33,0.2986057290465235
PITRM1-AS1,0.29849638631491293
ZNF330,0.298424582875097
TUBB4A,0.2984059449692894
FYCO1,0.2982430569092349
SMARCE1P5,0.2981630478873014
HSD17B1-AS1,0.29810639469356986
SNORA11,0.2978388172493945
FBXL22,0.2977651431816596
SBF2,0.29751676538877
COX7A2L,0.2975064228067593
CORO2A,0.297310576631497
CLU,0.29713767337490127
BCAS1,0.29700101259507217
MTO1,0.2969194056808955
RAB42,0.29671488183770645
CPVL-AS2,0.29624745492164056
UBN2,0.29599681606828865
SCO2,0.2959156598785198
TMEM220,0.29584870050721085
ZNF501,0.29584862793217137
BBOF1,0.2957850810232032
CTAGE7P,0.2957385512862409
LINC00882,0.295519623156007
RPL37,0.29540582606888677
OTUB2,0.2953822180579885
RPL10A,0.2953405277797589
ANKRA2,0.2952341831486726
C5orf63,0.2952249660425383
SLCO2A1,0.29515357071175524
FNIP1,0.29501735973240556
KCNE4,0.2949466925885695
SMCR8,0.29468744960829674
HOXD8,0.294648258875438
RGS5,0.2946370391016465
EIF3D,0.2945166691532172
FRAT1,0.29450073368304114
DENND3-AS1,0.2944864897222443
SAP30L-AS1,0.2941682516124961
HEXB,0.2940234394994458
GOLGB1,0.29402300830857175
CAVIN1,0.2936083531066267
SLC38A7,0.2935836908802951
CLHC1,0.2934293066475906
ABRAXAS1,0.29336605358819756
INTS6-AS1,0.29324060683584197
GNRHR2,0.29322858373579797
LGMNP1,0.2926633983307384
RPL30,0.2925220671439036
SPTBN2,0.2919981409133507
FBXL13,0.2919698881347102
NFE2L2,0.2919106824246696
CSMD1,0.29190205883920084
JADE2,0.29187119997343447
TTN,0.29183694987801745
CBL,0.29173469107389
SLC25A43,0.29166492982691955
ABHD8,0.2915854963200317
ZNF791,0.29157456260042813
HBP1,0.29129046037569517
CIR1,0.2912380341625065
FREM2,0.2911770359128885
MR1,0.29097390010971635
CH25H,0.29075325228428867
DHFR2,0.2907071108508289
LRIG2,0.28985395917356027
KLF3,0.28984687109452867
DGKQ,0.2897487556891566
DSCR9,0.2897189774080134
BACH1,0.28966411521691154
DNPEP,0.28951107362120154
LAMC1,0.2894778749268091
ZNF677,0.28945216791661216
ADGRL3,0.2894013050695843
TPM3P6,0.2892351002152843
ZCWPW2,0.28885013063397413
CPB1,0.2888382235147632
SMG1P7,0.2888220423509233
ZNF608,0.2886377475819337
PLEKHN1,0.28860982978133576
MYO1D,0.2885324215140608
NTNG2,0.2884645559704479
ABCA4,0.28844061296119483
CSNK2A2,0.2884313224527092
FAUP1,0.2883933937120025
SPMIP1,0.2883751017164045
MYO1F,0.2883577391029709
NBR1,0.28835321404605213
ARHGAP12,0.2881622847988647
RAB3D,0.28815819506888435
DYNC1I1,0.2881037862439563
CCDC168,0.2878834483688329
DLEC1,0.28782926600886266
H3P16,0.28781580787975786
WLS,0.2877445507602244
SPSB1,0.2876318689882934
DPP7,0.28760085483809816
SNORA22B,0.2875422208487317
TMEM154,0.2873867797645198
MAVS,0.2870934622628373
TAF1,0.28692725128765795
ZNF699,0.28674321490428245
SPAG4,0.28631278527270687
SYNPO,0.2861918557587285
GRN,0.2859601064102982
PIGB,0.28579125213312867
ANKRD17-DT,0.2856490308727611
PIK3CD-AS2,0.28558046434518913
ANK2,0.285535381642869
RALY-AS1,0.2854569506158843
COL5A2,0.2850254550361976
RSL1D1,0.2850121418427216
TGIF1,0.28499113739452103
SOHLH2,0.28460472907622236
CAPN2,0.28454192187647015
CRELD1,0.28446466680472343
RNF215,0.2843039923619875
PRDX5,0.28425797789955853
ZNF56P,0.2841769541521807
WAC-AS1,0.2841769350506738
ATF6,0.2836698576366311
PRKAR2A-AS1,0.28360171922448746
KCNAB1,0.2835599365128109
CRYBG3,0.2832876033203809
ZNF433,0.28315153429357803
FAM177A1,0.2828408888059212
MIDEAS,0.28275146521990713
TMEM63A,0.2827002123737877
RPS6,0.2826525915501272
ZNF780B,0.28263891771387795
FTX,0.28262227548993346
GFI1B,0.2825231594978269
HDDC3,0.2824758851524742
HERC6,0.2823635565575848
LINC02538,0.2823629782794864
ROBO3,0.2822273502926052
FAM27E3,0.2819519946002096
OIP5-AS1,0.2817372751339152
SNTG1,0.2814362323327495
FAM234B,0.28138577263633463
GCC2,0.2813764694896626
GM2A,0.28111186563313567
ZSCAN20,0.28087663727425677
INTU,0.2807573030232722
RPS8,0.2806521915459342
SLC25A27,0.2806101231930375
MID1IP1,0.2805057482776489
SEZ6L2,0.28044718930567325
KCTD15,0.2802292819675123
ZNF408,0.2802160520850112
COL6A1,0.2801820158476324
GNG12-AS1,0.2801050869992929
ASB14,0.2799808275896031
ARHGEF17,0.2799791974929647
RASA4B,0.2798671575324567
SLC1A1,0.27973931651045
ZNF503,0.2795414281963596
ZMAT1,0.27943380834793385
ZNF442,0.27925411389908233
FGF17,0.2792120446030226
DUS4L,0.27921130108633696
FAM88B,0.279178153947464
ZNF217,0.27894731079981994
LAMB3,0.27888642917592066
WSB1,0.2788594022290052
NTM,0.2787788161656727
ZNF221,0.27875035251873787
ZNF383,0.27869973038565504
VMAC,0.2786879026215845
PCNX1,0.2784158617656257
FNDC5,0.2782623242116648
KIF13A,0.27823225565505555
SCN3B,0.27799701986773556
ECM1,0.27794997431717744
CIITA,0.27789705566621903
SERGEF,0.2777988447721128
NCBP2-AS1,0.27778809667170334
GNS,0.27770256140640825
LGMN,0.27754294410202607
ARSD,0.27752777681621904
ODCP,0.2773755403007734
TRIM4,0.27735896049281367
AFAP1L1,0.27728969405693943
ZNF582-DT,0.2772497977658797
MYOM2,0.2772227369339541
SLC22A5,0.2771902378433424
PALM,0.27718450258213556
SCN8A,0.27712764239831106
ZNF524,0.2770332815651338
TMEM101,0.2766364922167768
TSKU-AS1,0.27659340959259204
PRDM4,0.276513386522762
GARIN5A,0.27627714304553724
ZNF862,0.2762322218645559
RDH10,0.2761195934105171
TKT,0.27609083613785623
VAMP2,0.2757037038194109
TTC3P1,0.27569174884734304
TLR4,0.2756797947841975
TMEM151B,0.2755456286317352
SMAD6,0.27535236333497964
BTBD19,0.2751989563311201
RNF185,0.27510396518870456
EP300,0.2748728561350901
ADAMTS13,0.2748363802418404
CSP2,0.274826003492526
ZFPL1,0.2748116745913173
TBC1D20,0.2744559084551132
EIF1B,0.27421607765168887
YJU2B,0.27413382936834646
UGDH-AS1,0.27410775980251423
FLNA,0.273873568287703
HLA-U,0.2738117245042832
CHURC1,0.27367926500644196
ZCWPW1,0.27362046270451607
SERINC1,0.2735444942021067
CHMP2A,0.2734867475744469
SH3GL1P2,0.27346549216502936
SNORD124,0.27340392548662446
MRPL45,0.2733332872449659
IFT140,0.2732070570449417
BCDIN3D-AS1,0.2729921151304403
CARD9,0.2728250465561492
CD63,0.2727675033607249
SPRYD3,0.2727577044385908
NKAIN3,0.27266284793231377
RPL7,0.27256656964841225
TOMM22-DT,0.27247874997477545
ARRDC3,0.2724669936161734
LINC01011,0.272302709501826
ZNF502,0.2719630393181631
ACTG1,0.2718407645751941
ZNF627,0.27182791038505505
RNF139,0.2718150019563782
HNRNPA1P49,0.27178722907319053
LZTS1,0.2717333019437335
SEMA6A-AS2,0.27171420644467204
COG3,0.2716529217527134
TRAM2,0.2716076664680225
LAMTOR3,0.2715331987562302
HIPK2,0.27146599129922305
SH3PXD2A,0.2713940914616302
LRSAM1,0.27135727914708413
NMD3,0.271062269598167
PTPRO,0.2710396060408885
SLC27A1,0.2709557264058564
CHD6,0.2708870239720565
BICRAL,0.2708857963456874
XRRA1,0.27065446527044956
AP1S3,0.2706541780484384
USP8,0.27044663105201544
ME3,0.2704435985024242
USP34,0.2703074035411655
FAM241B,0.2701424868924926
CLCN5,0.2698924110141478
KCNQ5,0.26989238392166787
UBBP4,0.2698787886363248
ABCC1,0.26987064041523373
LYRM4-AS1,0.26984963036115206
KCNJ12,0.2697269429615185
RIOK3,0.2696345685173895
NBEA,0.26962709664075657
LMBRD1,0.26959159539444394
UBR4,0.26943361182438696
OLFML2A,0.26937932564574607
FAM180A,0.26922195278039546
CES2,0.26919351962441473
KANSL1L,0.26911964793341375
CICP14,0.2688201312506671
BRD10,0.26851940736319285
ZDHHC24,0.26851858410587925
MIR222HG,0.26835213602728825
PLEKHM1,0.2682946244547821
USP3-AS1,0.26826702894256504
MTMR11,0.268199385576913
ACP4,0.2680286758414765
TNKS,0.26793477588911446
KMT2A,0.2678142092801947
MEIS3P1,0.26779809267275395
CA13,0.26776237109472023
TMEM253,0.26771016056583674
TULP4,0.26753727256923854
FRG1HP,0.26753148031991475
RPS9,0.26709577109927596
PCCA,0.26708549903104595
IFIH1,0.2670619919661803
MIAT,0.2670239393857076
USP53,0.2669230811709127
PPM1H,0.26687963881844584
HES5,0.26686009327944626
TAB3,0.26678864851337253
LINC01772,0.26677553990800906
B3GALNT2,0.2666157180523679
ZNF320,0.2666147153386172
RPS18P5,0.26650602562341075
RREB1,0.2664327698744211
RPL15P3,0.2662746377319493
SAMD9L,0.2662316372614901
CALCOCO1,0.26620427648972717
INO80D,0.26610459747272974
ZNF135,0.26605911409411814
APLF,0.2658517869746578
KIF27,0.265831622949916
BSN,0.2657785894598078
ZNF75D,0.265718712500833
FRG1GP,0.265708867580412
BNIP3,0.26562702508845415
IGDCC4,0.26560914959681675
JARID2,0.2655673777118863
ZFHX4,0.26546998062265603
KYAT1,0.2653448904905028
RP1L1,0.2651253109135027
MSANTD2-AS1,0.2650565695110086
ATP6AP1L,0.2650485147892316
TIMP1,0.26497911486310494
RPL21P80,0.26465448926423196
DENND4C,0.26464591838297885
APH1B,0.2645123755948748
PHLDA1,0.26432230543389384
DGKG,0.2642378647099963
RPL14,0.26415243426284224
TF,0.26406761609139073
SGMS2,0.26406668337471306
CAST,0.2640145261172465
WFIKKN2,0.2637671121790526
ABCC6P1,0.263744159545571
C1orf216,0.2637400597636637
TSNAX-DT,0.2636774485715846
NAMA,0.2635600343333953
ARID5B,0.2635113219201653
ARHGDIB,0.2634947589060204
ANO7L1,0.2634842498913107
CHPF2,0.26344945810623854
SLC12A5,0.2633622488144731
SYNPO2,0.26309946813057916
ZNF581,0.26306238212605143
PROCR,0.2630114311763659
JARID2-DT,0.26294894033902716
SRD5A1,0.2629071472801677
TOM1,0.2628551327784367
HOXC13-AS,0.26245526400977653
CA3-AS1,0.2623892253883201
GNG12,0.2623584869248509
DGCR6,0.26231832492718926
CAMKK1,0.26231415211646814
MIR3681HG,0.26226411337255073
HYLS1,0.26217834957195524
MAPT,0.262177270191682
PKD1,0.26216790757566755
RUSC2,0.26181637015158904
TGFB1,0.2618150059149865
DNAJC16,0.26180750747739645
ABCA11P,0.26179038117923425
SMIM29,0.2616920787220906
TMEM127,0.26162323695816103
SLC6A13,0.2616060941338598
OTUD1,0.2615497637383178
NSMF,0.2614122621635746
TBX2,0.2613499384124237
CCND2-AS1,0.2611714625160333
ZNF106,0.2611680057029932
KYAT3,0.2611317405761944
ALDH3B1,0.26102457962439435
RAB6A,0.26092537023047074
ZFAND5,0.26091368091057743
FAM66C,0.260904940144746
NLK,0.2608612878053065
POU2F1-DT,0.26029833049617934
ATXN3,0.26023087280335705
LINGO3,0.26021135835380127
MOAP1,0.26019470838552705
NPM1P5,0.25991562646225314
PFN1P6,0.25989437009761224
ATP6V1H,0.2596539071130107
ANAPC16,0.2596103225301139
GCNT1,0.2594643903111757
PTPN11BP,0.25944179934656064
ANXA11,0.2594018836553912
LIPA,0.259176628970325
RAB24,0.25917662469948605
UTY,0.2591520979244702
SPAG1,0.25911765100756884
TMEM191C,0.2590442475667632
ARHGAP23,0.2590277795723247
DUX4L37,0.2589393084305651
JAKMIP3,0.2588060214463491
PXYLP1,0.2587717012964562
MYH15,0.258769186666196
GNRHR,0.2586741639309245
ARHGAP5,0.25861279358947165
CHD2,0.2585594094490334
MARK4,0.25852256157130965
EGFL7,0.2585163583325088
ARHGAP31,0.25843537212199347
LINC00539,0.2584149704196706
ZNF655,0.2583527103558138
LPAR1,0.25832026882917214
TSC22D3,0.2582449607174624
FOXO4,0.2582359304556381
DLGAP1-AS1,0.25822207405942355
EMILIN2,0.25799160465083676
MIR503HG,0.2579203635450966
FRRS1L,0.25782648995189633
FOXN3-AS1,0.2577215599836563
ATP6V1F,0.2576649625655345
MYO7A,0.2575638352407763
TMEM120A,0.2574979977710527
PARD6B,0.2573795523640925
BICD1,0.2572544855410674
LITAF,0.257242466895921
POLRMTP1,0.2571316432052687
EEF2K,0.25706265018276914
TRAPPC8,0.2570509483486876
GLB1,0.25697779767499085
SLC30A1,0.25696803110457495
RAMAC,0.2568828913964483
TPM2,0.2567945393681552
HUWE1,0.25670648276572805
FIBIN,0.25670105820925543
SMIM26,0.2567001027429986
AGO3,0.2566225105106636
ARR3,0.25640363653084125
CD14,0.25631711555944403
DOC2GP,0.2561474700834875
ATP7A,0.2560362592448983
WDR45,0.2560084964748333
RPL7A,0.2559743023213595
LIN37,0.25594266039417435
ZFC3H1,0.25593095784985215
N4BP2L1,0.2558753328385907
NPM1P27,0.2556248477366564
ZSWIM3,0.2555297855745597
MAP3K6,0.25547087607565
C3orf18,0.2554512026718072
RAB20,0.2553460729405172
PRANCR,0.25523383025436636
DICER1-AS1,0.2551206604790793
BRWD1,0.25509358184309855
TDRKH-AS1,0.25497721552825175
RIN3,0.2549402264393361
DENND4A,0.25486638761081404
LPIN2,0.2547877339089607
DDN,0.25477906865943206
HLA-B,0.2543987736013141
UPK3BL3P,0.25434768153994786
AQP11,0.25426447743548575
GON4L,0.2541666536391662
CHST11,0.2540240032728004
DDHD2,0.2540192473353834
RSPH14,0.2539558897002936
UBXN8,0.2539391815409927
EBLN3P,0.253808458163192
CTSD,0.2537327445837232
LARP1,0.25370642860741943
RAB7A,0.25359753679800906
ACAP2,0.25353893328143073
RNF170,0.25348312626284364
PRRC2C,0.25339310456472874
RAB28P5,0.253313413967262
DTD1,0.25318833969968385
ELAPOR2,0.2530282060575882
RPL6,0.25299385031420046
PLXDC1,0.25294725732159157
FAXDC2,0.25249262761174945
NQO1-DT,0.25235685355412446
RPL7AP10,0.2523426595033225
MKLN1,0.2523001651982356
RAPGEF1,0.25228594008773547
RPS14,0.2522813492702457
HDAC11,0.252276253048733
MIEN1,0.2521289247877544
WWTR1,0.25201754559229084
ZNG1E,0.25174750533412976
GNPDA1,0.25171414937731434
DLGAP1-AS2,0.2515439179043162
RPS4Y1,0.2515239487474812
RPS28,0.25150300587808194
VPS26C,0.2515015600288356
TIMM23B,0.2515006447038449
ID2-AS1,0.25141583102425347
ZNF283,0.2513427661604555
ZNF596,0.251253835093778
TM2D1,0.2511302659897095
TIMM9,0.250974801435173
USP9X,0.25095912665637327
RNF13,0.2509014815490769
KRT8P12,0.25081573201527446
FRG1DP,0.25079812459719447
ZNF354A,0.25064331860689965
RPL19,0.25056507825790514
ACTA1,0.2505332368622392
ZNF540,0.2504899402079423
ST13,0.25046380835231463
PSMG3-AS1,0.2503968276043561
DUOX1,0.2503415710523208
LIAS,0.25026268985005706
PRDM16-DT,0.24998891378000726
RFFL,0.2499287177928787
TMED10,0.24985919942307216
ASAP3,0.24976633180645985
RPL11,0.24961900111497234
CACNA1E,0.24961043408867395
FOXK2-AS1,0.2495466493557102
ZNF10,0.24945231625263312
NFE2L1-DT,0.24943623188440744
FBXO44,0.24942973819603045
CHAT,0.24941887528665516
PPP1R2,0.24896652839469957
NBPF11,0.24889559135822878
ZNF658B,0.24886691843786782
HDAC7,0.24884551994810253
LMNA,0.2487992382196769
PLCB2,0.24857604099153754
DHX32,0.24857086229902298
NF1,0.24853502578923736
SLC16A13,0.2485162479461227
TAF9,0.24845011325533803
TRANK1,0.2484370675049826
FGFBP3,0.24841141218417756
IBTK,0.24829014174230962
RPS2P53,0.24823737090256792
RNF182,0.24818991477408328
RGMB,0.24816217895095502
ITPRIP,0.24812133016395801
CTTN,0.2480796403513477
CHRM5,0.24800763392925598
TRMT10A,0.2479597702341119
CKLF,0.24793363287891332
RNA5SP18,0.24793117529515954
TRARG1,0.24792417080016804
RPL18A,0.24789576945005828
CHFR-DT,0.24788590132669375
RABL2A,0.2478241932428463
ACOX1,0.24769946722568076
ABI3BP,0.24763115380631084
MEF2C-AS1,0.2476289028190232
GOLGA5,0.2476175306488456
LZTFL1,0.24753648228313252
STAG3L1,0.24744425531553382
KCNJ9,0.2474374807551007
HS3ST3B1,0.24742040899460074
MFSD3,0.24739789689316183
EML3,0.24734061689786196
RRAGB,0.2473113988619119
PFN4,0.2472677121844157
BOK,0.24722627976491587
CISH,0.24715676132624465
ZNF449,0.24711567483310481
CCNL2,0.247070352216306
PCBP2-OT1,0.2470418051103685
LATS2,0.2469534705138615
NIBAN3,0.24655818463426565
PLA2G4B,0.24655132379282507
RPS24,0.24640543526691502
ATM,0.24619537575025455
ANKEF1,0.2461819413783527
ARL8B,0.24608239228248568
USO1,0.24607996720012315
CAMK2A,0.2460780594316799
TMEM161B-DT,0.24604674511861707
ATP8B3,0.24596523220565697
ZNF781,0.2457279390910208
CLCN2,0.24551417574675294
SSBP3,0.24538700404933084
FAM21EP,0.24536680039373635
R3HDM2,0.24522892802862079
PLEKHF2,0.24518556023188745
MAP3K12,0.2449648261572457
C17orf58,0.2448208591963987
ZZEF1,0.24480348846779137
AMACR,0.24470209763203155
B3GALNT1,0.24463563526949492
SLC26A11,0.24458330017349592
TMEM171,0.2445530442688878
TIGD7,0.2445252896272792
RAB33B-AS1,0.24437091577845607
CTSK,0.2443660393373509
DHRS12,0.24431590058257083
CA5B,0.24430178598118993
DGKD,0.24418576438963197
MTMR12,0.24397526535908282
KDM1B,0.24393656562240063
LDHD,0.2438704316066394
VPS13B,0.2436912309077913
RNMT,0.24365690609154134
ZNF594,0.2436524878839756
TET3,0.24333470483257402
TMEM230,0.24320831836877446
ZNF671,0.24304322231575473
PARAIL,0.24303871586926776
BDNF-AS,0.24283002092246359
AGAP2-AS1,0.24282686106046134
ST8SIA5,0.2427966075780409
EPHX4,0.24277544208164245
POU2F2,0.24276503468014424
ANKRD6,0.24265048573473358
TXNRD1,0.24264711466886402
EMD,0.24263935896871722
SCAMP5,0.24260160844369902
BCL2L13,0.24256918167547387
GBP5,0.24231676880807537
P2RX6,0.2421515595382722
RARA,0.24210549565197473
GOLGA3,0.24210265502038805
PTGER4P2,0.24205269833977244
MST1,0.24204589149289799
ARSG,0.24188664956235728
XRN1,0.2418330321620886
HOXB-AS2,0.2417847817032804
GMIP,0.2417540791418165
TCEAL4,0.2416129198814086
CCDC188,0.24160913437022077
ST3GAL1-DT,0.24149292975432357
N4BP2L2,0.24134440917876393
PKD1-AS1,0.24133853026412402
ZCCHC7,0.24133701252635814
TVP23B,0.2413147416989488
LINC01933,0.24108025986169007
GOLGA4,0.24099630213876236
EPG5,0.2409184189537826
RPL15,0.24090277573365826
KCNIP1,0.24086413370302828
PSAP,0.24073272371810434
FLNB,0.24059326178967624
FZD7,0.24058380845292043
FAM151B,0.2405400894745188
MID2,0.24048009433276527
ACTG1P1,0.24016285222283684
DGCR5,0.24011405065219146
ZNF423,0.2400927461884758
RPLP0,0.2399507527846243
SPATA7,0.23994837769652724
BMS1P23,0.23992646721815997
ARHGEF12,0.2398371444402056
NATD1,0.2397983868202615
TUBA1C,0.23962752273482288
ACADL,0.2392504180387001
SLC25A36,0.2392253232389237
HIPK3,0.2391422174736226
PHF21A,0.23911054034825188
HK1,0.2390839741300965
ADGRL2,0.23904201884702544
CFAP68,0.23899450259913343
TMSB10,0.23871002099921532
AGAP2,0.23864018205528906
WWP1,0.2383553513879603
ZNF229,0.23832935895338828
MIR641,0.238288042097966
UBE2Q2P1,0.23825826238888648
C2orf49,0.23818663753845795
ASCC1,0.23792823038232316
TMCC1-DT,0.23791002807836958
CSRNP2,0.23787973381529182
EEF1AKMT3,0.2377128667845741
YIPF1,0.2375702546834287
WASF2,0.23754786693455776
FAM8A1,0.2374823769409965
ZNF808,0.23730921510317654
WASH7P,0.23729742617168276
HMGCL,0.23727445615187545
SCAI,0.23722807865731432
CTF1,0.2372233085812759
SMURF2P1,0.2370788511040257
SECISBP2,0.23707383602029494
IL9,0.2368654349256363
BMPR2,0.23685747581205815
GAA,0.23676522525359636
C3orf52,0.23675740371051848
KLRK1,0.23663781728071248
PKN1,0.2366353917388479
SPG21,0.23657030871478127
LETMD1,0.2365193317700815
ZXDA,0.236510254218391
ZNF517,0.23650136219917406
ANXA5,0.23645386055975517
UNC119,0.23640982807172978
RAB29,0.23640373654298966
PARP8,0.2363503693649433
ULK2,0.23631864361797025
IQCH-AS1,0.23631511622541265
PRR14L,0.23620980789087848
SLCO1C1,0.23620889789368582
CEP95,0.2361476717382395
PGGHG,0.2361421709704488
ZNF503-AS2,0.23610412601576106
TSPYL2,0.2360641521814036
NFKBIL1,0.23603220829636984
ATP6V1A,0.23591954684093874
RAMP2-AS1,0.23590160817999614
CCDC57,0.23582778916105096
MTRF1L,0.23575122222830466
CCDC93,0.23571463049745092
CSPG4P13,0.23569084358785006
RPSA2,0.23566005248382113
SPTBN1,0.23529761038666044
BCL2L2-PABPN1,0.2350261543385724
YPEL3,0.23496897752727783
TOP1MT,0.23494140744611297
ZNF77,0.23472479795688977
ATP6V1G1,0.23450238016598282
TTLL3,0.2343436004940972
SMG7-AS1,0.23427825731385965
THBS4,0.23425292420069635
NBPF12,0.23416795946025803
SMIM14-DT,0.23414817460924814
AMN1,0.234096069421747
SIDT1,0.23392484725418516
IRF2BP2,0.23382307000995456
CLBA1,0.23373084571145852
TRIP11,0.23369389948536592
PHC1P1,0.23362108061971618
LEPR,0.23361024111543344
ZNF582,0.2334818859386549
SMCO4,0.23345967221512662
ZNF846,0.23340054514831232
ZNF133,0.2333783933082595
GLUD1,0.23335702822501744
GEMIN7-AS1,0.23323474793227988
PPFIBP2,0.23312592800927998
LRIG1,0.23305567468192437
PLPP6,0.23302909313443262
EIF3A,0.23290565482462935
PRICKLE2,0.2327626158467118
CRLF1,0.23272295282169972
RAB30-DT,0.23268074277739959
COL15A1,0.2326741431490941
C17orf100,0.23261379980308294
GEMIN8,0.2326048513722659
ZNF233,0.2325508177426062
LAMA1,0.232488613257005
ULBP2,0.2324272677361748
SAMD15,0.23223593721646643
TRPV1,0.2320702919317697
OSBPL6,0.2320007314320034
ZNF391,0.23197139854045837
CASC15,0.23193798538359758
LRRC4,0.23193022319776274
PCDHB6,0.23191914840595493
MKNK1,0.23187976257734386
RUFY3,0.23187768735755546
ASH1L,0.23179119131261447
NFATC4,0.2317552476763051
TLE3,0.23173999477705137
CYBRD1,0.23158536778788424
ZNF615,0.231471123277664
NEK3,0.23104366587825945
RNF19A,0.23077492589242063
GTF2A1-AS1,0.23077488031527282
ZNF600,0.23066552832437062
ST20,0.23061029249070636
TRIM9,0.2305848288562264
SLC16A14,0.23052500868091047
RPS3,0.23046473849438093
MORN4,0.2304233156727326
RC3H1,0.2303412827493805
ZNF512,0.23033699465640906
CACNA2D2,0.23029007210103739
RAET1K,0.23018828505091324
DPH5-DT,0.2301469410630733
ATP5PBP7,0.22998259798434342
TTC24,0.22994687643038153
PORCN,0.2299251341572589
GALC,0.22979850184352724
GK5,0.22978374822707115
CRTAP,0.22971852556798814
INCA1,0.2296792571792069
ODAD3,0.22953576509999155
SIM2,0.22944371784056034
OXCT1-AS1,0.22942792991592156
ZSCAN30,0.22934484724907592
C1orf198,0.22932280600911958
CUBN,0.2292589912019009
ANKRD20A4P,0.22921418764517199
TP53BP1,0.2290424426121963
NUDT18,0.22903279870890522
ABTB2,0.22892948805844998
RPP25L,0.2289001006086742
PACC1,0.22886986915393184
TFRC,0.22884670065975796
PPP1R16A,0.22878373689791842
BCAS3,0.22876260317807318
GPR137B,0.22860083610021548
DNAJC3-DT,0.22852803824784423
BCLAF3,0.22847651385347986
BPTF,0.22832031484849286
MCUR1,0.2282494507047031
PTPRU,0.22824212393734786
ACTL10,0.22823120832344168
AJUBA,0.22809509272269235
SPIRE1,0.2280709621809692
TBX15,0.22804230157846994
ROM1,0.2280027353095726
ZNF528,0.22788704693462106
MYLK4,0.22777917768719724
ALKBH3,0.22774869182118093
GDF9,0.22770680989735845
SZT2,0.22758933952745375
LIMS2,0.22750240899238103
PPP1R26,0.22741536302558865
KIF3A,0.22730577094635268
RAB11FIP2,0.22728302526139119
MGAT4A,0.2272150315748546
PLEKHA4,0.22719318747407027
TARS3,0.22715687585033284
ADPRHL1,0.22702386200187746
HERC1,0.2270169671329922
BCDIN3D,0.227016785123806
CHMP6,0.2267553289581673
PCOLCE2,0.22654494226852584
ZMYM6,0.2264752359990071
VCPIP1,0.22641554022978713
LRPPRC,0.22636523008191478
MAML3,0.2260880505268477
STXBP1,0.22607422132417215
CRYZL2P,0.22605678071696472
ITPR1,0.22593279028452662
EFNB2,0.22584390297002027
UBA7,0.22571255617547112
GDF7,0.2255862502011504
RPS4X,0.2255461219088648
SOWAHC,0.22554277934109127
USP27X,0.2254711878016137
TAF7,0.22523980884192552
SLC48A1,0.22515762620265828
PEX39,0.2250086587002273
KLF3-AS1,0.22500703637156502
FAM167B,0.2249819179930217
PTPN12,0.22498090161206452
TMEM131,0.2249435336396577
ATOSA,0.224896774883238
HSPA13,0.22478673458254403
LINC01550,0.2247366378291292
FAM124A,0.22469257171221918
GADD45A,0.22454391389338288
AKAP12,0.22443198044347204
LRRC51,0.22439566995674598
HNRNPCP2,0.2243364388288026
CDC42BPB,0.22416843179396714
ARL10,0.22412267953227683
WDFY3,0.22377056537115053
USP25,0.22362908247310156
TCF12-DT,0.22358760087118448
ARPC1B,0.2234307767431222
ECI2-DT,0.22339618194279637
ASB5,0.22322183764640333
NBPF25P,0.22321862642905863
MFSD6,0.2231826802375348
SUCLG2-DT,0.2231593649132961
PGAP1,0.2231293176157963
HSD17B12,0.22310287806175783
TMEM225B,0.22298328125643524
SLC2A8,0.2229469368293362
TTC7B,0.22289860363838662
RPL37A,0.22273443797807135
ELOVL7,0.22255845612730926
TMEM41B,0.22254089512665637
ZMAT2,0.22244146345889207
LINC02035,0.22236730136804236
RPS2P7,0.22227773341544588
CHGB,0.22225703158413745
BBS5,0.2222529563762018
DUX4L50,0.22223896746605726
MLH3,0.22222074086331406
RPS10,0.2221735846085045
TMEM59L,0.22216492811593685
ST7-AS1,0.22190670488961414
RPL18,0.22190426940082578
ZIC4,0.22186646117047423
COBLL1,0.2217493072865199
JMJD4,0.2216774938813592
PIK3C3,0.2216402449246861
ZNF285,0.22159905097742985
FOXP1,0.22149764074648068
NOPCHAP1,0.22133019059117748
TBCEL,0.22091223811192187
LTBP4,0.22079948146994738
ZNF382,0.2207428181648179
ZNF454,0.2204927458746055
SGPP2,0.22043616475939
PHF23,0.22041151700304357
ZNF566,0.22025686872727904
SPICE1-CFAP44,0.22013742671295766
LINC02604,0.22003427061480738
NDUFV2-AS1,0.21976974047115658
RIOX2,0.21973924932015282
RRN3P1,0.21971470582234084
CYB5R2,0.21965006023575054
SLC41A3,0.21964488191015388
ZNF436-AS1,0.21964390924310095
REXO2,0.21958858285838986
C8orf44,0.21953221889264743
GPATCH2L,0.2194876338865934
NHSL1,0.2193942598856469
SLC46A1,0.2193441885933555
TSFM,0.21913550063267095
TMEM41A,0.21912258104085489
RBMS1,0.2191158949388187
LSP1P4,0.2190831107520076
CEP350,0.21901295065565213
SPARCL1,0.2189930042812212
ZNF706,0.218463958852843
UBE4A,0.21816129898236986
DSTNP2,0.21810476924399824
KCTD20,0.21807484721409057
TMEM215,0.21803640605262428
RGS10,0.21795847108899613
TRMT61A-DT,0.21794272653119212
ZBTB26,0.2177772986038042
RPS17P16,0.21776248587581049
TMTC2,0.2175882308074517
TMEM9B-AS1,0.21757366132652664
ZXDC,0.21745756825004237
ZNF579,0.21740937197762913
GARS1-DT,0.21729992839927167
ENAH,0.2171960394081615
KCTD10,0.21692685364412578
SCAND2P,0.2169063946168393
KRAS,0.2166603097942252
SBNO1-AS1,0.21643102000564504
BTF3,0.21642603040556932
SLC34A3,0.2163953604485599
SNX16,0.21633117348757766
DENND5B,0.21627082351758012
NRROS,0.2162375567403324
FLCN,0.2161980793142355
VPS37D,0.2160726999229353
SLC25A34,0.21596539505956497
ZNF234,0.2158807033343641
XIAP,0.21581829074534858
CACNG7,0.21576962266645733
PODXL,0.21573023243050288
DNAJB14,0.21568842879803973
INAFM1,0.2156320780350377
TTC14,0.21563181541927334
TOLLIP,0.21548261616483405
TSC22D1,0.21536875760843632
PNPLA8,0.2153219512690395
C6orf62,0.215320781842049
NSD1,0.2153124556259317
PRKCG,0.21521012581133872
ACOT9,0.21512911614007837
NIPAL4,0.21509925844514385
CELF3,0.21503013494533244
CCDC9,0.21487715904103655
ZSCAN29,0.21485885994977966
SMAD1,0.21485499254012813
LINC03048,0.21485249122474362
TMC8,0.21481104177890636
CPB2-AS1,0.21476449054386404
NCOR1,0.21463885321665452
SERTAD3,0.21450468337672537
FLOT1,0.21448147080056712
ANKRD33B,0.2142200392836552
ATP6V1E1,0.21416433849930183
ENTPD5,0.2138153666977445
CNIH3,0.21372752520826196
TUG1,0.21360211289840753
SLTM,0.2135356220526093
APP,0.2132658056219072
NTAQ1,0.21318760867474806
LINC00928,0.21313933167033353
SCPEP1,0.21293709222850013
RBFOX2,0.2129368030530677
TMEM240,0.21293562595269186
C17orf113,0.21290946727349266
ZNF275,0.21288663427032858
RFX3,0.21284325994495565
OGA,0.21277012707339452
TRDJ3,0.2126052617161134
DTX3,0.21258398169956236
ZNF577,0.212543876747892
ZFP62,0.2125279206251817
CCDC90B,0.21251503171680464
PDGFA,0.21249115051441897
ZNF610,0.2122808430021277
ZNF691-DT,0.2122099544490609
ANXA2R-AS1,0.21214849813700237
UBE2F,0.2119719282155848
CDC25B,0.2119319096051617
MRNIP-DT,0.21185432936851856
CHCHD10,0.21183182449990925
C1orf43,0.2118097639790593
ZNF37A,0.2117878934009452
TMEM43,0.21176328926750007
MYO9B,0.2117279307975351
KMT5B,0.2116066141399355
CHPF,0.21153338771893826
DGKH,0.2115166783521096
MIA3,0.21151369455830588
HOOK3,0.21148037853285276
STOM,0.2114425900528224
RECQL5,0.21138997599474496
SH3BP4,0.21121151648948325
PITPNM2,0.21119370714662214
PEX11A,0.21112650966593846
VWA8,0.21108488448855461
SPG11,0.21102250949002696
MGA,0.21099659066961426
NOA1,0.21094876302598584
KICS2,0.21092888612116073
MCFD2,0.2108371095704922
KLF2,0.21080681905203041
TIMM44,0.21076360463502236
PRSS27,0.21067315426877534
GPSM3,0.2106694207308684
SRP14-DT,0.21054236020674857
TAF1A-AS1,0.21046946766190486
RPL32,0.2103114320037729
ZFYVE1,0.2102838667717411
ZNF674,0.21020680077254636
NOB1,0.210193719448893
PABPC1L,0.21014967491297018
LINC03072,0.21010560871957004
CTNND1,0.21008441168906392
DAPK3,0.2100098867025506
TRAPPC6B,0.20992153154978643
NPTX1,0.20990798339691366
TSC1,0.20973224796459453
HECTD1,0.20972238371482355
MTF1,0.20959098502091322
PMS2CL,0.20944951751898305
AIFM2,0.20912620327188525
B4GALT7,0.20909012120841014
ICE1,0.209009624837619
ZNF573,0.20899248914451676
PSPH,0.2089196659721907
ZNF490,0.20879559613231946
POFUT2,0.2087344472893448
WIPF1,0.20871124382207853
VASP,0.2085286612558193
ST3GAL6-AS1,0.20841784854692053
FOXK1,0.20839949141182038
RPS23,0.20839607341633168
PLEKHA5,0.20818633283582258
SEMA4G,0.2081508821759019
AGO2,0.20806096954133313
TMEM181,0.20804540805796223
SPON1,0.20798285067803587
PLEC,0.20795251281358385
ZNF439,0.20786269557431933
ZER1,0.20784377282219502
FBXL20,0.2077928477694424
MSN,0.20772050461820757
SSC4D,0.20765095657952434
SDC2,0.20761669268689556
ABITRAM,0.20759001598241908
FAM136DP,0.20755997929569808
PCHILR,0.20749818291691302
PCCA-DT,0.20745625319576572
FAM53A,0.20737134001995866
FAM86EP,0.20732682316868453
CAPRIN2,0.20710013605863578
POLL,0.2069534729499351
AGO4,0.20684083993156455
ZNF853,0.20670498814843088
PRECSIT,0.2066950496047386
LCLAT1,0.20665825511697142
DHDDS,0.2066261298468097
COMP,0.2065946207781036
RPS13P2,0.20657789609734833
TSGA10,0.2065648904622319
PARVA,0.2064670696679176
ASIC1,0.20645604609949414
NDUFAF4,0.2062780282968123
PGBD4,0.20622118681752352
NAA60,0.20617724633949047
EIF2S2P4,0.20607375165955302
LTA4H,0.20588723359026556
INPP5K,0.2058065686694309
LINC03007,0.2054169145673343
NUFIP2,0.20523383471681317
NEFH,0.20517300699893476
TAPBPL,0.20507591063992706
ZNF841,0.20498413470683047
ZRANB1,0.20492080120162004
INE1,0.20481586002309404
HEXA,0.20478165603911538
CLN5,0.20462343976489183
LINC01094,0.20452642145130745
ZNF14,0.20451443310214176
USP36,0.20448087698342157
TSTD2,0.20444388877742667
IFT70A,0.20441977488142007
HIGD1B,0.20434568815387485
RPS27A,0.20428039508635013
ISLR2,0.2042617317303723
PPP1R3B,0.2041450747705583
ESRRA,0.20412945343740602
GALNT10,0.20403908910398547
RASL10A,0.20400663142523934
F12,0.20368200032120876
HCG18,0.20359184560848115
SMPDL3A,0.2033854164141263
DPY19L1P1,0.2032275105629354
ADGRB3,0.2032020268800823
LARS1,0.20311133813729856
OVGP1,0.20298301285263454
PHLDB3,0.20294174839267398
PCF11,0.20288786625241553
ZNF514,0.20275468363637833
KCNC3,0.2027252442081526
LCA5,0.20271490321783744
RHOT1,0.2026169763968741
CCDC149,0.20250641346527762
SAMD9,0.20250635884824472
CRTC3,0.20245339977638407
MYL12A,0.20241947290424106
TCEA3,0.20235122038371323
SEC14L6,0.2023094590449652
MAP3K2,0.20226456224830755
SNX13,0.20225976612610003
MTURN,0.202230828880306
MUC1,0.20221049613746891
WDFY2,0.20215027983434275
GALNT13,0.2021466778447018
XRCC6P2,0.20210908863204116
RHPN2,0.2020633052808378
PITPNM1,0.20200538914641963
FURIN,0.20198619469417464
FBRS,0.20194538795246572
CFAP418-AS1,0.20163831574188432
MYOM1,0.2014837155294956
EIF3C,0.2013161621338914
SLCO5A1,0.2012739155792911
MBD6,0.20124019237521087
HULC,0.20117521039017616
PIM1,0.20111354028523587
MTMR3,0.20093863329194442
HOXB6,0.20080738627324943
TRIM21,0.20052936502859353
ZNF606-AS1,0.20039350399921005
USP2-AS1,0.20035076588000444
WBP1L,0.20022460829576982
SLC35F1,0.2002146227109049
RPS13,0.20016928169662135
FKBP4,0.20015918216482495
GAN,0.20011866127790734
UFM1,0.2000445521589388
PIPSL,0.20002904690223036
ZNF25,0.19992869954949227
ZFP69B,0.19986703266033345
LINC00294,0.19982092900096396
CFAP126,0.19981188082918958
TTBK2,0.1997624436950201
KCNQ1OT1,0.19969020933437123
BBX,0.19961139880801737
FHIP2B,0.19961088057937632
NRSN2-AS1,0.19959085622583683
CCDC159,0.19957370710680253
LMBR1L,0.19936905315378334
SECISBP2L,0.19912728813943928
APCDD1,0.19911198143438072
RTL5,0.19900584273732275
MTMR14,0.19887691826924367
SETX,0.19886373649200384
SAMD5,0.19859883865492522
NCOA2,0.1985795785550736
ZNF333,0.19857895537516862
SLC39A10,0.19856963155799495
RTN4,0.19843256932574946
KLHL21,0.19840374969752672
ZNF268,0.1983998990538407
PLEKHO2,0.198351853712351
SIPA1L2,0.19821973705735135
PCDHA4,0.19817406363328408
ZNFX1,0.1980978716561053
MAP9,0.1979926874642019
COPA,0.19798926979577794
CLIC1,0.19798816052637455
FRG1-DT,0.1979833888124754
TRAPPC11,0.19785587024220636
TRAF5,0.19782175671955554
TXLNB,0.19768414501102968
EFNB3,0.19764207547875953
FGF19,0.19739565549930044
ARIH2OS,0.1972631771166859
SCGB2B2,0.19722368483156436
ZNF222,0.19719990587506692
RPL36P7,0.19699478755321104
CLTA,0.1969073620242803
RWDD3,0.19687958210446138
CRYL1,0.19671733044049125
ZBTB4,0.19667251790521648
RAB5A,0.19666699875682822
PP2D1,0.1966631518541626
FCRLA,0.19660620385068137
SNX32,0.19638714243787198
EIF3M,0.19636622181729235
EIF3G,0.19634684896260163
UTP3,0.19632824873184984
ZFYVE9,0.1962831269363196
RHOC,0.19616232531878053
ZNF322,0.19611438610464285
DNAJA3,0.19604668005868736
CFAP44,0.19594133951858173
ATXN1L,0.1959270309176841
RILPL2,0.19584269955047695
TSPAN9,0.19573398325485192
USP30,0.19572900595199247
WDR17,0.1956944881342571
TTLL1-AS1,0.19561246828049048
EVI5,0.19553287767351776
CCS,0.19553226001308077
MED14OS,0.19549086918574562
PPP4R4,0.1954638634478431
LRRC73,0.1954484244492785
VPS51,0.19532114479315676
MYL12B,0.19525919006954545
FAM149B1,0.19516394719650884
DIXDC1,0.1950832154859691
SETDB1,0.1950350311132782
ATP13A5,0.19495678318630533
ABHD18,0.19489446141470285
TERF2IP,0.1946617462192864
RPS5,0.19458941976751523
LINC00667,0.19456626138161529
SLC15A4,0.19453918030442113
BACE2,0.19425508356074836
CCDC17,0.1941732707625629
FHIP1B,0.1941280290707334
RFNG,0.19408689126491308
LINC03022,0.19404348748053274
SEC24B,0.1940323615451264
EHHADH,0.19395292842444622
DENND3,0.19388971795503657
C2orf76,0.1938786654534136
CCT6P3,0.1938652620251971
PARP9,0.19383718970845187
ETV3,0.1937981464473927
MAX,0.19371934964953327
ATP6V1B2,0.19369840463109872
KLHDC8B,0.19347380912904555
MICOS13,0.19337710137979566
RPS29,0.19323372948311726
TRAF6,0.1931504993942072
SNTB1,0.19313203997634865
GRPEL2,0.19312294482332873
ISL2,0.1931106795700017
FN3K,0.1930778914164106
FAHD2CP,0.19305706497450975
ZNF559,0.19280575706866968
NCOA1,0.1926871191129144
ANKRD44,0.1926591490937556
NTN4,0.192552396801109
TBRG1,0.1925513184306481
CDK20,0.192549390510543
JMJD1C,0.1924907495673987
HACD1,0.19246498864416028
HSBP1L1,0.1924002168661045
NDUFB2-AS1,0.1922062603390829
COQ10B,0.19217019938466876
TMEM42,0.1918974726488735
SOS2,0.19163748999583727
OBSCN,0.1916004999862671
THEMIS2,0.19146818562926876
ALS2,0.1914583806309201
DNAH12,0.1914052488071326
MTARC2,0.19136617043361281
ZNF805,0.19136489489076935
MCPH1-AS1,0.19130521833795677
PAM16,0.1912511094762075
CSNK1A1,0.1912206238870569
LASP1,0.19120046972471713
SLC11A1,0.19108247018091382
ERO1A,0.1910813630511533
ATP8B2,0.19091687854441078
KIAA1958,0.19089036492059094
ENO2,0.1908219977711862
NDRG4,0.19067050688283077
AFDN,0.1906645541280644
PCDHB7,0.1904926877725881
LTN1,0.19032482741092513
ZNF217-AS1,0.1902735623394256
PLA2G12A,0.19018652094300284
QSOX1,0.18998612666195017
FBH1,0.18995485383179728
ANXA9,0.18994257432169231
RPL17P47,0.18985938666922664
F2R,0.18979798162961614
CCDC171,0.18973611253901038
ECPAS,0.18972483862149098
RASA4CP,0.1895612915844986
USP34-DT,0.18951635633979583
RCAN1,0.18951164815860883
WDR59,0.18950923750692414
MOB3A,0.1894698717471548
CNTNAP5,0.18946910489149785
BORCS5,0.18945496089458097
ZNF746,0.18942328948736759
PPP1R10,0.18941424715227215
TUT7,0.18934515016744227
RAB7B,0.1893113173498645
ZNF286B,0.1892485969514741
CDV3,0.18922036170594028
SLC2A11,0.18917768084662007
IFNGR1,0.1891479791961312
SLC7A2,0.18908432433323522
LRP2BP,0.18904415082057255
SNAPC1,0.18898901513942393
TMEM221,0.18898825748389259
NPHP1,0.18894726312775967
ARL17B,0.18888029502038378
CACNA1H,0.18875873141445348
PNMA2,0.1887578301946853
PDK3,0.18872771802478502
KATNIP,0.1886372040968387
ZNF561,0.1885567024798139
ZNF263,0.1885010656932205
CHD1,0.18849658048609705
PPARGC1B,0.1884738834079868
PGAP6,0.18842822212362204
ESF1,0.188148725215273
MTHFR,0.18805628267749053
TRIM69,0.18804302205056744
AP4S1,0.18803628149478344
APOOL,0.1880056274118133
ZNF879,0.1879836356203047
DPYD,0.18796856424175565
MAGIX,0.1879464433064627
RPL6P10,0.1878137488532738
DOCK8,0.187803164176895
TMEM53,0.18759330716486147
ATG7,0.18753366030080346
ISM2,0.1875296835792147
ORAI2,0.18751523078869706
RFPL1S,0.18742146487904263
URB1-AS1,0.18740662986367543
ARFGEF2,0.18737318345484774
MAN2C1,0.18732675555121328
CCDC146,0.18724429675140247
ZBTB21,0.18722566913576455
ABI1,0.18716325588876778
DHRS7,0.18714578079155111
PTEN,0.18711676365091104
DIPK2A,0.18699259041204105
NFATC1,0.18687825705968922
GMEB1,0.18686675338694952
LINC02245,0.18685683879380108
NR4A1,0.18682649242706043
SPATA24,0.18681434648184256
PPM1E,0.18676644152848462
PDCD11,0.18672112064220625
ADM,0.18670753005276863
BAIAP2-DT,0.18667015834168374
VPS8,0.1866693209216192
ACTBP2,0.18655821339947518
MAPRE3,0.18654248895311593
KCMF1,0.1865122245401327
LINC00205,0.18645479573811422
UBE2H,0.18640430776816222
COG5,0.18633076393526288
PRMT9,0.1863092939209667
ZNF770,0.1861039441378404
FICD,0.1860959811338904
UVRAG,0.18606424112430153
SEC63,0.18597618206043576
NKAPP1,0.18584893435149452
RLIM,0.18583229606033264
B3GNTL1,0.18568740307912773
RHOBTB1,0.18567219551103714
MRAS,0.1856209567700787
ACSL6-AS1,0.18547091347490727
LINC01530,0.18534079600167042
LTBP2,0.18531561843250066
RPL24P2,0.1852674656385501
GTF2IRD2B,0.1850695175590181
VMP1,0.185021985583427
OMA1,0.18482221187648407
MOSPD2,0.18479594147268058
DTNA,0.18479432214042144
RPS16,0.18473539345012058
MEIS3,0.184713849734833
SLC43A1,0.18458453029249755
ALG2,0.18456111020743735
PEX16,0.1845519163999291
POMK,0.18445806451237542
PCGF1,0.18438801961474285
LRFN4,0.1842783693937592
ZNF134,0.1842662150660173
AFDN-DT,0.18415735902177982
RNF10,0.1840868390619013
SSH1,0.18394972141699684
ETV5,0.18392944725664
NOL4L,0.18387835944496753
PSMB10,0.1838727576542902
NXPE3,0.1838392958828746
VPS39,0.18377828538592925
C1orf94,0.18373356340762378
ACSS2,0.18370743923875124
FBXO10,0.18363968949972914
ZNF584-DT,0.18362109319617065
NEDD4L,0.18350536511195678
BRD3OS,0.18342126519382143
ZNF833P,0.1833875305967779
TNIK,0.18326534607220551
HS3ST3A1,0.1832305103690811
DNAJC10,0.18319335510393273
NCSTN,0.18315075441277998
C3AR1,0.1831390752498552
ZNF281,0.18310142403876226
RNH1,0.18309269703230122
OSER1-DT,0.18303988007111108
AGMAT,0.18302784204697184
HGSNAT,0.18286349806001417
BSCL2,0.18274572253642896
DICER1,0.1826621197413539
ITM2B,0.18256232451625953
KIAA0232,0.1825578718995826
PRDM4-AS1,0.1825522972743003
STAG3L4,0.1824354308463559
AFTPH,0.18243520484532338
B3GALT5,0.18240904956917545
ANKDD1A,0.18234864439837561
FAM210B,0.1822840708832436
CNNM4,0.1822123259408941
CCDC71L,0.1821794290558113
ATF7IP,0.18214572792659436
ST3GAL1,0.18212539888306653
IFIT5,0.1821234457588963
LINC01291,0.1819808668546932
FBXO11,0.18197027027378954
HMGN2P15,0.18195514748277963
CHST1,0.18194305490284166
KIF1B,0.18190735071433706
FAM86C2P,0.18182299415033273
TANK,0.1817410250340829
GNPTG,0.18171228476445772
TAGAP-AS1,0.1816359671143175
CYB561,0.1815910553742903
WDR35,0.181557007936378
SINHCAF,0.18154949287436778
UBE2D4,0.181534531095867
CTDSP2,0.18151392903181732
ZPR1,0.18149356770873168
ZNF407-AS1,0.18147105465955776
ZNF572,0.18143049985910928
WASHC4,0.18140282063603227
WARS2-AS1,0.18134780833835104
IMPACT,0.18132764323631229
PPTC7,0.18130604727833186
RNU6-1016P,0.1812841354150669
ANXA7,0.18122350459211592
ATP6V0E1,0.18121505749374872
WDR11,0.1812113474790613
NCOA6,0.18112607511085932
UBE2W,0.1810708023067368
TOGARAM1,0.1809628607175521
MTIF2,0.180888998633722
CRY2,0.18082993018700128
LAMTOR1,0.1807572317105198
RPL23AP64,0.18068921385014772
ZNF818P,0.18056601648450954
CSTB,0.18055928441340807
NEK1,0.1805227364222782
ARFGEF1-DT,0.18049185406066234
TMEM263-DT,0.18041666944722312
ARHGAP21,0.1802971573367685
NADSYN1,0.18023897159994862
ALG1L13P,0.18023306215616466
RPL21,0.18017270901497223
EPS8,0.1801609139905638
CANX,0.1801150320759955
IL13RA1,0.18011455350766842
ZNF304,0.17993310146127017
ZNF300P1,0.17992953822312344
CHI3L2,0.17969249464478934
MARK2P9,0.1796462111329188
CDK19,0.17958815813422777
ST20-AS1,0.1795872557636222
GRAMD1A,0.17958554740584945
NPIPP1,0.17955670287267192
SLC26A7,0.17949622671951476
SHANK2,0.17949356551441187
RPS7,0.17939541178469304
TMEM179B,0.1793664419734059
POLR2H,0.17930315762658958
MANBA,0.17921905551359452
SMN2,0.17919838046221154
LINC01063,0.1791407285356325
YJEFN3,0.17912653933157127
NEU1,0.17909790232137027
MROH1,0.17900102294857106
SIN3B,0.1789950766577607
PGM3,0.17895821094161557
DAP3,0.1789385396140416
ATP11A,0.17887638232544567
FMNL3,0.17884646632306175
PHC3,0.1788367760548029
SYNJ2,0.17881489810770843
DMXL1,0.1787609607908041
LYSMD2,0.17875265645177058
GORASP1,0.17875028285101932
NEO1,0.178723712518775
GRIN2C,0.1786666537403619
PPP1R3B-DT,0.17862845318195852
RALGPS1,0.1785700238960125
CLN8,0.1784871259225528
TRAK2,0.17844237447195213
SLC26A2,0.17840868455625278
FAM86B3P,0.1783927291289833
ZNF880,0.17834607356260415
FAM20C,0.17825714360346656
MICU3,0.17797839565601886
LYPLAL1,0.17795250946760496
DNAJC1,0.1779347044407614
YRDC,0.1779211828633637
HSPA4L,0.17788219414568168
LINC00641,0.1778689951128134
ZNF8-DT,0.1777979917904289
ZNF319,0.17778429055187206
RALGAPA1,0.17777845673845333
HSPB7,0.17772838745977687
ME1,0.17769099219707468
FAM219B,0.17737594974276352
MIIP,0.17736209770256062
EAPP,0.17721317336800602
ARB2A,0.17717552241882775
RASEF,0.17705968925896218
ALG1L1P,0.17698678946405183
KDM4C,0.1769478138936217
TMEM151A,0.17692784256683683
SV2C,0.17691571533202335
IRGQ,0.1768751268992818
RLF,0.17680632916996306
ZNF81,0.17678988555318506
ZBTB43,0.17677401835909884
ZNF740,0.17672058706057053
RPS27P25,0.1765723941189598
ANKIB1,0.17652703565051225
ARFGEF3,0.17647208454510951
RPP14,0.17631815934415374
TRIM17,0.17631346267521794
TMEM167B,0.1763112607898826
NR1D2,0.1762959605389212
PARP6,0.17620244433957896
BATF3,0.1761391200637965
RERE,0.17613776133152895
FAM227A,0.1760963390844408
NCOA4,0.17608411122228956
CSNK1G3,0.1760787456126498
PAM,0.17606360155885037
CCNI,0.1760329437210556
SMG6,0.17595207755524409
ATG13,0.17583366572948614
GABRR2,0.17570089849448037
RRN3,0.1756749067690009
ELP2,0.17566041072647723
MPG,0.17565069239068462
RBM5,0.1755830457885057
CCDC157,0.17556749689549023
VAT1,0.17545042919804996
G0S2,0.1753726923948539
DCTN6,0.17536341403666517
FBXO38,0.17531366008293534
PLEKHH1,0.17526880450942559
APPBP2,0.17522200143795433
ADCK1,0.1751424281125245
RPL32P3,0.1749101237513548
ZNF768,0.17482577017805406
TDRD3,0.17479760540445902
ZNF790-AS1,0.1747628570067466
TBC1D12,0.17474746727079002
BRAF,0.17472933260563916
BMP2K,0.17471045712736136
NORAD,0.1746270002372451
ACVR2B,0.1746230302900641
ORC4,0.17447945542537416
WNK3,0.1744501033053974
CX3CL1,0.17431163448703568
GSE1,0.17426362324839936
DYM,0.17419446238264746
SNPH,0.1741120617683047
FNBP1,0.17406552654476715
SORBS1,0.17405912010690308
CXCL16,0.17398837237037884
RGS3,0.17398831615248356
ZBTB42,0.17395437318200246
TNIP2,0.17381204738183187
CAP2,0.17376688212017602
RHOB,0.17373609516702412
LINC01002,0.17371149349751627
SESN1,0.17358068599238194
CACUL1,0.17356250329873676
TNFAIP1,0.17351171616038122
ZNF827,0.17346495215715385
EPX,0.1733863571151396
RNF32,0.17324376831548285
ZNF654,0.17320566251201622
TMEM38B,0.17313030725522235
EIF2S3,0.17310339396042057
KPNA5,0.17306490663659427
GLIPR2,0.17306440254477176
PRKCQ-AS1,0.17304780805713063
TLK2,0.1730184227899313
SETBP1,0.17290438687094573
USP24,0.172895838117989
GPR173,0.1728782077086018
UBXN7,0.17287345768925258
PAN3,0.17287118319477532
FZD4,0.17284766543681562
MAT2A,0.17276897129194993
LPCAT2,0.17259260414308494
OFD1,0.1725915619311854
DYNC2I1,0.17258646351169288
FOXJ3,0.17247987557230637
PPP1R21,0.17244322623456695
C4orf54,0.17231401309911118
ZNF529,0.17227660625879765
GOT1-DT,0.17224236639613205
GLIDR,0.17220499597876504
LLPH-DT,0.17219894226871973
GP1BA,0.17213242268959525
PRAF2,0.17210406017822824
LINC02980,0.17210150600906135
NME2,0.17208630765873567
DCAF10,0.1720672514449387
EHD4,0.17201274683041323
ALAS1,0.17191612289228536
MEX3A,0.17189505067592253
UTP25,0.17181311566464033
PRKAA2,0.17178058388478845
EIF3J-DT,0.17171425159416365
GTF3C3,0.17167266047604096
ANKRD18EP,0.17159641329669653
ZNF316,0.17157996010308793
RPGR,0.17153822224817525
WDR81,0.1715374082326856
SVBP,0.1714842108042379
ENKUR,0.17146285499433897
PMP22,0.17125441023841992
ZNF774,0.1712543154670432
C9orf50,0.1712507886464228
SIRT4,0.1712253571941062
BNIP3L,0.1711715519038625
VPS11,0.17112018142747334
EXOC4,0.17105518842910958
ARMCX3,0.17082536259122927
TRAPPC2B,0.17081848983726808
RNF135,0.1707976513209659
SUPT7L,0.17074150993887904
RICTOR,0.17061663828771206
ZNF669,0.17047219269393898
FBLN5,0.1704616218709139
TSSK4,0.17043920835787282
TBC1D22A,0.1703821042169953
TBILA,0.1703169146799687
ZBTB6,0.17025569749271222
JAKMIP2,0.17020694617259616
NUMBL,0.17020426520951973
ADAM33,0.17016384812234697
TK2,0.17014405004812808
FKTN,0.17003562007599152
HLA-C,0.17001594847603146
CNN3,0.16996461468498922
FEM1B,0.16995939745975014
PBDC1,0.1697929775133867
CMIP,0.16976265052593104
GATA4,0.1696890603004427
NKAP,0.16965722982773976
TXNL1,0.16961422006410437
ZZZ3,0.16959923192333576
RPL28,0.1695365943210566
RALGAPB,0.16952577780861544
ASH1L-AS1,0.1695140309974468
SH3PXD2B,0.16946327507675674
RELA,0.1694465293238594
TMEM52,0.16939973091562893
RCOR3,0.16932387366848084
TBL2,0.16922532140792826
ZDHHC17,0.16921361840883226
ANKRD16,0.16918539351628084
HEATR5A,0.1691719069610174
BCL10,0.16916957224948206
PRRC2B,0.16915392449926414
TMEM67,0.16910519800338294
DYNC2LI1,0.1690482413091158
DOP1B,0.16902474262717906
ZNF83,0.16900307807873477
CRABP2,0.16899217764169208
DIP2C,0.1687605085873495
ANKRD42,0.1686919855282096
HELQ,0.1685273322594259
DAND5,0.16847468839489996
TRMT12,0.168471873974833
ZNF747,0.16843419010076024
LMTK3,0.1682864270751752
RBBP6,0.16815320417563198
ZNF23,0.16815091690184836
GCNT7,0.16804637523272092
NPR3,0.1680180854674487
KIN,0.1679187565828411
C3orf62,0.1678848610194127
PLEKHB2,0.16787330309160933
PHB2,0.16777394323590528
ACTR3B,0.16772953333010238
FHOD3,0.16768994879592317
SNHG4,0.1676890400342716
RBX1P2,0.16741445209709352
DNAJC6,0.16738931189334658
RPL38,0.16708769207450513
NSA2,0.16692831822353202
SIK3,0.16688805416261332
FER,0.16687648908594088
DNAJC5,0.16686777926773383
TMEM134,0.16679031178117332
CYP27A1,0.16678889747111145
MISP3,0.16675835632278488
RABGGTB,0.16672125338588265
SIRPA,0.16670247557314674
HSP90AA2P,0.16655226238563967
AMPD3,0.16629227162900048
MTA3,0.16626648236728506
AASDH,0.16624893056766496
ZNF767P,0.16618767200826023
SNX33,0.1661152423622674
ZNF358,0.16609924738205512
NR2C1,0.16591338426864924
FAM184B,0.16590127513393357
SBSPON,0.16579999509846904
HOXD-AS2,0.16578794991609136
PDCD6P1,0.16563766730182367
KRT10-AS1,0.1656025550021104
FNDC3A,0.16559239577873575
ZSCAN32,0.1655441066799408
LCOR,0.16544643325959854
TMCC3,0.16534941664351496
PTGES3L,0.16531630065506372
HRK,0.16511063483029462
FAM3A,0.16507346599639772
CCDC92B,0.1650443064587059
BRAP,0.16498298175380263
ST3GAL5,0.16493985145591714
CTR9,0.16490382411044435
RAB3C,0.16488207920565046
STX18-AS1,0.16484844594260523
SENP8,0.16484397420855548
PUS7,0.16484176260457256
TXNDC11,0.16478426329078005
SMIM20,0.164754567501757
PAMR1,0.1647514585586803
CASP6,0.1646824198604494
CHRM3,0.16454840242416663
AANAT,0.16453500307284596
PARP12,0.1643575170807518
PRKACB,0.16435269241589628
SERINC3,0.16435201552298587
KDSR,0.1642610688164294
WDR74,0.16422255057270504
ZNF561-AS1,0.1641976097470254
PMM1,0.16419741312108077
METTL16,0.16411266883268932
BAZ2A,0.1640420849081153
PDZD9,0.164024546317135
BET1L,0.16401951384328312
KMT2E,0.1640107287375185
PAK2,0.16399494124661343
MIR5581,0.16390860100937718
RPL24,0.16389590854872663
PDE9A,0.16376783234382128
FAM227B,0.1637330672919071
ASB6,0.1636825025690426
RAB4A-AS1,0.16360854050420318
THBS3,0.1635630315223231
PLBD1,0.1634927679940274
NPIPB4,0.16344817477776036
ETS2,0.16335285043436337
LINC01956,0.16334468547990746
ZNF396,0.1633048904039041
CARF,0.16325560205183046
MRPL52,0.16318389813187137
VPS26A,0.16318154788467337
PCDHB9,0.1631457822003951
CRTAC1,0.16313957400103704
PRPF40B,0.1631339802407631
ATMIN,0.16310875675405198
HLF,0.16278553098862336
TBX21,0.16277771316799627
CRBN,0.1625318840709785
GALNT7-DT,0.16249996273365935
DHX36,0.16244837657368513
UBR1,0.1624238777149731
PTPRJ,0.16240665799135767
CDYL2,0.16237956051325284
KIAA0753,0.16225236444841862
ZSCAN23,0.1622114099978412
PSPC1-AS2,0.16210046784120163
HERPUD2,0.16206220238526753
ZNF12,0.16199563246136633
RASA4,0.16196537968020155
GSEC,0.16195936895902516
IFT88,0.16192891973000834
DKK3,0.16192243979101467
CA10,0.16191924142284944
AKAP9,0.1617603256765611
TASOR2,0.16172981049569413
WDR44,0.1616039184592689
IFTAP,0.1615726901376238
EXOC3L1,0.1614192336392154
CLN8-AS1,0.16139897834424216
ZFP36L2,0.16138419148376112
SIL1,0.1613550856525577
SAMTOR,0.16128036165131485
CAVIN4,0.16125090350946336
SLC30A10,0.16114210504796797
NCKAP1,0.16112827624992238
ZNF460-AS1,0.1610931951737574
FOXN3,0.16109116829884657
ZNF623,0.16105884163154394
SPEN,0.1609788896216249
AMFR,0.16097067870965914
ADCY6,0.1609047978356719
DDX59,0.1608659180505748
CLUAP1,0.16085099415503726
FGF22,0.160780717000439
ZFP28,0.16077407411948938
HAS2-AS1,0.16053791586020344
CCDC91,0.16046055145358296
PVR,0.16041259401542612
PHF11,0.16040641534706285
LINC01305,0.16039227909557255
TEKTIP1,0.16037403673635836
LZIC,0.16026464221044362
IRF9,0.1602010583227447
HOXD9,0.1601144053079189
PIM3,0.16006151113963704
ARIH1,0.16003436787700992
ZNF737,0.159937726354213
RPS6KC1,0.15992026792407846
TATDN1,0.15990052701269908
COL5A1,0.1598667010803484
IL17RD,0.15974209418606222
GALNS,0.1597035300029184
PGAP2,0.1596931941709067
NME6,0.15965436169612132
LPIN3,0.15951833321783243
PKN2-AS1,0.15946427393019746
ABCA3,0.15946127340097355
HSPA12A,0.15932413862740907
TARS1-DT,0.15925921376900232
MEGF11,0.159137220296638
IL17RA,0.15902442810201875
SLC35C2,0.15899851559659503
ANGPTL2,0.15893624734980308
C11orf68,0.15893150498060027
ERCC6L2-AS1,0.15889736708632674
ZNF800,0.15889072376100805
SLC2A1,0.15879743012081646
HR,0.15878892629849203
HEATR1,0.158751214923769
ZMYND10,0.1586507587608861
ATP11B,0.15858166878063532
FCRLB,0.1584815247590441
ZNF557,0.15836016929886462
LRGUK,0.15822832077936896
COA5,0.15822017270943864
LNPK,0.15820785032927606
H2AC6,0.15817916878484248
CKMT2-AS1,0.15815399887157505
WDR73,0.15814838189200214
VEGFD,0.15814439533658084
MED17,0.15811622606570813
MAP7D2,0.15810705210934956
VIRMA,0.15810012843169094
RIN1,0.15809353511135255
COG8,0.1580226384471329
REPS1,0.1580000500018642
KPNB1-DT,0.15796506089955564
FXR1,0.15791890340231884
R3HDM4,0.15789719335260693
DRC3,0.15786826292630565
CCDC13-AS1,0.15779878140918788
PLEKHM1P1,0.1577768207224919
STX16,0.15774133196563703
HEIH,0.15772353682609505
LRRC69,0.15763460005889193
ZFTRAF1,0.15762839074688131
RPLP2,0.1576094942119647
WASHC1,0.15760601915267497
NEPRO,0.1575883963296142
LINC03047,0.1575111310466508
ARID1B,0.15749770585790146
PLCH1,0.15747785881702506
ATG9A,0.1574140838417523
TGFBR3L,0.15726719204719145
PCMTD1,0.1572183932705772
ATP2C1,0.15717040603650986
RAPGEF3,0.15715454104947943
KRT8P46,0.15708622950583617
TRIM65,0.15706228026152602
RRP12,0.15706141116525754
PYM1,0.15698444231313907
DAZAP2,0.156693048443337
NPC1,0.15654067600127422
CCDC174,0.1565401637496376
ZNF175,0.15653237410919724
CASKIN1,0.1564924454665462
HIVEP2,0.1564361674697616
GNAL,0.1563787152173772
TMEM123-DT,0.15636727183557683
PCDHGC5,0.15634531830926948
GTF3C2-AS2,0.15624181850204802
RPL39,0.15623159513931426
CTSA,0.1561929545908982
OPHN1,0.1561320050423045
UBE2FP3,0.15601688757447207
GRIN2A,0.15599816059356184
SGSH,0.15597701921664825
LINC01535,0.1558455162643034
ST6GALNAC4,0.15583018511889196
HINT3,0.1558236436284875
GTF2H1,0.1558120306136753
ZNF34,0.15581114574835533
IFT43,0.1558105462103658
HLA-A,0.1557882249699647
TPRG1L,0.1557025496604052
AP3S2,0.15569835403225882
SNX8,0.15566795890499477
RPS19,0.15566546747367124
TLCD5,0.15566224186163088
MGAM2,0.1555882833934142
LRRN3,0.1555169250911688
RPL5P30,0.15542393929118187
AUTS2,0.15540706779233113
LRRN2,0.15539349560534607
MINDY2,0.15529097264774802
FAM86B2,0.15510049048415378
NINL,0.15500842629674827
RIPOR1,0.15494147232085528
PDK1,0.15494115291749055
GAPDHP60,0.154920070800177
HDDC2,0.15485037701380397
NUTM2A-AS1,0.15481877733672764
TYW5,0.1547677558409222
LINC02018,0.15473716604314652
CSMD2,0.15466438144013706
INTS12,0.15465116191077474
DHCR7-DT,0.15458157843749942
SFXN4,0.15457678301221403
BTN3A1,0.15454022525696326
LPAR6,0.15452889200494005
ENDOV,0.1544851678242404
ERCC1,0.1544622860098926
TMCC1,0.15434093266528676
JPH3,0.15432653060149165
ARHGAP35,0.15421571139458318
NCAM1-AS2,0.1541836658792931
BTBD3,0.15408481448453676
NBPF15,0.1540839138797778
HOXA11-AS,0.15407001366974024
ATP2B1-AS1,0.15404060384972473
KRT80,0.15403458329919287
MAP3K10,0.15402425596906996
MTMR9,0.15400659345544462
SHLD2,0.15387343194383493
UNC79,0.1538601278412349
SLC37A3,0.15384774945559496
PXK,0.15376426417426686
RAD54L2,0.15374626323013812
ITSN2,0.15370506375756057
DAZAP2P1,0.15350361213626268
MAPDA,0.1533798686850737
CDH2,0.153121519798716
TMEM178B,0.15301171527902085
SP2-AS1,0.15281226933926378
PRPF6,0.15281137459033
SLC39A13,0.15274322355050712
HAPSTR1,0.15269299601088043
LRRC37B,0.15263894687062937
RSF1,0.15263004329424662
POLI,0.15260016768905704
KNOP1,0.1524643712658283
ABHD14B,0.15235743818846814
PEX5,0.15230001457703596
NR1H2,0.15229633367267964
FAM149A,0.1521993625354243
IFRD1,0.1521851989479219
DPY19L3,0.15209977916849074
PEX11G,0.15209536578167696
MAK16,0.15207746464250488
EIF5,0.15204583896809765
LINC01963,0.15198007297976118
DCUN1D5,0.15190214173366337
POLR3GL,0.15176514277314046
LINC00663,0.15171117318036353
MAP3K20,0.15162744558343869
LAMP1,0.1514709755293954
WDR27,0.15141626226623497
SUDS3P1,0.1513720141713248
ZNRF2P2,0.15135849731264095
CYB5D1,0.15130590807222363
TOM1L1,0.15120415113307084
DNAAF2,0.1511254910716701
MORC2,0.15092818057727034
HRCT1,0.15092077333593826
GABPB1-AS1,0.15079575024221695
UNC50,0.15078467554037672
HECW1,0.15077891656263764
CIPC,0.1506863032114191
TRIM25,0.15062128265486893
ANO10,0.1506125451320892
EIF2A,0.15058173837389643
ADAM23,0.1505612517890617
CFAP251,0.15051474306963455
PDHX,0.1505085860817979
EPAS1,0.15049916547114217
STARD7-AS1,0.15047763458647856
GRID2IP,0.15046718713989127
TUBB2B,0.15042557092639186
ING4,0.1503194396418629
DSTYK,0.15031474250182866
CHKA,0.15028020935347303
MYCBP2,0.15017198597768724
KLHDC1,0.15002205289084097
AP3M2,0.14998722986551016
HDAC5,0.1499837064930683
PBX4,0.14995391447316433
WDR1,0.14991646793968244
FAM76A,0.14989949746378906
SIAE,0.14988229681640675
AFG2B,0.14984378114238656
TGFB1I1,0.14976661235530944
SNX19,0.14976218671068925
PDE4DIPP6,0.14969706126087254
IL11RA,0.14964210715597084
ZNF714,0.14963994906119135
MRPL10,0.1495575938608113
F10-AS2,0.14946341116603795
LNCOC1,0.14942772079273817
ARVCF,0.14940501819786103
H2BC5,0.14936170020850015
STAT2,0.14926774236010862
ZEB1,0.14923781962583665
LPXN,0.149209681218638
F8,0.14920073860698613
SNHG6,0.149146920166528
L3MBTL1,0.14913228422145824
HEATR5A-DT,0.14909738960951413
TAB2,0.14904272472342442
TGDS,0.14897189721683404
TBKBP1,0.14896727859562037
MORN1,0.14889009557305405
EXD3,0.14888525411691825
MED18,0.14881305807098535
SLC35F5,0.14878414728492786
ANKRD36,0.14876297170375066
PPP4R1L,0.14875807226958535
SETD7,0.1487203923709239
ZNF589,0.1487134300752771
HMGXB3,0.14868603933815522
SIPA1L1,0.14867320477631116
MIR600HG,0.14862354266339686
TBX2-AS1,0.1484449955294641
CD27-AS1,0.14842068052208277
RNF214,0.14834643391558783
NLRC3,0.14833560807598214
MIR4435-2HG,0.14830292728090957
MT-TF,0.14828287758552686
NOL8,0.14827735846465992
NCDN,0.1482462786373532
C15orf40,0.1481964275471748
PRX,0.14818095210518992
NRSN2,0.14814364318283288
DUSP5P1,0.14812877821289333
ERLIN2,0.14806801064207173
ZNRD2-DT,0.14799096385077093
VN2R19P,0.14784676988380224
MYLIP,0.1478185107035111
TMEM266,0.14781595465307176
QPRT,0.14776713202769298
HAPSTR2,0.14770088849127466
INKA2-AS1,0.1476414308251072
H1-9P,0.14761286596926404
CERS1,0.1475395735775344
ITM2C,0.14752871979993382
LINC02076,0.1474836778192229
NAGLU,0.14743145012439662
NBPF9,0.1474074937985534
TSG101,0.14737685673988077
SPTY2D1,0.14734108206145466
MTFMT,0.14729335608279484
DBP,0.14727315841248245
RABL2B,0.14722501396637175
UBR2,0.14717442781795034
BBIP1,0.14716432095136567
RNASEL,0.14712862910514315
ULBP3,0.1470726097394627
HDX,0.14702213789553925
CEP290,0.14701844836829941
ZFYVE26,0.14701644777975825
PITPNA,0.14696052165709206
ZNF766,0.14689167006100343
STK32B,0.14688714567725777
ST3GAL2,0.14662540403436314
TPRN,0.14662498641958496
ABCA10,0.1465252847233479
COA7,0.14651028026016022
USE1,0.14649933909965038
FASTKD2,0.14642543916343306
DMTF1,0.14628819022808973
RANBP2,0.14628346777360285
PYGO2-AS1,0.14616492706969125
SH3KBP1,0.1461584732284751
CCDC112,0.1460778921450793
RPS15A,0.14595490434695974
CDK7,0.14594483991366727
MEAK7,0.145942828039616
PRKAB1,0.14593546994186027
RB1CC1,0.1458501837443584
TMEM8B,0.14574070859200677
GAPVD1,0.14564763528784166
ADAM19,0.1455188939892273
RBM27,0.14551372354469538
E2F5,0.14548888476
C12orf76,0.14546699721311787
PPM1L-DT,0.1454550003650746
LINC02082,0.14543733181671653
NRIP1,0.14535955667773365
GABRD,0.14535620945472663
PDCD2L,0.14527356305545824
TBX5-AS1,0.1452231018504371
CFAP97,0.14521919304345327
PCYT1A,0.14521479609780574
RN7SL1,0.1452085889584
QRICH2,0.14502890136637273
ZNF823,0.14489778400922806
GPR107,0.14489755612093141
AOC3,0.1448725709768558
DDX60,0.14487193369150536
ZNF239,0.14477840370901823
RPL4P3,0.14476723703001954
CCER2,0.1447652890169445
PICALM,0.14475460159005066
C5,0.1446324181005182
AGBL2,0.14461434405414791
LINC02976,0.14459516395576258
ZNF24,0.14449283731080123
DUSP22,0.14447976942421767
ZFAND6,0.14447607692832662
NUCB1,0.14445748430356006
SLC9B2,0.14443102150938245
HMGA1P8,0.14434587198580584
ZNF544,0.14434031342638146
DNAH2,0.14420813314355607
DRAM2,0.14408041523406834
TTC9B,0.14406256974234588
OTUD7B,0.14404730099795804
LRRFIP1,0.14390989153626527
CASC3,0.14364674429157512
PER3,0.1435917293164572
DPP3-DT,0.14353907401325125
MPDZ,0.14348462646243845
LMTK2,0.14337062359285813
B9D1,0.14335402580501114
KLHL12,0.14331077532981665
NDFIP1,0.1432517078969189
PIK3C2A,0.14297578523233953
PARS2,0.14296491008687703
CCDC9B,0.1429589095359775
PARD3,0.14292354394004667
GAS8,0.14286350581296853
CIB1,0.14283805269438699
FNBP4,0.14272139478616397
CYP20A1,0.14248576309779015
ACADS,0.1424548442420374
IRAK2,0.14244486950405916
EPDR1,0.14236870300422855
SSBP2,0.14222200970674403
ADRB1,0.14221213997003138
PM20D1-AS1,0.1421663856509955
ADGRF3,0.1421661422779143
ZNF132,0.14213282860715137
PACS1,0.14206852714036278
SAYSD1,0.14195143041467856
ADAM10,0.14186667353910692
RNF208,0.1418536266091832
LRP12,0.14181489645220424
EFHB,0.1416565437093874
DPY19L2P3,0.1415403383281019
GTF2H3,0.14150386012419758
STAM2,0.14148973706221107
GPATCH8,0.14143403293865972
SMIM17,0.14105852181970824
CHIC1,0.14105399272766883
FRS3,0.1408839539387093
DTX2,0.14087888590728193
SLC13A3,0.14087299426068747
HECTD4,0.14086306580052332
INPP4A,0.14083194515096345
HNRNPH2,0.14078629574964524
CEP63,0.14077435900455912
SCARB2,0.14073021448326134
ZFYVE27,0.14069387022086582
CLDN12,0.14057881125401334
TMEM59,0.1404922386570634
SMKR1,0.14046734783273007
MIDN,0.14030366499458985
EGR3,0.14029987556107282
C1orf52,0.1402264404100146
ZSCAN9,0.14019937528887008
RWDD2B,0.1401531732434235
LACTB,0.14013129628027046
LHPP,0.14011276334001668
EIF4A2,0.14010593956944384
CNST,0.14009719385777694
JUNB,0.14005579575539873
C1orf56,0.1399785394227295
GLG1,0.1398520945103401
FBXW4,0.13971592231415245
FAM199X,0.13958654901013412
RPF2,0.13940169913396055
COL14A1,0.13937591721776105
H2AC8,0.13924535072530794
ZNF438,0.13919169176133894
RFX1,0.13918617744110645
PDCD6IP,0.13915029927881642
CUX1,0.1391021956321633
DNASE1,0.1390990222612551
BUD31,0.13909454728966877
LRRIQ3,0.13905741277026154
RNF141,0.1389720290100478
DYNC1I2,0.1389599101309213
ABCA12,0.13885469717398544
PFKP,0.13882510612487958
ABCD4,0.13881049839445775
FAM186B,0.138796128169593
CDC37L1,0.13869495576461274
PIEZO1,0.13865311713232148
HDHD3,0.13858386445192472
ATXN2,0.13854729930139476
FBXW2,0.13848622841346833
LINC02897,0.1384662310939501
ATP9A,0.1384353964471516
ZFAND1,0.13841005236011522
TRIP4,0.13838051312854222
WDR45B,0.1383790300566998
PPP2R5CP,0.13832608551674014
PMS2P4,0.1383182898008784
PLK3,0.1381632254246979
HS6ST1,0.13800040778180614
BRD4,0.13797893624887567
PCDHGB7,0.13795634471618037
PLEKHM3,0.13789728009831034
NRAV,0.13788855433118072
GRM1,0.1376519236763015
OTUD4,0.13763490273246348
ECHDC2,0.13757979153815073
AURKC,0.13757107582263797
PURB,0.1375551912994213
ZNF28,0.13707949567267255
HFM1,0.13707031835891287
EP400,0.13703090069880594
RPLP1,0.13701600517803256
RPL36,0.13697892999185546
DNAJB1,0.1369780149880211
PGAP3,0.13694832913717517
NLRX1,0.13693818284485956
CIDECP1,0.13677806559781874
TASOR,0.13675863278392272
NBAS,0.1366644123071402
DMWD,0.13665897740977365
PTENP1,0.1366488755029261
TSSC4,0.13659342009883893
ELAPOR1,0.1365482284229198
TMEM169,0.13653422833655066
FBXO7,0.1365076688200814
NELFE,0.13642524016157964
CCNG2,0.13641389325091205
TMOD3,0.13638783426797602
CAP1,0.13636732047867212
PFKFB4,0.1362767756849631
SNHG11,0.13603935430049627
ZNF185,0.13591950338896328
ZFP69,0.13587753899531652
RAD17,0.13587718523370845
LZTR1,0.1358708732229681
PANK3,0.13581511926242412
JAK1,0.13575055176700204
MPND,0.1357259304257697
VPS33A,0.13569748849804095
HSPH1,0.13569576955079857
P2RX5,0.13562338840951635
STAC3,0.13552439547118567
RELL2,0.1355243565708244
FOXL2NB,0.135503552637969
ZNF780A,0.13543125168550482
TRIM45,0.13538270866629054
RASGRP2,0.13537688551204283
PIR,0.135363043580875
LEMD2,0.1353030331010308
TNIP1,0.13511996551443853
SLC16A9,0.13511479647603403
RAB31,0.1351136291186313
ETF1,0.13501300317988427
ZNF787,0.1349271542390599
ZNF136,0.13481119488963297
WASH2P,0.1347539054285128
ARNT,0.13474423979805575
ERP44,0.13473658020468143
CDC42-AS1,0.13464741029163865
DZIP1,0.13464556593090216
KCTD13,0.13461669795457026
PLPPR3,0.13458732603433216
GET4,0.1345258993171217
ALAD,0.13452312722626375
SAP30L,0.13448987580599922
SEC16A,0.13438783530300483
CEBPB-AS1,0.13434146718856085
MKRN1,0.13431835695168481
STN1,0.13426948205874045
PTK2,0.13416682876577565
SUPV3L1,0.13404590538226893
EBF4,0.13387895442270192
PHKA1,0.1338407201247881
TMEM132B,0.13365484826538462
VTI1A,0.13364492656187482
TMC2,0.13362057347202594
POMT1,0.1336147307840958
RN7SL192P,0.1336014863907954
RPL41,0.13352283698107223
FOXO3,0.13345417673811638
ENPP2,0.13342607774301998
IKBKE,0.13342233023102856
SLK,0.13331407924043265
FECH,0.13329082806705977
CACNA2D1,0.13324119373723803
BTBD8,0.13317333029549064
PDPR,0.13316277600141854
NEU3,0.1331562919746553
TRBV26OR9-2,0.133102451330551
HEXD,0.13306598153216362
SMG1P5,0.13298592091188083
SH3BP2,0.13290565812682903
ZNF26,0.1328327635445394
SKIC3,0.1327943548221026
ZBTB47,0.1326897777718598
TRABD-AS1,0.1326767035689008
METTL2A,0.1326697877810792
GOLGA8B,0.13262500693112664
TGFBR3,0.13240175487168104
RNF44,0.1322921848713011
ZNF875,0.1322551989613506
E2F6,0.13224481216528855
ZNF462,0.13223968101226144
GUCY1B1,0.13223751333778871
SUN1,0.1322370740865682
PDZD8,0.13223282818506357
SEC31B,0.13221362980375193
RABAC1,0.13220139842855916
SBNO1,0.13219816076077037
MON2,0.1320756094414005
RTL6,0.13207422737178393
AMIGO1,0.13206873812748973
FAM169A,0.13203680547728527
TTC41P,0.1320366537022691
IRAK1,0.13201302653498032
CTBP1-DT,0.13190347160605062
PARVB,0.13189988766378424
NEIL2,0.13186472216971057
WWP2,0.13183225408742685
ACTG1P20,0.13178286413855092
DFFA,0.13172695952736269
MIR4458HG,0.13166504676631932
C2orf92,0.13162658566230828
FAM174A,0.13162066785257612
ZNF644,0.13159201190333322
ZC3H11A,0.13154938811335087
MBTPS2,0.1315470311137501
COQ5,0.13154092665887648
GOLPH3-DT,0.13151349287222308
RBAK,0.1314973724313007
RUNDC3A,0.13149461164114226
MIR99AHG,0.131472836083693
TAF13,0.13146288108031867
HK2-DT,0.13142629521435711
PACRGL,0.1313711292615456
LRRC41,0.13129052818467823
LRRC27,0.13127523572815583
INO80,0.13126575824466807
BEND6,0.13117955592285657
TRIM44,0.13111054525695504
LARP1B,0.13105634515985318
CCND1,0.13105200244422105
MSANTD4,0.13099135679578144
AKAP8L,0.13095674110242092
FAM114A1,0.13095377909322184
P4HA1,0.13093193806789868
PCED1A,0.13076337423312198
RC3H2,0.13076331422846646
MCRIP1,0.13076115649388279
SPSB2,0.13070989445862422
SKIC2,0.13070168230034615
CCDC144A,0.13069551649099045
MFSD4B,0.13063343415981724
GORAB,0.13048425873820482
CDK13,0.13048146742119085
SLC38A6,0.1304550946179781
HDAC10,0.1304481397612412
DPP8,0.13042832586209283
MED8,0.1303988247754311
SPDYE12,0.1303684057387347
SPART,0.130289264714707
PPP2CB,0.1302723937586192
MC1R,0.13026775874234298
COX10,0.13017756601842537
NR4A3,0.13017283789469364
RAB21,0.13013150789293948
MLLT10,0.13012861189748076
SNX6,0.1300945164008389
MAPK6,0.12994396708262726
ZNF777,0.1298990297460767
TRIM7-AS2,0.12984073500468712
DNAJB2,0.12978606177239513
MIEF1,0.12975737332088963
TRIP6,0.12963879942006137
LAMA5,0.12962756668381722
SNX14,0.12959859231688345
EXOC7,0.1294733107813523
NOC2LP1,0.12945860379060756
TCEAL8,0.12944339783138792
MYO10,0.12938217977148986
PARP3,0.1293332154761654
PPFIA1,0.12931552281898603
ARFGAP3,0.1290000334157281
SLC24A1,0.12897052719834573
SYNGR1,0.12895973320217824
IKBKG,0.12894279925447805
RETREG2,0.1288863689614849
BRSK1,0.12888195154352022
RNF123,0.1288337133796654
SMPD5,0.12880941341353497
AP3B1,0.12877757452270128
RNF7,0.1286150425464956
DIPK1C,0.12855924751626324
CLNS1A,0.1285435804607685
CHSY3,0.12854215679502007
GDF11,0.12849901879696346
RIMS4,0.12849483998058903
ARMC10,0.12847315246980925
CTSO,0.128466394750207
MARCHF8,0.12825519432257973
NCK1-DT,0.12811925530240803
PIKFYVE,0.12809007938356684
TXLNG,0.1280879896322952
TCP11L1,0.12802276225347323
CEP104,0.12801731549208592
NOC3L,0.12795151895458012
ZMYM4,0.12794892630472135
GDAP1,0.12793905024673075
XKR6,0.1279336073024491
NDRG1,0.12793329002379158
ZNF224,0.12790820876707482
ZNF815P,0.12789781490734714
NAA30,0.12779684699606028
ZNF585B,0.12771513283246094
TTLL11,0.12766596915592984
DCAF4,0.1275250636240381
VPS54,0.12722417789270662
NBPF26,0.12721700734387376
SLC45A4,0.12720674531971848
ASPHD2,0.12720504769746593
RPSA,0.1271891101041664
GUF1,0.1271050024115917
ERBB3,0.12710395294351082
LINC02615,0.12707988023073485
PPP3CB,0.12706158327009234
GPR19,0.12705612048904566
AKAP11,0.12702419704166537
PSMC1P1,0.12699680376941583
ROCK1,0.1269608769009248
REST,0.1269331068120015
WDR35-DT,0.12691832409799475
ALMS1P1,0.12690980714706748
CABYR,0.12687126642320795
OCEL1,0.12685798400356912
RTCA,0.12680555250448836
GIGYF2,0.12679053928783526
MAN2B2,0.12676526492877127
GFPT2,0.1267611750462694
H2BC21,0.12675401363400618
MAP3K2-DT,0.12673794651492779
FRAT2,0.1266245683740989
SRMS,0.12652557317407992
MFSD10,0.12649910738958312
CHLSN,0.12637113041938355
WNK1,0.12637028229328057
COG7,0.12622283268725942
IRF1,0.12616895041620635
NPEPPS,0.1260595401689071
CBLL1,0.1260301931410202
WNK2,0.1259806074248589
HERC4,0.1258320804872045
PNPLA6,0.1258246481488248
FLYWCH1,0.1258203339463615
RNF11,0.12575415496659345
ACOT8,0.12574736778471626
ATAD2B,0.1257016635633499
NTRK3,0.12569251392068842
RIPK1,0.1256840426656305
OAF,0.12565799335566374
KXD1,0.12560470477261546
SLC6A20,0.1255973830490706
TPTEP2,0.12557506647107225
ZNF704,0.12545311718766752
CLDN15,0.12542440990467324
PSMF1,0.12538427830139134
TENT4B,0.12520589090486045
ZNF619,0.12518908707307178
SELENOH,0.1251883024191746
FAM50A,0.12513615493268682
SYNM,0.12509186066624456
DDX6,0.12495756666100183
RSAD1,0.12495233539545832
POLRMT,0.12490537904499288
DHTKD1,0.12489616510836977
WASHC5,0.1248732620321627
CARD10,0.12481435772794995
WIPF3,0.12476215639272882
KIAA0513,0.12476028121360704
LINC02940,0.12472843335389414
VPS37A,0.12471178834148472
SPIN3,0.12469731445889966
EEF1B2,0.12468269660423288
PLXNB3-AS1,0.12465326448166732
ACBD3,0.12459281975716356
GNE,0.12450264578241178
SBF1,0.12446050220260228
RNF146,0.12445230052201217
VPS13B-DT,0.12444863844740196
LENG1,0.12442159029213466
TMEM260,0.12440065855876854
TMEM186,0.12437955817490967
AKIRIN1,0.12436717830544769
SHOC2,0.12430559059399533
ZFYVE21,0.12428153898733829
CCDC32,0.12428133976153113
ZNF17,0.12410814786455335
SREBF2,0.12405688910614254
ZNF518A,0.12405388066033299
ZFYVE16,0.12405039403103424
SNORA73B,0.12402733978366201
YIPF3,0.12400699518314953
KCNN3,0.12396945744594189
CUL4A,0.1238893121140795
PFKFB3,0.12387826899591291
NBPF3,0.12385538520909241
SMURF2,0.12385239191239314
VHL,0.12383536126438703
MIB2,0.12379231909735963
ZFP41,0.12373852207942412
BAG2,0.12367849437876118
CREB3L1,0.12366612194557715
SLC30A7,0.12352103618871818
SLC9A9,0.12349108677687923
SPATA20,0.1234414449734199
DHRS3,0.12337128144464932
RAB3IP,0.12336113724287961
FAM161B,0.12335923887618562
CBX6,0.12334840368811263
ZBED3,0.12323680652820382
LEMD1-DT,0.12322465343898607
BNIP2,0.12320506195514423
FERMT2,0.12319857929889913
EZH1,0.12318316729162974
RPL18AP7,0.12313886980991087
C19orf12,0.12309216162189271
TPD52L2,0.1230454156583414
FBXW8,0.12300260481200784
RRBP1,0.12296395430409265
CLPX,0.12296172691389043
OSBPL3,0.12295991853540636
TMEM63B,0.12292733432858896
CBX4,0.12290399262684695
VPS18,0.1228474037768608
DOP1A,0.12279178027257319
COMMD6,0.12274512752785925
ZCCHC8,0.12265659463371872
TAP2,0.12262753698516109
HSDL1,0.12261206497994032
WDR41,0.12256825430364979
TPR,0.1225541866993086
PVRIG,0.12250072206387391
SYNRG,0.12249712789179813
CAPN1,0.12244925604742149
UQCRC2,0.12242238997142109
ZSCAN12,0.12241583398899446
ONECUT2,0.12219916444289475
SYNPO2L,0.12208187347145792
RAB2B,0.12193373181783058
AP1S1,0.12191322333897495
DNAL1,0.12190548696421609
IL6ST,0.12187095924735723
MORC3,0.1218345297456996
FAM86DP,0.12180849866778107
CDH19,0.12177077234062406
H4C5,0.12175299635544037
TSPO,0.12167914911039437
SMIM30,0.12166577734359484
FBXO30,0.12159185603079714
ALG13,0.12154967903905188
GRIA1,0.12151468119549445
DNM1P35,0.1214932018545399
VANGL2,0.12146505905984119
BCORL1,0.12143843898474399
RNF111,0.12143156810879284
ZNF496,0.12142668338057194
LATS1,0.12141233588322123
GSS,0.12137661079764052
USP19,0.12135762741780705
ZBTB46,0.12135631098386239
MED19,0.12125500126538893
CRK,0.1212310412045913
ACCS,0.12111604926644255
KCTD11,0.12104588581492068
NFX1,0.12103418833490567
TECPR1,0.12101989038356624
BDP1,0.12099522817958172
GTF2H4,0.1209733017448112
FAM229B,0.12089510527903483
RNPC3,0.12088827915817843
MARK3,0.12082486347048337
LINC02210,0.12069352342330888
NABP1,0.1206666725780741
RPL23AP82,0.12063415859174956
MDK,0.12060878108261612
PIGV,0.12056268608334116
DPYSL2,0.12047423661664186
FAM47E,0.12043473281921271
LRP6,0.12034812184585138
DTD2,0.12034324444770077
FAM131C2P,0.12029875686782344
HERC2,0.12021813586307024
CIMAP3,0.12013491258012936
SOX7,0.12010819597812901
TRO,0.11999082427692045
VPREB3,0.11997466741994532
CDPF1,0.11995331069900986
TMEM242,0.11991372951512017
VGLL4,0.1198614843578266
STK10,0.1198553845006004
ZKSCAN8,0.1198446233112696
PLA2G15,0.11984393422332199
FARP2,0.11977657921829417
UBC,0.11971046648153569
PLBD2,0.11953289095259567
CD109,0.11952288428660879
SLC35E2A,0.11947668851791768
ZFP82,0.11947472209774893
TEF,0.11935081098135916
RELCH,0.11933600875805446
IQCN,0.11926966213938962
BEGAIN,0.11921612832681297
ALMS1,0.11913691835137466
PACSIN1,0.11901513461796097
EXOC1,0.11901099650579983
WWC2,0.11900632508369362
IMPDH2,0.11898906412392439
SLC25A42,0.1189467715997668
PTK7,0.1187948377082224
RABEPK,0.1185741343136497
TTC28,0.11854521538366708
STOX2,0.11848999389012363
CORO1B,0.11846734226849963
SLC45A3,0.11845180335686911
ATP6V1C1,0.1184372545114668
DDX21,0.11842027834544223
SRPK2,0.11840587345773186
TANGO2,0.11839818054964706
SPAST,0.1183979567512419
CDC16,0.11837896113192559
DDX60L,0.11837095918814554
NIT2,0.1182848199933386
ZNF350-AS1,0.11827629587067488
ZNF816,0.1182692603511307
CHFR,0.11805962499933301
LARP4B,0.11804856144679322
ESCO1,0.11801376418361058
SUOX,0.11801188714438715
FIS1,0.11792978661848998
WDR13,0.11788174234126317
BCL2L2,0.11787309872651877
TBC1D16,0.11781197695468151
ZNF169,0.11776267962874924
TMED4,0.11773907773698761
OSBPL1A,0.1176761908425395
HMOX2,0.11759200279011195
ERF,0.11756523224328828
NAPG,0.11756519003787501
HADHB,0.1175364464532877
SLC36A1,0.11744372896474209
SENP7,0.1173804695093749
OVCH1-AS1,0.11736922760400921
LRRC34,0.1173507891095769
TIMMDC1,0.11733008669849695
PAQR7,0.11731814519316774
B3GALT9,0.11729596482569979
ZNF264,0.11723607137618244
PLCB4,0.11720379997007822
FITM1,0.11717160249803003
BEX1,0.11716762521407591
ATP1A1-AS1,0.11712058302713611
TAGLN2,0.11708978384035981
YIPF4,0.11706466963273672
LOX,0.11699602139071352
HIF1A,0.11698814361487643
APOL3,0.11698092607637434
RNF169,0.11697375292019832
DTX3L,0.11694462490378255
MEF2C,0.1168752046428247
TSHZ3,0.11687260593201891
SVIL-AS1,0.11685702316215056
LHFPL3,0.11684032213825671
VPS13A,0.11680336972954837
LINC01909,0.11664779142915052
TET2,0.11659858107395929
INPP1,0.11656353629905805
POMGNT1,0.11655742426295528
MARF1,0.1165287401888911
PDP2,0.1165031927456263
C18orf21,0.11639193377249397
KLHDC4,0.11635660056362537
CCDC92,0.11625921300532953
FLII,0.11613326395670787
RASA1,0.11605667324213326
LINC01978,0.11605403135099618
ZNF75A,0.11603284582983
RPL23A,0.11602494391524651
EIF5A2,0.11596537235003751
MYO5A,0.11595613827610135
PLRG1,0.11589484660654926
CCDC40,0.11585791938555322
POLR2J3,0.11585618497266228
PRMT3,0.1158432155020604
NAT9,0.11583016675499941
ALKBH2,0.11576358692407121
ZAP70,0.11572560617462556
PLOD2,0.11566839765440082
MICU2,0.11562024029550853
PSMD14-DT,0.11553211778339088
SLC35B3,0.11552589638250972
BORCS7,0.11541148262598246
MBTD1,0.11537034488156284
CMTR2,0.115360670743274
TOMM20,0.11533629469649705
ARFIP2,0.11529850255258736
SEMA4C,0.11520979327608956
NPM1,0.11520370209799904
ZNF629,0.11514229075905791
TEFM,0.11511576472250623
TSPAN6,0.11508917017196033
SCAPER,0.11507207466880354
SYNJ2BP,0.11505657212219904
PIP4K2C,0.11504121503660585
OSGIN2,0.11503775182784785
USPL1,0.11500669760541643
OCIAD1,0.11493555338209568
RBM3,0.11490249544624591
BCAM,0.11490030420519336
SCAF8,0.11476578299750247
RIN2,0.11475037826638841
TAL1,0.114732705771924
SLC41A2,0.11472790948202097
ZNF416,0.11469379294939985
LOXL4,0.11460429743626362
GID4,0.11458580726032108
MUS81,0.11457370652774979
EIF3J,0.11456110480244559
CD72,0.11455779738302774
DNAJA2,0.11452158439205685
KIAA0930,0.11449987055949802
NFKB2,0.11433700638764868
WDR37,0.1143262920555985
SNAI3-AS1,0.11427052034172888
ANKRD61,0.11426516489433955
UBA52,0.11425701636791454
COX5B,0.11423968653106574
PEX19,0.11423546900108723
SNHG19,0.11417268277953474
CELF2,0.11416260747600644
RPS15AP1,0.11410029002718969
CPLANE1,0.11406553344987623
KCNN4,0.11394251408961006
GATAD2B,0.11384201691264258
ATP13A3,0.11383579999058221
RUFY1,0.11382434326550331
ENDOD1,0.11377928384962083
HESX1,0.11377107059600666
LRCH3,0.11373865717756429
TRMT10B,0.11368031281274556
ZNF761,0.1136517458970761
FRYL,0.11360269947139318
CDS2,0.1135781388690417
LRRC71,0.11356293817374888
MRPS35,0.11356140141992559
KIRREL1,0.1134854054844736
ZNF888,0.11341853908880559
LRIT3,0.11340887668176958
HINFP,0.11340011245375291
AP2B1,0.11334660393730274
YTHDC1,0.11331410128197184
LRRFIP2,0.11331154043471654
TBC1D13,0.11329314520171345
FAM131A,0.11328475352585128
ZNF624,0.11327793824821944
CHMP5,0.11323147676379275
ITPRIPL2,0.11321168071843202
VWA3B,0.11314970740529315
ISYNA1,0.11312631729224733
PWWP2A,0.11311002366390896
RALBP1,0.11296207406771977
SLC35C1,0.1128948561039503
MX1,0.1127959698248173
MEGF8,0.11276117786961497
SLC25A25,0.11274173698922194
RYK,0.11271152924679612
FBXW11,0.11270496667306319
TMEM216,0.11268914427511656
KLC2,0.11267650506890475
LRRC49,0.11267647387670779
HSPA8P4,0.11266664559550933
TECTA,0.11263936681950713
CREBBP,0.1125951034818428
NES,0.11254330770262358
PPM1A,0.11253790710051331
PDPK1,0.11253254002657707
CASS4,0.11251436510847065
POLR3D,0.11244535361478064
SH3D19,0.1124221714216082
DNAJC2,0.11237161112435944
CALY,0.11228500423119218
CD2BP2-DT,0.11227962881307309
NFE2L3,0.11227942577347393
BEND7,0.11221214310598872
POLB,0.11220425539272538
TMCO4,0.1121814573707993
PTGES2,0.11216021790519425
ZNF736,0.11213826146237209
CXXC5,0.11213662393061666
MAF1,0.11206754505320124
MELTF,0.11195073361238031
FYTTD1,0.11192526566146763
TAP1,0.11189427376240615
TEKT4P2,0.11188846636324043
ZNF468,0.11182107543120007
SPRED1,0.11179438118256123
BFAR,0.111748051460269
KATNAL2,0.11174634515311462
COX19,0.11174559969926313
TASP1,0.11170857165591494
SNX12,0.11169595821806594
SCUBE3-AS1,0.11166083949905245
EPC1,0.11161554327181336
BLTP2,0.11154894806793864
DIS3,0.11147791044186388
PTPN9,0.11146406795722595
ST8SIA3,0.1113871983683468
PITPNA-AS1,0.11134098437196668
KCTD6,0.11121384026382983
EXTL3,0.11118043646151517
SLC25A51,0.11113703597428334
DPH3,0.11104947932282452
VASN,0.11104034006752717
CCDC102A,0.11100723599070217
SENP6,0.11093933777999629
ZSCAN25,0.11093255807976528
LMCD1-AS1,0.11089183549504084
ZNF548,0.11076440222714526
TTC1,0.11068144771512725
IAH1,0.1105519454561986
TRRAP,0.11053883579160034
ZNF480,0.11048971155933132
USP20,0.1104690979122424
LINC00632,0.11044896917032972
EVC,0.11036920882889906
MAPK11,0.11036153597221654
SCYL3,0.11030825365362254
MTHFSD,0.11029951405292353
FRA10AC1,0.11025748360263099
SCRN2,0.11024637471056332
PTCD2,0.11022799761390804
FAM193A,0.1102249715733899
ZNF318,0.11021647659856812
UBLCP1,0.11002158279483995
WASF3,0.10992038471283556
PMM2,0.10983931110475978
MRPS30,0.10983288441860571
VCL,0.10975335680228694
PAIP1,0.10975266432769987
PACS2,0.10974113377791708
MAP1A,0.10969673461305461
NEK9,0.10954989440892161
ZNF91,0.10940488034101133
RNF112,0.10932191387065088
UQCC3,0.10931993300855129
WDR36,0.10928903339731662
ZNF428,0.10915881192028946
GLMP,0.1090719651294333
TERF2,0.10904231767606193
ANKRD29,0.10903764428126775
ATE1,0.10900438515447908
RRAS2,0.10884414953283574
DDX31,0.10876165084538811
GNA13,0.10861261783703678
CDK5RAP3,0.10857570943006185
TMEM91,0.10839278244560555
MINDY3,0.10837844132770444
CKLF-CMTM1,0.10831262179881966
TIGD6,0.10830530621083603
SLC26A1,0.10829198450964357
UBQLN1,0.10825445153378613
GPR153,0.10822982165347701
ATRX,0.10818564550439955
RPS20,0.10817521503399814
FIP1L1,0.10817058175787574
TAS2R20,0.10814264422942413
RPS20P4,0.1080941910838524
DTWD1,0.10807617950818921
PLD2,0.1079916719937896
NCBP2,0.10798002767206956
SETD3,0.10795550370340139
YKT6,0.10795549996364825
HLX,0.10786800162040382
FAM182B,0.10780842919486466
PAQR9-AS1,0.10780470896861971
MBTPS1,0.10764524596421628
SDE2,0.10762477760962048
SMDT1,0.10755954079446248
ERGIC3,0.10754263597314381
SEC24D,0.10742228520274229
IRF5,0.10741920690892535
CDKL1,0.10726938455766516
AKAP10,0.10726047993672445
YES1,0.10721368119842573
RBM18,0.10712479933653826
MED28,0.10707835285533399
HOXB5,0.1070678600183074
YIF1A,0.10697018165268189
PKD1P6,0.10696452588655393
PCDHB4,0.10693138161756158
EEIG1,0.10679269700236983
GLUL,0.1067552697561846
SNHG25,0.10669909257102322
TOR1B,0.10667591974842684
CCDC65,0.10665439491313691
APOL2,0.1066371733117318
LRRC8D,0.1065973531880956
RNF8,0.1064493858988411
MED1,0.10636460178204035
IFITM3,0.10632604200829267
PNCK,0.10627369501672812
TDRKH,0.10619754858804314
LIN7B,0.1061096031929207
ZNF213,0.10597284401393815
ZKSCAN5,0.10592621796762372
IFT20,0.10582442896063397
MYCBPAP,0.10570791125336006
ERCC4,0.10566047147538214
ARL2BP,0.1056306264308814
RASSF4,0.10554698720649397
LINC02762,0.10552479316069725
GPBP1L1,0.10549613662992993
VPS9D1,0.1053771038074893
ATAD1,0.10532716680554575
AKT3,0.10530827770212887
NOMO3,0.10524410090437346
LENG9,0.10521668960392892
MRNIP,0.10513887286410646
STIM2-AS1,0.10510296318821327
DESI2,0.10508309189712658
SLC4A4,0.10502339072294448
GOSR1,0.10486073815540103
ARL4C,0.10484111258401566
ANKFN1,0.10473826319336917
TSKU,0.10472651855608676
MAP3K8,0.10470845883626759
KY,0.10469712746292842
NT5C2,0.1046661077118341
MUL1,0.10462733124654704
PPP2R2B,0.10460211008686389
ZNF717,0.1044595076969239
CYP21A1P,0.10443502155911079
CTTNBP2NL,0.10439759924154715
GRAMD4,0.10438082340451295
ARFGEF1,0.10433353571346501
DCAF11,0.10433082425028806
MED9,0.10426776931943124
SPIN2B,0.10426005893244684
MT-TC,0.10423498298026095
CDIPT,0.1041637294601001
TPM3P9,0.1041044210798813
CFAP410,0.10401515716296432
ZNF606,0.10400214903304493
FTCDNL1,0.10390599755815647
PSEN1,0.10386681679950446
ALDOC,0.10383514854615415
SLC5A9,0.103822630365593
ANTXR1,0.10361166280613499
GUK1,0.1036085875436283
RBM43,0.1035758007041289
LIMK1,0.10350733089997363
BACE1-AS,0.10348883551009824
SCFD1,0.10347020947531542
SMIM7,0.10335091177110389
ARIH2,0.1033506535462173
NFKBIA,0.10333010043687509
SH3BGRL3,0.10324391329670145
ZNF213-AS1,0.10320936970434508
PIGL,0.1032067413726922
MT-RNR1,0.10312868021839304
C8orf58,0.10309452077689645
SCN1A-AS1,0.10307160853281844
ALDOA,0.10289142139839295
TMEM147,0.10286604647326893
SMIM27,0.10286216301712353
PRKCQ,0.10285593359541596
LIN7C,0.10283876850037343
SERTAD1,0.10273110611146372
ZNF302,0.10268224097322728
LGALS8,0.10266443172439828
TAF1D,0.10253146426036956
PTCD1,0.1024840930286098
SURF1,0.10237737527419809
KIF3B,0.10234302414217868
TTC39C,0.10230949827874804
HPS3,0.10227185872464735
EFCAB11,0.10227026932029781
FAM86JP,0.10221715558478366
LSM10,0.10220141293538126
AFAP1,0.10212788093769747
COASY,0.10197285914322522
BAHD1,0.10191364111905428
TTC3,0.1018611681902674
CMTM3,0.10184039035028576
GFRA3,0.10175361774641027
SNX24,0.10156020844692515
C11orf54,0.10152581819607334
EOLA1,0.10151649388423424
SPRYD7,0.10151307089818123
FGFRL1,0.10148872979117717
SIKE1,0.10148054873330123
DCUN1D1,0.10141920590077373
TRAPPC3,0.10139947247197335
FMC1,0.10136120999210703
SH3RF1,0.1013092570082969
FAM66D,0.10125527157806638
GATB,0.10125217637914505
AMMECR1L,0.10121671362513865
TMEM170A,0.1011322230153924
MNT,0.10112591636469705
INTS4,0.10111817756918566
DMXL2,0.10111055348478186
GATAD1,0.10108151578210052
CHP1,0.1010074833829031
SNAP23,0.10100097257375933
STEEP1,0.10098414369332553
PWP1,0.10095933320915551
ELMO2,0.10092992661283522
HSP90AB3P,0.10091207470564895
N4BP2,0.10088127133985156
ZNF205,0.10081608339516883
USF2,0.10078333014028015
IFI27L2,0.10077042739158858
PDCD4,0.1005563020363666
BCAT2,0.10047249265876161
MTARC1,0.100435456287709
GCLC,0.10043276509187091
TCAIM,0.10039789685786836
GRB14,0.10015349294094325
PPP1R15B,0.1001400488399583
BECN1,0.10013784303802914
SDAD1,0.10012785669221459
USP35,0.10007222429436416
TRAF3,0.10007043103834429
GSPT2,0.1000229828997051
AHSA2P,0.09990546793051773
TNS2-AS1,0.09985305020920777
N4BP1,0.09981864672287658
MRTFB,0.09972711448128178
TOM1L2,0.09967324200985378
MFSD12,0.09956415464986598
DNPH1,0.0995170299025833
ZC3HAV1,0.09950941555535059
SMIM15-AS1,0.09950015886249142
MNX1,0.09948026535715394
MFSD1,0.09946828685899119
VPS35,0.09946636308950174
TMF1,0.09944802365520382
ARL14EP,0.09942898864376695
ACSF3,0.09941415672970871
CD24,0.09926011306123825
PHOSPHO2,0.09924714782513054
ITGA2,0.09924093651936879
GPR135,0.09919891337888037
NLE1,0.09918652148149237
HOXB8,0.09912580428644642
KLF6,0.09908496306479728
RNF216,0.0990630216670881
KLHDC10,0.0989863245474936
COL4A1,0.09895560854804507
HPS5,0.09893501817265034
ZNF432,0.0989162058429144
TOX4,0.09887691756035995
BORCS6,0.09882550030527666
XNDC1N,0.09875179833392865
DPYSL3,0.09873167506755857
RPL36AL,0.09869746366831388
BRMS1,0.09867024597990476
SHARPIN,0.09865047687906663
TGOLN2,0.09860140635067967
SMAGP,0.09857103206314272
ASB7,0.09855076839541461
CHCHD5,0.09850575952556093
RFX7,0.09844812602457348
NPNT,0.09840499416342095
MTUS1,0.09838581767830083
GCSH,0.09834672191261998
CCDC39,0.098342704611872
NUDT19-DT,0.09827743528345982
ATP6AP1,0.09822242361758142
KRCC1,0.09822212898626002
HHATL,0.09820157604469791
STAG3L2,0.09817702891373385
EHBP1,0.09817221334997703
IST1,0.09814045990866171
KGD4,0.0981013291497697
RAB41,0.0980573036675125
QKI,0.0980439905101212
GRIPAP1,0.09800727154457026
PPP1R1B,0.09799033046876941
VPS41,0.09798137809831438
GRIK5,0.09795252628373817
MFN1,0.09789272307383054
CEP170,0.09787925991612774
EPHA2-AS1,0.0978111262006763
ZFPM1,0.09777014387119827
FOXO3B,0.0976417712969794
SIDT2,0.09763768631691176
PLAA,0.09758854316463175
PRKCI,0.09752613692167077
SEMA6C,0.09751714398729715
PSME4,0.0974905036352303
ZNF622,0.09747139658742675
TPM1,0.09743777572557588
FADS1,0.09736921354986136
MYSM1,0.09730110216077806
AP3D1,0.09729738394154132
RPTOR,0.09725711516771336
TMEM141,0.09714857211155874
CSGALNACT2,0.09708937665425127
CAMSAP2,0.09696990337665018
SLU7,0.09687315376288026
COPB1,0.09686830154717804
HHIP-AS1,0.09676642761205193
RNF14,0.09676624849196949
OSBPL2,0.09675358666214487
D2HGDH,0.09665935988064737
ZNF649,0.09665644199619843
CCDC125,0.09657114591559018
PHC1,0.09647848860254012
ANKLE1,0.096467309933708
RETREG3,0.09645189485935252
TTYH1,0.09641166675494095
SLC25A26,0.09637326799010174
CCDC106,0.0963475247070926
THG1L,0.096336753136702
PLP2,0.0963366400471074
FBXO15,0.09632965033994759
KTN1,0.09627697041005955
PES1,0.09625713467081035
NOP16,0.09625152269474105
TSEN15,0.09622268885362224
DTNB,0.09613344434371653
C10orf88,0.09607770308341575
SEPTIN7P13,0.09604545086320435
ERBB2,0.09603511186414168
NAPB,0.09594938522351656
MTPAP,0.09593441616399892
PYCR2,0.09585429495706978
ARAP1,0.09582916162152819
CRNKL1,0.09572324107044723
RAB40C,0.09567314765444412
RTN3,0.09564262907891634
STK32C,0.09560480041465032
PEF1-AS1,0.09560356140809832
ARNT2,0.09556656594274428
CNIH1,0.09542284967132014
TEP1,0.09542144053592994
ZSWIM9,0.09536677517844191
ROGDI,0.09535051791250275
KBTBD7,0.09531623847607208
ILRUN,0.09523470278629592
SYNGR3,0.0951901906336489
MARCHF7,0.09515217381827219
FKBP8,0.09512706643793262
KIDINS220,0.09511330101033794
MOCS3,0.09511105033954881
ACTR8,0.09506239729975065
PIK3CA,0.0950340499907746
MAP3K5,0.09500119827890034
VCF1,0.09496469746125488
CLEC16A,0.09491834796802934
SYVN1,0.09490909189865436
PUS3,0.09485306496040169
ZNF146,0.0948305148662783
GSDMB,0.09480659991436954
SRSF12,0.094802360405915
SIAH2,0.09478711158147875
GTF2IRD1,0.09477393129277897
SPPL3,0.09473475866828804
MFSD8,0.0947273278297065
MRPS16,0.094675298238217
ADGRB3-DT,0.09466835921890808
SOX1-OT,0.09464266351315861
YME1L1,0.09459325551465807
SMURF1,0.09458659138849673
ZNF280D,0.09453818849202691
SSR2,0.09447835406202687
PPP1R3E,0.09446310577350081
RAB36,0.09443226829436589
PCDHGA9,0.09442821912628985
MTERF4,0.09435835102536368
TMEM69,0.09433642094122918
TRAPPC6A,0.09433200051666678
TOMM40P4,0.09431257804236542
MRTFA,0.09428950953609078
CCNJL,0.09428442857692566
ZFHX2,0.0941691914337253
NIPBL,0.09414895863386646
KRBA2,0.09411720956168405
RBM39,0.09410925793014417
RING1,0.09409319514598864
ATXN2L,0.09406554704282521
NDUFB5,0.09398822423723009
EPHA4,0.09390174266727928
TNRC6C,0.09385492382732805
HNRNPCP7,0.09384717000322569
FCSK,0.0938288553325115
EXOC8,0.09381341781737428
SYAP1,0.09377811254162878
CUL5,0.09370582242704584
PIPOX,0.09366825630839427
RNF20,0.0936451922133763
SV2A,0.09360757701821276
UBR5,0.09358369755119499
TBL1XR1,0.09357930977016116
SNX9,0.09350600351795589
NT5C3B,0.09343074407549243
AP1AR-DT,0.09337883973625194
CABIN1,0.09329011404117077
DIP2B,0.09318126405520992
SYNE4,0.09312392620745229
NPIPA1,0.09312119955715319
NDEL1,0.09309661880246074
CEP120,0.09301438761798134
KIAA1191,0.09294482487767446
TRIP12,0.09291937428252424
KBTBD3,0.0928616938287787
EGLN1,0.0928554105411905
ETHE1,0.0928398065668324
TOMM7,0.09282462517422678
SMS,0.09277048922581754
VRK3,0.09274184030393393
C17orf75,0.09273064634266381
OSTM1,0.09268066732404776
ACOT13,0.09256704544912947
PFDN4,0.09252147158693261
LIFR-AS1,0.09248302817642
JAG2,0.09246972532269244
NARF-IT1,0.09239502320853057
ALDH6A1,0.0923769198906251
TTC23-AS1,0.09229272556432519
STRIP1,0.09228250517155989
TRAM1L1,0.09225572050489585
NKIRAS2,0.09219318875509802
GTF2IRD1P1,0.09213746857021453
SNW1,0.09208276940239982
TM9SF3,0.0920187569920479
ZNF254,0.09192988690577175
RAB3GAP1,0.09190253265526514
VAPB,0.09178646630920696
MCM3AP,0.09178194566426497
RASA3,0.09177528034474781
VAMP5,0.09172349213948726
SENP5,0.09169183727050904
DDX3Y,0.09163650823313785
TRMO,0.09162503866865118
ADAMTS15,0.09153917303361296
TRIT1,0.09152780537578448
DUSP8,0.0914976680717204
STK33,0.09149630313686569
UBE2Q1,0.09149238370172255
MKRN2,0.09148219856557464
CIZ1,0.09144018051953384
ERVK9-11,0.09131226670662021
TMEM263,0.09129675688814017
POLR1D,0.09127400234468189
ZNF137P,0.09127392152894558
FKBP15,0.09117188246863352
PCDHB8,0.09115317009081465
RPRD1A,0.09112869301426499
NUPR2P1,0.09105767287930641
POPDC1,0.09105472540399444
UEVLD,0.09104879671109228
TOP3B,0.09100005564334544
SFT2D1,0.09093762160507789
EPHX2,0.09089730571147031
SLC26A4,0.0908572939422541
NUDT16-DT,0.09083410761136428
CD164,0.09083099023729445
TMEM140,0.09072496646212694
NDUFA13,0.09060408817826783
NDFIP2,0.09058336511937935
RAB22A,0.09052354521655717
DCTD,0.09048760875037225
CNTNAP1,0.09045403491886132
UTP14A,0.09044626416633363
MAU2,0.09040321113184326
PGLS-DT,0.09036186112997753
ZBTB44,0.09033421870937365
PPDPF,0.09017611140488833
CHMP4A,0.09016883463790941
CCNT2-AS1,0.09015945248054733
SHPRH,0.09012721570746098
NQO2,0.0900433952069646
ARMCX2,0.0899479745942174
VPS53,0.08980492073382483
SGF29,0.08979845584630998
UQCRB,0.08974619630370936
NBPF8,0.0896972938051141
ZBTB3,0.08969578131284378
CTSF,0.08969285005983484
CD47,0.08966681662069625
CNOT4,0.08966148746090927
CLCN6,0.0895028578446865
TSR3,0.08949621397102318
IFT70B,0.08943468745079092
SGMS1,0.08941568026070063
CCNDBP1,0.0894125272591899
SELENOS,0.08938848590922283
ERBIN,0.0893558238680213
SNRNP35,0.089280346596474
RYBP,0.08925887074804367
ATP6V0A1,0.08913383167209693
YIPF2,0.08899920444327199
NAP1L2,0.08895030060434
LEF1,0.08891235068086792
WDR88,0.08888516469608665
CCDC25,0.08886969353273917
DOCK10,0.08877290669436397
CTSZ,0.08849070906582092
SNIP1,0.08847529063186804
ITIH4,0.08838766993610474
SEC31A,0.08837631423682628
KDM5C,0.08835840442387978
PISD,0.08834585116278976
OXA1L,0.08831098585320038
PLCG1,0.08826947904835347
SGSM2,0.0882308241401937
RAB18,0.08817806760838988
CCDC6,0.08813159721125928
PRDM11,0.08806749652956233
SEC14L2,0.08805480500692374
GINM1,0.08801229624873759
RNFT1,0.08800196977702279
CPNE3,0.08796050090760615
SGPP1,0.08793703405215766
NACC2,0.0877667254794415
ABHD4,0.08769651128642031
KTI12,0.08768750970223133
SLC41A1,0.0875852550955459
ZNF609,0.08757630063772791
FAHD1,0.08755979874249024
ZKSCAN4,0.08750860963032221
RGS2,0.08750330619454466
SEC14L1,0.08747607496833212
H2AJ,0.08746141082591297
WASL,0.08743028970417571
RABEP1,0.08742013212326703
AMBRA1,0.08740737597851808
CPLX1,0.08740305723309626
TSPAN31,0.08737251788606154
ATXN7L3,0.08737017030534709
HOMER2,0.0873460816942114
ZNF226,0.08730372065891961
SEMA5A,0.0872821607493052
WDR93,0.08723620415165566
PSME2P1,0.08723245364202072
ZNF550,0.08720800977695946
SYS1,0.08713837677316975
NECAP1,0.08710372160697515
MOSMO,0.08708810069795142
AGTPBP1,0.08699140589971151
SNX2,0.08698823615570486
CNOT6L,0.08691051201789103
SP9,0.08690138446057956
SATL1,0.08685390138760819
RBSN,0.08685109767935609
ATF2,0.08684699786367957
TRMT112,0.08683075609531045
SLC43A2,0.08681446978791386
SEPTIN7P14,0.08675630057786862
MBD5,0.08662284887903575
STRN,0.08662052739440487
HPCAL1,0.08648374834744055
EFEMP2,0.08642056549504755
ZIC2,0.08639743907202876
ZSWIM6,0.08634218015627985
ADGRG1,0.08632987923295374
FOLH1,0.08632342902095973
SP6,0.08628084964851811
TMEM116,0.08627232962284981
PDS5A,0.08625349733037219
ERLEC1,0.08623641179003583
ZNF585A,0.08614357659425116
TIMM10B,0.08604490971488044
GAD1,0.0860410671647719
MED29,0.08603725999905391
IK,0.08601202822772064
PCNX4,0.08600839108915384
CAMSAP1,0.08599391998098214
SH3YL1,0.08596208028670346
MOB2,0.08586725555597761
POLR1A,0.08578594925614146
ZNF324B,0.08571593449579958
SEC11A,0.08565482226159579
INPPL1,0.08563372521659919
CREBL2,0.0855459851340608
BTBD10,0.08551425019404554
SH3GL1P1,0.08550903564632131
STX4,0.08550634662180415
HSPA4,0.0854272954076247
AP5S1,0.08541139489924056
CFAP61,0.08533639108166792
CDKN1B,0.08532884730066746
LINC00391,0.08523750135867716
FAM131B-AS2,0.08523426703326674
TFG,0.08519860722999953
ZNF84,0.08518015106810624
RBM45,0.08512807403141
SLC44A3,0.08510510096800666
LARGE1,0.08510218012548804
DDX19B,0.08508187727760372
MIR5587,0.08508097716605967
PRKD2,0.08497904653090461
UVSSA,0.0848947571671693
ADARB1,0.08487728324350358
FAM220A,0.08477941559293635
COG6,0.08474809190620936
C19orf53,0.0846789354643997
THORLNC,0.08465920956182436
GPATCH2,0.08462447045983292
RNASEH1-DT,0.08455191927494926
ABCC5,0.08452712568703451
NRDC,0.08451082771107743
MTERF2,0.08448755638515858
KIF28P,0.0844616824611553
SDHAF2,0.08438010729015209
RELA-DT,0.08436089682824753
GMPR2,0.08434173985095947
CFLAR,0.0843386630872861
TSC22D2,0.08429982741734418
SETD2,0.0842037081337963
CLSTN3,0.08419947008336211
ZSCAN21,0.08409666092952081
ADCY9,0.08409004573463065
ANKS6,0.08407467149903493
SLC25A25-AS1,0.08405375374638822
PJVK,0.08405111509883838
CT75,0.08404106149123107
KCNC1,0.08400421453429771
SBNO2,0.08386284867163445
CILK1,0.08382697260527718
SACS,0.08377885072062771
KDELR1,0.08377750197844304
THUMPD3,0.08373543408819294
CGNL1,0.083724416512932
NDUFAF2,0.08370713840084353
ADAR,0.0835010961728682
TIPRL,0.08348974195500024
MAPKAPK5-AS1,0.08348077819667152
OAZ1,0.08347716454908113
TLE2,0.0833805974326368
TP53I3,0.08329009012239301
ZNF700,0.08327276156520676
PELI1,0.08314382261861884
ZNF721,0.08313928656968272
LRRC37A16P,0.08313168362315276
PEPD,0.08309465889797782
PRELID3B,0.08309372672395039
METTL14,0.08306583109070248
CALD1,0.08304338785535921
ASXL2,0.08298976207681939
ZC3H13,0.08293061132960751
XPO6,0.08283482947208638
RPS20P33,0.08278759045905185
ZNHIT6,0.08269781241930507
KCTD21-AS1,0.08248689490527254
TRIM11,0.08243995518594167
OS9,0.08243249962377823
PTPRA,0.08241175250188001
PCDHB17P,0.08236536102327048
STARD4-AS1,0.08231649910224552
NISCH,0.08221384137366775
ZNF420,0.0822136677734505
FLOT2,0.08219610721787912
GNAO1,0.08216981202118696
TOB2,0.08211715195447042
NAXE,0.08205590696090294
RPS9P2,0.08203416291092933
LINC01003,0.08199909216008837
ZNF616,0.08199652543480171
KAT6A,0.08198399460654636
CCDC97,0.08197193975962053
AP5B1,0.08194979696008062
PTPN23,0.08192462887499845
ZNF771,0.08192041320098531
ENG,0.08190325103627333
LNC-WAL,0.08181460433510138
GNB4,0.0818024242484122
ZKSCAN7,0.0817757722928657
SLC35G2,0.08176333831455984
HIGD2A,0.08174857804781599
FEM1C,0.08160459820606532
HARBI1,0.08152373978881843
EMC7,0.08151505431119418
GATAD2A,0.08150860032891455
KRT10,0.08148075809712474
RSPH3,0.08140704715108778
GOLGA2,0.0813264392721517
HELZ,0.08132315029147485
TMEM64,0.08128479962981082
ZNF638,0.08106224626642941
ZNF507,0.08099036834702414
GTF2F2,0.08094386166289273
MGLL,0.0809360366934401
DENND1A,0.08090342007296178
RBM4,0.08084621975588967
SCRN1,0.08083829204300927
GABARAPL2,0.08079093987522375
MTNAP1,0.08078487787964136
DDX17,0.08077116072504704
TNFSF12,0.08074759501200271
RPL8,0.08073860875721926
PPIL4,0.0806988261479242
ZNF701,0.08065242197439426
EIF4HP1,0.08063527460499205
CHD8,0.0806272507105084
ALG11,0.08061746479675509
RAPGEF2,0.08056640292260428
DCAF5,0.08052874023245529
H1-0,0.08039977041859524
MAPK8IP3,0.08032016152238415
INO80D-AS1,0.08029345981094298
IP6K1,0.08010642672752483
H2BC26,0.08003966746888785
GOPC,0.08001440437214376
SMARCAL1,0.07994248874822145
GDPD3,0.07989099246194106
FAU,0.0798832482040647
SMG8,0.07987217766975423
MSH3,0.07985411258642525
JAK2,0.07983130036200782
RUFY2,0.07978248740627701
PSMB8-AS1,0.07973411331092305
TCIRG1,0.07970300518989248
LMBR1,0.07966208286562353
STX17,0.07965266768713089
PRRT3,0.07957034843583628
SSBP4,0.07955636647821385
KPNA4,0.07949115589082588
SLC5A3,0.07948429169413432
ZNF292,0.07944537154811845
MAL,0.07942317194905632
CGN,0.07935139085208695
NPM1P9,0.0793488186631975
RPS3AP6,0.0793449399770695
KRT18P34,0.07930285848994224
ARHGEF2-AS2,0.0792807701394911
CRIPT,0.07926595743511816
VPS52,0.07920483905266247
TRMT44,0.07920180695019016
DCAF8-DT,0.07913085212011771
SLC25A38,0.07901080293883893
IBA57-DT,0.0789948599984465
JMJD7-PLA2G4B,0.07896297090337426
ZNF830,0.0788003220172393
ATF6B,0.07879327738957705
USP42,0.07874925424733063
ZDHHC9,0.0785884053755434
RAC3,0.07858194075968425
H2BC6,0.07850558557345805
GPN2,0.07848024383033295
SNAPC5,0.07845780344764995
CEP68,0.07844103409691885
MALT1,0.07843913449500155
TMEM44-AS1,0.07840072281931049
DNAJC12,0.07827348429249159
NR2E1,0.07826008357070152
RBM28,0.07817884153639848
CHKA-DT,0.07815027582743674
GTF2F1,0.0781485431302626
HEMK2,0.07811647036879989
MYDGF,0.07802941625701373
DIDO1,0.07799701862633598
GDI1,0.07799424070972917
CCDC24,0.07796150060573918
PCDHGC3,0.07790402756836524
HOXA2,0.07788473099521434
PALD1,0.07786655577296948
MASP2,0.07785673512743282
PHF3,0.07778538547106384
MGAT2,0.07778518926604687
DCP1A,0.0777531071319092
PCDHB10,0.07772724187532733
C10orf95-AS1,0.07770948119904982
ANKRD42-DT,0.07768281415160237
MYBBP1A,0.07758185957380695
PAOX,0.07758084529964601
ZFR,0.07739503379481731
PMPCB,0.07736881529386287
GNAS,0.077320273986051
HSPG2,0.07729111113423381
TADA2B,0.07723437791894407
GVQW3,0.0771376284278859
GOLGA6L10,0.07711961225574132
PCMTD1-DT,0.07711298809133896
DOLK,0.07709903216474492
MED26,0.07704949692418057
CBLB,0.0770411626536419
ZNF790,0.07699840483255091
LIME1,0.07698772368258679
ZNF839,0.07688424521587513
ZFP90,0.0767989180000986
CRADD,0.07678675260782152
ARHGEF11,0.07676844633949002
GGPS1,0.07672619918464452
TNRC6B,0.07670098615983746
SNX29,0.07662574729377689
NAB2,0.0765477497901016
PRPH,0.07648689076775508
MAPKAPK2,0.07643763757517605
MAPK8IP2,0.07636945485583047
IPP,0.07628898557313696
NR2F6,0.07618622326977474
FLNC,0.0761772991607351
EEF1DP4,0.07617666935797902
PUS10,0.0761708238173002
LINC00506,0.07616628844473299
CD37,0.0761274263307308
SLC12A2-DT,0.07610116851572203
ATP1A3,0.07606160114183987
SLC25A4,0.07604415340353851
FADD,0.07602767708892491
CEND1,0.07590610114287549
CD81,0.07585811191832706
XPNPEP3,0.07584842846838469
FUT4,0.07572263671601806
KLHL41,0.07570563643814304
PPP1R12A,0.07569324980111966
GABARAP,0.0755502866652997
SMAP1,0.07554623681368675
UHMK1,0.07552856271612007
MAMLD1,0.07548165637174462
IQGAP1,0.07545681304025685
ITCH,0.07529885993701041
UPF2,0.07528832078957938
CCDC66,0.07522206093526268
TRAM2-AS1,0.07520347203327238
SDC3,0.07520087825951448
MTIF3,0.07515645072360641
C1QTNF1,0.0751351552133448
EDF1,0.07508328100666417
RIGI,0.0750112353957644
TRIM46,0.07499888469157867
SLC23A2,0.07492254809919571
JMJD6,0.07488305803866935
BCL2L1,0.07484861052419568
ABHD17AP6,0.0748481998844328
RPS2P5,0.07482394657958454
PATZ1,0.07481890292702988
TNRC6A,0.07478163332909346
ZNF394,0.07465836755933344
FBXO25,0.07464864880745929
SNORA14B,0.07464581712494953
RAB12,0.07463105922010227
NR3C1,0.07459850573491388
PDXDC1,0.07453757907931041
CLCN4,0.07450295500883326
GBA2,0.07448944158014788
TRMT10C,0.07446458203401712
ZNF18,0.07445995653293759
BPNT2,0.07443705667991833
PYROXD2,0.07429693363848067
ATRAID,0.07426624191540544
IRAK4,0.07424728417606168
CPNE2,0.07423157862875274
CAMTA2,0.07417103677639839
LRRFIP1P1,0.0741430299354152
EPM2AIP1,0.0741177815750942
SLC31A1,0.07400534993072042
ELP3,0.0739826411819149
PPP1R35-AS1,0.07397078642380701
CSNK1D,0.07393950220875063
OLFM2,0.07393240892915343
TMEM17,0.07384326782788751
CAPNS1,0.07376101101163557
FBXO42,0.0737363177873461
SYPL2,0.07370903703003744
RDH13,0.0736082238483998
STRN3,0.07359532081920851
NEDD9,0.07359309217427282
VSIG10,0.0735403223392384
DNAI7,0.0735256257169499
PCDHB14,0.07351452182303997
ZIC1,0.07349208013161374
ZDHHC4,0.07348629526209792
TCEAL1,0.07348290838833339
SPATS2,0.07345517817534289
PPP1R11,0.0733601523027303
FOXC1,0.07333920836548806
OXSM,0.07332704058009505
ADPRH,0.07331474452899485
ZNF426-DT,0.07323049548232463
ETV4,0.07320104579393899
SPAG7,0.07315095807809763
ARPC3,0.0731022404636767
UQCC4,0.07302573790887817
NOTCH3,0.07301674903628534
MXRA7,0.07300506468609816
POU2F1,0.07296144119917024
LINC01409,0.07292209249304947
LINC01719,0.07288303968889562
PDE3A,0.07281602861636645
MED12,0.07273203950126084
NDUFV3,0.072704393772053
RECK,0.07262573893294991
AKIP1,0.07260778362489918
FITM2,0.07250667390235455
HSPB1,0.07249888715744272
ZSCAN26,0.07240145857793787
YWHAZ,0.07239432362213087
EPC2,0.07238384942899273
EVX1,0.0723658730864722
LINC00324,0.0723337136481021
PPP2R5B,0.07231293094749607
TCEAL3,0.07230051785592824
EMC2,0.07229770478878103
PRPSAP1,0.07222381157838575
GTF2E2,0.07218116370517877
CDH6,0.07216453028191945
NAP1L1,0.0720903578216371
PNPO,0.07194472511345776
GTPBP4,0.07191714319663657
RRAGA,0.07190232894826076
PXN,0.07188984657586246
MAD2L1BP,0.07182857240216252
SUV39H2-DT,0.07171466045014974
MAN1B1,0.07168043137047146
MAPK3,0.07166741018493354
LINC01126,0.07164372573767516
VPS4B,0.0716298842124353
MICAL3,0.07157126132251883
INTS6,0.07147930238696372
RNF113A,0.07136023492401175
KCNH4,0.07135216563437592
RGP1,0.07123869600560304
TBX19,0.07123390774239254
PPM1N,0.07117755176460425
EEF1A1P11,0.07111715845112106
TMEM14C,0.07111298235397906
MIR130AHG,0.07109592150625388
IWS1,0.07099840118747698
XPC,0.07099521178731706
LRRC7,0.07095169986048595
NIPA1,0.07091186609713382
RANBP10,0.07090622503931056
TRAPPC10,0.07090310984398593
KCTD21,0.07081626926005821
UBALD1,0.07081114954431186
MT-ND4,0.07074169792363579
MVB12B,0.07072175628355529
DLX2,0.07071509227246103
ZNF410,0.07067560117723047
BTF3L4,0.07064844718468785
CHRM4,0.07058404979528533
DPP6,0.07037859306321015
ADAM8,0.0703117914777039
PXN-AS1,0.07028542465608546
DHX40,0.07028416860165104
CCSER2,0.07024700446279854
SH2B2,0.07024507619080345
SNHG20,0.07021313105140267
ZNF621,0.07021278574687133
RAB10,0.07018463275142983
GPR162,0.07001951871122408
SNRNP27,0.07001371940908532
FUBP3,0.07000734151585286
GRHPR,0.0699665701509539
GID8,0.06988177445425837
DNAJB12,0.06988063578693308
TPK1,0.06987460892350088
PLA2G4A,0.06987342722549045
DTX1,0.06982819684939859
TWNK,0.069740796669702
OSBPL5,0.06968600392513748
PHACTR1,0.06968351299136376
ARPC2,0.06963559608602664
TMEM106B,0.0695992273918929
SLC19A2,0.06955265243552604
CACFD1,0.06952262493536347
EXD2,0.0694803110946321
MTRF1,0.06938765478477989
DVL1,0.06937670663370146
IFT46,0.0692780151463823
QARS1,0.0692554507443979
SART3,0.06923716701341992
TFPT,0.06915731762164778
YEATS2-AS1,0.06910618192944852
RCE1,0.06910200409547786
ZKSCAN2,0.06908324459100097
PDCD2,0.06902951426630895
TEKT3,0.06894424053415457
BCL3,0.06893295533260374
SFXN3,0.0689123105694082
CHCHD4,0.06889372497052224
SNRK-AS1,0.0688928589991758
CWC15,0.06888160944860722
SNX19P3,0.0688650959694718
FAM168B,0.06883167062479045
RPL21P83,0.06882239805526262
RAB14,0.06881628904785865
PRDX6,0.06878501598362753
TTYH2,0.06878312251388606
STAT1,0.06877125953881748
RNF6,0.06869032832196062
AUH,0.06861628395301912
SBDS,0.06854264089850962
DUT-AS1,0.0685082181001654
SETD6,0.06849342706711628
RHOQP2,0.06847587835543276
TPMTP1,0.06841184466247874
PCGF2,0.0684022248762174
E2F5-DT,0.06839436267563218
RTF2,0.06838533871473255
RIOK1,0.06829328611808269
PAN3-AS1,0.0681876666797519
PEAK1,0.06818725051016498
RASGRF2,0.06817381477458752
DNMBP,0.06813652921183438
PMEPA1,0.06807808745946456
TLN1,0.06804532767334663
TRPC1,0.0679919864440224
COPG1,0.06794322583399001
AGTRAP,0.06793667591948362
SMIM10L1,0.06791137625108994
FAM91A1,0.06788559216708558
TMEM87A,0.0677648632256631
SH3RF3,0.06769684907247042
PAPOLG,0.06764700789122313
B3GAT1,0.06764613501908864
SF3B1,0.06756761646211125
ZNF189,0.06750093573429872
ZNF580,0.06742228005394764
NECAB3,0.06738449275714771
STRBP,0.06727211371923639
IFNAR1,0.0672157638222256
GOLGA7,0.06718689120609432
METAP1D,0.0670760053479047
CDK13-DT,0.06703522608607504
CDHR3,0.06701693159059478
ZNF525,0.06700733217013026
EPM2A,0.06700232323839043
SNX27,0.06687514531331244
KLHL18,0.0668207908297765
HOXC8,0.06681931238687769
JRKL,0.06681898710722427
BRF2,0.06679422081610654
ERC1,0.06677282127488186
KDM2A,0.06673137603457212
GSR,0.06664366458734791
CFAP298-TCP10L,0.06662561314138228
INPP5A,0.06661232645694232
BAZ2B,0.06659159129136198
VDAC1P8,0.06646345790414034
TRPS1,0.06640764974730662
CCDC169,0.06640285158230223
CCDC126,0.06637556573846481
RHOQ,0.0663025092975822
TCEANC,0.06627595842492379
ZC3H14,0.06620697056842867
ZNF404,0.06617170196645288
EXOC3,0.06616376916014868
ATG16L1,0.0661538312596942
MECP2,0.06614682876480432
CCZ1,0.0661326095203599
CGRRF1,0.0660847990358599
ASAH1,0.06602244901891043
ATXN7L1,0.06598157597272586
TBCC,0.0659684863479463
NSUN4,0.06594291749377576
ZNF510,0.06593788591282389
RARS2,0.06591591068932186
ACTR10,0.0658806484813623
SMG7,0.06587009784891432
USP46,0.06582975826911479
VIPAS39,0.06582243329904068
XPA,0.06576555706727953
SOX3,0.06574261938433038
LYSMD4,0.06569303374064338
AIMP1,0.06566998463264617
WASHC3,0.06566309321445349
WBP1LP2,0.06545674574012894
CCNT1,0.06540587038008662
SDHD,0.06538790879221029
CSPG4,0.06537309694962443
RPUSD4,0.06537137461000336
DDI2,0.0653502858885826
TOR1AIP1,0.06532852514197075
CNPPD1,0.06529848014568441
EIF3I,0.06529649980290897
ORAI1,0.06526764129541376
TMEM223,0.06526225121017834
CIC,0.0652559627787739
SEMA6D,0.06520783253770192
ANKMY2,0.06518428113055298
DARS1,0.06513568972215646
AHCYL1,0.06512941041360326
YTHDF3,0.06507932881792874
TCTN1,0.06507142055727533
ARFGAP1,0.06496469207117983
NAA35,0.06492892475285421
INTS10,0.06487070595959948
EEF1A1P19,0.06486420245800974
C6orf89,0.06475188791009948
GLCE,0.06471475397022027
LGALSL,0.06465289556265234
BCHE,0.06459624532918927
LRRC8A,0.06450336362044365
RPL26P30,0.06438799815590666
NDUFAF3,0.06436079221864492
TTC38,0.06435192863812611
CDC40,0.06434127607381025
SLC25A3,0.0642959810862639
MIR9-2HG,0.06428084131483575
ZNF484,0.06427203594765991
ZNF587B,0.06420449554893869
CTPS2,0.06418796487181855
U2SURP,0.06416653609264339
GHDC,0.06414520809750994
CTSB,0.06410713280410264
DNAJC3,0.06403828476950671
CRYBG1,0.06401730635345954
ZNF287,0.06397990029707827
VPS11-DT,0.06397437498214527
ACTR3-AS1,0.06395189296283146
ACYP2,0.06393087209552982
MYO1E,0.06385787083221567
LURAP1,0.0637941526009382
BBS4,0.06369655830254484
LINC02447,0.0636440372131479
GRSF1,0.06361567653868715
REEP1,0.06361303663226499
PCDHA5,0.06353102932646092
KDM4B,0.06350427387742995
NCR3LG1,0.06349340689446219
ZBTB24,0.06344640393362089
DBT,0.06340600902914387
APMAP,0.06336764015425748
PKIG,0.06325541955342594
ANKRD17,0.06323645636479484
TBC1D19,0.06316424766234167
POLR3A,0.06314450964541958
STAR,0.06313231515380557
RIMKLA,0.06295016471773934
SRF,0.06289687246461757
SH3GLB2,0.06288229305696827
IQCE,0.06287938854580499
HIF1AN,0.06283861573388239
MOCS1,0.06282364525693565
IKBKB,0.06279129013681677
ZMIZ1,0.06276967537342856
GDPGP1,0.0627177621962265
SRPX,0.06270893349254988
APIP,0.06270621389763108
NRAS,0.06267659070073332
MARCHF3,0.06263629070876577
TRIM52-AS1,0.06260933963524791
KCTD7,0.0625997185569319
ARHGAP4,0.06256111155292227
LRBA,0.062409990060564566
ARCN1,0.062394349700980914
GMPR,0.06239145964905209
RNF25,0.0622824677324174
XYLT1,0.06228109366326623
TMEM184C,0.062171999034211646
PTCH2,0.06216250485176897
MTND5P11,0.06215946196156826
KCTD1,0.06215757927358656
GMFG,0.06215222027071158
BTBD7,0.06213278305905428
ZNF506,0.06213184060343727
CASP9,0.06212425450121838
CCNL1,0.06209642103137668
USP47,0.06204763224620102
TLE5,0.06204470035637651
HM13,0.062024502492464384
HFE,0.06184760273683593
CBX7,0.0618475878431297
IQSEC2,0.06178262035400995
ETFDH,0.06168787962137093
PJA1,0.06162934320427796
PLS3,0.0616136856952761
ZNF211,0.06160479502930183
ZBTB48,0.06155083863678456
ARHGEF18,0.0615005176610026
DENND5A,0.06149267637765715
EIF5-DT,0.06128243746927135
PPP5D1P,0.061251060821337015
CLASP1,0.061235624984423684
KIFAP3,0.06118561717150097
SPHK1,0.06118236845237513
MED15,0.061120700365806246
HDLBP,0.061102900888050836
SLC4A7,0.06109201935630901
RXRB,0.06108540662190155
EFR3A,0.061062514454466275
NEMF,0.06104759803687432
TMEM187,0.061037451453282696
TGFBRAP1,0.060994868521683024
PPME1,0.060956135371957966
NEK7,0.06088978035383452
ZDHHC5,0.060857216122772416
TCTA,0.06083174036480951
LIX1L,0.06082015359882538
DIABLO,0.06074044984736929
WIPF2,0.060714216785957245
POLG2,0.0605386046177945
DRAP1,0.06045821951502713
AFG1L,0.06045294918721349
LTV1,0.06042479630152907
HSDL2-AS1,0.060414513668285694
SPMIP4,0.06041237563971855
CPD,0.06037441928300748
SLMAP,0.06036139376315148
MCRIP2,0.06025679566044587
KLHL20,0.06022371274857521
ZSWIM8,0.060197656174011085
RAP2C,0.060151821123996446
PPP1R3F,0.06009529170041402
CSGALNACT1,0.06007763811687311
RPSAP70,0.06007588447188571
TM9SF4,0.06004076335610951
FN1,0.06003814938989732
PCIF1,0.0600265716156623
SPAG16,0.060021730832176885
APH1A,0.06001746423031727
RPL23AP97,0.0600165192295164
NEXN,0.059999608837892654
UBFD1,0.05996097713788646
JAGN1,0.05994651696789402
PBX2,0.0599327939660776
SOS1,0.05987892814498096
ZNF652,0.05983736648658323
YWHAG,0.05972805264551663
CFP,0.05971876167876035
CD302,0.059693635959959836
POLN,0.0596738092090718
LIMA1,0.05959322883278752
ZNF20,0.05958584490599352
GPSM1,0.0595138863091272
BCAR1,0.05945657033628267
MPLKIP,0.05936976770897653
LINC01505,0.05913137379298991
DENND6B,0.05911048053296831
POLR1HASP,0.05910109961581663
WWC1,0.05908498462437378
TUT4,0.05906339057536901
RHEB,0.059055399427072205
CCDC7,0.05895965466489427
ZNF513,0.058919560894384354
CDIP1,0.05886868149000837
FAM200B,0.05886547317161089
CPNE7,0.05876275091445254
AVEN,0.058723360117806184
MOB1B,0.058658215701892724
NAA25,0.05860581234573131
PHF21B,0.058592485047148146
DYNC1LI2,0.05856211709121699
PIGO,0.05852700427101356
TRIM33,0.05848517295949236
MATR3,0.05842330400559346
ZNF143,0.05838938901258883
LSM14A,0.058361077913879976
ACVR2A,0.058297069833866184
MRPS5,0.058260093297385095
MON1B,0.05819660903935649
RHBDL1,0.05819607502715115
ZNF227,0.05818990897735396
LENG8,0.058134260404462595
KARS1,0.05808746158066056
GTF3C4,0.05800888145276992
OLMALINC,0.057965350413642786
C1orf50,0.0579190970273845
TBC1D10C,0.057805480514897103
PRMT2,0.057788346351095296
PPP3CC,0.05777639202207819
ZYG11B,0.05775400477684226
SUN2,0.05771279511175604
M6PR,0.05769491510695967
TBX1,0.05766960877509801
CDK18,0.05763442795249013
CHAD,0.057613041474790044
COL4A5,0.05761166772628392
BTAF1,0.05760742896667774
USP22,0.05759677400646538
METTL22,0.0575489505448513
GIT2,0.05744760699984693
SLC25A37,0.05743512471172182
DNAJC25,0.05742365100911543
PHF8,0.057369761973401975
PINK1,0.05734461572169855
CIAPIN1,0.05725415542412461
RPRD2,0.05724669166078185
RAB4B,0.057240890882614345
SKI,0.05719540082554784
AKTIP,0.05717616291266662
TMEM219,0.057141791352070925
HSP90AB1,0.05710124172652091
NFS1,0.05700672336942878
PMFBP1,0.05698679799776783
MIR4733HG,0.056965418776982
UBAC2,0.056933615924112176
ZNF549,0.05691383836680983
PCMTD2,0.05686345576631755
SSB,0.0568588181581797
CDK12,0.056857850165143886
CASP3,0.05683471154354104
CHRNA10,0.056762682366857366
SCG3,0.056733507529236685
DNAJC27,0.05655350712441804
ARRDC2,0.056548872460457235
CCDC71,0.056525210791806266
CD58,0.05652352057537864
KAT6B,0.05644692681272834
MIF,0.0563552255063455
MAPKBP1,0.05631207293947418
ADH5,0.05630865915063292
MLX,0.05620991633453154
TTC27,0.0561966543277184
POGLUT1,0.05618996561803153
MT-CO2,0.0561721892894418
ASPSCR1,0.056127924650631475
UBE2R2,0.05600450186193066
TMEM250,0.05593219172514787
SPARC,0.05592752483982398
CAMK1,0.05583562582689874
MIR4453HG,0.055815566257379254
GPALPP1,0.05579602241266424
KAT2A,0.05575391056945995
NR6A1,0.055751425984229185
CAP1P1,0.05573092528511777
ATP6V0E2-AS1,0.05569045442985858
KIFC3,0.05558274700467015
ZC3H3,0.055566730319687695
RIC1,0.05555002004430578
TMEM254,0.05553988028884338
ST3GAL3,0.05546170229969557
MLLT6,0.05546083038156968
NBPF10,0.05542348229198032
MRPS17,0.05533085839421296
ZNF575,0.05531500091026088
PML,0.05529135887710492
IFT52,0.055247260539795416
PPP2R5C,0.05521571039015305
PIP5K1C,0.055192721789667325
TNC,0.05509760801462783
BTD,0.05509230396416271
ZNF821,0.05508320998711297
BIRC2,0.05507967040201425
HACL1,0.05505655439034944
CAD,0.05501628556937473
POLD4,0.05492870026570043
DTNBP1,0.05492813165315472
IFT172,0.05489540287552495
ZNF426,0.05488714441030725
SELENOO-AS1,0.054883115508017034
GAREM1,0.05487667127521475
SF3B6,0.05487081073774857
STRAP,0.05482597780664421
MGAT1,0.05481209399762756
STK4,0.05469063572745439
UBE2D3,0.054690009767390364
MAPK12,0.05464159235668454
RCHY1,0.05456714146433964
ZNF407,0.054391710162688026
LONRF3,0.05437879611908364
TTBK1,0.05435956883554059
SSR4P1,0.0543522533290342
HNRNPA1,0.054188279834426485
AGPAT3,0.05417520524489462
ALG9,0.0541564813192537
JOSD2,0.054143238061247614
MAN1A2,0.05407742080269271
ZNF587,0.0540561895243923
RIOK2,0.05404911620802882
MARCHF2,0.05402288552894869
PTDSS2,0.05400697453777161
TTC5,0.05399914170830458
PPM1F,0.05395750036682527
NCS1,0.05393504621821133
ZXDB,0.05389150214633301
NELFCD,0.053861171036913125
RAB11FIP3,0.053846217023515615
PDLIM3,0.05383972093117204
SLC27A4,0.05381524056342199
PAGR1,0.053787025697669875
RUSF1,0.05378282881587663
ZDHHC3,0.05374867224344569
ADO,0.05367384295424596
SETDB2,0.053661001781546994
MYEF2,0.053578549343513145
ZNF212,0.05356899263842689
PCSK6,0.05348998373514057
NECTIN2,0.05346814316325602
MTDH,0.053376232915739764
ANKFY1,0.053360996880537914
HOXC13,0.053323284877220614
RNF19B,0.05330320825952145
PFDN2,0.053241898326545495
TBXA2R,0.05323559544388953
PMS2P1,0.053219689904975116
AXL,0.053206797721035516
MTA1-DT,0.0531707816292513
WAC,0.05313497034457092
KIAA0319L,0.053029434504326615
ACTR6,0.05299978904984212
RBBP5,0.052997043389613134
WDR55,0.05293476702211705
RESF1,0.052924176964432766
YTHDF3-DT,0.05289711614577447
SPECC1-DT,0.05285954914510426
STOML1,0.052682584936701124
VPS4A,0.05266601604528346
FMNL2,0.05264748749614321
CD63-AS1,0.05263686309379557
ZFY,0.05263633051616406
C16orf96,0.05258609090666953
SRP54,0.05257659778079637
ZNF398,0.052449128459701434
POLR3E,0.052400069592263614
EXTL3-AS1,0.052376927461260915
SON,0.05235276046463
ABT1,0.05235265946782054
CITED4,0.052303446799499116
C18orf32,0.052240125414850076
PURA,0.05223009388122449
ARHGAP39,0.0522020287647954
ASL,0.0521963451484772
ITGA7,0.05217825775614776
PIGH,0.052084914067370834
VEZT,0.05208464463709053
FAM13B,0.0520740995066147
ZNF613,0.052035018488873916
RTL8A,0.052027406130143845
TBC1D5,0.052012897600722606
HSF1,0.05192766986181807
TMEM183A,0.05192056329884639
NOD1,0.05187240230901112
TMEM50A,0.051870950188788345
IPO7,0.05181165845851975
SEC23B,0.05178804208751635
PNPLA2,0.05177516018622473
KATNA1,0.05176835431716417
NME3,0.05176547320908426
FAM107B,0.05175616712850664
OCRL,0.05174638978747119
DCUN1D3,0.05173348536884364
USP3,0.05171453210493015
SMAD3,0.051698836363430194
XPR1,0.05166858132771693
FAM118B,0.05162481102305482
DEF8,0.0515661723360633
SLAIN2,0.0515493516197029
ZFTA,0.05145215409605052
PTPN1,0.05141313668869857
ACBD6,0.0513810847094166
BAG6,0.05127404485803772
METTL6,0.05125980297701045
SUPT6H,0.051253247716941126
TLE1P1,0.05123601403488418
NOMO1,0.051214398396640194
PIGZ,0.05121431220653574
CHD9,0.05120533762948739
PAQR5,0.051196440210638794
NARF,0.05116542919391748
MRPL30,0.05114372102385579
AXIN2,0.05108733854975551
SMAD2,0.051059533935536604
VPS35L,0.051000004033759566
TTC7A,0.050952688667454116
LINC01182,0.050943518113331816
KLF16,0.05085202322903851
WDR70,0.05083195584862212
POLDIP3,0.050809550844555816
MAMDC2,0.05078988054173748
SLC29A4,0.05078540734587966
TUSC2,0.050785169657711904
PPP4R3B,0.05075303775351016
ICE2,0.050712015498230976
CIMIP5,0.050648176899009884
NR2C2,0.050591043841459946
TTC19,0.050583215036698534
NPHP3,0.05055696129779884
SNHG3,0.05055265694461373
AZI2,0.050509467008890654
THAP2,0.05048767442277698
COIL,0.05037441010169842
STX18,0.05027934305768737
C19orf44,0.05026831007099011
VKORC1L1,0.050254251839690366
SNHG14,0.05017950460253943
UBN1,0.05015304364457101
TDRD7,0.05013043383876981
MEAF6,0.05011941746321516
TMED3,0.0500448066248254
ANOS2P,0.050039535300641036
RUNX1T1,0.05000876725471718
MAP2,0.04997955501364391
NPR1,0.04994947792324098
UBE2L6,0.04990637349723507
VPS28,0.04990052360867872
AP4E1,0.049840823962136384
GRTP1,0.04982563647264131
CCDC43,0.049775672684232206
DRG2,0.049766814303082184
MRPS33,0.04974744136613261
NRBP1,0.049735776823538774
RPL27,0.04971763643839825
IDH3A,0.04968339846909612
LRRC9,0.049620672045391064
SPDYA,0.04957824376984636
CWC25,0.04956816143886139
MTX2,0.049545887409642636
CDC14B,0.049544719494223545
STXBP5,0.04942923375537526
UFSP2,0.04934814255563157
DCAF6,0.04930942921668278
FGFR1OP2,0.049300901922301354
CWF19L2,0.049294448412006885
APTX,0.04928931627027163
TRPM3,0.04923800385578542
TBC1D23,0.04915301906472387
PDCD6-DT,0.04896442271158853
ADH6,0.04887610571701835
MPPE1,0.04887292035490568
ZEB1-AS1,0.04881893043759977
MOV10,0.04877538978390054
PLCB1,0.04875320540909723
LINC00629,0.04870083353386146
RSBN1,0.048642770352648745
SNAPC2,0.048635102621407626
FAM135A,0.048619591703411666
TCF20,0.04860547631951313
THOC5,0.04857681722294726
SELENOM,0.048548070970197824
DUSP11,0.0485416291159064
SLC25A18,0.04850750479280574
RPUSD2,0.048434659866556144
PCDHB2,0.048396744692168495
MMP11,0.048345525643323714
PLPP7,0.04833532887733065
IGFBP7,0.048295005123688166
ENTPD7,0.04828285062839426
MTA1,0.04826846387217784
NUCB2,0.04819734521255426
BCL9,0.04819630165176357
ZNF630,0.04818668004360339
TSPAN17,0.04813058274963483
RPL4P5,0.048110557864370115
ZNF260,0.04807240709231189
ATIC,0.04806530441209559
SLC25A15,0.04804233205267727
TST,0.048029544354746184
WIPI2,0.048024126090446505
TYW1,0.048011823560211185
STRA6,0.047985794729803875
UBE3A,0.04793178467624589
DNAJB6,0.04791877340023876
SEMA4B,0.047902355113984364
MSX1,0.04789490676820287
MFSD9,0.04788754537925187
UBE2Q2,0.047862954743093204
IQCB1,0.0478287961252565
KLHL11,0.04780379089344406
MRPL43,0.047777919375372985
PEX6,0.047678106862131545
TUT1,0.04766908834835115
PAH,0.047616278645274644
VAT1L,0.04748031636350338
ZNF614,0.047457237032855704
GOLGA1,0.04741977987140416
XYLT2,0.047397299414742314
TMEM33,0.047375376718985576
SPRED2,0.04735850396504257
ATG4B,0.04734060283428398
MDM4,0.04729101509583795
NKAPD1,0.04723315970079783
SMN1,0.0471528571551853
UBA5,0.047120215292964424
FAM200A,0.047065171215541914
MTX3,0.047036577717585626
CREB3L2,0.046995694945365096
SPRY2,0.04690894684454506
MAP2K2,0.04690659913439937
EIF2D,0.04684816173387932
ZBED5-AS1,0.04684327426419933
ZNF3,0.046838081127250145
VDAC2,0.04682330510314346
COG1,0.04682308062999674
PERP,0.046752991240660284
MCL1,0.046732575221265914
BLACAT1,0.04665695777650864
RAB5B,0.04664246332192349
FAT1,0.04661825830985609
MAST2,0.046591224897525096
YJU2,0.046565786924723566
ZC3H7B,0.046482877097237786
ERCC6L2,0.04647856193651942
GDPD1,0.04645249301979366
CNNM2,0.04640823247245989
MACROD1,0.04639323921126004
MIGA1,0.046360661281815714
SRSF5,0.04632689529481616
ATF7,0.04631474528365305
RIPK2,0.046314008672581085
ERV3-1,0.04626333605581328
SERPINF1,0.046194698681752785
EFL1P1,0.04616119041508478
ARL6IP5,0.04614970317034137
NECAB1,0.046112825791581304
PPP1R9B,0.04610662480168833
HNRNPA3P9,0.04610472734450607
RXYLT1,0.0460966201295423
INPP5F,0.046021792967256316
TBCB,0.046018484383551814
CCAR1,0.04594587424052082
CNOT11,0.045940491283755075
HGS,0.04592407466337216
VTI1B,0.04589311458927409
WASH4P,0.04588825358514552
ZNF347,0.045857636468535815
MIR3677,0.04577248691944713
LSG1,0.0457623815590649
PCAT1,0.045639172072347634
PPA2,0.045638604542065475
NTPCR,0.04560364233743773
VAPA,0.04558945226711103
ZNF883,0.045524182012726636
STAT5B,0.045508935290581316
CSNK1E,0.045505614185161844
DLG5,0.045503829316458314
SNTB1-AS1,0.04547301125037504
SLC38A9,0.045452055744642235
DESI1,0.04537663616584781
RFESD,0.045234972435695076
RPS6KB2,0.04520459165318269
PALM2AKAP2,0.04513994146829659
TMEM258,0.045113806017770854
ELF1,0.04508358160564892
CHD3,0.04506310504022763
GTF2H5,0.045046803610979354
ZNF618,0.045012402708893305
CCDC180,0.044970684304873686
PHF20,0.044914881850577376
APEX1,0.044827928959370274
FCGRT,0.04476643895366921
CEP85L,0.04472055152031461
ELOC,0.04453823979839474
NME7,0.04450815815852265
DCPS,0.044162205954113985
OPA3,0.04409731023941545
GOSR2,0.04405876416969315
PARL,0.044043844230484734
HERPUD2-AS1,0.04401564257133762
PAFAH1B1,0.04400556956742106
SPATA2,0.044000193024886454
CROCCP3,0.0439952905301777
CENPBD2P,0.043980607435041855
PELO,0.04389509015475312
PTGIS,0.043893620248470835
AGA,0.043884693014496316
HOXC11,0.043862508700043
CACNG8,0.043853450733417905
SNHG16,0.04379431146130517
PPP1R37,0.043661860724445875
TLK1,0.043657336103777374
NRCAM,0.04365382820273998
PAX3,0.04364147271081551
B4GALT4,0.043641432310984114
PSME2P2,0.04354200547000707
GCFC2,0.043532244016767724
C15orf62,0.04346108286114164
MOCS2-DT,0.043404745946414
PTTG1IP,0.043378210968342934
TNKS2,0.04330504297948271
ZNF418,0.04327755123340526
METTL8,0.04327455993646934
PIP5K1A,0.043238058652756074
EIF4ENIF1,0.043209349457913306
OSTF1,0.0431959655581692
PTPN21,0.04315884634510795
PITX1-AS1,0.04313924141438363
CAPG,0.043069817097728946
RAP1GDS1,0.04304152102516109
ADGRG2,0.043027979550817504
ZNF16,0.042886493104507255
PTBP3,0.042848608256520086
FOXO1,0.04282966807293252
ZBTB11,0.04282616353504961
ZNF667,0.042820603576117375
ATG14,0.042791411265053175
RABGAP1,0.042756964308324256
SLC2A1-DT,0.04274026418642048
PFDN5,0.04273901064305985
HNRNPKP4,0.04273032617872554
GRID1,0.04271115705663254
SLC25A46,0.042698442200114844
RP9,0.042631370633961684
TRIAP1,0.04255139485143251
ZNHIT3,0.042542987239866346
ZNF8,0.04250373306263062
MARS2,0.0424559982481158
FBXO31,0.042414930511168854
GBA1,0.042395557823453556
KAT5,0.04237148749344004
KLHL9,0.042349919423429756
LACTB2,0.04230261977674051
ADGRB1,0.042293674652987216
TMEM126B,0.04227131528399179
PCM1,0.04201033435815088
ZNF665,0.042000801742011866
TKFC,0.04193640000412445
DHX8,0.04192686532194191
ANP32B,0.041872792377738395
UBE2O,0.04175924642933056
HEATR5B,0.0417021426260455
PPIL3,0.04169341324396438
WDR43,0.041682499278946405
BLCAP,0.041654718730492174
C1GALT1C1,0.041620345844608185
ZNF197,0.04161971583976459
LINC00471,0.04158159578666243
TLE4,0.04157257099036298
TEX2,0.041555225143338224
SNRNP200,0.041553115582760064
ATP13A2,0.041551577092711636
MADD,0.0413761856625772
ZBTB34,0.04132564926886903
LPGAT1,0.041306508366247024
HOXA11,0.041204294389104314
SPTLC2,0.04108203308506689
AREL1,0.041074788768640846
CYB561D1,0.041067547842380564
TMEM185A,0.041043514062850964
MRPL20-AS1,0.04103497499607191
EI24,0.040998329468229136
CCDC47,0.04098538364553442
PNMA8A,0.04092704982468383
ADCY7,0.04089509224177525
LEAP2,0.040880350805146536
BAALC-AS2,0.040873598580084464
C8orf82,0.040867684628925656
THOC2,0.040858300118623736
DGLUCY,0.04080320358192724
CLTC,0.04073116126143598
RIOX1,0.04067406570978806
MMS19,0.04066942271725406
APPBP2-DT,0.04061214246972666
TRABD,0.04058984638405534
TFB2M,0.04056609163348146
OSCP1,0.04044746287662933
AJUBA-DT,0.04043590284144033
PTPRS,0.0404356815569946
AGFG1,0.040433524686492944
KIF7,0.040433473712432555
OSBP,0.04040271144299913
KPNA6,0.04039955155541047
SUCO,0.04037333289974079
CD46,0.04024057950296346
PPP1R3D,0.040202949049487374
FUT2,0.040198236806804045
WDR3,0.04016146373174932
FAM210A,0.040136845614286515
MCM3AP-AS1,0.04010113615865682
DNAJC13,0.040044426730390076
CILP,0.040004556732014654
CINP,0.04000330888570203
HPS6,0.03997498820394022
RPL7AP50,0.03996241210023064
CREB1,0.039930935325713034
LDB1,0.0399303435853608
ERCC8,0.03986390699633553
GMPPA,0.039801834287463624
SNX15,0.03974605557935817
TBCA,0.03973764872288064
RPS6KA3,0.039676561223365686
STRN4,0.03967546806830472
DPP9-AS1,0.03957795916815441
EFCAB14,0.03953017262900613
TRMT5,0.03947090273496349
ARFRP1,0.03946159306029509
GPM6B,0.0394586780592042
GPX1,0.03943865987678398
STRADB,0.0394185940119343
ZNF764,0.039390006793893324
NBPF1,0.0393683987602302
ZC3H8,0.03931461813156286
CERS2,0.03923211974430193
GYG1,0.0392143489423469
SNRK,0.03916258179464901
RPS2,0.03911627799710703
RGL2,0.03907193561925935
TFCP2,0.03906520366617726
MT-ND4L,0.0390603712429892
PRKAG2-AS1,0.03905614190319704
MTERF1,0.03905188975289391
TRIM2,0.03900388215288369
LRP5,0.03897887899445189
FAM114A2,0.038918429761033074
ENTR1,0.03882972343843279
NHERF2,0.038812066338575174
NHEJ1,0.0388002768666454
GGNBP2,0.03878704167791692
PI4KAP2,0.03877663394663749
CDC34,0.0387009532647367
PRR13,0.038617717487514996
ZNF296,0.03861378475027144
ZNF32,0.038574028117326124
LINC00674,0.03854670934295619
CCZ1B,0.03853962393415996
EXOSC6,0.03851578749078234
NAIF1,0.03844220286496554
CNBD2,0.03843552844680221
ZNF786,0.0384210226359394
CLK3,0.03834901487915156
LINC00869,0.038340686187987506
PUS7L,0.03830816235789466
MIR497HG,0.038275131307910194
ZKSCAN3,0.038245335863735484
TEAD1,0.03821342265456526
HPCAL4,0.03821175351617661
DRG1,0.03819566455995736
TUBB2A,0.038167775328098695
HPS4,0.03816426737286702
PRKCD,0.03811925705644586
EMC1,0.038027844337471944
ORMDL1,0.03800602633803252
LINC01355,0.0379940988335223
NUDT12,0.037994073407641674
NECAP2,0.03796610640981893
CAPRIN1,0.03795031155297544
TMEM198,0.03791182355625017
C9orf78,0.03779766895298299
RHOBTB3,0.037750569168770384
HSD11B1L,0.03772854543533488
MVB12A,0.037671832348416784
DLK2,0.03750325928285384
CCDC59,0.03748963581992776
FAM78A,0.03742693009747208
TMED8,0.03742610405723681
JOSD1,0.0374233420347125
GSTK1,0.037293128889943745
ARAP2,0.037255258452142725
AGL,0.03724761942788286
KDM5D,0.037247163461129024
SLC4A1AP,0.037158211106431846
PNMA1,0.037039876457371515
ERCC2,0.03701865260090802
ZNF667-AS1,0.03699659353872934
SDHAF4,0.03688274878593741
ZNF256,0.03687559204633046
LMAN1,0.03683711175867157
VPS37C,0.03682143000562282
TMED2,0.03679194480512217
RBM7,0.036752681488303046
POLR1B,0.036721623315285605
CSNK1G1,0.03669330890947455
ARMC9,0.03667261649205764
WDR91,0.036637894109387246
ATP6V0D1-DT,0.03648842573447489
ASB1,0.03646746238506515
NAPA,0.036429970106504166
ROCK2,0.03639831573046153
IGFBP6,0.036353794929126756
ZFP91,0.036317480910069436
YIPF6,0.036313939234868184
DNAH6,0.03625895871240754
GOLPH3,0.036251215148826454
ACO2,0.03605971995852912
NKRF,0.03596641241314211
ETV6,0.035942886903400244
DNM1P51,0.035940938377856405
NNT-AS1,0.03590854521223496
VPS50,0.03583218558341232
WASH8P,0.03582764275974425
PCCB,0.03582444281702058
ZNF131,0.03570617210566752
F3,0.03567252385161133
TMEM94,0.0356264450184974
TMEM234,0.03550811734231248
P4HTM,0.03545446689480662
BROX,0.035449503602227816
TXNDC12,0.03540247425970593
EEF1AKMT1,0.03535585815803698
NLN,0.03535500665767517
ACSBG2,0.03533576859736202
OTUD5,0.035330980222228914
ZNF397,0.03525361270937389
LINC00630,0.035242019303265794
FSTL3,0.03524015850966634
PRKAR2A,0.03516921578342059
CECR2,0.035111781871985534
ATP5MC2,0.03505252564114636
ABCC8,0.035001988185030766
TMEM128,0.034995239831153296
DNAAF3,0.0349910940586973
FAM156A,0.034975390100000885
PRMT8,0.03491551302538242
TMEM9,0.03486131754659905
PUM1,0.03485791414217479
INAFM2,0.034808216755008906
CERT1,0.03479753125800783
RRM2B,0.03472810376809267
TECPR2,0.03469458319465448
TIMP2,0.03462668178318351
ELOVL2-AS1,0.034620857655336325
PPIE,0.03458816994417869
R3HCC1,0.03458329494103529
KLHL17,0.034541858163071266
LPIN1,0.03453810011280354
RBM26,0.034514812854335435
CLP1,0.034508245153977116
PCDHGA8,0.03448927507647215
LRP4,0.034488245648335546
PKNOX2,0.034408694174487636
DERL1,0.03433457498435108
CASKIN2,0.03424429704343002
CCDC186,0.0342207158341662
AHCYL2,0.034178245850766995
NEDD4,0.034150392889556284
TAF2,0.03408687817856622
KRR1,0.03406281802036726
PIAS2,0.034020126059041984
TRIM72,0.034011186087036634
NIPSNAP1,0.033947042292872355
B2M,0.03392898411548894
DIAPH2,0.03391180150416283
HAND2-AS1,0.033825322458988775
DCAF17,0.033742273051096054
PCDHA2,0.03370180304220777
STIM1,0.03369463601224411
TCEAL9,0.03369243006407212
MYLK-AS1,0.03365901977065946
C1orf21-DT,0.0335985212142929
ZC3HAV1L,0.03358017671628233
RMDN1,0.03342633963013422
YWHAB,0.03337109673814123
MYLK,0.03334498163225303
LINC01271,0.03333608449064178
APOL4,0.03329729875489981
PDLIM2,0.03325166644369284
PPP3CA,0.03325114700139649
TSSK3,0.03324514958658747
ENTPD4,0.03322940182485978
HIP1,0.03320266076492103
HSPA2,0.03312985176355691
IBA57,0.03311449800103691
VAMP4,0.033080212375401714
ARF1,0.03307526585026967
RLBP1,0.03305792811022044
MCF2L-AS1,0.03297433124750685
RBM12B,0.03287974431470328
GYG2,0.032823675761498035
NUP98,0.03282336998389
ANKRD13D,0.03281157128019247
TIGD5,0.032804676796735786
TOP2B,0.03275091879717578
PSENEN,0.03270815443678418
USP16,0.03270435393638702
EFL1,0.0326391514884522
NKIRAS1,0.03258932037937496
PLEKHM2,0.03256615133032788
CCDC183,0.032562337158280455
GOLIM4,0.032559276040277974
KCNJ2,0.0324806257141852
FIG4,0.032392481332092854
SND1,0.03238555102010208
MTTP,0.03236416604345589
LAMTOR5,0.032318976144736285
HMGN4,0.03229054299872719
IER3-AS1,0.032252195272567875
ANPEP,0.032233663214437804
URAHP,0.03215586474040463
XPO4,0.03211076478370411
ING2-DT,0.03209769085883327
MRPL55,0.031927381030512306
PRAG1,0.031897148110617494
NOP10,0.0318901211154553
UBE2J1,0.03185777104702468
DCTN4,0.031825130252218836
NUDT2,0.03175302855810863
SPRING1,0.03172040103517823
SLC27A5,0.031674576052354235
DIP2A,0.031667933670111476
HCCS,0.031664380200580655
PAG1,0.03166213624379676
ZNF2,0.03164605506089182
FBXO34,0.03154772467314679
SPECC1L,0.03141884012278854
MCC,0.03140377193470107
ANAPC4,0.03135456303797868
AGO1,0.03132430110901694
DCP1B,0.03124540172374812
DELE1,0.03124473854483984
UBE3B,0.031236394720171312
WDR12,0.031137846215756756
NUAK2,0.031122866589444645
RABGAP1L,0.031031950314917164
WDFY1,0.031024015510466716
IKZF4,0.031007941572192818
MT1X,0.03095452892514379
NSMCE1,0.03095419015095371
RSPRY1,0.03091893765844088
LSAMP,0.030864487760841386
YY1AP1,0.030780316537840496
TEX10,0.03077691381065648
TMEM222,0.030658459841472845
UNC5C-AS1,0.030646216761677194
FPGS,0.030629303495016604
TINF2,0.03062561440309424
TFB1M,0.03059480018700939
BMERB1,0.030585848837506882
MFAP3,0.03056999211400212
NKAIN1,0.030559453872766634
BMP8A,0.030555365656400203
SPOPL,0.030538778192545895
RALGPS2,0.030444421361030077
SEC23IP,0.03040277740600578
COX6CP1,0.03038796824882802
TMEM205,0.030343522719356576
DPH7,0.030337639997810757
ZNF286A,0.03023932778719954
FAM131B,0.030216629054301655
CRMP1,0.030177971789524517
SCAMP4,0.030177405621862104
SPTAN1,0.03010074417393632
GTF2H2B,0.030094171837761113
IZUMO4,0.03008966169427394
JTB,0.029991755521301084
REXO4,0.029914235085042474
IFNGR2,0.029910427627968996
KANSL1,0.029855856646180724
MECR,0.029843836707590627
NDUFA10,0.029818166858339202
EIF2AK4,0.029700760813740974
ZSCAN22,0.02966180575666262
MRFAP1P1,0.02961510831133012
ADD1,0.029528442004521597
CD9,0.02944527473463612
BICRA,0.0294160195043467
MINK1,0.029386407327605158
CA14,0.029323634971356465
LRIG3,0.029253343936019003
IRF2BP1,0.029211341134554446
MRPS10,0.029156884142964398
MIF4GD-DT,0.029045681318743504
LPAR2,0.029041817232201044
CIRBP,0.028961906280263794
BAX,0.028957073303972118
ANKRD27,0.028861749016929825
UFC1,0.028762147476342637
APRT,0.028703368687680052
DDX42,0.028701046084773987
PRPSAP2,0.028687325691143864
ACACA,0.028648943579837563
ACTR1B,0.028644666282177645
FBXO36,0.0286161542790969
CDK2AP2P2,0.02857874176325211
BAALC-AS1,0.028565894410782073
SOCS5,0.02845918124455615
FNBP1L,0.02845237672208539
LEMD3,0.028416054440650484
TMCO3,0.028390482371380154
YTHDF2,0.028377319475018266
PDLIM1P4,0.028311257068304597
EFCAB7,0.02830361702608036
MMP24,0.02817212653139988
KCTD3,0.028160705590165973
GNMT,0.028120201733281256
PKD2,0.02807032737225693
PRKRIP1,0.028031379007531207
SLC39A11,0.027942124890167563
COA6-AS1,0.027916537276572527
NMNAT1,0.02790233301192193
TRADD,0.027900146895745697
SKAP2,0.027834438361453013
NUDCD3,0.027808276892187227
SEPSECS,0.02779455645689718
CYFIP1,0.027756850163387782
PCBP2,0.02774898658861716
ECE1,0.02774860623182655
PHAX,0.02766379591312663
FAM219A,0.027642877653979755
TSEN34,0.027602235747644067
CDYL,0.027598822250511957
CXorf38,0.02755254835944865
MCPH1-DT,0.027540478971124323
MAP7D1,0.027537031562837024
TSC22D1-AS1,0.02749426426566702
TCIM,0.02741710126025706
ZC3H12C,0.027384823628431813
SERF2,0.027378869062425055
SLC52A2,0.027290985014270738
UBE3C,0.0272494162831327
SPATC1L,0.02704499388474976
C21orf91,0.027038539194674308
IREB2,0.027018576426737714
RAB35-AS1,0.02699390226035906
UBE3D,0.026936859083271154
RNF220,0.026924608824817106
PTPN23-DT,0.026875403997955835
C16orf86,0.026834926611314914
SYMPK,0.026765091550560463
SURF4,0.026764587529344033
CEP170B,0.026757500799841686
POM121,0.026749155667683096
PCBP2P2,0.026729606163741003
MLF1,0.026698045470781435
THAP12,0.026666691441877725
TBC1D17,0.026643229234570333
CIAO2B,0.026614151608722336
CRACDL,0.026607750946948918
THAP5,0.026483993680665348
RRP8,0.02644854913925597
ANKHD1,0.02640130517406492
FRS2,0.026394889119750266
MLYCD,0.026381565638628965
SMIM13,0.02634868562423297
WBP4,0.02627182944129139
SP110,0.026251515064659493
CUEDC2,0.02623774493048808
TTC33,0.026212515538011637
SEC62,0.026182443136729336
BRD3,0.026168423626091442
ZFP14,0.026111032008771257
APPL2,0.026103681279634548
TFIP11,0.026095784129650794
ABI2,0.026031187681224324
JUND,0.026007914392617303
TAPT1-AS1,0.02590148371286683
WAPL,0.025843267836296056
TXNDC15,0.02577059340667903
SSR3,0.02575709031141978
HOXB4,0.025739017270656347
LRRTM2,0.02569446414552315
BTN2A1,0.025692945646149015
APBB1,0.02566649768009195
NRBP2,0.025664531799459666
RMND5B,0.02561857941587925
RNASET2,0.025576413835479823
WDPCP,0.025478836748325684
NUFIP1,0.025428106172190233
NUDT19,0.025425492507246218
SGSM3,0.02518234927063922
IFT22,0.025135130816378484
ARHGAP42,0.025065749422927566
ELK4,0.02482972495210483
MIF4GD,0.024812844973935322
LINC03011,0.024803002296238316
CD2BP2,0.02466067408207571
CDKN1C,0.024573705925136934
ESAM-AS1,0.024522957408211348
MTMR6,0.024417344681435797
TBC1D22B,0.02438551275069712
AZIN1,0.02435689281965166
LIG3,0.024317819967099058
ATXN7,0.024293645207434274
C1orf122,0.024247286424215492
CFL2,0.024188967649638796
ZNF532,0.024162471758309483
TMSB4X,0.02403967805459986
SLC39A9,0.02398142936525965
HEBP2,0.023873158009351286
OSBPL8,0.023809236346021587
GFOD1,0.023759588515861154
KDM8,0.02374143344233355
NRDE2,0.02371437686467366
ITFG1,0.02370770267772085
FAM120B,0.02369437536463001
PRKCZ,0.023653489869691714
CRACR2B,0.023635142678414402
RFK,0.023632087441308423
TCAF1P1,0.023611707545124944
SAMD4B,0.02358228718205362
HEY2,0.02357107329710311
ARL4A,0.023555898790006486
ZCCHC2,0.023471172741887106
FBXW7,0.02345942603091909
SWI5,0.023457186880284673
ZNF433-AS1,0.023440008178442044
C11orf71,0.023395103737114575
RAB6B,0.023383042548662573
SNAI1,0.023335003840087878
ZNF165,0.02332505554588546
SUDS3,0.023318888997701744
ZNF385A,0.02327227066096625
MARCHF6,0.023257204267174345
MRPL19,0.023156087053099055
ELK1,0.023072101891319027
MRPS23,0.023013752456906154
UBAP1,0.022870818035032974
UBE2A,0.02286406561491811
NDST1,0.022840704077566873
INPP5E,0.022739429934415863
POM121C,0.022730214825553922
HACD2,0.02271152423504085
CLINT1,0.022700997408370005
AHI1,0.022651399099047058
PGRMC2,0.022631886533341868
BBS10,0.02254421590614124
VWCE,0.02251930945313828
TMEM259,0.022491022878777415
TALDO1,0.02247185488848447
PCDHGA10,0.022471037666764684
CERS5,0.02243995887729128
DDX11L2,0.022435541309252485
MTM1,0.02233840412147968
PATL2,0.02233630847083161
GMFB,0.022298074944169594
MMP2,0.02216992384318849
GABPB2,0.02214903265095563
RPP38,0.022128650499585515
LINC02731,0.02204357490875797
DCC,0.0219534184598552
GAK,0.021943187317466917
OBSL1,0.021850554332224374
C22orf46P,0.021821590923387448
MRPS25,0.021819317200482368
GGT7,0.02179627527327576
NTN1,0.021700991714416078
RCBTB1,0.021643598185249954
DYRK1A,0.021642496139071044
CELF1,0.021621908991835827
MAPK7,0.02157029518710583
EMC3,0.021551244385305725
OTX1,0.021468217185085237
ULK3,0.021392238292159516
DNAH17,0.021373004737455483
DEXI,0.021306214873742985
PDCD10,0.02129612713312399
PTAFR,0.021288086603815426
SPRTN,0.021272833813790876
ENGASE,0.02122373464664027
CTDSP1,0.021180671962765532
ATXN7L3B,0.021173687326232652
PLOD3,0.021114321169677177
ENDOG,0.021045931054472163
CNN2P8,0.021012911829846943
DNTTIP2,0.020949826810855384
SET,0.020868019929811313
TFB2MP1,0.020861917966373194
LRRC28,0.020845601269583944
RAD50,0.020833822729698217
MAN2A2,0.020779527087466547
IQCD,0.020773156800970215
ACER3,0.020719722457915615
TSR1,0.02070072781461416
RARS1,0.020699169921594637
POLR3C,0.020630844687477803
TMEM231,0.020604442227916336
BBLN,0.020591721077685535
PDE8A,0.020577559394005122
ZMAT3,0.020573643932733067
HIC2,0.020543156531883353
ATP2A2,0.020533831693728972
MRPS2,0.020482919976374473
TJP1,0.020419242336370297
ZNF443,0.020410651589347018
MRPS14,0.02037485878365549
ABCB7,0.02026593892102684
ZNF345,0.02026396912786012
GNA12,0.020256709813818947
DUSP16,0.020245275712457923
DCTN5,0.020198089858120712
ACADVL,0.020173775544101814
USP12,0.020163635283594876
KCNMB3,0.02011041975016733
PER2,0.020109474724379732
GIPC3,0.020082258273182618
ZSWIM7,0.020030867316903428
FAM204A,0.0200063861915507
PELI2,0.019946176893813426
RBM33,0.019944374454866506
ZNF317,0.019900971161187046
TRIM32,0.019886582145376076
GBE1,0.019872595368095956
MPI,0.01968931115486058
SNX17,0.019685583811506587
UNC13B,0.019649087996670242
ZNF664,0.01959552878725523
INPP5J,0.019466908827247033
RAP2B,0.01943964516780447
NDUFAF7,0.01939933896133301
ZNF57,0.019390640834866454
WDR48,0.0193838852611704
WRNIP1,0.01926966816571014
SRC,0.019205295415475394
BSDC1,0.01918171242373025
SMARCA1,0.019105718973299202
POGZ,0.019071292164303446
EPB41L5,0.018998197330097916
REEP5,0.01899123691985213
FAM118A,0.0189285965185483
BTG1,0.018925429628100166
CROCCP2,0.01892331555912333
ZNF562,0.018887788540655034
VMA12,0.01885213010932058
GTF2B,0.018816034537762167
ZNF567,0.018732718722237324
PSTK,0.018688553584185023
MFSD13A,0.018687355628013706
PEX10,0.018609579576851273
MCFD2-AS1,0.01858054361641366
ZC3H12A,0.018579520533949748
AIG1,0.018568027694708986
SCD,0.01856297546689551
PIGN,0.018484227423046288
RBM25-AS1,0.018474456056962508
COPS2,0.018450456985721057
RPL17P6,0.018387829876612655
LINC01220,0.01838772528291007
PPID,0.01822203517561087
PCDHA3,0.018194225568462227
TMX4,0.018187772224018114
COMMD2,0.018140935531419652
FAIM,0.018103861185621767
CWC27,0.01802858958967337
RPL7L1,0.018026905901313846
CFAP77,0.018019781014322275
TM9SF1,0.0180153858501848
NGLY1,0.018007507210965324
SLC35A2,0.017977751011240897
FLICR,0.017881128075785527
NCBP2AS2,0.017818007931066023
KIF9-AS1,0.017783665807740563
HNF4G,0.01774516671352068
SYP,0.017698320300511463
AQR,0.017612982176493642
FIZ1,0.01756860532176693
KANK1,0.017562983455067054
SETBP1-DT,0.017562504218548776
RRS1,0.01755887324047098
LNPEP,0.017539499113873876
KMT2B,0.017524590761343807
NOS3,0.017469604716862683
COMMD7,0.017437797712095828
TRPT1,0.01738128211601678
SEC24C,0.017377930372244593
CRYZL2P-SEC16B,0.01727492940138613
PRDM2,0.017258772264336697
PEX11B,0.01722822723087909
DDX28,0.017223685876356237
TMEM196,0.017223339400677797
PGD,0.017164684853308947
BCL9L,0.01716348261377967
ARF5,0.017159286690215866
SEH1L,0.017153113675428832
MAP2K4,0.017121295065590843
SRD5A3-AS1,0.01710107432748106
MSRB2,0.01706520977938207
RAD23A,0.017054715964590277
EXOSC7,0.01699932251057136
CSDE1,0.01690599370141455
WDR18,0.016891417219596905
CKAP4,0.016886558236617753
PSKH1,0.016789127103951227
ZBTB7A,0.01678904013177504
CCDC28A,0.01673129698693951
RGS20,0.016668664314304468
DVL3,0.016599623468570742
MSI1,0.01651401159749139
VPS33B,0.01649430577655612
VAV2,0.016489056939985022
SERINC5,0.016487618367201574
PPT2-EGFL8,0.016448992526572545
HNRNPK-AS1,0.01644524965762236
PEMT,0.016415146456716597
YTHDF1,0.01640243005740564
ZNF542P,0.01637575086957655
CAPN7,0.016365461802925044
SCAND1,0.016319221717490933
SIRT2,0.01629220196946667
GCN1,0.01627310394984415
LSM1,0.016258404808350283
MRPL21,0.01623086205915096
CNPY2-AS1,0.01620887484823474
MIB1,0.016139741009400143
LINC02611,0.0161261392980578
FCHO2,0.01612503850158682
BET1-AS1,0.0161109331786771
SYTL5,0.016023816062710857
TLCD3B,0.01600447778916559
CHTOP,0.01593232436931225
RAB11FIP5,0.015928831978435663
AIP,0.015906500311155498
PIK3CB,0.01584965434639305
DNALI1,0.01583122056194335
HNRNPA1L3,0.015784692408752483
PIGS,0.015711497169278388
NSMCE3,0.015560295068189803
ZKSCAN7-AS1,0.015539527519334967
POLR1F,0.015525104486407145
AMZ2,0.015522759407415028
CSTPP1,0.015427481957740838
PUM2,0.015401769513157627
PPIP5K1,0.015391793425642451
DDRGK1,0.015383806316118154
NLGN4Y,0.015373817580806267
MARVELD3,0.015372843901965182
LY6G5C,0.015355260099473632
PIP4K2B,0.015302520348563274
TP53INP1,0.015281978030165688
FBXL19,0.015272431012205304
SCYL1,0.015260982840526304
SCAF11,0.015237219651919428
BTRC,0.015236714743858718
IGSF3,0.01518030190676457
STK25,0.015159921959018738
MARK2,0.01515966174604721
USP45,0.015092735503488598
LINC01128,0.015086057047483047
NOL3,0.015073135171275337
TP53TG5,0.015050377453759558
ENC1,0.01504233372008653
ODC1-DT,0.015035077977204723
EMID1,0.01501194659074566
SNX4,0.014989802125434227
SFSWAP,0.014989341672068867
PTPN4,0.014906737283998979
GSC,0.014869496107598013
ADIPOR1,0.01483226449608785
CAB39L,0.014812651359156107
TMEM161A,0.014791800128482331
PPT1,0.01478392369615463
POGK,0.014710711147342147
CDK5R1,0.014565033049378288
ZNF782,0.014540262217557255
ORMDL2,0.014520322532738099
GPX7,0.014520091894940475
COPB2,0.01440527731930013
ALDH3A1,0.014282997040127159
PUS1,0.014273135677171388
LINC02175,0.014251573996192814
DENND2B,0.014138593678583859
MTFR1L,0.014135659088652655
MAGEH1,0.014130777459869912
CHUK,0.014070815926473445
RNU4ATAC,0.013952520131029988
CTDNEP1,0.013914031132203712
NKTR,0.013913337630741623
ILVBL,0.013895807631930405
NFKBIE,0.013879086384107963
L3MBTL3,0.013828689737313162
CISTR,0.013825037684322935
ACTR3,0.013695811877749502
TMEFF1,0.013665303216375702
UBE2G1,0.013655960280537607
THAP4,0.013648284052684357
ANKRD46,0.01364210191348279
ARID2,0.013595379855681157
DDX1,0.013587273762180626
LMF1,0.013525265507023924
SEC23A,0.013468722220843955
CLSTN1,0.01341405272778101
UBE2Z,0.013371908621133426
PAPOLA-DT,0.013340529713889002
GGA1,0.013320735668568376
CEMIP,0.013295842997082958
CHD4,0.013295461162848977
AKAP1,0.013283604186534815
SRSF8,0.013230743811393905
PHACTR4,0.01322504330041447
MMP17,0.01320479585268549
HSD17B11,0.013146088932983649
SULT1A1,0.013132994283363087
ZNF586,0.01306705253607922
ATP1A2,0.013055979462206265
CFDP1,0.013046247386770023
CHID1,0.013044062926542333
NAXD,0.013038330160330625
GSK3B,0.01292188517032836
NSMCE2,0.012783044024228862
ATP6V1D,0.012772919525264577
CTC1,0.01276414102723602
TIGD4,0.01274580321860017
AP1AR,0.012697233054049406
CNPY2,0.01268953462399794
ZMYND11,0.012615776802769376
ATG10,0.012614183460186246
MRPS27,0.012592410493309558
SCAMP3,0.01258525132658423
FNIP2,0.012579815570176586
ZNF252P,0.012522769290334338
MYH14,0.012505624590611397
POR,0.012404466755206985
MRFAP1L1,0.012402117035108488
MAPKAP1,0.012394325105512362
ZNF202,0.012394152561534042
TANC1,0.012383801186881345
BLOC1S2,0.012369568284200048
FAN1,0.012368058940403376
ZNF552,0.012340395253955166
YY1,0.01226796976007976
SLC39A6,0.012258960641808356
TTPAL,0.012244900480913121
GPX1P1,0.012221493660324618
DUSP28,0.01221978665759614
UNC45A,0.012163459914741987
CHSY1,0.012054957652770808
TPCN2,0.011981417352543575
MYL6B,0.011960468314923542
ZNF565,0.011943730830367288
CAPN10,0.011926968971535886
ANGEL2,0.011919634388240247
RIMKLB,0.011877930332367935
AOPEP,0.01185772515953327
NMT2,0.011822467309545885
PPP1R18,0.011766200542088438
POLM,0.011654487692930114
PMS1,0.011546938539898813
PPP1R35,0.0115197313211819
TNFSF4,0.01147014412095253
RANBP6,0.011467038139956205
THADA,0.01144232209518287
ABCA15P,0.011431052449435267
SNX21,0.011419997928036487
TMEM129,0.011373895813800048
ACOT2,0.011356529062303094
ARID1A,0.011303704735025916
RPS21,0.011299639640528132
PITPNC1,0.011146391167157767
DYRK3,0.011138990633090897
GIPC1,0.01109482900237289
PCTP,0.011093549131290185
OPA1,0.011078911242809214
GUSBP9,0.011046096220778184
RPS20P22,0.01102655249781644
CDH10,0.011022031802867673
GJA1,0.01099427985905163
ATP13A1,0.010948162266970554
MSL3,0.010941162869935054
RINT1,0.010920272578941391
FNBP1P1,0.010888025585202334
ATP2B4,0.010831964150477194
VAMP3,0.010825617647451904
RALB,0.010679133839688876
ATG5,0.010663999746011302
UTP20,0.010628384433645858
ASPDH,0.010619789188204505
STK38,0.010592346071340747
INTS14,0.010556951197152633
CYP3A5,0.010516012877660037
ZCCHC14,0.010465118228249084
PRPF18,0.01035891095880224
TEX14,0.010336568868384622
SUGP1,0.010306327939277745
SCYL2,0.010253444599963905
MED27,0.010232623510040515
POC1B-AS1,0.010231243924396697
NOTCH2NLC,0.010213668020455488
CC2D2A,0.010211202346089287
EIF4E2,0.010201097319304206
MAP6,0.01019262270526908
SLC39A1,0.010186276003872244
STX5,0.010147830016236332
DPF2,0.010133552312161802
TOR1AIP2,0.010090386245113225
TMED7,0.01005759014881578
GPRC5D-AS1,0.010046809600445676
RPS3AP5,0.010035348290671441
ARK2N,0.009942126053318985
RYR3,0.00986653765817634
APBB3,0.009838034411879774
ZNF835,0.009824583833840654
PECR,0.009803027835563869
NFXL1,0.009749023714759452
SFT2D2,0.009742801693507845
SURF6,0.009734787879715353
RGS17,0.009713194186624075
ZNF772,0.009612604711901732
SNX3,0.009590504613035093
BLZF1,0.009561112735439609
HAPLN3,0.009522534558439768
FSAF1,0.009476745685467086
GALNT7,0.009465830060828151
DNAAF4,0.009320568690675178
ZNF583,0.009284398377861307
SLC25A20,0.00925175317296226
XPO5,0.009234497818292444
MXD4,0.00922504755241816
NOL7,0.009211102510603525
ERCC5,0.009163571603219336
CSNK2A1,0.009155387259383824
CUL4B,0.009153147262757783
MADCAM1,0.009142219639669503
NUDT3,0.009130973160756407
MT-CO1,0.009064358068101994
RNF181,0.008983890182116545
CFAP298,0.008899266951896927
APBA3,0.00888031461865316
TGFBR2,0.008878907630834959
SMU1,0.008830773823078168
VESTAR,0.008796177463073165
ZNF429,0.008739053910215235
AK6,0.008728329717039294
MAPKAPK5,0.008671472941140373
CHRNB1,0.008666307778231012
SSU72,0.008643313872330255
CMC1,0.008641157130801115
THAP9,0.008621948426160512
CUTA,0.008583328835096252
LIG4,0.008521077074651662
UTP6,0.008454127692351845
PPP1R14B-AS1,0.008453798920853335
REEP6,0.008428029980655678
GSK3A,0.008414144386479642
ARF4,0.008357099305441599
DHX33,0.008337992682143306
TMED1,0.00827621998931441
URB1,0.008208181728166666
CAB39,0.008150499805967855
TCAF1,0.008127174720437561
SDHAF1,0.008123199694086728
ODR4,0.008085090050711192
RTN4R,0.00795629076397776
ABCF2,0.007942169235620172
CCDC22,0.007928756066698591
CNBP,0.007841040771941327
CACTIN-AS1,0.007815023178508388
TMEM175,0.0077433331967502635
OGFOD3,0.0077366904288841505
RBM26-AS1,0.007701645686621973
METTL1,0.0076787510028618585
MAN2B1,0.007613732896351222
OARD1,0.007530284695581891
C14orf93,0.007510944273014107
GLTPD2,0.007475905719349083
ALG10B,0.007472117612191553
PROK2-DT,0.00746221374205973
SCAMP1-AS1,0.007378347711539238
WDR47,0.007370662103684149
ZNF865,0.007359361522580062
MAP3K13,0.007355515779870047
SARAF,0.007346821768358602
CDC73,0.007346383477630422
RFXANK,0.007334669528835639
UBALD2,0.0072911393755020655
KLHL42,0.007282938190707558
TDG,0.007260674991510116
HSCB,0.007208087890528104
SPOP,0.007203174451530535
S1PR3,0.007198453005123523
INTS2,0.0071754076363989405
TRABD2A,0.0070985782774311956
ARID4B,0.007092567568081837
C5orf15,0.007028582658895304
FAM98C,0.006993978156408001
VMA22,0.006986781378985035
TAF1A,0.0069808755577254675
MMACHC,0.006930725141445238
ADAT3,0.006886618263657156
PRPF40A,0.006877065727274383
NT5C,0.006819689615535383
ODC1,0.006794561088074305
PRKCSH,0.006779237637495806
DZANK1,0.006774675903228422
AEBP1,0.006763755253433276
USB1,0.00672356544350996
UBE2D2,0.006718565151990591
TFAP4,0.006713950397402387
MRRF,0.006671991153625065
WDR89,0.0066711396638550625
RBMXL1,0.006665228710488403
YIPF5,0.006539101900511241
FOXN2,0.00650606745374914
BABAM2,0.00649670341114887
ZNF148,0.006463255881075776
C14orf119,0.006410884397929158
ORMDL3,0.006396280595300319
LAMB2,0.006230437455970623
ALKBH8,0.0061822773099512104
GOLGA8A,0.0061462845043970486
MTCL3,0.006079536724423998
SH3BP5L,0.006035686461134382
VPS72,0.005957322648559901
SERP1,0.005928230365562071
TMEM9B,0.005904875926112136
THSD7A,0.005845222051908795
VSIR,0.005836887793017778
ATL3,0.005792454401167903
SERPINE3,0.0057809684567722034
SRP19,0.005768005201996602
DCTN2,0.005666645437385221
TAB1,0.005539877371756428
ZBTB25,0.005535654295659986
PPP1CB,0.005505827426219809
FMNL1,0.005496071660992245
LDAF1,0.005473278312414401
GATD1,0.005348461517742843
WHAMM,0.005315521882582267
CNDP2,0.005308668340779412
PRDX1,0.0052817540332386805
SNHG9,0.005251548603343398
CEBPZOS,0.00523635221400167
AAR2,0.0052115720446972375
ZSCAN5A,0.005150552805201173
C2CD2,0.005132836630817016
MMP16,0.005117991990068071
COA6,0.005074147870076594
PAQR6,0.005051209624464786
GATC,0.004974002789591451
FGF14-AS2,0.004972150415250345
USHBP1,0.004960571722162403
CNEP1R1,0.004915273652563534
SMYD5,0.004896739981992572
GRAMD2B,0.004867116299278534
LINC01278,0.004790016339962299
LUZP1,0.004772878341369375
DENND11,0.004733292982856268
GIGYF1,0.004730052403214318
PIAS3,0.004725401893160901
KPNA1,0.004703855517510914
SCRN3,0.0046442050438934455
LYSMD3,0.004598453242161377
SIX2,0.004579171588800277
ITPRID2,0.004498749235759194
SLC38A10,0.004492234983736634
HOXA-AS3,0.0044864081548819535
LINC01521,0.004481059001805404
FAM120AOS,0.00446478574626012
PEX7,0.004393525321989899
TRUB2,0.004374722327899871
ZNF570,0.004286724224135923
COPS7A,0.004254094436826342
TENM3,0.004245105319548103
EEA1,0.00422870106252582
YWHAH-AS1,0.004222593732000308
MINDY1,0.004121069824260788
RHOQP1,0.004054995727390413
SNX11,0.004011492399647767
BTBD9,0.0040038185713377975
LIPT2-AS1,0.003954532303508245
GFM1,0.0038853186621247617
TCFL5,0.0038664745167871126
CAPN3,0.0038568902533120254
NUS1,0.003758877028573107
ATP6V1G2,0.0036915251701353227
NT5C3AP1,0.003668217325982086
FGGY-DT,0.0036187118944443412
FMN2,0.003483538752756341
ZNF154,0.0034700987175551915
DCLK1,0.003463602842362931
GTF2IP23,0.003450810080298898
MIATNB,0.0034219885605040736
EIF3K,0.003363416416653723
BRD2,0.0033183861032808452
MTPN,0.003291468034363845
KCNA2,0.003226690666380068
MAPK1IP1L,0.003205762422196346
CTSC,0.0031492634723182104
ZBTB8OS,0.003118521753406543
MBOAT7,0.0030564680109184247
CHCHD1,0.0029970068758475286
RUNDC1,0.0029331248493289137
ERAP1,0.002909573764290924
TOMM22,0.002877460047907068
CARD8-AS1,0.002862159891713266
CITED2,0.0027866791636585314
ACIN1,0.0026977985929915707
SNAP29,0.0026838292158285434
ZFP30,0.002662491973673901
SERINC2,0.0026560284301374187
LIMS1,0.0026298543032544936
TBC1D32,0.002621876012063733
CYBC1,0.002617230380324021
PLLP,0.002610779385788015
BLOC1S6,0.002574085235099963
PLEKHA3,0.0024646157993962053
SMIM8,0.002405211561282966
DCBLD2,0.0023381796607999184
TMX2,0.002326848789373619
EDC3,0.002315784448947243
TNKS2-DT,0.0022641777540378526
JAM3,0.002181282409948052
DDX27,0.002150669313397714
TRAPPC12,0.002150415170909161
DLG1,0.0021371795880643957
MYO1C,0.0020967879058705306
C16orf87,0.0020714744761050085
SLC35E1,0.002056907192463994
EFNA2,0.0020230603497544924
HOXA3,0.0020198147725032345
KCNJ14,0.0019683845976036347
STARD3NL,0.00196546899440182
SERHL2,0.0019426715403920128
GABPB1-IT1,0.0019413143910681945
VAC14,0.0019402419708592791
KIF9,0.0019349649756720444
LGALS2,0.001891190647649767
FXR2,0.0018318934698185764
DPH2,0.001826768552404649
COBL,0.001795940247942185
GIMAP2,0.0017883136917796175
RAB3A,0.001731054938357347
LITATS1,0.0016906527416232996
LRP5L,0.0016576758617885992
DPH1,0.0016096027813009086
SLC27A3,0.0015732439472447644
MAP1LC3C,0.0015660750510775841
YLPM1,0.00156100443037183
ARFGAP2,0.0015533513187005053
ZNF236,0.0015434072216326197
FASTKD5,0.0014620035475716134
PAIP2,0.0014586294524163582
EIF6,0.0014460719312816297
CBARP,0.0013085138898906827
EIF2AK2,0.0013015617955530214
TPRA1,0.0012958434694218385
FBXL14,0.0012847665227689754
HOOK2,0.0012369267868948591
ZNF599,0.0012338723290313477
DLG4,0.0012186947276041102
CRLF3,0.0012156009934046928
ANO6,0.001176691511787865
NUDT22,0.0011650140755125474
ZMAT5,0.0011608037052819712
SS18L1,0.001129924870523388
PPP4R2,0.001029211249420992
PPP2R2D,9.891905753197847e-4
CAMKK2,9.793908097401327e-4
G3BP1,9.518801379265326e-4
SPTLC1,9.459135006321989e-4
EXOC6,7.596146180151061e-4
MSI2,7.545730257480467e-4
USP7,7.483710533513581e-4
ZNF141,6.893349835162455e-4
APLP2,6.834658554019878e-4
ZNF444,6.650287205461673e-4
OXLD1,6.535995885914816e-4
LGALS3BP,5.690977323759203e-4
PFDN6,5.332977735560192e-4
WDR6,4.3217389243773206e-4
NUB1,3.824042488733232e-4
CREG2,3.1753349273955635e-4
CTU1,3.1548810162887356e-4
HOXB7,1.533060665427993e-4
ZNF687,1.497976566193258e-4
QRSL1,7.994173254004689e-5
PSMD7,-3.1606929331546e-5
GIPR,-5.491572178872388e-5
RASD2,-6.191763083340369e-5
DDHD1,-6.645215501282756e-5
RAB38,-8.088091858876233e-5
DLGAP1,-1.4206025445240037e-4
TMEM65,-1.493270291816412e-4
ENO3,-1.5862367182665972e-4
SEPTIN6,-1.783682687738715e-4
LZTS2,-2.371650850471396e-4
PCBP1-AS1,-2.8822767338011285e-4
TMEM209,-2.998264385824125e-4
MFSD5,-3.1896249217259657e-4
ITGB8-AS1,-3.302153209458998e-4
C6orf120,-3.5357507575173617e-4
TMEM135,-3.8761692192161215e-4
UGGT2,-3.9766380056240064e-4
TTC8,-4.0448682018928353e-4
AHCTF1,-4.3234890644752884e-4
BCAS2,-5.044525970843353e-4
SPATA6,-5.692787631177568e-4
ZNF829,-5.980445934135076e-4
RNF115,-7.085892307384026e-4
COX4I1,-7.08955554360537e-4
FAM171A1,-7.235922902768415e-4
NMRAL1,-7.544820927810122e-4
CROT,-7.559938037202275e-4
RER1,-7.607878504507586e-4
MRPS31P4,-8.124812728970593e-4
RABEP2,-8.205401459970593e-4
NUP153-AS1,-8.615722882318611e-4
HOTAIR,-9.949694428162577e-4
CD99L2,-0.0010792793967907036
GTPBP10,-0.001094200430053836
PLA2G6,-0.001193395084004943
UQCC1,-0.001296447300459034
JUN,-0.001329718643727386
ADNP2,-0.001349070494257822
DDX50,-0.0013908508665206563
FTSJ3,-0.0014047723161036863
NAMPT-AS1,-0.0014381005959419853
CLEC18B,-0.0014389980342958176
ZNF543,-0.0014873628787921544
THNSL1,-0.001534387935372839
TPI1P1,-0.0016065107351355553
MRPL48,-0.0016262050918069446
FAH,-0.001714754936104873
SCMH1,-0.001741141082583342
FAM53C,-0.0017533638855374888
LTB4R,-0.0017927893495475842
MANBAL,-0.0018392568992266869
ST3GAL4,-0.0018453318633328368
CAMK1D,-0.0019226789670192179
NCBP3,-0.0019266057210744526
STAU2,-0.001954354748770346
RGMA,-0.001965803778511482
FOXK2,-0.002049478535305702
ZNF451,-0.0020616074100710943
PAXBP1-AS1,-0.0020777343068384
CHD1L,-0.002155235446014535
CD151,-0.0021700244554206925
COL18A1,-0.0021730740055271648
B4GALT6,-0.002177150059164851
CRYZL1,-0.002245318988423093
MRPS18C,-0.002280258237160683
ERO1B,-0.0023692952813543318
LINC01144,-0.002415415876806644
SLC35E2B,-0.002435681963424151
ACOX3,-0.0024551996999748276
BCCIP,-0.0024615237809699625
CUL3,-0.0024716539303301214
VPS26B,-0.0025816907798676433
SUPT5H,-0.002626970731196298
SIRT6,-0.002707629656321097
DCUN1D2,-0.002769403026518373
AACS,-0.002943069591310623
PTAR1,-0.00294346851623504
NOL9,-0.002944497628031991
MAPKAPK3,-0.0029713376406980897
MPV17,-0.003010368455202355
KLHL15,-0.0030598026424859624
SAR1B,-0.0030675120940083216
RO60,-0.0030939846334655254
KRBOX5,-0.003132561510520016
TRIM27,-0.003150122183457257
XRN2,-0.0031839296014917035
USP15,-0.00322305694730704
PNISR,-0.003249484683800051
ZNF607,-0.0032872106612838376
MPHOSPH10,-0.0033299091721401687
RPS15,-0.0033466695181867206
TRMT9B,-0.0033514709166055302
RPL23AP2,-0.0033544787147322167
ATP6V0D1,-0.003354500616103055
HLTF,-0.0033572116488701847
CANT1,-0.0033761331390699677
P2RX5-TAX1BP3,-0.003443001895130249
DYNC1LI1,-0.0034826047756508246
LINC02073,-0.00348644117040608
BAK1,-0.003503854535812923
STK36,-0.003514355186171012
LRRC4B,-0.00352822211542876
LINC02977,-0.003580102300925667
SRFBP1,-0.003589179404892452
MMAA,-0.003613841530877371
METTL5,-0.0036213280184794906
LINC01965,-0.003735619260190772
POLR1H,-0.003788032724997731
WNT3,-0.0038525463598952964
USP46-DT,-0.0038562356185214107
GRHL1,-0.003873430838914815
LAPTM4A,-0.003983430440492777
CSPG4P10,-0.003991555411488419
TSPAN5-DT,-0.00402026037814136
HNMT,-0.004042945984681364
EOLA2,-0.004068505144806634
TAOK3,-0.004167631679881825
NOP2,-0.004178684325823025
KLHDC2,-0.004181760013985652
HOXA7,-0.004231728137309935
FAM21FP,-0.004457655269081715
SRP14,-0.004554198190075129
EFTUD2,-0.00460057580385754
SIK2,-0.004619016624341405
PLEKHA8,-0.004650134521804245
CALHM2,-0.0046684545207111095
SDHB,-0.004670574493118634
CNN2,-0.004671927769325542
DNAJC17,-0.0046811418317894956
HTT,-0.004702403573840507
MRPS18B,-0.004716043367273671
B3GALT1,-0.004738677380472004
MB21D2,-0.004803867954414442
BLVRA,-0.004846555806663532
NEK8,-0.004906896602347409
PEX14,-0.004908421302086807
CLDND1,-0.004935762151312347
TRAF7,-0.004969861737676557
LTO1,-0.00497963882037744
C8orf76,-0.004980103498009072
CEL,-0.004988956949693079
DGKA,-0.005006701309315131
MPHOSPH8,-0.00510447696168375
HSPA1L,-0.005116823961803792
ADSS2,-0.005150117915292075
RNF40,-0.0051601144722541285
ARF3,-0.005172426380838323
FKBP9,-0.005213390592984102
BTBD1,-0.005257506260664419
NGDN,-0.005306785273768288
GNAZ,-0.005415733353899747
RSRP1,-0.0054203501115521035
OSR1,-0.005422397316863162
PRKAR1A,-0.005451861480851495
MAML2,-0.005531097779755157
USP6NL,-0.005556162135775442
HTRA2,-0.005612820060783434
BRD1,-0.005627549907325357
DLC1,-0.005634118980905488
RMDN2,-0.005666214261877344
SMG1P6,-0.005707443836389993
OLA1,-0.0058050335489296745
MEN1,-0.005816170240414546
EXTL2,-0.005826907064160451
RHBDF2,-0.005829761534854588
GTF2E1,-0.005879277357641598
B3GALT6,-0.006000664603184994
WASH3P,-0.006004323899637657
CNOT2,-0.006065759884886357
GTF2H2C,-0.006147853879276233
ZNF776,-0.006184185779660403
GALNT11,-0.006197557049910891
RAB5C,-0.006216718876135961
SPPL2A,-0.006283493513398485
HEXIM1,-0.0062870979572382775
PSMC1,-0.006298959336454588
LMLN,-0.006317065715836324
RMDN3,-0.006325407918387055
ATN1,-0.006388193567351409
PTPN11,-0.0064845111815986095
ERMAP,-0.006485881457081694
POLR3B,-0.006528389638915042
MIRLET7BHG,-0.0065425377059006124
SSU72-AS1,-0.006548330200176314
PSMB7,-0.006557554453693316
BCOR,-0.006566931066713454
MN1,-0.006616418598946718
LBX1-AS1,-0.006623715222609566
SAV1,-0.006628878735826035
FHL3,-0.006710303277391698
CDC42SE2,-0.006715294962775064
TCF25,-0.006730092661934343
KLHDC9,-0.006747517496335888
MED12L,-0.006764551019727382
C6orf47,-0.006771498556603974
ATP6V0B,-0.0067867534332201
CASK,-0.00680295852625111
GABBR1,-0.006812166192594816
MIR1915HG,-0.006825448139369441
RNASEH1,-0.006866841904367123
ZNF521,-0.006946348558777544
FBXL15,-0.006961804225928595
SOX21-AS1,-0.007039548089802149
FUCA2,-0.00709956342228139
HIPK1,-0.007113413157452344
SLC25A28,-0.007190837843982133
WDR75,-0.007191232677418462
ZNF747-DT,-0.007223813510169231
EIF3B,-0.007230535798121458
ABCA2,-0.007261213987375767
ZNF793,-0.007290448333090109
SUMF2,-0.0073673833344136365
DPY19L1,-0.007428762312599067
ATP9B,-0.007433087015563856
USP38,-0.007474734765333873
PPP4R3A,-0.007515116536141512
ARHGAP45,-0.007524198509244826
THAP1,-0.007576935789303629
OASL,-0.0075789227945808986
ZNF653,-0.007590482415015864
GPATCH3,-0.007660402872357834
ANKRD28,-0.007773133813918037
PIGM,-0.007779145300113699
LCMT1,-0.007782395093494526
NRN1,-0.007817997465698053
THAP6,-0.007865130969134477
PSMD5,-0.007866226107013935
ATP13A3-DT,-0.007892444062224946
IFT81,-0.00791690154356332
AMN,-0.007923830329193122
H3C13,-0.007953687460929374
FAM234A,-0.007966933253911922
PRKCA,-0.007981429122164067
ZNF300,-0.008053340607384912
KLC4,-0.00806702723966232
ASCC2,-0.008102108664322953
RAB35,-0.008147328903081948
MAEA,-0.008173140813145767
H1-5,-0.008245664943818912
GAS2L1,-0.008250888463905115
TRIM24,-0.008265262214349605
ADAM11,-0.008274907325572099
SLC66A2,-0.008318673728952767
MID1,-0.008362493753146804
TNFRSF14,-0.008370561968748049
ITGB1,-0.008388221104021858
SMARCA2,-0.00839627950818891
CCNYL1,-0.008403151677542724
FAR2,-0.008436344895509675
REEP2,-0.008499639315154663
PET117,-0.008522741156270129
CYTOR,-0.008527698404244523
C1orf74,-0.008565089118155397
CC2D1A,-0.008620034905255092
EMC8,-0.008625532458176662
ATP6AP1-DT,-0.008706321262628406
LAMTOR4,-0.00890884300714515
NMT1,-0.008990604130480919
PPOX,-0.009015696318685621
RAB11B,-0.009101337647908738
ITFG2,-0.00910499655596772
MBD4,-0.009144802674689655
UBAC2-AS1,-0.009197523522041826
CCNH,-0.009224789418639575
KCTD5,-0.009264779192965398
MRPS12,-0.009299580295605918
TXLNA,-0.00933613561859231
SHD,-0.009355014478542957
KMT2E-AS1,-0.009360629279014454
MAP1S,-0.009377256386130264
MAP3K14-AS1,-0.009380659409093054
ERMARD,-0.009406225866280492
TADA3,-0.009416708367764114
C2orf42,-0.009419018135134731
LINC00926,-0.009432397126306842
RAPGEFL1,-0.009484847037537608
SETD1B,-0.009509275053354086
DMAP1,-0.009516535970702535
MRS2,-0.009528189060833914
FCF1,-0.009546310115289294
AP1G1,-0.009583595554064697
ZNF200,-0.009683846610592467
MSL2,-0.009689928248784025
EGLN2,-0.009746819259376524
MMADHC,-0.009774073734651683
CTNNB1,-0.009788697259703718
OGFOD1,-0.009798163630415212
INSR,-0.009853941338126452
TRIM26,-0.009881044733928764
HACE1,-0.009897362026211935
PPP2CA-DT,-0.009917920802428455
CYB561D2,-0.009954010785960426
EFHC1,-0.010008756523777588
MTFR1,-0.01001974181881184
ANKRD13C-DT,-0.010074202774798514
MED6,-0.010227538765191533
RBMS2,-0.010230921586306318
CLUH,-0.010316445612106623
PPP6C,-0.010383555140698776
PI4KAP1,-0.01038979849082534
RRP15,-0.010411379821286369
USP6,-0.010439178996317711
GPC1-AS1,-0.010566664022000934
HRAS,-0.01057811397185842
MYO3B,-0.010583416844670923
HSPBAP1,-0.0106044596529967
EPB41L1,-0.010637236311591497
DHRS7B,-0.010673320099009793
FBXO28,-0.010685058674896709
NFIB-AS1,-0.01070158010361178
FGF14,-0.010748016044105165
DNAJC15,-0.010764333517266612
MINPP1,-0.01080214367242388
SOCS4,-0.010819882069661946
SLC31A2,-0.010852891788621312
TM9SF2,-0.010878359780358452
UBXN4,-0.011040985177263495
MRPL44,-0.011082600941563065
RALGAPA2,-0.01109912514041686
JKAMP,-0.011141428814500174
MPST,-0.011165922709338819
MRFAP1,-0.01116627803019935
SARM1,-0.011170317558886995
PRRC1,-0.01120664354221182
PSMA1,-0.011233483540775153
BLTP3B,-0.011309548026145887
WTIP,-0.011323886614321588
SLC10A3,-0.011357727650636034
DDX3X,-0.011368643592669184
NOMO2,-0.011398980850511409
NELFA,-0.011509057999728402
PPP1R8,-0.011544705297715493
SCNM1,-0.01157120177644303
NAP1L5,-0.01161865851726391
SELPLG,-0.011633306929516056
CEP20,-0.011633928783622755
HSALR1,-0.01164657324312855
PAQR9,-0.011681458748963779
PIBF1,-0.011735948903865255
MAP4K4,-0.01180417732988472
URGCP,-0.011826933580279851
KCNA3,-0.011833874481319947
EXOC6B,-0.01185115415097077
UTP23,-0.011874899277346892
ATP5F1B,-0.011912000507073944
PIAS1,-0.01203318171093087
LYRM4,-0.012058865350710435
ZBTB41,-0.012157759859676773
WASF4P,-0.012250967072792347
RPL7P1,-0.012283606501877528
COA8,-0.012377905788300501
GCLM,-0.012378305317696122
PDXK,-0.012386587321602069
RPUSD3,-0.012394280207819004
ZSWIM1,-0.012420190080528422
RGS2-AS1,-0.012445822552063576
SBDSP1,-0.012461363752114348
SUSD1,-0.012471809443416111
ADNP,-0.012474195921818894
PARG,-0.01247830058264469
ARPC4,-0.01248081950258001
UQCC5,-0.012519036790260687
ZNF284,-0.012549167858875585
CNIH4,-0.012586502095926154
UBQLN4,-0.012606052885990175
CHMP1A,-0.012613654241662643
SHPK,-0.012662748999693892
MOB4,-0.012762288588562421
VTA1,-0.012875132421945346
NFYC,-0.012879277301273223
CPPED1,-0.012919669486012949
BRK1,-0.013108281674549142
SRSF9P1,-0.013258558512498112
MAF,-0.013298323207555598
MEST,-0.013333141487612282
SPATA6L,-0.013386504979301474
PRLR,-0.013418091588337677
TMEM248,-0.013431905754654546
DHODH,-0.013477745341671893
NDUFA1,-0.013492665612191486
PRR7,-0.013536700181434387
ATAT1,-0.01356184299202475
COX6A1,-0.013610966660429206
HDAC6,-0.013611772609278311
PABPC4,-0.013613728856007737
SAP30BP,-0.013655920601720632
ZNF497,-0.013664242743878983
MAPK1,-0.013665605332672259
CHMP4B,-0.013701557274766948
MRPL20-DT,-0.013735467589092845
PAQR8,-0.013744999372302533
JADE3,-0.013776171396666315
SH2B1,-0.013808757179889893
LUC7L2,-0.013840564996217941
UBAP2L,-0.01388936664940025
LEPROT,-0.013902832577809417
PAFAH2,-0.013909421181801922
NDUFS1,-0.013943261456492747
PABPC4-AS1,-0.013970050201703034
NDUFA8,-0.014083029599162323
TCTN2,-0.014141587273950106
MBD2,-0.014167975522742569
GMEB2,-0.014353081971416404
CARMIL1,-0.014603151901446664
EDEM3,-0.014622648358298825
FBXL12,-0.014631816872714897
GTF2IP20,-0.014655250681177352
CYS1,-0.014681158820371739
IARS2,-0.014718148962684212
SHISA4,-0.014803279365594873
HIKESHI,-0.014857954245032405
RNF114,-0.014878316394368879
TMEM120B,-0.014947061579991825
APTR,-0.015041067819208314
BICD2,-0.015056310881953966
HECTD3,-0.015071151644260625
ASB3,-0.015143915861448013
REL,-0.015208082668823276
NARS2,-0.015238985116225697
SLC4A2,-0.01525131911303788
PSD3,-0.01528099081580715
FBXO33,-0.015283604017656141
SPIN1,-0.015361558081617427
SAP18,-0.015456108097354895
CRTC1,-0.01552673270837728
RCOR1,-0.015739441459092125
BANP,-0.01575280131507525
MFF,-0.01579384887510966
LLPH,-0.015822493795144752
UQCRFS1,-0.01583512327423398
KANSL1-AS1,-0.01588662037345944
ZFAND4,-0.01593555095359128
SRPRA,-0.015950049573197254
LRWD1,-0.016040402460147044
RNF122,-0.016054053587736282
PRUNE1,-0.016094395790134962
GPR180,-0.016107715902563706
MMADHC-DT,-0.016125046123289355
MTR,-0.016131833898353987
NHSL3,-0.016156061231524382
SUPT20H,-0.01622977448493051
EXOC2,-0.016237039697328145
ZC3H12B,-0.01624491267024994
CCDC88A,-0.016299267443865128
EPS15L1,-0.016314881746272734
DLGAP4-AS1,-0.01633970686122454
ACTR2,-0.01636916959999048
DHX34,-0.016416549930452808
MIER1,-0.016431061818359207
RWDD1,-0.016447668487342273
PHF2,-0.016457843523678406
GLDC,-0.01651476601422527
COPS8,-0.016554507685705485
ZNF451-AS1,-0.01656543363169748
PUDP,-0.01660311325909021
RPL35,-0.016637263588592605
THUMPD3-AS1,-0.016688846972711908
ZNF384,-0.016701348257843
IMPA1,-0.016716842869626675
PCDHGB3,-0.016753031541024126
CRCP,-0.016796389182183
CDKN2AIP,-0.016797721674433178
RRP1,-0.01680600431102867
VPS25,-0.016856534616196787
NTAN1,-0.016871662795247058
CTNS-AS1,-0.01688688799275475
SUGT1,-0.01697345159994427
DHX16,-0.017009458588033717
ITGAV,-0.017027221669477163
TOR1A,-0.017047949142753996
SH3GLB1,-0.017075905831248062
ASTN2,-0.017077905623630093
IQGAP2,-0.017133653856785776
LDAH,-0.017231855315163337
ZCRB1,-0.017256042828745384
CDADC1,-0.017261243644218213
PSMD13,-0.01726536000446246
ACAD10,-0.01727982270088719
WDR20,-0.017299200284301833
SCAMP2,-0.01733724444701282
SHBG,-0.017343658872033995
FUT11,-0.01736002201635741
FOXP4,-0.017376382983106814
LINC02606,-0.017392333370707287
RUBCN,-0.01740984233022049
SLC39A3,-0.017426356943386838
TXNL4B,-0.01744041192089453
ZNRD2,-0.01749859912254138
ABHD13,-0.01751628068126254
MCCC1,-0.017518101914010566
PRR18,-0.01756495919177905
EOGT,-0.017640891447443182
DNAJC19,-0.01764592919072154
SHANK3,-0.01766049293600884
ENOX2,-0.01775998590606496
TMEM50B,-0.017823541200775915
CD2AP,-0.017866361572598133
LONP2,-0.017880272484740327
ZBTB1,-0.017926530774414366
PPP6R2,-0.018009312727977133
PRKRA,-0.018032024213744117
ASF1A,-0.01804804142924475
GRB2,-0.018209456762768958
SETD5,-0.018244510329266665
DROSHA,-0.018278745572821876
KIF5B,-0.018302903996192915
CDK3,-0.01830656850976392
PPP2R2A,-0.018364866291730623
ZSWIM5,-0.018492443641659764
TBCCD1,-0.018499947406648017
EIF1AY,-0.0185502163009553
LINC02861,-0.018576425475287237
MAP7D3,-0.018613720278408692
PBRM1,-0.018642331247407214
GTF2F2P1,-0.01865987952550055
AK7,-0.018663609726687708
SPCS1,-0.018764124161795133
RCL1,-0.018785062868192988
PIGG,-0.0188357211577562
TRMT61A,-0.018887545246657467
TNPO1,-0.0190179283404138
OTUD6B-AS1,-0.01906354696148802
PPARD,-0.019071154774207344
RPF1,-0.019119909371731095
ANOS1,-0.019144128218486507
USP48,-0.019232005755122905
CSNK1G2,-0.019296096393708724
ELOVL4,-0.019301713475294104
MRPL12,-0.019308992824689675
DNAJC14,-0.01934689021113933
DUSP19,-0.019351855417906426
CNOT1,-0.019353809256235737
LINC00963,-0.019369762166726787
SLC9A8,-0.01938202654441385
TOMM70,-0.01939083051402696
RBPJ,-0.019406440056232478
RPS17,-0.019421688917016084
PURG,-0.019435985500846062
DCAF7,-0.019458989170316694
DUSP5,-0.019493627328202742
THBS2,-0.019562796832655407
ZNF493,-0.019645757239836702
YOD1,-0.019730014981913443
PCGF5,-0.019748120786246808
KITLG,-0.01975352245702528
SLC35B4,-0.019760691997470724
CREG1,-0.019793535985806788
NSUN5P2,-0.019808275733453222
P4HA3,-0.019869453542312638
ZSCAN2,-0.019918041035891332
B4GALNT1,-0.01994097686207555
C11orf58,-0.019943007825363297
NUMA1,-0.02000162394531964
LINC02482,-0.020002162928673992
SENP3-EIF4A1,-0.02020179833145511
SPACA6,-0.020235808926359393
GDE1,-0.020310947883382675
POFUT1,-0.02032564271293633
MRPL40,-0.02041288542219862
ATP5MK,-0.02045066658417795
NSRP1,-0.020472183582641166
DDX18,-0.020481185282996653
SLC7A6OS,-0.020546805444897984
TSEN2,-0.020567113054891076
SMARCAD1,-0.020584109146805113
THAP3,-0.020592887699215037
STK24,-0.020768099981107634
AGPAT2,-0.020774188570568126
TMBIM4,-0.02077666238390824
PDCD6,-0.020847240777722827
ANKRD40,-0.02091513852432652
ZNF639,-0.02092471177925718
RASA2,-0.020948399685216702
CHST12,-0.021038526606761195
LINC00910,-0.021052668046959305
TMEM44-AS2,-0.021054126929415537
LTB4R2,-0.021056646300798218
EDEM2,-0.02106003812332621
FAM171B,-0.021067448131280943
ITGB3,-0.021067614910821406
ZRANB3,-0.021139826318301743
CDKL5,-0.02115017583040795
MTCO1P12,-0.021171724431152863
SRRM2,-0.02119175291977266
PTPRN2,-0.02119299071190824
KAT8,-0.021198621675165653
CHASERR,-0.021259714761066893
SNU13,-0.021303560983098147
ACSL6,-0.021335822694139698
SNAPC4,-0.021346061792747693
METTL2B,-0.021392426527328114
DNAJC11,-0.021424125330142464
COL4A4,-0.021447008459945318
SMG5,-0.021556022244776162
FAM229A,-0.021561512260191495
SYT17,-0.021574620584581174
PLIN4,-0.02164810465533464
ALDH5A1,-0.021658180435478985
COQ8B,-0.02166585994076558
CCNK,-0.021674732926419048
METTL13,-0.02168175683655595
PAAF1,-0.021702844351773876
TMEM115,-0.021711591841938313
C2CD2L,-0.021755663830731672
DKKL1,-0.021779519354332602
SENP2,-0.02179344548109516
COLGALT2,-0.021817024384266054
LRRC37BP1,-0.021818846243245517
CCDC120,-0.021819632951451395
OR7E7P,-0.021935408168827535
EXOSC1,-0.021964481760936256
ZNF526,-0.022032861464023605
NID1,-0.022053561364037452
MAP3K11,-0.0221033543498355
ZNF584,-0.022184841374973188
GNB2,-0.022191691049222844
CAPZB,-0.022260797591501312
GPR108,-0.022276121140501887
USP28,-0.02228491910709106
GSPT1,-0.02230165397543195
FBXO9,-0.022363000069616557
LARP4,-0.02236310278445568
ECI1,-0.022365352731272974
TWF1,-0.02249947587512562
NFATC3,-0.022581523098330183
MT-ND6,-0.02258172021950278
MMUT,-0.02259117935347519
FAM117B,-0.02260112337828915
NEK10,-0.022672883225313432
RALA,-0.02268658064812544
CAPZA2,-0.02270922713985399
TNK2,-0.022774277238252177
DDB1,-0.022794769790268354
PUM3,-0.022852370220249187
UBR3,-0.023023956210392497
EYA3,-0.02306841183429652
UTP11,-0.02307445633701492
FAM168A,-0.023079854479495874
PTS,-0.02313998649849999
ZNF574,-0.023176109072427217
IFT27,-0.023188453752941002
TMEM68,-0.02338466027623311
ADAMTS19,-0.023408858094840997
H2AC15,-0.023413412598753083
CHMP3,-0.02344319162997477
DVL2,-0.02348063787833631
SREK1IP1,-0.023489794475552182
ABCC2,-0.023505620263874726
CYLD,-0.023522541724864437
ROCR,-0.02353719444902092
ZNF674-AS1,-0.023543409024248462
ZBTB16,-0.02356727962427906
MIEF2,-0.02360145033643982
FUNDC2,-0.023611971504713912
WHR1,-0.023621672812426418
NCLN,-0.023642426892730793
COA4,-0.02369732278093486
UBA6-DT,-0.02372140161791142
CIAO1,-0.023752036579349413
PEX2,-0.023760031066103547
C2orf68,-0.023857258796473834
PARTICL,-0.023909884239226666
SMAD4,-0.02393203483296465
RSKR,-0.024011041324757624
REEP3,-0.024098583030394326
AAMP,-0.024228547236030948
UBE2B,-0.024330897896137706
DAD1,-0.024347502887176218
PKDREJ,-0.024426623047292245
FYN,-0.02443504967877273
DBNDD2,-0.024473563407728712
FBXL4,-0.024514847182083042
ELL2,-0.024553992088513544
NKX2-5,-0.024570518945993505
SGCB,-0.02460352509089761
PRKD1,-0.024668268974758326
CLOCK,-0.02476311106424503
MUC20-OT1,-0.024764565798002538
FBXO3,-0.0248195225684216
POLR1C,-0.024848859967390165
MTG2,-0.02486110999112531
GAR1,-0.02487106187516691
EIF4G2,-0.024881191450628087
MTOR,-0.024914036018480662
UBA6,-0.024920276302369385
EIPR1,-0.02492935940606186
STOML2,-0.02495790250097238
NPDC1,-0.02510351777456576
PHF1,-0.025192400718916663
RBMX2,-0.02521468456253214
AKAP1-DT,-0.025226696133797837
FUT10,-0.025298769384084437
YBX1P2,-0.025337776238298765
FNTA,-0.025338927278143922
BTG2,-0.025383434186686937
NUP42,-0.025408186396177316
CARD8,-0.02553353156792459
ASIC4,-0.025610019342215736
NAT10,-0.025649211540060328
SERTAD2,-0.025707701820671842
TP53INP2,-0.02572906822025307
BRF1,-0.025767209033296518
CARINH,-0.02578902673259026
RAP2A,-0.02583495778748536
C13orf46,-0.025845673944622456
CRTC2,-0.02585491649060944
DEDD,-0.026008057232710605
RAI1,-0.026056258479945242
USP11,-0.02614729942459251
TMOD2,-0.026193309680038336
CMBL,-0.02621373774984419
ATP1B3,-0.026228212098317664
DHX29,-0.026241529199156458
TSNAX,-0.026267375057958068
ZNF204P,-0.026314623177880535
MYD88,-0.026336926072106855
RPL23AP53,-0.026342188353610185
PRKDC,-0.026390206445710978
NPTN,-0.02640078687918469
NDUFS4,-0.026401940910338255
MZF1,-0.026417182688925046
PSMB8,-0.026530361629774065
OSTC,-0.026536839485141253
GPC4,-0.026571452401136116
GALNT2,-0.026594739552194612
SUFU,-0.02659669377926101
SDHAP3,-0.026633800321073906
U2AF1L4,-0.026637614401167613
NACA2,-0.026665863104188527
LSM2,-0.026690461150851667
MINCR,-0.026732827165895583
KLF10,-0.026752474132915323
BEX3,-0.0267537247069328
UBOX5,-0.02683947036615756
ZC3H10,-0.026850418001376674
FENDRR,-0.02685333120047609
MEX3C,-0.026858177408028896
MORF4L2,-0.026927206025645533
CTBP1,-0.026945968967058212
NDUFA9,-0.02697432122036932
ZFAT,-0.027004224011007386
COL5A3,-0.027037917028943405
BMPR1A,-0.027041070988514434
RXRA,-0.02705684633194677
TSPAN4,-0.027059427392213373
TMEM14B,-0.027059824989532775
TAPBP,-0.02708178570398323
NUDT17,-0.02712904638951274
RPAP3,-0.027293189147494033
ADSL,-0.027315341098364938
SEC61A2,-0.02732145344430312
LYSMD1,-0.02734644213488709
BAG1,-0.02737746501537545
PSMD8,-0.027418838537818544
PLEKHO1,-0.027459891344432573
RNASEK,-0.0274965912958674
C5orf22,-0.02756420881529035
ZNF500,-0.027662945320518505
SSR1,-0.027687232497212076
LAYN,-0.0276934148768859
TM2D2,-0.027694261294983376
ARRDC1,-0.02771367231704011
MSANTD3,-0.027732323073372585
TRMT1,-0.02784639302836242
ZBTB40,-0.02786282645193721
ME2,-0.02799826310287648
MYO18A,-0.02807957613288877
ZP3,-0.028118031143370095
DCST1-AS1,-0.02811951423075297
CZIB,-0.02813860426014052
MIPEPP3,-0.028144424779042002
NIFK,-0.028209919061650494
EMG1,-0.028223432612693958
SGK2,-0.028226149595410654
RAC1,-0.02826402177576165
STK39,-0.02829673856444601
TTC36-AS1,-0.028392228905888328
SNX10,-0.028551108178393035
KPNA3,-0.028583383200291895
INTS3,-0.028723287837899757
SLC4A8,-0.02876166233216515
GOLM2,-0.028762966290490865
TRPC4AP,-0.028774653610795144
GOLPH3L,-0.028813231997360585
HOXA5,-0.028838496552942548
SMIM14,-0.028867594052894706
DDTL,-0.028969301695006524
C12orf57,-0.028978925838819742
TRNT1,-0.028989156648471962
ETFRF1,-0.029054635062005185
ANKRD10,-0.029158417749462155
ARMCX6,-0.02917743093910386
UBIAD1,-0.02920367448192753
POLR2C,-0.029233356849323922
MAPK8IP1,-0.029277808076320053
REPIN1,-0.02930894195392993
COPG2,-0.029337719868944585
SHISA3,-0.0293461994408204
HUNK,-0.029402630023613444
SYPL1,-0.029481421276710645
KCND3,-0.029630309128127617
CACTIN,-0.02964385385638114
RNF24,-0.02982424528174875
LMO4,-0.029833012758628038
NAT1,-0.029920033010040998
ASAP1,-0.029953695893305453
SLC30A5,-0.029996193845383236
SEPTIN7P3,-0.030039669085956403
DCBLD1,-0.030048008628179308
PIAS4,-0.03007465774295282
ACO1,-0.030128566627934908
NHLRC3,-0.030167634550931792
COPS9,-0.030172671109485644
SLC12A9,-0.030227445797362626
PSMG4,-0.030256276355028214
OSBPL7,-0.03027312037446613
COX5A,-0.030327944975782294
ZUP1,-0.030353749010286122
STXBP4,-0.030358321697182764
PCDH19,-0.03037077222571744
CNPY3,-0.030376915843461586
GUSBP11,-0.03050193206337538
ERFL,-0.03051286695542281
MARCHF5,-0.03055581999430648
TBL3,-0.030561088783296542
NOP14,-0.030563814061657767
C17orf114,-0.030564762819124586
SRP72,-0.030577890965745983
RTCB,-0.03060274945945374
SERAC1,-0.030622953048281134
CDIN1,-0.03064606778994879
L3MBTL2,-0.030654539565117597
SRGAP1,-0.030718296850172275
SDC4,-0.030723889416785454
FBXW5,-0.0308160608652356
TSPAN14,-0.0308275439184825
AGGF1,-0.030855267684579732
ARHGAP1,-0.030879043719506068
TADA1,-0.030890184005384114
AASS,-0.030985162774354664
MKS1,-0.030989590181149038
INVS,-0.03110900750033493
NAGPA,-0.031142920945943606
HOXC-AS1,-0.031145134650887408
ZMYND8,-0.03121316396318633
CHM,-0.03133673555591746
TMEM168,-0.031347478237349125
FCHSD2,-0.03135100729775408
ESYT2,-0.03142273942265599
UBL3,-0.031472574428673385
ATP5F1C,-0.03152764344189071
MICALL2,-0.03156026828064954
NENF,-0.031585879282092444
P3H1,-0.03159738365675416
RYR1,-0.03171305765071174
UNC119B,-0.03171722564311806
UBE2M,-0.031771787874821156
ZNF497-AS1,-0.03179074167657457
KIF1C,-0.03180266913271305
UPK2,-0.03188549609926434
POM121B,-0.031901952154798796
KANK2,-0.0319102395987175
TMEM208,-0.03192447780948933
CCDC12,-0.031930638674533024
TRIB2,-0.03193155209166411
UROS,-0.03197931250403102
FBXL18,-0.03198530890500681
MRPS18A,-0.03204045890924938
BOD1,-0.032138103014869114
SLC20A2,-0.032161700489905166
LINC02282,-0.032172045561805966
SLC16A1,-0.03219269962226525
PPP2R5E,-0.032265352419850415
ERCC3,-0.03227808489711543
ALG3,-0.032422147809371304
CCNT2,-0.03242566655959418
TCTN3,-0.032486546147961905
SLC11A2,-0.032496597686891185
MTND1P8,-0.03250083195696432
CEP44,-0.03253513261663888
SLC35A3,-0.03254876669136118
SNORD62B,-0.03261956363860815
ANAPC13,-0.03267241631961577
WDR49,-0.03268682142254003
CAMTA1,-0.032699914502455976
GPKOW,-0.032699972978987364
ITGA10,-0.03272598083769664
DPP3,-0.032762664792259984
GNG7,-0.03276819526414842
PPP1R14BP2,-0.032782249641346795
PGK1,-0.03291588684591612
PPIC,-0.03299062688291751
TSPYL4,-0.033063864026272746
GPN1,-0.03307361325414227
AFG3L2,-0.03310215127659094
SIX4,-0.03311073536662742
SLC46A3,-0.03312136914949714
ACADSB,-0.03312608632935009
CCT8,-0.03315139974083301
FEZ1,-0.03316621727431502
C8orf33,-0.03321898673262647
TRIM52,-0.033229547141821955
SOX5,-0.03328560654585659
EBAG9,-0.033304910532064455
ZNF684,-0.03332329455592198
CDKL3,-0.033370033911570667
ANKRD13C,-0.03341489539343927
TSC2,-0.033437090217317535
ANKS3,-0.03345483876625519
ZNF271P,-0.03347079161003296
EIF2B2,-0.033502592440431
UBL4A,-0.033526398085387085
POMGNT2,-0.03355118913945042
CDC42,-0.03365318212046604
ARHGAP18,-0.033672056651547
MICB,-0.03373386429130395
SUMO1,-0.033736133718283386
CACNB1,-0.03376420320181313
PNPT1,-0.033770227545127644
CMTR1,-0.033870815911026184
DYNLRB1,-0.03388814561248921
RBM15,-0.03391902017998129
HSF2BP,-0.03411855282693993
ELL,-0.03411871145685829
NSUN5P1,-0.03414042289065804
NSUN2,-0.034158427416317576
TMCO1,-0.03417556968329948
DECR2,-0.03421773163075954
SNX1,-0.03424332994939357
DOCK1,-0.03424863368223639
P2RY11,-0.03427907385981018
AGBL5,-0.034401107528273106
PPP1R13B,-0.034460813425241286
INSIG2,-0.03456601547691119
TOB1-AS1,-0.03457167403113757
RNF213-AS1,-0.034642735406224756
IMMP2L,-0.03468596909825521
ABRAXAS2,-0.03468953736669388
SNHG33,-0.034720005614382106
ATOX1,-0.03475277576172038
NF2,-0.03477287096123839
FAAP20,-0.034788382640412056
SEC22B,-0.034792232645691076
TMED9,-0.03484352244318916
UQCR11,-0.034955514930105444
ITPK1,-0.03498118900894851
AKIRIN2,-0.035067077114347624
RAD52,-0.03507128184047642
ABCF3,-0.035109364445663704
RBM48,-0.03512034962953906
LINC01569,-0.03523350790148049
ZBTB45,-0.03523807985774474
CCDC88C,-0.035276270025442154
FAM32A,-0.03528970657625836
EBNA1BP2,-0.035328221442043777
PDE4DIP,-0.03533913790869696
ZEB2,-0.035518146163863375
ETNK2,-0.035521866243909066
TTLL4,-0.03553929791872561
TLNRD1,-0.03554339835734301
FMR1,-0.03554470498429727
SPRY1,-0.0355573513494318
ARHGEF37,-0.0355778716050366
PSRC1,-0.035582912835308775
KLHL3,-0.035602091457926775
HARS1,-0.03561675861755597
LINC00680,-0.03562974774460583
TEPSIN,-0.03565890752213432
PEX1,-0.03566760083133935
DDX41,-0.035674921905234434
MOSPD1,-0.03568659368888173
POLH-AS1,-0.035700987319928205
SEPTIN7P6,-0.03570248265850822
NRIP3,-0.03572216603821584
CTBP2,-0.03578158997458306
CDK9,-0.03581210478419853
MYLK2,-0.03581485443256282
TM7SF2,-0.03587804366095854
PDAP1,-0.0359012208861726
CCDC121,-0.035930208244215604
TNS1,-0.035967025968021565
ATP8B1-AS1,-0.036006068923471274
ZNF891,-0.03606706873127688
STAU1,-0.03608344492377919
SIRT1,-0.03613034987448218
NDUFB10,-0.036151562899876206
VPS16,-0.03616033273949653
ZNF417,-0.036198459638333944
CHN1,-0.03627124768560607
ARMC5,-0.03633184615061526
ANKRD13A,-0.03633255787781611
PXDN,-0.03636112677912307
ADGRL1-AS1,-0.036403356943135366
PELP1,-0.03643055927342344
NACAD,-0.03645568424468259
RPRD1B,-0.03662396130497707
DNAJC21,-0.036756575240571306
ARL5B,-0.036777118443206865
TMEM167A,-0.03688082436189311
TMEM38A,-0.03706035841876485
PARGP1,-0.037062279607740486
SCO1,-0.037108695482377725
NOTCH2,-0.037161664916113515
PTRH2,-0.037194754410871875
KRBOX4,-0.037202229481787405
EIF4G3,-0.03722082121521463
MLLT3,-0.03722961383357818
PLGRKT,-0.03723960807462433
LGALS1,-0.03726767536847622
WNT2B,-0.03727420919674066
USP54,-0.03731386050431309
ZNF836,-0.037343071779493045
AKR1A1,-0.0373966888766535
SMPD3,-0.03741733798376457
GYS1,-0.03753584340842978
SNRPB2,-0.03755611281297451
COQ9,-0.0375666750297508
FJX1,-0.037599816999228784
UTRN,-0.03762261073269192
ZNHIT2,-0.037677973503833055
TRIM35,-0.03770613135241445
COX15,-0.03775323955049597
PPP4C,-0.037763039784431955
PARD6G-AS1,-0.037872580980812955
OVCH1,-0.03795537236580921
ADAMTSL5,-0.03797419052473579
TTC9C,-0.03803736115686394
AGAP6,-0.038051283069593246
AEBP2,-0.03813085644437377
PSMG3,-0.03822753873653143
ZNF765,-0.038329778302296516
ABCE1,-0.038368966622454835
MORN2,-0.038387121183703285
GPR63,-0.03839703253320299
UFL1,-0.03845533769475982
STXBP3,-0.03849254680277028
REV1,-0.03850531158951312
SDF4,-0.03850880619561295
CAP1P2,-0.038519999335509134
FAM181A,-0.03852654240728381
LYSET,-0.03854539409394362
LDLRAD3,-0.03860634039041616
NPLOC4,-0.03865677386692091
GHRL,-0.038681098243374
PPIEL,-0.03876981439304376
MPZL1,-0.03883926038601448
TRMT2A,-0.03887212772536157
NFRKB,-0.03887460870106105
MIR9-3HG,-0.03890547332435868
RABGGTA,-0.03890739797387552
HCFC2,-0.03891903401964057
HUS1,-0.03895616193852846
PRSS51,-0.03896444235484955
ECH1,-0.03897606827835321
FRMD4A,-0.039005454445430916
SELENON,-0.03911062231882855
ACSL4,-0.03919415670176809
HERC2P2,-0.039199541470135595
TMBIM6,-0.039201786455307815
TAPT1,-0.039244979390259456
PRKAR1B,-0.03941160378475073
MRPL15,-0.03953511934382203
NHERF1,-0.03956959658339251
NXF1,-0.039574540435380466
PRCC,-0.039612778911664454
CIB2,-0.03962539037693824
P3H4,-0.039652314132462646
UBAP2,-0.03968737945268329
CPSF2,-0.03970186859792473
ARMC8,-0.03970308325112637
PARN,-0.039761619465419375
LINC02918,-0.03979257355728247
SMARCA5-AS1,-0.039801668166091486
TMEM30A,-0.03982520466275336
IFT74,-0.03986467040640999
CDC42EP4,-0.03995083702928524
ATP2A3,-0.04007351859566365
GTDC1,-0.040079883476413634
STK11,-0.04009136064176775
JUP,-0.04012233163249497
SLC6A1,-0.040144954675464424
UROD,-0.04014582469871484
MAPK14,-0.04014949531273752
PEBP1,-0.04015238284366963
HAS2,-0.040152419706164726
JRK,-0.040352432265146905
NOL10,-0.04036625300134044
ULK1,-0.04038439749415019
RBL2,-0.04047089469038473
ZNF527,-0.04055501500800414
SEPTIN4,-0.04064636850887137
SAMM50,-0.040688087285085585
BRPF1,-0.04069786748066876
GK,-0.040708159854901706
COG2,-0.04076588432996768
TXN,-0.04083402924759147
GNL2,-0.04084265317864337
EN1,-0.04105296789726805
GPBP1,-0.041061936433366454
NPAS4,-0.041068165807842706
PPIB,-0.04111944152808548
STX12,-0.041239149585048235
BBS2,-0.04125120681501073
ANKRD54,-0.04125579952996052
RNF126,-0.041302123256050816
IER2,-0.0413030589440398
MOSPD3,-0.041330915481068944
DHX30,-0.04136076749229707
SSX2IP,-0.041406800288166574
COX7C,-0.04149597797807049
EMC6,-0.04150318230591591
BRD9,-0.04152894682850128
PLEKHH3,-0.04158175915385404
EIF2B4,-0.04159611291838837
CHERP,-0.041628206483897146
ACAT1,-0.04163038554557723
PTMAP5,-0.041663508027466246
KCNH3,-0.04172541050381914
HARS2,-0.04175372443096652
CDKN2D,-0.04186741291474235
CLK4,-0.04191382897140085
TRIM13,-0.04191397509442714
PLPP5,-0.04199650089606366
RILP,-0.04202054594482742
PRMT5,-0.042053610523075595
GPX4,-0.04205791251142207
GADD45GIP1,-0.042075109107566705
MDGA2,-0.042091488221245456
PPP3CA-DT,-0.04211420243834357
EIF2AK3-DT,-0.042135607254871074
PIGC,-0.042147277609700454
QSER1,-0.04215799772240809
GPRASP2,-0.04217464752110061
NUTM2B-AS1,-0.04220129586909683
SLC22A17,-0.04220801483742018
GNB1,-0.04229102467236148
TMEM147-AS1,-0.04232496855448266
DR1,-0.042362985405958134
ATR,-0.042368711516246584
ANKRD34A,-0.04240040069696718
GAPDH,-0.042416943274918024
B4GALT5,-0.04245943196647024
TMEM170B,-0.04246162808378246
FAM151B-DT,-0.04248448562252064
COX6B1,-0.04252211956816728
AQP3,-0.04253076870276151
DUSP12,-0.04256290179736167
ZBTB39,-0.04265106323722349
UBE4B,-0.04266151190659967
RPAP1,-0.042662483556213576
FAM174C,-0.04268915223850026
TRAPPC2L,-0.04270601633137491
MATCAP2,-0.04277421561372971
C22orf39,-0.04279846361362937
HADHA,-0.04280942439900398
LINC01165,-0.04283208176224975
PCID2,-0.04296155109387493
PLEKHA2,-0.04300413130552204
MPRIP,-0.043045065948524044
NPIPB11,-0.043067859497843974
ONECUT1,-0.043082401859008745
ACTN2,-0.04309251020726275
CENPB,-0.04313121221017442
ATG101,-0.04316473240818896
SLC35A5,-0.043170124858649996
SLC30A9,-0.04320642036380624
WIZ,-0.043225620180819345
FAR1,-0.0433695721716622
PNMA8C,-0.043380558426712124
DCTN6-DT,-0.043501660083876556
ANKRD50,-0.04353703468928555
FKRP,-0.04359427756720263
HDAC2,-0.04365659453928032
CPT1C,-0.04372670231351459
ZBTB10,-0.04377111960446618
PSMD4,-0.04378943730022984
ATL2,-0.04381203825378988
ZCCHC9,-0.04381310704799164
MRPS21,-0.04384219719346598
LZTS3,-0.043951315565887265
KIAA2013,-0.04395429902271104
RAB9A,-0.0440028909306627
SP100,-0.0440361963236921
RNF4,-0.044049695214500195
RARRES1,-0.044056638832456
NFU1,-0.0441075554873671
WDR7,-0.044137256491355796
ARV1,-0.04418330926413638
RHOJ,-0.04421195787562079
DENR,-0.04434751185493371
AVPI1,-0.04440995647900103
PINX1,-0.04443242959849637
CRKL,-0.04444684009530662
KIAA1328,-0.0444630107616691
C2orf81,-0.04447724362999173
PTP4A2,-0.044499053297377765
EPHB3,-0.044511743872004565
NTN3,-0.04453360526533106
HMBS,-0.04455849825889154
MRPL2,-0.04465676959272985
ASAH2B,-0.044692147719775796
HIBADH,-0.04469378330124929
FBXL16,-0.04474723203541043
RITA1,-0.04479756231799978
EIF4G1,-0.04480301387252808
TGFBR1,-0.04481419841500414
AGAP9,-0.044848217676189406
DENRP1,-0.04487135663183531
MIOS,-0.044871840449840356
PTPRZ1,-0.044987089371376215
RAB4A,-0.04499119522292333
ZNF341,-0.04499434621613167
MFN2,-0.045032662666590936
ETFBKMT,-0.04507131580360567
ACAA1,-0.045072364331837075
IVD,-0.04512066626857646
PAFAH1B2,-0.04512605803327871
PTN,-0.04516059340572083
HELZ2,-0.0451745154224859
SPATS2L,-0.045216439847308214
IL10RB,-0.04524924522449861
SLC25A23,-0.045252062778206086
TMEM203,-0.045351286184988446
CTNNBIP1,-0.04540523772733347
HIBCH,-0.045433435000725754
SOCS6,-0.04543440689196771
IMPDH1,-0.04545387757697175
FAM111A-DT,-0.04547642475488528
GIT1,-0.04549316105711319
B4GALNT4,-0.045531983371959774
ARID4A,-0.04555483463726125
SEC24A,-0.04558084029700275
GLOD4,-0.045587179418031504
LYRM2,-0.04560540880224329
NOL6,-0.045605782526816
EBPL,-0.045716829239098894
ANAPC2,-0.0457245020477172
PHPT1,-0.045783590385099944
ATP5PD,-0.045810172969379406
ZNF276,-0.04585346775542516
COP1,-0.04587374977704958
METTL4,-0.04588064009936287
STT3A,-0.04590105316693298
PSME1,-0.0459111965610881
PLPBP,-0.045921534899237754
DMPK,-0.045927893784672526
BTN3A3,-0.04601492678811529
ENO1,-0.04602299097766164
BCAP31,-0.046053754964917155
ZNF74,-0.04605560906992865
CRAT,-0.04606457843413075
MRPL16,-0.04606541182026635
RAB2A,-0.04607140744072599
ECD,-0.04608169646806249
HYCC2,-0.046082386888115306
NDUFS2,-0.046133696340585235
MED14,-0.04615324381221462
ZNF446,-0.046178579912842216
LINC01465,-0.04625259160567246
LINC02908,-0.046329550650669835
ARLN,-0.0463797384369653
MED7,-0.04645850307641283
ILRUN-AS1,-0.04646611386183251
RN7SL81P,-0.04648431234555134
ACSF2,-0.04649729556388615
ERC2,-0.046515325232499675
PATL1,-0.04652809405616984
PRPF39,-0.04656563637069211
CNTFR,-0.04658008828735088
KDM2B,-0.046602661568185384
ZNF33A,-0.04660998423123885
TRAP1,-0.0466116738424982
TMEM200C,-0.0466724208136421
ATG4D,-0.04672307244720773
FXN,-0.046732180254310765
ELOA,-0.04676381083536283
INTS1,-0.04677642553787592
ARL4D,-0.04677912405151645
SLC25A12,-0.046868083147560746
ATP6AP2,-0.04687873835938816
STIP1,-0.04690734782835275
SEMA3F,-0.04692510335071168
OAZ2,-0.04703556531319554
PRR7-AS1,-0.04711172944377705
METTL25B,-0.047128168833374916
TYW3,-0.04720111151778642
DLST,-0.047208269166989676
LEO1,-0.04736207470742347
ARSJ,-0.04750119766356032
ANKS1A,-0.04754247762533738
GMDS,-0.04754628172760835
C5orf24,-0.04760586625720485
TCP1,-0.04770137278620967
FAM222B,-0.04800369278168776
ZFX,-0.0480644450076146
SAR1A,-0.048098804176990105
SGCA,-0.0481878994102704
IFT57,-0.048278404390851744
MRPL58,-0.048315938955783004
TMEM184B,-0.04840192663313437
RIMOC1,-0.04843330376714639
NIP7,-0.04843882617484171
CWC22,-0.048450565210264
CBFA2T2,-0.04845099251691168
DDX55,-0.04849869859221878
DDA1,-0.04854074653987546
MBIP,-0.048551702243652045
BSG,-0.04855220126558441
LOXL3,-0.04860420357471665
PARP11,-0.04861154316752297
TMEM238,-0.048613133093103306
SLC25A29,-0.04866361713828635
WSB2,-0.04871984448666832
PLK2,-0.048782410191431404
PRXL2C,-0.04885885272627483
MAP3K7,-0.04888021917917133
SBF2-AS1,-0.04898882471371869
EXTL1,-0.04899265916527799
DYRK4,-0.04903669843194863
SSBP1,-0.04909427210746486
ZC3H15,-0.04913582369863863
MDM2,-0.04913799111804683
GPRASP1,-0.04924280319173958
BLOC1S3,-0.04925822898603127
MLST8,-0.04928168676717964
RBM6,-0.049372988357158504
PRXL2A,-0.04939188993984623
ANGEL1,-0.049394721914849345
THOC7,-0.049446667827233844
ARL1,-0.049470634521671705
SSR4,-0.04949573708745345
GPR156,-0.04953024320122405
ZNF354C,-0.04962989262175629
THUMPD1,-0.04968629094949133
CCDC86,-0.049715197321104083
UBXN2A,-0.049738657231757126
PRPF38A,-0.049763703680325976
GNL3L,-0.0498889121083748
DIPK1B,-0.05003722682866434
TLX1,-0.05007827453877801
SIRT3,-0.050109443169149843
MRPS31,-0.050135799431613344
RAD23B,-0.050146537742703765
UGDH,-0.05015286194187074
HSPA8,-0.05025017479375928
LANCL1,-0.05026765470813241
TARS2,-0.050321018470608526
PSME3IP1,-0.050330237225174844
ZNF70,-0.05033217492804731
USP33,-0.05035875648184598
RBM19,-0.05046405594938783
PDE6D,-0.05048779545299187
SLC30A3,-0.05051866167854606
ADCY1,-0.05056356392606711
PRR5L,-0.05060742038154684
TIAL1,-0.05066431258205852
UGGT1,-0.05071418203930832
RABGEF1,-0.050845628488937374
QSOX2,-0.05086598059382497
PPP6R1,-0.050870593412341646
DYRK2,-0.05089652014620189
IRAK1BP1,-0.05091320682561316
PRPF3,-0.05093891460240929
ZDHHC7,-0.05095203125493394
C15orf39,-0.05098519909962053
COMMD3,-0.051013774497314986
AASDHPPT,-0.05103002547954342
TMEM182,-0.05104259646296783
LDLRAD4,-0.051058033911899205
IGFBP5,-0.0510888873820318
HSPD1,-0.05111524408750227
TBC1D25,-0.05112365463006914
IRF2,-0.051138514878334866
TNRC18,-0.051153023714311206
MSL1,-0.05120682232520821
KAT14,-0.051276477276639046
IL4I1,-0.05130003304730336
MORC4,-0.051334611393072625
PFDN1,-0.05135454206857508
DAZAP1,-0.05144015997428979
RRP7A,-0.0514421542155591
SLC25A44,-0.051479733707911514
GLE1,-0.051514960088851564
TSHZ1,-0.05153086800674839
TESK1,-0.051590741541882965
PAK1IP1,-0.05164615242866189
CRIP1,-0.051648818936532497
RSU1,-0.05165339043216452
TMEM256,-0.051658073675101605
SCAF4,-0.05180680420914912
CHD7,-0.05185682518313435
AHDC1,-0.05187335529937296
IRX3,-0.051888370748453
MTMR4,-0.05188952706126119
FBXL9P,-0.05194532339057783
KCND1,-0.05196331107020927
BMS1P20,-0.05197831290913713
TMEM138,-0.05200357988450803
ZNF628,-0.052004951989489775
DNTTIP1,-0.05203080176711991
RIC8A,-0.05205820002027739
MAILR,-0.05209783856868662
DERL3,-0.05210896086601529
DNAJC7,-0.05214809306707966
SLC10A4,-0.052206475881030126
FBXW9,-0.052219378836996205
LCMT2,-0.0522499362572584
RPGRIP1L,-0.05225714200447034
LUC7L3,-0.05226716697149958
PEX26,-0.05235500537736377
ZNF749,-0.052368737324682064
TSHZ2,-0.05239113828958122
DNM1,-0.05239659803769287
MRPL4,-0.05241030719093763
CRPPA,-0.05243187202134575
ZNF876P,-0.05245330474292664
ADAT2,-0.05248981657166902
EFR3B,-0.05255355270877059
UBP1,-0.052639832770800886
LINC03016,-0.05268053470868295
SUSD2,-0.052692873664494176
USP31,-0.052737287902734076
ARMCX4,-0.052741812956103494
CTTN-DT,-0.05277857182835421
ZNF892,-0.05285964127867454
HINT1,-0.052904555411041186
KLF12,-0.05295795942501724
PRDX6-AS1,-0.05298544889143644
FERRY3,-0.053008857947127376
GSDMD,-0.05306404954082324
ADAT1,-0.05318628577291254
TMEM254-AS1,-0.05330935167154154
PCBP1,-0.05333452176960568
PCGF3,-0.053382610943575076
PGS1,-0.05348620868271231
CYP2D7,-0.053541488032485894
TIMM29,-0.05360155978967109
IGHMBP2,-0.053630450177484905
LDHB,-0.053658119489367884
P3H2,-0.053688171203472815
WWC3,-0.053716962050087275
CCDC107,-0.05371844013465591
LSM14B,-0.0537804379718929
ASAP2,-0.05379343456462562
SOX9,-0.05382152317925165
PIK3R4,-0.05384072871340466
CEP57,-0.05385387899856578
DYNLL1,-0.05387095108956966
GTF2A1,-0.053889702561282886
MERTK,-0.053893280569422074
URI1,-0.05390475846085202
MFSD14A,-0.05397362900197682
PMPCA,-0.05402400222730828
MTRES1,-0.05405522970506578
PCDHB1,-0.054243603658624684
ADAP2,-0.05432469176378661
GABPA,-0.05436714501556618
SHLD1,-0.05443941732607353
ENOPH1,-0.05445871375630804
GNPNAT1,-0.05447053362008558
NDRG3,-0.0545539808156248
CCDC116,-0.054566861213345905
HBS1L,-0.05456696423401231
PTPMT1,-0.05461161625495693
MRPL32,-0.05462412583153222
SGCE,-0.054658131663382084
METAP2,-0.05467453849253546
POLK,-0.054795041312543216
MACO1,-0.05484109736270589
COX11,-0.05491629599728666
ZNF646,-0.05493498931354665
ZNF343,-0.05495506172484185
RTF1,-0.055012335577512436
USP4,-0.05505122862407004
EIF1AD,-0.055073871387322795
CHMP7,-0.055100930293586724
AAGAB,-0.05512859632737518
DUSP1,-0.05515370993466332
TOMM34,-0.055286621110377736
COPZ1,-0.055296531102050024
KDM6A,-0.055297555928344004
WASH9P,-0.05531242215029027
ZNRF3,-0.05532072949054492
B3GAT3,-0.05533986109618509
SOX12,-0.05539674741623593
MMGT1,-0.055562618599025
ZNF117,-0.05556405864433904
KCTD2,-0.055577735455830814
BTBD2,-0.05561879652635751
SKOR1,-0.055640507095106526
CDK5RAP1,-0.055700655327139095
LDOC1,-0.05570778314936375
DDOST,-0.05578422396158892
PALLD,-0.05580794693008944
TNFAIP8L1,-0.055856349910012364
LETM2,-0.055900115963214946
ZNF230-DT,-0.05592808360927283
TRMT61B,-0.05608758540652798
PTPRF,-0.05609987582238836
TMEM39A,-0.05611684240879661
CCT4,-0.05619122555827611
ECSIT,-0.05624536198452125
MYNN,-0.05626876474708338
TBX6,-0.05638823726395012
PDIA5,-0.05646797626689299
CD226,-0.056555929852482485
FBXO21,-0.05655660545697731
HERC2P9,-0.0565722473134581
RCN2,-0.05657420766276203
GTF3C6,-0.056582899712161926
HIRA,-0.05661490317457821
FBF1,-0.05666811935846023
HAPLN2,-0.05674512549089799
TENT2,-0.05675756030116703
BPGM,-0.05676099804776623
GPR89A,-0.05677816936318134
PI4K2A,-0.05681483530584616
DGUOK-AS1,-0.05695324932243209
BIVM,-0.05705309329427514
MIX23,-0.057063299615066926
CSNK2B,-0.05708551955405757
PSIP1,-0.05716449469598476
KLC1,-0.057217039612438556
C6orf136,-0.057243552881036844
KBTBD2,-0.057291466489176754
MPC1,-0.05731474407906811
LINC02169,-0.05744268279614464
FBLN1,-0.057508425090196005
HNRNPLP2,-0.057540858254695175
RNASEH2B-AS1,-0.05762469623345046
ENTREP1,-0.0576949328166905
MYC,-0.05776169768076518
PIK3AP1,-0.05780812943424173
GNL3,-0.057815514019009286
PREX1,-0.058018864962580734
MTREX,-0.05807767868354068
NAF1,-0.05811516136533806
ADIPOR2,-0.05811757576809168
TAFAZZIN,-0.05821163493997171
NALT1,-0.05821389515623887
LINC00235,-0.05821659555843002
COL7A1,-0.058365007397354535
KRIT1,-0.05836589413117681
RNF2,-0.05842507085121723
SMIM19,-0.058445213439720575
CEBPZ,-0.058454489287173804
TDP2,-0.05845449566968846
INTS11,-0.05855018618600045
SCN2B,-0.058693390527670815
FKBP9P1,-0.058772217816991774
PAXIP1-AS2,-0.0587915821791118
CHST10,-0.05884450858708547
NLGN1,-0.058907565873606314
PPFIA3,-0.058930944942344646
TRAPPC13,-0.05894326265707275
FAM110C,-0.058973298003718436
STARD9,-0.05905018082075011
CCDC30,-0.0590685971941411
EXOC5,-0.05907456150092471
SPAG9,-0.059127942159317805
ACAP2-IT1,-0.059216391425984886
GLS,-0.05929202841993687
HOTAIRM1,-0.05940752725293706
GUCA1B,-0.059444835602811025
EPHA10,-0.05959446761322631
MAPK8,-0.0596741030867807
CSTF3,-0.05979754989278989
BBS1,-0.05982783852829041
EXT2,-0.059869795980560435
NDN,-0.05987104176898931
CEP41,-0.05994688535664221
ZNF813,-0.05994696721027589
RBM25,-0.05997614629168836
SIRPAP1,-0.06001895196300942
POMP,-0.06007224222542715
DNM2,-0.06011583010542378
XPNPEP1,-0.06013318689233713
UBL5,-0.060145462495784
PARP4,-0.06019402408933138
SEPTIN7P2,-0.060210919614552355
METAP1,-0.060297144972152605
CGREF1,-0.060380895481008924
SELENOK,-0.060548350885034186
PDHA1,-0.060562887946983196
STX8,-0.06062408932054525
DISP1,-0.06064950940919579
SACM1L,-0.06066056766923933
ESD,-0.06074060489678197
FAM117A,-0.06078885762301389
ACTMAP,-0.060810710652719153
PPP2CA,-0.06081400271792669
LIAT1,-0.06086161668520891
BORCS8,-0.06103346097926094
TRAPPC4,-0.061062798976506565
S100A13,-0.06111660944352339
DSTN,-0.06115919067225328
RPAP3-DT,-0.06121351033538628
IL9RP3,-0.06128074734362115
CCDC144CP,-0.06132417688211544
DISP2,-0.0613960081437162
SNRPN,-0.06146015985121784
KHDRBS1,-0.061461832091502314
SF1,-0.061496881443591334
NDUFB9,-0.061506092928964015
RBM42,-0.061508109237918385
GNAO1-DT,-0.061529197802009904
UTP18,-0.06153295602782028
VEGFB,-0.06158249718050813
IRF2-DT,-0.061675093339923284
ANKRD10-IT1,-0.061710581309593775
TAF3,-0.0617846595773765
TBRG4,-0.06192504466949153
TMEM164,-0.06196293805472053
PPP6R3,-0.06203111846053356
SLX4IP,-0.062082235709688974
LINC02593,-0.06212664549749557
TIGAR,-0.06218366045796225
TBCK,-0.06218420064818832
PIGP,-0.062213318429805056
GRK2,-0.062225951841748686
PHKA2,-0.0622323326646582
ARMH3,-0.06227004252159261
PSMA5,-0.06235841638621423
CDH11,-0.06237164037479238
BNIPL,-0.06241483573647414
DLEU1,-0.06248537621277971
GKAP1,-0.062492894847820085
CIAO3,-0.06251507146427036
VPS36,-0.0625541284902687
RPS18P9,-0.06256234678813663
RTRAF,-0.06261627262633346
NDUFA5,-0.06266344534010751
ALKBH5,-0.0627850141929634
RNF130,-0.06279049623597274
HSF4,-0.06304939068654022
RFPL3S,-0.06315104598526777
CCDC181,-0.06315267878597998
FZD3,-0.06321248275099675
OXSR1,-0.06332830441842366
ACTN4,-0.06333572653799967
GALK1,-0.06337813494503339
AK8,-0.06340803871668367
ARFIP1,-0.06347448649572107
DHX57,-0.06347703935958647
CDR2L,-0.06350539546744999
PIH1D1,-0.06351275391150639
EMSY-DT,-0.06356040504224177
PDE6B,-0.06358690781271936
CUL2,-0.06366438332922966
TMCO6,-0.06373848446584109
BABAM1,-0.06373872389869231
DDX49,-0.06374181921610711
PCSK5,-0.06376874253718025
LAPTM4B,-0.0638412713003541
ISY1,-0.0638889775053359
HOXC4,-0.06394334927482521
GDAP2,-0.06398456700529624
MKRN3,-0.06398595609421488
DENND4B,-0.0639947396891846
LDB2,-0.06415779192406833
MOB3C,-0.0641653703801387
PSMC4,-0.06425598405245851
POLR2B,-0.06427232385408956
MON1A,-0.06428538646017308
ATP10B,-0.0643219966139096
NPEPPSP1,-0.06439975813405006
GIN1,-0.06440297193225455
ATP5ME,-0.06441812679676506
TTC23,-0.06443554777819285
CMTM1,-0.0644415145233914
RPE,-0.06444246705006366
MBOAT2,-0.06444682304547217
CARM1,-0.06445157116031514
TXN2,-0.06445207826722829
KDM3B,-0.06448132982377694
ZRANB2,-0.06453266531234693
SLC6A2,-0.06457002670294755
XAB2,-0.06457303623498906
SLC50A1,-0.06458531717835826
ATP5F1A,-0.0645947901463857
ZCCHC10,-0.06462508856341066
DCAF13,-0.0646910838982307
GLT8D1,-0.06474622873861124
COMMD9,-0.06482465986222924
MRPL28,-0.06482747983537969
EML1,-0.06483091381030297
LSR,-0.06487187852238317
FAM151A,-0.06490502352720771
AK1,-0.06491915322099183
CLASP2,-0.06493200082511535
APPL1,-0.06495704170563946
PLAGL2,-0.06499182703879797
PPIG,-0.06500577770149338
ZNF687-AS1,-0.06500734247655963
NOC2L,-0.0650806015709747
ZNF346,-0.06524338745156977
TULP3,-0.06527994868429375
EML4,-0.06536848786631204
SYNJ1,-0.06537745083723084
PIP4P2,-0.06539853096995506
HSD11B2,-0.06543851423611502
MAGEF1,-0.06546374776277994
C1D,-0.06550404441040611
SUMO2P17,-0.06558035289366972
LINS1,-0.06558780260101511
THSD1,-0.06570067748090061
PIK3C2B,-0.06598363121446274
NAT14,-0.06601831032130644
ESAM,-0.06604101230207644
RFLNB,-0.06612639779072843
PSME2,-0.0661498947937032
KEAP1,-0.06618140794240863
KIAA1143,-0.06618770227564205
ABCA5,-0.06623946470287828
ZNF354B,-0.06624478502532388
COX6C,-0.06625378466003051
RAB1A,-0.06627655614438957
ARHGEF25,-0.06636416159204006
TRMT6,-0.06643710563931221
VMA21,-0.06644384153219374
PTENP1-AS,-0.06644950314573855
ZNF143-AS1,-0.06647567873768424
ILK,-0.06649177454441058
GXYLT2,-0.06649659526216285
ZYX,-0.06651654798496633
CPT2,-0.0665605790584457
ZFAND2B,-0.06657897983871483
C15orf61,-0.06658264663037312
RANGRF,-0.06672686265672359
NT5C3A,-0.06674344316960625
MSTO1,-0.06680634487719313
SEC61B,-0.06680862452067107
ZNF280B,-0.06681382189665817
ITSN1,-0.06684789595065217
HMGN3-AS1,-0.06689571287246593
CNOT8,-0.06697085510923158
RBM41,-0.06697213008161397
KLHL8,-0.0670364473821761
FAHD2A,-0.0670546491111428
IMP4,-0.0670783651047331
FAF2,-0.0671099570994135
LINC00115,-0.06711430871666313
DCLK2,-0.0671214087072441
CARNMT1,-0.06717018685204384
ORC3,-0.06728068887524181
SORCS3,-0.06729267797928598
SOD1,-0.06729524159225159
EVI5L,-0.06736019702063713
ZNF195,-0.0673649340680823
EFCAB10-AS1,-0.06737803252290714
SPRYD4,-0.06740041935899888
MED16,-0.06743110133637933
NAA10,-0.06744655159192561
PIP4P1,-0.06744799967129494
CORO7,-0.06749115173108693
EFNB1,-0.06750331798180285
GRIK3,-0.06751850984892377
MDH2,-0.0675270263786107
ZBED4,-0.06753716935519022
RHBDD2,-0.06770001007614569
HSH2D-AS1,-0.06771238873550178
ERCC6,-0.06780568582051728
HMG20A,-0.0679482907623837
OTUD6B,-0.06797662009375585
EIF2S1,-0.06802360920883425
AGBL3,-0.06814023099188588
ZNF567-DT,-0.06819522928009375
PSMD9,-0.06825048542712626
HELB,-0.06825068377108136
ZNF362,-0.06827323031679738
TAF12,-0.06827879958771886
B4GALT3,-0.06830639875147569
ACKR2,-0.06832991682022159
SNF8,-0.06836567253791474
FZD8,-0.0683945700467509
ACAD8,-0.06841611782585535
PPAN,-0.06841964536731847
SETD4,-0.06843772307550508
GAL3ST3,-0.06844306430705631
ENKD1,-0.06844570945092959
POLR2G,-0.06851053425552468
DENND2D,-0.06853514971783385
ISCA2,-0.06861647077075606
CADM4,-0.06862150014131545
MLF2,-0.06868506340023162
REV3L,-0.06873274788436462
TSN,-0.06876935173573878
MCTS1,-0.06876983045496775
FAM86C1P,-0.06885854694734007
LY6E,-0.06901569062199102
SLC19A3,-0.06902419293895615
MYLK3,-0.06905194708145038
PSMD12,-0.06905703970235909
UCKL1,-0.06906604766937795
ZNG1F,-0.06909032265282052
HDAC4,-0.06909293294585574
HSD17B6,-0.06915485455445815
NHLH1,-0.06916946595237791
AKAP8,-0.06916998173283742
ZNF814,-0.06918722272440378
MLLT1,-0.06922174055323067
TMEM202-AS1,-0.06925514442260715
GNG5,-0.06928709671196619
SORT1,-0.06937527278701515
PPP1R12A-AS1,-0.06940729103839842
YARS2,-0.06943666688426657
MAP2K7,-0.06950898902805057
CREB5,-0.06965516274899211
SLC30A4,-0.06965868485444034
PQBP1,-0.0696996754029395
FAM217B,-0.06971466274892262
ELMOD2,-0.06986334985394532
CHCHD7,-0.06991421331516744
AHCTF1P1,-0.06995793972415004
NICOL1,-0.06998021225297096
ZNF182,-0.07005830030397711
OGDH,-0.07007510607225634
MED31,-0.07010386169879168
NEAT1,-0.070153616378869
FIBP,-0.0701934349263117
SRA1,-0.07028139041268124
SEC11C,-0.07031779598902009
NBPF2P,-0.07033631943126037
ARHGDIA,-0.07035521787556141
EHMT1,-0.07037542724688886
NPW,-0.07049604604632788
GORASP2,-0.07061905195814829
DOCK9,-0.07063071775705168
RBPMS2,-0.07065325665595287
TGM1,-0.07066911102559009
TADA2A,-0.07071435803078938
AFF1,-0.07082607239521714
TLCD3A,-0.07087340575145329
NFYC-AS1,-0.07089529295373127
HOXC6,-0.07090179327153535
RMC1,-0.07092605091847962
FAS,-0.07096300432797427
CNTRL,-0.07096579699845387
PDHB,-0.0711732782052431
POLR2M,-0.07125392095213892
TP53I13,-0.07133537903720123
SRRM1,-0.07139650130666646
EYA4,-0.07147372185097767
UIMC1,-0.07148003726118653
MLXIP,-0.07152456769465844
COMTD1,-0.07152484137224663
THRAP3,-0.07155347387974977
ANKRD52,-0.07157101602963438
UBXN2B,-0.0716271825660538
RPL23P2,-0.07167636705346836
RUVBL1,-0.07167880901767329
RBM22,-0.07175791559965092
PAPOLA,-0.0717790333697445
C12orf43,-0.071844786126183
DDX10,-0.07185380959143053
ZDHHC6,-0.07191120056423668
IMMP1L,-0.07196704709036762
CCNY,-0.07197577063650527
UAP1,-0.07200138968259784
PNO1,-0.0720050932349002
ARF6,-0.07214563290145458
VAC14-AS1,-0.07218893014872367
SGTA,-0.07219440882579284
CKMT1B,-0.07233814952405652
ZSCAN31,-0.07234562107657183
RNF34,-0.07236765936879147
RAB28,-0.07243518323538452
NIBAN2,-0.07255590552783134
RGPD8,-0.07256321605245854
MIER2,-0.0725814035730319
LRRTM4,-0.07259875463075532
EIF2AK1,-0.0726094188573632
ACP2,-0.07261261559162459
FOXG1-AS1,-0.07263063885961771
CBY1,-0.07264853414831814
RPS19BP1,-0.07265699511398037
CCT3,-0.07266151873988629
LMO1,-0.07269211976176237
CCDC127,-0.07272317501869555
NPTXR,-0.07273061318129673
NAA20,-0.07273697933283577
CYP2U1,-0.07276847717415472
SMARCA5,-0.07288389875422856
ATP2B2,-0.07294491317039198
SSH2,-0.07298902738923936
CMAS,-0.07314927348681007
NDUFS8,-0.07323412262174926
FANCF,-0.07335996873428523
MBD1,-0.07337662983955617
ZNF595,-0.07340621073557854
ACTR5,-0.07342515349030028
BNIP3P11,-0.07342876140331772
HMGN2P8,-0.07344929570493289
PLXNA4-AS1,-0.07349090057260295
SLC38A5,-0.07356063999528209
TUB,-0.07357063999933094
ZMYM3,-0.07358493657421183
NOLC1,-0.07358497818401842
ZNF611,-0.0736057182634705
TBC1D9,-0.07361019835462441
WDR46,-0.07361680817041048
CASP7,-0.07364222933718831
POC1B,-0.07365858486912474
HSPA12B,-0.07368560142305089
BCKDHB,-0.07369894011671929
AIRIM,-0.07372044822129936
ZNF395,-0.07374368381330054
SIRT7,-0.07377530928601493
TRIM39,-0.07378597925267105
NSUN5,-0.0738838603891462
GNRH2,-0.07392147712017079
ZBTB12,-0.07397624097495373
NHLRC2,-0.07411518795730089
AHSA1,-0.07415863660089501
PRDX4,-0.07427680763637155
PEG13,-0.07431463100233927
NSD3,-0.07432506485290279
SIPA1L3,-0.07432598506680924
PDRG1,-0.074374260115578
EGFL8,-0.0743971812669064
POT1,-0.07449252353556587
SDR39U1,-0.07450774396485266
C20orf96,-0.07453616056113267
UPF3A,-0.07454708922760259
PRP4K,-0.07457515102325982
FOXJ2,-0.07458766317768623
PDCD7,-0.07462834414135365
ATG12,-0.0746484266564585
ATXN10,-0.07465321716263136
SZRD1,-0.07465457185613666
PDIA3P1,-0.07476159328900994
TUBGCP6,-0.07476276489568102
ZNF431,-0.07481121289718277
SFR1,-0.07484890857946233
CAMK2G,-0.0748505829286163
CBX8,-0.07487894005570249
DNM1L,-0.07488620706793633
PFKM,-0.07490825884641497
COPRS,-0.07491432583356628
RBM17,-0.07494883257252785
SEPTIN3,-0.07498713265617496
DHX38,-0.07502278529094504
METTL25,-0.07510044994628748
UACA,-0.07512684684577946
SLC12A6,-0.07516591609199394
TMUB2,-0.07520437912718936
DOK1,-0.07532579231469308
BLOC1S1,-0.07533069209842655
CNN2P4,-0.07533440433349857
TNRC18-AS1,-0.07535678700497439
RPS27L,-0.07548767545697793
RTL10,-0.07553786966192014
FBXO4,-0.07555927781129769
ZDHHC15,-0.07558436186034397
NGRN,-0.07566178605359476
TRMT13,-0.07573490911199698
PTPN2,-0.07575093132440218
ZNF852,-0.07584713840655391
IPO11,-0.0759560821835456
TXNDC9,-0.07596673911705587
NPTX2,-0.07596715548164688
RBIS,-0.07600154829481191
WDR33,-0.07608709495122389
DDX19A,-0.0761119668218923
SC5D,-0.07616889418870523
APOBEC3F,-0.07619348663409513
COMMD5,-0.07619575438969063
BAIAP2L2,-0.07622001103108443
HNRNPUL2,-0.07623623206002444
TUFM,-0.07623638765672076
METTL15,-0.076238634590167
CCDC88B,-0.07630429213418227
TPGS1,-0.07631797577094325
STMN4,-0.0764008880768586
ADGRA2,-0.07641748656704275
MAOA,-0.0764321332797285
SLC25A5,-0.07644308948908268
NBN,-0.07646046713173514
API5,-0.07646392742487527
UBA2,-0.076466720532802
MAP4K5,-0.07652175942515581
ALG5,-0.07655362209529609
ABHD14A,-0.07658853724718807
MRPL54,-0.07660586973304635
SKP1,-0.0766273152848527
CCDC50,-0.07663301017246037
AMDHD1,-0.07664747458042975
DEDD2,-0.07668187762142573
CCDC89,-0.07690920148060719
ITPA,-0.0769172144294976
WDR5B,-0.0769994051226788
NAA15,-0.07700322998367633
NFKBIZ,-0.07704472385702081
PYGO1,-0.07712272774150654
CHORDC1,-0.07718432974721431
HECA,-0.07720777014602205
TXNDC16,-0.07722332958589129
DUSP2,-0.07724611379706663
SUCLA2,-0.0772606687029931
GSTZ1,-0.07726466013142325
TEX264,-0.0773596649161457
UXT,-0.07736090621707634
AARSD1,-0.07737741638338695
SREK1,-0.07740950716499766
NUP133,-0.07742109280496198
GANAB,-0.07749320219389358
KDSR-DT,-0.0775012870047856
PBLD,-0.07753440744990531
TIMM8B,-0.07759097364323209
SEC61A1,-0.07762035700109694
CC2D1B,-0.07770808154378006
SF3B5,-0.07771493130714648
PRPF19,-0.07773333104676841
PHF14,-0.07775255287811798
TMEM165,-0.07777255453907615
GDI2,-0.07780304167322652
SCAF1,-0.07790042622643921
PPP1R12C,-0.07792268124017206
PEDS1,-0.07799631570026241
RAB5IF,-0.07804849774360344
EBF2,-0.07804980135458545
GPATCH1,-0.07805846730884998
BAP1,-0.07809523739020525
MED22,-0.07825129222534379
CPEB3,-0.07828841075215164
LINC01504,-0.07832784386301245
PRMT5-AS1,-0.07837039006117155
PDLIM7,-0.07841545578823991
TCF7L2,-0.07842147150172331
PABPN1,-0.07842147844494268
ELP5,-0.07844794591325271
HSP90AA1,-0.07867125795593828
YBX1P1,-0.07882793294144626
WDR82,-0.0788963655481536
TMEM47,-0.07896516710256606
ZNF112,-0.07905511481328144
KLHL7,-0.07911845625488365
TXNRD3,-0.07920366136478592
PSMD6,-0.07921154600003048
LRRC47,-0.07924676115401905
BTN3A2,-0.07931430100864212
ACAD11,-0.07932056369109142
LEPROTL1,-0.0793580865966855
EID2B,-0.07937581817874644
GPR161,-0.07942659613334717
WFS1,-0.07946610495226782
UBE2J2,-0.0794701326314821
ACTG1P24,-0.07947435303017517
GNRH1,-0.07948259190724706
TPM4,-0.07952401888458269
TTL,-0.07957933928502271
CACNB2-AS1,-0.0795914692185103
HOMER3,-0.0797519674273742
TMEM37,-0.07976944450031827
RNF5,-0.07978508026164456
SDHC,-0.07978624000508933
HDHD5,-0.07981281075856117
G3BP2,-0.07983511604764865
SLC35B2,-0.07992153791282051
SMTN,-0.08000183757463676
PCBD2,-0.08000869205811117
BET1,-0.08005430310279468
SURF2,-0.0800556415314734
C2orf74,-0.08008085470452479
CYC1,-0.08008940513634351
PRPF8,-0.08010717270865648
PKN2,-0.08012656548935326
CDK17,-0.08016409843952178
PROSER1,-0.08016510774020932
PIK3R1,-0.08017707943830488
DCAF16,-0.08022322774136932
TCEA2,-0.08031108875629508
DNAJB13,-0.08039646940610215
SDHAP1,-0.08040861721763373
PSMB1,-0.08042147145061798
CSK,-0.08047849849414802
ARMC2,-0.08050288001076548
MANSC1,-0.08054052584096556
PPP3R1,-0.08055192863513173
SALL1,-0.08057311442361743
AKR7A2P1,-0.08059146525735726
STAMBPL1,-0.08073204565454423
SNHG5,-0.08074537356309568
APOM,-0.08075603416610794
ARMC7,-0.08079715754034579
DIS3L2,-0.08091283880523839
FAM162A,-0.08095758962693982
GLB1L,-0.08102718337575406
TRDC,-0.08107445200060968
MIR590,-0.0811126542172604
PPRC1,-0.08113505067775746
ZNF696,-0.08113513163876532
DDX51,-0.08120699108867928
MRPL35,-0.0812074778571862
MAP2K6,-0.08120849434831819
MAFA,-0.0812493518252477
CREB3,-0.08126686223955733
SIAH1,-0.08128111213040147
MTSS1,-0.0813053628705096
MYH9,-0.08135922968307058
CISD3,-0.08139876355784662
HYPK,-0.0814318495096819
PCNX3,-0.08144172245244016
PDZD11,-0.08149109101701674
ABCC4,-0.08151109463399994
ZNF223,-0.08158252279579405
PLD1,-0.08160342084223714
EIF2B5-DT,-0.0816772808543857
YEATS2,-0.08177139114814504
CLDND2,-0.08177169554765693
CEP250,-0.08178916079971629
TNFRSF19,-0.08185938770101232
RDX,-0.08193441740666621
SLC16A4,-0.08201896515201
CCNP,-0.08208718156765825
NBDY,-0.08216538158087838
MSRB1,-0.08220789236551883
CNN3-DT,-0.08221117186823819
CCNJ,-0.08225357596621606
CLASRP,-0.08229314766537238
H1-2,-0.08231705873352374
NEK4,-0.08232567227177848
BRINP3-DT,-0.08237461514224308
MYH3,-0.0824080897583021
CCDC51,-0.0824714651715607
AMPD2,-0.08250737273261835
CXCL14,-0.08258260732835764
PROCA1,-0.08265172766960079
ARRDC1-AS1,-0.08265965392954916
CALM1,-0.0826610434524347
SYNC,-0.08269359246921217
U2AF2,-0.08285989627298483
DPY19L2,-0.08287117947088976
PEA15,-0.08291188911733335
CUL9,-0.08301207611892382
UBA3,-0.08302532985820571
FKBP10,-0.08304287395922692
ECI2,-0.08313379359588507
RHD,-0.08315625422405955
ZFHX4-AS1,-0.08320667094747913
FAM3C2P,-0.0832235337891364
MYL3,-0.08323841213803555
ARL13B,-0.08330525703023672
TUBG2,-0.08334378711931738
UBE2K,-0.08341436321578055
TOR2A,-0.08342511102105446
ZNF138,-0.08344408711696494
TAF1B,-0.08351560581450632
DSE,-0.08354526725317929
MAGOH,-0.08359197212634807
USP13,-0.08364075691691239
RPS6KA4,-0.0836410753793923
ZC3H7A,-0.08364730468671448
SENP3,-0.0836642043433613
SMUG1,-0.08373106090457144
HMG20B,-0.08378215476023326
ZMIZ2,-0.08385430228973616
HSP90B1,-0.08404302192110759
WRN,-0.08405827484283909
DCTN1,-0.0840918683001348
TAF1C,-0.08416877915232768
HIGD1A,-0.08419100259725593
SLC12A4,-0.08428365371802105
OST4,-0.08435876205608644
TMEM80,-0.08436216524832854
PHF7,-0.08437129785640314
ACBD5,-0.08438414276254962
EMC4,-0.08443628023588987
NRL,-0.08444496988471113
RRP9,-0.08454418517018969
TUBA4A,-0.08461515991610566
BMP4,-0.08462757607568987
PIH1D2,-0.0846424529632243
TSSK5P,-0.08465379531197165
ADAMTS1,-0.08466606745468254
GSKIP,-0.08472671083319208
MED25,-0.08476106425487724
ZNF22-AS1,-0.0847643422739719
COPS7B,-0.08483217727396894
DHX37,-0.08484886740127684
LINC00665,-0.08487232246538905
SPHK2,-0.0849528520298114
STK3,-0.08495471553375826
IL17RC,-0.08497177587079062
PEA15-AS1,-0.08500648671382949
BDH1,-0.08502065368893492
ST7L,-0.08502581101034055
AATF,-0.08504516307677681
SCOC-AS1,-0.08509688222706897
SF3B2,-0.08513007505722527
DCHS1,-0.08513959115343347
PLVAP,-0.08518063538970275
FKBP1A,-0.08520666954961997
PAXIP1-DT,-0.08536046148536282
LRCH1,-0.08538725259374595
FDXR,-0.08548674845596316
SPDYE5,-0.08549406100917685
STT3B,-0.08556918149939967
PDE4DIPP2,-0.08576137540203205
TNFRSF11B,-0.08577945260970248
MORF4L1P1,-0.08579929544816253
PDIA3,-0.08590549256086374
SFMBT2,-0.08591774403961058
MRPL49,-0.08594383673040469
RHOQ-AS1,-0.08609108900555053
CGGBP1,-0.08609198592931618
RPL23AP7,-0.08614815697486593
NSL1,-0.08616240835575187
HOXD3,-0.08618807445246848
FBXW4P1,-0.08620256696289923
CRAMP1,-0.0863080286345044
TRD-AS1,-0.0863386646003396
ZNF7,-0.08635820483320919
GAS7,-0.08657953446552662
SEC22C,-0.08661290714270868
SH3BGRL,-0.08661983571715835
BMS1,-0.08668358374050221
ID4,-0.08671619913272018
KIF5C,-0.0868112596661974
PTPN18,-0.08681226357439821
DEPDC4,-0.08683951576559952
PITRM1,-0.08686373578108537
KANSL2,-0.08687242164865888
GGCX,-0.0869170769840172
UBE2SP1,-0.08693216613423599
PHF20L1,-0.0869864882205151
MTCH2,-0.08702888758975111
RABIF,-0.08703451108257435
CLPP,-0.08706706233131231
TMEM132A,-0.08706716977795835
PKP3,-0.08707317186285836
AGAP3,-0.08714998137312896
HEATR6,-0.08719662151167024
GFM2,-0.08720171976892843
FAM110B,-0.08724516623644518
FAF1,-0.08724707996782598
MCPH1,-0.08729122278799281
CSTF2T,-0.08729805034449425
SIN3A,-0.08732323959323915
ZDHHC8,-0.08734653290189588
CATSPERE,-0.08735619176705185
NDUFAF1,-0.0874290889287815
ATP5PF,-0.08746804992738824
CCDC82,-0.08747658719096621
SLC2A4RG,-0.0875990351222187
LRFN3,-0.08760275065172529
PCBD1,-0.0876082944369697
BACE1,-0.08765284999331141
HORMAD2,-0.08772288342252588
CCT2,-0.0877336743783533
RIC3,-0.08773528374261398
RFT1,-0.08774204876283295
NAA50,-0.0877587474290741
NADK,-0.08779265969226473
NOP9,-0.08779527634316359
ZNF775,-0.08782812616543136
PGM1,-0.08787778816055436
EIF4A1P10,-0.0879028107690694
PCYOX1,-0.08791911412757746
LRPAP1,-0.08793567392840877
INTS9,-0.08798336831191388
SP3,-0.08799921468322298
KAT7P1,-0.0880550609382928
LINC00404,-0.088086120581847
ZNF282,-0.08839564305679853
ATCAY,-0.08844259017109087
MRPL38,-0.08846910585266632
SLC39A7,-0.08847062773679115
NT5DC3,-0.08851629650117218
PDIA6,-0.08859934730189681
PACSIN2,-0.08879959840952042
GAPDHP1,-0.08880393830258271
CNOT7,-0.08887419856536695
ZNF22,-0.0889413477501855
TRIM5,-0.08896441475754358
GABPB1,-0.0889824186928603
ZNF845,-0.08898770776659023
ZNF592,-0.08900910619653345
MED23,-0.08909457337479855
CLPTM1,-0.08916810527886286
PIGF,-0.08917252103766019
KHDC4,-0.08917679353712026
CDC37,-0.08921025707534089
NTRK2,-0.08921353542878614
NOP14-AS1,-0.08923464953088847
PNKD,-0.08924004774233792
SNX5,-0.08928537482976573
TMEM123,-0.08948582366030511
DCAF8,-0.08952368835668682
LINC01301,-0.0896003767146971
COPS4,-0.08964271410823231
RPRM,-0.08968457181226168
CEP83,-0.089699466978089
ANKMY1,-0.0897151231041537
SART1,-0.08975209657525803
RDH11,-0.08988647944027167
MRPL50,-0.08990008170784675
SOX2,-0.08991010745707713
IFFO2,-0.08993145384668663
ZNF564,-0.09001780961782235
EID2,-0.09001789808285424
MTCL1,-0.09004083326836597
SHKBP1,-0.09004268626230613
NKD1,-0.09020605231414269
KIAA0825,-0.09025688588524025
PARD6A,-0.0902594072455792
GPI,-0.09031513590590017
GNAI3,-0.09032638668039422
NR1H3,-0.0903587029707733
MFGE8,-0.09043202979619083
PCDHB3,-0.09045697477828306
CCDC160,-0.09046467925940986
SPATA25,-0.09049762717934381
CREM,-0.09051713467253077
PSME3,-0.09054169044348465
TLN2,-0.09079929473079572
AP2S1,-0.09084599493372489
KBTBD6,-0.09088188843392876
NFKBIB,-0.09089239783101996
CDC42SE1,-0.09104805937593316
ORC5,-0.09112366576043501
LY6G5B,-0.09114749984457614
PTMS,-0.09120860480921211
POLR3F,-0.09125642151476254
POLG,-0.09131322121319457
CYB5R1,-0.09134390822375776
HYCC1,-0.09136193221915165
PWWP3A,-0.09139886307292562
HSP90B2P,-0.09152214105370668
IPO13,-0.09153394326625565
MEGF9,-0.09160823188021516
RPS6KB1,-0.09161440201402236
ASB8,-0.0916187364638377
PPIAP29,-0.09161968371842595
FGF2,-0.09164678483126663
MOGS,-0.09168806433785728
TMCC2,-0.09169184401832708
NAGA,-0.09171049122987848
RASSF5,-0.09171108926627079
DEAF1,-0.09172883579995078
FAM216A,-0.09178466418342958
TSNAXIP1,-0.09195618518256106
ZNF692,-0.0920659595039774
ZCCHC3,-0.0920899283705742
NSF,-0.09216414611676421
NDE1,-0.09229596030538662
NIN,-0.0923034541186716
TNPO3,-0.09240203363833865
MAP4K3-DT,-0.09244638389611196
ANAPC1,-0.09249059043373895
SLC9A1,-0.09251601913009132
TACO1,-0.09257163827227051
RPAIN,-0.09257544487234282
CDK11B,-0.09259733560478914
LINC02422,-0.0926351486671764
TRIQK,-0.0926979770574591
CHPT1,-0.09270843444277192
TMTC4,-0.09276459032757525
DGAT2,-0.09279362923394283
MFHAS1,-0.09281231768551008
PRR3,-0.0928137185952929
ELP1,-0.09290031573836774
ZNF497-AS2,-0.09298956642070483
TBC1D22A-DT,-0.09302209283081687
ERH,-0.09307690128785524
GTF3C1,-0.09311222236341538
ZNF473,-0.09316607698668608
ACACB,-0.09324004385307999
NOM1,-0.09326176679750617
YIF1B,-0.09327044537248437
ANKLE2,-0.09330380049605011
SNORD19,-0.09335081863459549
PHRF1,-0.09340127180755005
NACA3P,-0.09348659213908357
AGFG2,-0.09351511640800751
TIMM23,-0.09353476472372875
FOXD1,-0.0935362095936235
HDGFL2,-0.09356177615975052
SLC25A17,-0.09357607087533959
GULP1,-0.09358131476728093
ZNF35,-0.09358591989871184
RAP1B,-0.0935999917175655
EFHD1,-0.09360969956959389
FHL1,-0.09375668032761927
NEURL4,-0.09389613457458043
GFOD3P,-0.093930402749147407
PIGU,-0.09400941366128966
MIRLET7IHG,-0.09401781068932664
SRPRB,-0.094030698875677
DDX52,-0.0940343385734151
SMAD5,-0.0940429707996528
PREP,-0.09407161151095952
PRKCZ-AS1,-0.09412234570227199
ZNF236-DT,-0.0941547374666096
TAS2R14,-0.09428207409766555
FAAP100,-0.09432599960962826
CIBAR1,-0.09433784537153812
ZW10,-0.09441484230764058
UBE2D1,-0.09446067800121849
RBM38,-0.0944873130359356
NUP214,-0.09454596248710906
DLD,-0.09456175069384413
GPR89B,-0.09469941072564621
PMS2P3,-0.09475087616977189
MITF,-0.09476027163589497
YTHDC2,-0.09476321494467153
USP14,-0.09487609565920374
CYB5D2,-0.09488719404564956
BAG5,-0.09495615708534562
XPO7,-0.09500213497526905
KIF2A,-0.09501720911912094
ARIH2P1,-0.09502857059894408
ATG4A,-0.09503014606571794
VDAC1,-0.09504482087852782
BCKDK,-0.09505036928648326
C19orf25,-0.09510454496992576
EIF2AK3,-0.09511696948378233
MITD1,-0.09515471577127205
AUP1,-0.09517918409330556
DGKZP1,-0.09518676184111625
AP5M1,-0.09526020688208746
PARD6G,-0.09526875404493244
APEH,-0.0952844622655418
ENSA,-0.09530097614422652
POLDIP2,-0.09536268383450612
MAP4K3,-0.09538016319102174
C1QBP,-0.09543133166424832
SLC25A16,-0.0954538596564638
TOR4A,-0.09548462162760953
CRYZ,-0.09553609943922953
LINC00526,-0.09553869548285986
CCT6P1,-0.09559848990671936
PCYT2,-0.09561358417775637
CDK11A,-0.09561995033380581
RBFOX3,-0.09564491292627139
MRPS7,-0.09568377165679656
DDX39B,-0.0957420087029628
ZNF79,-0.09574582072315845
ARHGEF19,-0.09574837181985234
CLUHP3,-0.09576770324020221
UQCRC1,-0.09579856746787412
ARHGAP17,-0.09582464066234286
DPF3,-0.09585724360851594
LRRC58,-0.09586810345101014
DUS1L,-0.0959012206855174
PCSK1N,-0.09599159141539393
STUB1,-0.09610184994654569
TSTD3,-0.09612267283923194
USP10,-0.09613685292529062
OTULIN,-0.09614327409338619
TPRKB,-0.09622713366485833
ATP6V0A2,-0.09628908735263526
FAM185A,-0.09630246883674719
DENND6A,-0.09642476604461973
ZCCHC24,-0.09650460406828716
TEN1-CDK3,-0.09650996075103307
PALS2,-0.09653667839291437
RNF166,-0.09653889383908193
RAP1A,-0.09660307850830209
C2orf49-DT,-0.09660402036677988
CTCF,-0.09666652756479173
FMO4,-0.09668727368650587
AKT2,-0.09678822849010954
CLTCL1,-0.09679342798665479
UQCC2,-0.09680311092473316
AFMID,-0.096964373238438345
TRDMT1,-0.09701221132414801
OGFOD2,-0.09702610115012479
KANTR,-0.09712246234688322
GRK4,-0.09723181398227683
MARCHF9,-0.0972324358697581
PTHLH,-0.0973341485208655
SF3A1,-0.0973538548935077
BFSP1,-0.09736117895758102
MRPL57,-0.09736145390812632
P3H3,-0.09736768951449468
SETP3,-0.097470006220364
POMT2,-0.0975162728169202
STARD7,-0.09751926032244965
S100PBP,-0.0975645901264549
TRAPPC2,-0.09761281956645933
CAPZA1,-0.09761458408535242
MICA,-0.09776227243398376
DHRS1,-0.09779127468353672
INTS4P1,-0.09785539783662478
KCTD12,-0.09787434773938529
ANK1,-0.09801970199535766
RNPEPL1,-0.09803156652693017
ZCCHC4,-0.09805832804912988
SASH1,-0.09808479055532714
AJM1,-0.09811413410827534
FBXW11P1,-0.09812017532298908
CDC123,-0.09812736057695398
IMMT,-0.09814330095308293
ERVK13-1,-0.09820338213175563
GRPEL1,-0.09823165374425288
STAMBP,-0.0982409280349049
WBP11,-0.09826878816152464
PGGT1B,-0.09836418391884973
IKZF5,-0.09840527418375773
TBK1,-0.09840905011570597
LGR6,-0.09842544247707558
R3HCC1L,-0.0985024976601237
FAM20B,-0.09853494647476572
MRPL42,-0.09858433022086228
PSMA3-AS1,-0.09870882149548761
RNF145,-0.09872024275204888
GLYR1,-0.09881075207891372
TTF1,-0.09881299976859158
SNAP47,-0.09888324900779578
TMLHE,-0.09899714191087121
TRIP10,-0.09915140874556469
NOSIP,-0.09915203295491257
FBXO16,-0.09930085255066731
AHCY,-0.09930146053007263
FBXL17,-0.0993138787312313
SMC5,-0.09933425268530209
HEATR3,-0.09940494227081945
TCF7L1,-0.0994312260847634
FBXO8,-0.09943524249178101
RAB34,-0.09954809208031698
ZNF225-AS1,-0.09960715582733935
WDTC1,-0.09962739089335336
COPS5,-0.09965766870900665
RCAN3,-0.09970134195903824
UQCRH,-0.09974453073220965
PRKN,-0.09974623804929166
GDPD5,-0.09990390558285175
PLCB3,-0.0999211883446446
NUBP2,-0.09993100431949317
MRPL34,-0.09995398472241047
NDUFAF5,-0.09995605833693108
LPL,-0.09995610896143614
REXO1,-0.10000484056121504
ZNF799,-0.10000523764225741
ACOT1,-0.10004816069703826
ATP5PB,-0.10008144195171846
PPM1M,-0.1001093846686421
KIF3C,-0.10015200036367075
ZFP37,-0.10020942659346076
ZFP1,-0.10022147279274186
SLC9A6,-0.10029400131963097
CHKB-DT,-0.10029412281544724
SELENOF,-0.1003857376572099
ZBED5,-0.10050909503466315
TIGD3,-0.10053209520708634
PIRT,-0.10054662413465643
RHOG,-0.1005816384667575
TSPAN7,-0.10064808049419381
ABHD2,-0.10067240323571795
DAP,-0.10069423726394269
ANO8,-0.100740580554435
MRPS15,-0.10076214326638386
LIMD2,-0.10079907235348605
PINK1-AS,-0.10098648642965698
BPHL,-0.10099037624333285
ZNF267,-0.10106205277398765
ZNF30,-0.10110770354751028
HAGHL,-0.10113328524195221
ZNF69,-0.10113736590007727
PSMG2,-0.10119221574839216
UCK2,-0.10120131869292698
RBM12,-0.10123188457275688
ZBTB9,-0.10125969741227306
MGRN1,-0.10128287120516938
HAGLR,-0.10130922354215148
RFTN2,-0.10132896125897145
PRKACB-DT,-0.10135215663767547
PLPPR2,-0.10152683355981702
CAPN10-DT,-0.10156762387613594
LINC01703,-0.10168411239433085
CLYBL,-0.1017020410891445
ZNRF1,-0.10170560952050432
COX7A2,-0.10181406162650618
EIF2B1,-0.10189117047117675
KRTCAP2,-0.10196392149716892
TRIM71,-0.10196425678824517
DNAJC30,-0.10203679887329098
RNFT2,-0.102141360044574
MT1F,-0.10220754127837033
ZNHIT1,-0.1022800182721191
LINC01881,-0.10228062630504216
RABL3,-0.10228123997392004
TTC21B,-0.10232049570953819
LINC02987,-0.10237893881570936
C1orf21,-0.10241256280742839
FARSA,-0.10244446174169956
SNAPC3,-0.10247789001499953
HNRNPLL,-0.10250802405241173
CAMKMT,-0.10256807967146715
CYP27B1,-0.10257157312080455
RAB40B,-0.10264889923193987
MSANTD7,-0.10280972301853473
KCTD17,-0.10285317459890472
HSPBP1,-0.1028934663989957
EML5,-0.10291130403809727
HLA-H,-0.10294758122402081
ZNF335,-0.1029889350987113
RWDD4,-0.10302749415496833
ZC3HC1,-0.10303858395920135
TCN2,-0.10303993607373817
WARS2,-0.10310565540449819
LYG1,-0.10327678885848067
ZDHHC22,-0.10332185720465004
TOB1,-0.10333622187759994
C1GALT1,-0.10336330878698825
SLC25A13,-0.10339717563750525
GADD45G,-0.10346351009273402
CYTH2,-0.10348861881210844
CLGN,-0.1035022754605803
DMAC1,-0.10352100270867168
RHBDD3,-0.10353934434451806
IGSF8,-0.10370846936485757
FAM120A,-0.10372678944708684
DCXR,-0.10377850821941567
MTX1,-0.10387443115780566
RASAL2,-0.10391155294088887
FRMD8,-0.10399577256690566
CLK1,-0.10400844221716057
DNAJB11,-0.1040401644668786
CPVL,-0.1041091040065838
BETALINC1,-0.10415442520397382
ITGA2B,-0.10421338512850957
PHLPP2,-0.10429741544361126
SUCLG2,-0.10431654898098938
ZNF778-DT,-0.10436060079722942
ANKH,-0.10437222203451733
QDPR,-0.1044534428800915
H2BC15,-0.1044670724049487
CENATAC-DT,-0.1044971360559818
AP3B2,-0.10451081260847782
DLAT,-0.10452994451768494
DYNLL2,-0.10457732716923736
DCAF12,-0.10461599103065643
UBB,-0.10461655060089783
ZNF219,-0.10463300014986301
PRR14,-0.1046504172829761
TBC1D9B,-0.10465923635257046
GABRE,-0.10474341645002123
OAT,-0.1047902054119697
LINC00265,-0.1048014962797157
CTDP1,-0.10482906311029705
HEBP1,-0.10511634250865662
LYNX1,-0.10523385182187929
ADCY3,-0.10526432700598279
DNAJC24,-0.10529604500203991
ETAA1,-0.10532502567322993
TBP,-0.10536316973204406
SNN,-0.10539906618588918
NDUFA12,-0.10542637251363501
SIMC1P1,-0.10553814804178464
ANKRD65,-0.1055468250431321
SETD1A,-0.10562811019475887
MCAT,-0.10579472687143714
GNPAT,-0.10584305469789024
MNAT1,-0.10590823078626094
TMEM104,-0.10590863880111308
RBM8A,-0.10603162507527551
MFSD14CP,-0.10608282597408747
EPB41L4A,-0.10634757160936892
CCT7,-0.10637786464084963
ZNG1C,-0.10651329854171387
IRF2BPL,-0.10655393148858587
NIFK-AS1,-0.1065901311756778
EPHB4,-0.10659735458833895
KAT7,-0.1066278297748822
CYB561A3,-0.10662795352708446
DBIL5P,-0.10665086906920537
ARHGEF9,-0.10669483290288545
ZDHHC1,-0.10671728629102131
E2F4,-0.10683543749894844
HDHD2,-0.10689542174151227
FASTKD1,-0.10693909164672068
STYX,-0.10695952382350384
LINC02199,-0.10700239402034041
ZIC5,-0.10703235289137503
RBM23,-0.1070450357338272
DGUOK,-0.1071114899699371
POP4,-0.10713975165517964
ABCD1,-0.10718551940774868
LINC01579,-0.10721548904150702
ACP1,-0.10725182906906625
CHML,-0.10725417804737673
SPG7,-0.10726215924158178
ALX4,-0.10726772880668546
ZDHHC18,-0.10728131450097217
ABL1,-0.10731129202589759
TBC1D2B,-0.10734827788358611
INTS15,-0.10736398980054732
SYT3,-0.10746009349181392
SCHIP1,-0.10756946615909922
GPX8,-0.10758462122299356
ATP5PO,-0.10771091695183116
DPY19L4,-0.10778470276409309
UBQLN2,-0.1077997807150867
ATP5MJ,-0.1078166268253524
EXT1,-0.10792523531437645
MARCHF1,-0.10794688644774958
RBPMS,-0.1080184076206555
AGK,-0.10809997371124389
LIPT1,-0.10812443690604975
RRAS,-0.10816687655342026
ISG20L2,-0.10819004333023079
TRDJ1,-0.10833882570504495
EIF4H,-0.10837634674363722
IP6K2,-0.10842228230890431
TAF7L,-0.10844101992566976
IQCH,-0.10852590093908754
BUD23,-0.10852832040614836
TRAM1,-0.10864479024032488
MZT2A,-0.10865633116308204
SMARCD1,-0.10880434676778869
IDH3G,-0.10882204231745461
TMEM60,-0.10882953454512291
DSCAML1,-0.10887537288353943
NUDT9,-0.10887767726173694
PPP1R7,-0.10890603846148278
GLRX2,-0.10891555033311077
KRI1,-0.108945285278413
STAG2,-0.1089713895558957
TMEM70,-0.10904044392953298
DUBR,-0.1090471590143962
ERI3,-0.10912495757383783
P2RX4,-0.10928107358618594
HSF2,-0.10930736534082708
PDIK1L,-0.10931570730518127
TRMT11,-0.10933079108075512
LRRC37A2,-0.10935245878177347
ETNK1,-0.10938077210114884
AGRN,-0.10938279458261276
LRP8,-0.10945780951625603
MRPL41,-0.10945967306124518
BBS7,-0.10946027090092918
PABIR1,-0.10953234323612751
DOHH,-0.10953677413571776
CETN2,-0.10963299835031466
FKBP11,-0.10964087097516752
INTS8,-0.10976981021733431
ZBTB49,-0.10982555695264977
NT5M,-0.10983712697585095
CLPB,-0.10997803186424865
TOP1,-0.10997964173728648
ACOT11,-0.10999226853881344
MAN1C1,-0.11008515725912675
ERMP1,-0.1101772650618863
BNIP1,-0.11020902988576531
COL4A2,-0.11024385133362512
NSMAF,-0.11033596527490971
UBA1,-0.11033964016752108
DPM3,-0.11040366673965007
LINC01551,-0.1104071896638275
GPATCH11,-0.1104074823633315
GANC,-0.11050819507380995
CA5BP1,-0.11052009626069016
SS18,-0.11053267215273782
ACSL1,-0.11057805207320517
SPATA46,-0.11057886703799567
AP1B1,-0.11060131251281467
SMIM12,-0.11061887742378011
AP1S2,-0.11063306013822205
MAP2K3,-0.11065846090858343
DHX35,-0.11074433492918508
SRSF11,-0.11084191378980482
BLM,-0.11106314745017558
TMEM108,-0.11108218375610172
GTF2IP13,-0.11109542089522233
SLITRK2,-0.1111029214782291
LETM1,-0.11110395723356359
AMER1,-0.11110691624614681
ERAP2,-0.11111411456536358
TM2D3,-0.11114656191787205
PLEKHA6,-0.11118566463169528
SEC22A,-0.11136958134674527
ATP6V1E2,-0.11142868110745978
TRAFD1,-0.11154696633008632
FUNDC1,-0.11155752995551944
AP3S1,-0.11156145551308207
CYRIB,-0.11163839295314344
DUSP9,-0.1116648441187137
TMT1B,-0.11178745092910602
PTCD3,-0.11179797540745766
MED4,-0.11180801881798434
EPN1,-0.11181235229615173
IL12A,-0.11188640510029697
SNHG1,-0.11196330913031131
SMARCA4,-0.11198531413802493
RAB8B,-0.11200783391744673
NPRL3,-0.11201182500193652
ATP5F1E,-0.11201755410427144
GPAM,-0.11208525694536016
NEMP2,-0.11210916452178177
TOMM40L,-0.11220463338720935
SRRD,-0.11226082086909456
TMEM150C,-0.1123427185506427
EEF1AKMT2,-0.11239000014379658
STAG3L3,-0.11246298489788834
STARD3,-0.11259055009923763
KRBA1,-0.11271900664161562
JTB-DT,-0.11279072248276512
RAB11A,-0.11286990797632133
DAGLB,-0.11292006294348919
ZNF41,-0.11292192633085184
TTC13,-0.1129481272259536
FAM86FP,-0.11302542283161435
SUMO2,-0.11305307562498756
TRIM68,-0.11306019095636802
AIDA,-0.11310009130521831
NDUFB4,-0.11312395814031043
CTU2,-0.11324670351532877
NIPA2,-0.11326092969168061
SEC61G,-0.11334841461174153
HS2ST1,-0.11348389267900043
CASD1,-0.11356611873035276
PPP1R12B,-0.11379720741872142
TRIM36,-0.11383626271467467
PLXNB2,-0.11389770571458172
EXOSC10,-0.11395003691914278
LINC01816,-0.11398512467088084
TOP6BL,-0.11399792799398088
THTPA,-0.11400094898365133
SMARCD2,-0.11401892176610404
PON2,-0.11402058121155195
SMARCC2,-0.11415202220463601
ESYT1,-0.1141651027041169
DCAKD,-0.11428675927718493
AGPAT5,-0.11436879609246703
TRIM37,-0.11450266234871757
SCARF2,-0.11458975973703518
GLMN,-0.11459482397093369
COQ4,-0.11470314484079346
TTYH3,-0.11477039323021711
TERF1,-0.1147755083418874
SLC17A5,-0.11479706534777509
FAM76B,-0.11481165615987646
UXS1,-0.11484122408315166
ZDHHC2,-0.11490117317715608
ZNF207,-0.11495694437969475
MOK,-0.1149833844239856
UBASH3B,-0.115118237514922
DPY30,-0.11512316541241596
PDE12,-0.11513532229338101
HNRNPC,-0.11516259158762004
KIF21A,-0.11518335622656682
KLC1-AS1,-0.1151888048676274
PSMA3,-0.11539505382455233
GALNT1,-0.11548905123179123
TXLNGY,-0.11552284418901772
URM1,-0.11556231184192678
SMIM15,-0.11572894128652256
SDF2,-0.11585570935473971
ABHD17B,-0.11589606226457867
EPHA2,-0.11591172990311241
GNA11,-0.11591620424764978
CDO1,-0.11592651966217163
WASL-DT,-0.11596332200584772
LRRC66,-0.1159756091698996
UTP15,-0.11609694113563142
CUTC,-0.11610178698537942
RBM15B,-0.11618453527596029
TRIM23,-0.1164999710789683
AOC2,-0.116571151651444
EIF5AL1,-0.1166085590786176
LAMTOR2,-0.11664935430491545
PPP4R1,-0.11666271824143863
MKKS,-0.11677399152259599
PLAU,-0.11692801168549394
PCMT1,-0.11695376610073821
ELK3,-0.11696438128109496
PLXNB1,-0.1170203988020579
HRH1,-0.1170479107837116
TMPRSS5,-0.1171678017675141
RAI14,-0.11719870039319281
ZNF511,-0.11721043891235089
GNPDA2,-0.11725114475117611
ODF2,-0.11725469572211883
KLHL7-DT,-0.11727408608539336
ASXL1,-0.11727868645664782
AK3,-0.11762408678893087
WTAP,-0.11763864727205108
DNAJC8,-0.1176798699298713
PCDHB5,-0.11776785607661516
ZNF691,-0.11777625095891764
BRPF3,-0.1177969151471687
ARK2C,-0.11780848320419383
LNP1,-0.11784996144047313
MIER3,-0.11785522115459414
SEC13,-0.11787210202124296
NRARP,-0.11792337696737899
EHD1,-0.1179259776646065
UBE2G2,-0.11794868313693713
IPO8,-0.11801320348921761
NACC1,-0.11803089686073547
DYNLT3,-0.1180462098160251
DIMT1,-0.11804916869349034
MGAT5,-0.11810790074968806
DCAF1,-0.11814202882573614
PSMA7,-0.11817559991030115
SFXN5,-0.11827343342320017
PRMT1,-0.11837264700568338
NAV1,-0.11837816773930901
TMEM54,-0.11846832648478668
YWHAE,-0.11859172347253945
ANAPC5,-0.11862648626384939
CPE,-0.11880102129548807
SYNGAP1,-0.11886739298870734
CPTP,-0.11888839552523628
BAD,-0.11893916790970106
FBXL5,-0.11895166336427045
MIGA2,-0.11897378872779824
LINC02798,-0.11931776226744263
TMEM218,-0.1194622981085598
ARGLU1,-0.11947292856234412
FBL,-0.11953506037558313
ZBTB7C,-0.1195744710724121
CRY1,-0.11962388126137982
PDLIM5,-0.11972706477674522
PCNP,-0.1197298250988933
FPGT,-0.11979704830824037
PHLDB1,-0.11980558320530621
SCCPDH,-0.1198077053889058
RNF157,-0.11982097912975233
YAE1,-0.11994141086857317
MRPL36,-0.11997377377534287
LINC02693,-0.12004172296758978
TTC32,-0.12014267227885463
USP21,-0.12019400184034239
TSPYL1,-0.12022554327862772
ARMH4,-0.12025336330255823
DUSP7,-0.12027197052640547
CLEC2D,-0.12028502909243255
LENG8-AS1,-0.12041032728559443
SAMD10,-0.12046514925114665
MED10,-0.12050009525886045
CYREN,-0.12058752937599826
QRICH1,-0.12060162987365583
SLC16A1-AS1,-0.12069209576688036
NPL,-0.12074471497220814
SLC35D1,-0.1207994642852261
METTL9,-0.12086093388216088
CLTB,-0.12088770372696771
COX18,-0.12094660910976648
LMAN2L,-0.12096662190353127
RBBP9,-0.12106326472207578
NUDCD2,-0.12107575793538702
NTMT1,-0.12109648182472411
ITPKA,-0.12114456436542743
DDX5,-0.12124953724947131
HGH1,-0.12126362371515848
POLR2I,-0.1212799160384209
ZRSR2,-0.12131987815657394
CCAR2,-0.12134447375865617
DDX24,-0.12136024048385895
ZMYM1,-0.12137427708159175
LINC02777,-0.12160192048223124
FXYD2,-0.12162229381803558
TRIR,-0.12168694313331439
PREB,-0.12168700774152445
AKT1S1,-0.12170107490252678
MORF4L1,-0.12171890739148725
TBC1D14,-0.12172313586957562
DFFB,-0.12173499246118133
PEF1,-0.12175777621191151
APOD,-0.12177085676895157
BICRA-AS2,-0.12178940025346309
PRR15-DT,-0.12185987467992185
RPL15P22,-0.12187023276004841
ITGAL,-0.12188668105759888
DNAJB6P1,-0.12191523340202158
PDLIM1,-0.12192330672004568
RALGAPA1P1,-0.12196246939162886
EPHA1-AS1,-0.12198972073585189
CAMTA1-DT,-0.12200212239554376
ZFP36L1,-0.12201159415848313
GATD3,-0.12201286029437497
RPL4P6,-0.12205576692423735
CRNDE,-0.12206056254311991
UBOX5-AS1,-0.12207727601529082
FAM78B,-0.12207837330970163
BST1,-0.12210239164303645
KDM1A,-0.1221036949897486
SUGT1P1,-0.12211152671065835
HLA-G,-0.12218023079564526
RN7SL219P,-0.12220393052050847
TMEM62,-0.12223639405260932
SMYD2,-0.12226052213870872
OSGEPL1-AS1,-0.12226969503867975
ARMC1,-0.12227709194307987
RPL3P7,-0.12228718226830794
IL10RB-DT,-0.12228731616437806
OTP,-0.1222903737011983
APAF1,-0.12230945940435067
RNPS1P1,-0.12235878945952239
OXA1L-DT,-0.12238440234323464
CAAP1,-0.12238561214494678
TUBA3D,-0.12240646233119845
ZNF346-IT1,-0.12242373724774085
NME9,-0.12245718402845816
HSP90AB2P,-0.1224685459693287
TENM2-AS1,-0.12249268535770111
MIA2-AS1,-0.1225013273868929
RGL4,-0.12251876419076431
RHOV,-0.12254112634148719
CTCF-DT,-0.12254284540930396
SNORD100,-0.1225933323913141
SQOR,-0.12260538071278326
RRN3P2,-0.12261017927516886
CDH26,-0.12261143935033664
PCDHB15,-0.12262151600275353
CAMSAP1-DT,-0.12263196579416444
B3GALT5-AS1,-0.12264951096845783
CPNE9,-0.12268406140093449
SELENOW,-0.12273041563439581
BOLA1,-0.12273543392635311
GLIPR1-AS1,-0.12275317048518827
BCKDHA,-0.12275763019374149
SNRPEP4,-0.12276026372235674
NAP1L3,-0.12276595254759763
DSTNP1,-0.12277497203302341
NDST2,-0.12282140976492416
PSMD6-AS2,-0.12285160022912582
LINC02449,-0.12288899331412328
ATG2A,-0.12289771796020997
NUMA1-AS1,-0.12289807878049658
NCOA5,-0.12295412363579815
CDK16,-0.1230289443566905
JPH1,-0.12303210926574246
SRP68,-0.12306665512844919
LINC01431,-0.12309171558625309
EMICERI,-0.12314870261382219
CFAP45,-0.12315260386177787
MED11,-0.12317483781953183
TRAPPC5,-0.1231865182780299
WDR54,-0.12318843988917358
SETP14,-0.12319806541608541
C3orf38,-0.12320117235167208
GALE,-0.12324545023950205
SRCAP,-0.12325288268926617
PNPLA3,-0.12326357578744222
KBTBD6-DT,-0.12327068534146861
SPMIP6,-0.12335957043476002
CRIP2,-0.1233995819595471
TOPORS,-0.12351417699134272
POLR1G,-0.12355888828558009
ZNF878,-0.12358776020666008
CIBAR1P1,-0.12359837722072992
MMP15,-0.12361347106019617
ILF3-DT,-0.12366063741130144
SLC13A4,-0.12375324033725801
PIK3R2,-0.12376402420290697
CSKMT,-0.12379713929408356
PSD,-0.1238138710155474
COPS6,-0.12383519558065677
LTBP1,-0.12385162320862564
PHC2,-0.12390581658312683
SLC25A30,-0.12395461592833132
DMAC2,-0.12424654115076947
EWSR1,-0.12427388999664965
DNAH9,-0.12428377844154222
PTGES3,-0.12429485737703475
MRPS22,-0.12430992306210953
ABHD17A,-0.12431538487276657
MAP3K14,-0.12438528106994456
PDCD6IP-DT,-0.12441591192393116
EMC10,-0.12455962801875937
MRPL51,-0.12457924212912017
FAXC,-0.12458678017111798
MRPL37,-0.12462612310853392
THAP9-AS1,-0.1246568197674641
REX1BD,-0.12482509104213453
ZBTB2,-0.12492932342578147
TTLL12,-0.1250416610271147
CPS1,-0.12504178241666178
TRNAU1AP,-0.1250934315131623
ZDHHC21,-0.12514746737667892
NCKIPSD,-0.12516701064474642
UBAC1,-0.12517159892164093
SLX9,-0.12519801134790284
PIANP,-0.12522879314192098
ACTA2,-0.12525179730656189
UBAP1L,-0.12533985174287562
AP3M1,-0.1253810933176136
TMX3,-0.1253957086679466
NSFL1C,-0.1254169000113917
ZC3H18,-0.1254469133030584
GBF1,-0.12546544503824722
NDUFB8,-0.12562656813497547
PSMD11,-0.12568988166170897
RFX4,-0.1257536257726132
ELP4,-0.1257642696739848
DGCR2,-0.12576616950202302
DBNL,-0.12581515163881857
C1orf53,-0.1258469909058396
CMTM6,-0.12585445008701904
ZC2HC1A,-0.12602336930958866
SMARCC1,-0.12610948425265792
MRPL47,-0.12625623679977854
ASPH,-0.12634912279379137
PSMB5,-0.12662278873199587
AKT1,-0.12667853735650775
SLC6A11,-0.126727329444124
SUGCT,-0.12678787076344097
HDAC8,-0.1268084480966485
CPSF6,-0.12680986729280969
COA3,-0.12685657539210574
SLC25A24,-0.12714376614316103
KMT5A,-0.12716633624712928
NFYA,-0.12717597222412577
TRIM41,-0.12721862382281784
OGG1,-0.1272244355032657
STMP1,-0.12722714882506303
NDUFB11,-0.1272967134408198
DGKZ,-0.12731294752575506
FOXRED2,-0.12751873194331848
PTRHD1,-0.12762704020855092
MRPL33,-0.12762867959148194
CCT5,-0.12764953182066632
IQCG,-0.1276735461490722
ELOF1,-0.1277802905778398
TIMM17B,-0.12786182726913775
EIF5B,-0.1279296770993568
PRDM10,-0.12797339264633764
ADRM1,-0.1280021192876716
SNAPIN,-0.1283869205416404
PAPSS1,-0.12843672465648295
CNP,-0.1284674225985546
GRWD1,-0.12854049219100733
SEPHS1,-0.12856749614004984
RAPGEF6,-0.1285681574313352
ZBTB33,-0.12863355484644456
ZNF414,-0.12865439780073792
MRPL3,-0.12865602643629348
MAML1,-0.12873654992606584
ADCK2,-0.12875031563095682
SCARB1,-0.12884110479080157
ALG1,-0.12889265695368163
RHOT2,-0.12891985966061578
DTWD2,-0.1290419121300401
INTS5,-0.12911482980640288
TIMM17A,-0.1291579130433211
ARG2,-0.12918594939190642
GPR3,-0.12920991066587242
MYH11,-0.12921513271559099
HNRNPK,-0.129275496543445
YY2,-0.12932812554789555
FBXO46,-0.12936805546145608
DAGLA,-0.1293864424561611
KCNIP2,-0.12940294201071395
IDH3B,-0.1294094003015433
IFNAR2,-0.12960123463452472
BAALC,-0.12997873907658708
PLPP3,-0.13001822765889356
MTMR10,-0.1300724851563549
HERC5,-0.130086125558129
CALU,-0.1301492922069347
PALS1,-0.13041159074896402
HOXC9,-0.13053840227859648
TRIM14,-0.1305761657620233
TBPL1,-0.13062155922445595
RABGEF1P1,-0.13067295858036035
EPN2,-0.1309067395409671
TMEM126A,-0.13094444391657223
SRGAP2C,-0.13095967909270478
SMNDC1,-0.13096222820408152
CD276,-0.13102002542170058
AGPS,-0.13106037224490105
ZMPSTE24,-0.1311421601413838
STK35,-0.13116790897845024
GNB1L,-0.13123775681424407
TLE1,-0.13128769291407197
PSMC6,-0.1314493507037516
CYB5R3,-0.13145341577257585
FKBP14,-0.1317806612063768
DNAAF5,-0.13188478309852592
TUBB6,-0.13190569859158577
LAMB2P1,-0.13215758298143626
FSD1L,-0.1321651410900693
BZW1,-0.13226211189684123
COQ7,-0.1322933851677164
CFAP54,-0.13234744559263958
HDAC9,-0.1323611707249909
ALKBH4,-0.1323781672720324
NCEH1,-0.132504485630067
APC,-0.1325618277593451
TEX9,-0.1326500308544996
TMTC3,-0.13269586542605305
PCYOX1L,-0.1327296135055909
RBM4B,-0.1327531932984943
LCAT,-0.13280432769637085
RRP36,-0.13282273028205271
LBHD1,-0.13293143398123325
SIMC1,-0.13293214120535185
HOXA6,-0.13303072923126694
NUTF2,-0.13308622773406464
FZD6,-0.1331002618475453
TBC1D2,-0.1331035432772103
HOXA4,-0.1331866067167108
EARS2,-0.13321457988840515
ANKRD13B,-0.13328720259664342
SUMF1,-0.13336352204806778
TMEM241,-0.1334486319852629
NECAB2,-0.13345420120054985
ZC3H4,-0.13347763119381847
SEMA4D,-0.1335062881907894
GTF2IRD2,-0.1335429125658483
UGCG,-0.13356976324789027
NIPSNAP2,-0.13365173879362469
TIMM13,-0.13365712068833152
SCOC,-0.13366141283130287
LHFPL5,-0.13371448443934697
KCNK3,-0.1337542231510738
SNHG17,-0.1337658026997047
FASTKD3,-0.13382476773896448
STK11IP,-0.13393371836650939
NDUFA6-DT,-0.13395173607414598
BLOC1S4,-0.13404602185481518
MRPL46,-0.13404650806764293
TRAF3IP1,-0.13418673572131434
SH3BP1,-0.13422545392298257
PLAAT1,-0.13428813928466185
TATDN2,-0.13456925263704786
DNAJA1,-0.13478140825211085
CEPT1,-0.13485275171073624
COMMD1,-0.134877735769942
TMEM161B,-0.13491714248262843
ACTL6B,-0.13496682910132235
FEM1A,-0.13497162729975
MIPEP,-0.13497718286812996
ABCF1,-0.1349947243320482
PLPPR4,-0.13508492876958955
CCT6A,-0.13510885954515414
PDCD5,-0.13517549434432866
PCDHA11,-0.13520840666857406
ZNF37BP,-0.13523097635460535
TENT4A,-0.13524387079885705
IPPK,-0.13539899017412388
PHF12,-0.13542283034174107
MPV17L2,-0.1355175184445275
ELAC2,-0.13560302840494823
TUFT1,-0.13562092078069093
SOX6,-0.1356340947249456
ERGIC1,-0.13572706583424665
NDUFA11,-0.13580467267846322
KANSL3,-0.13581560043647725
MRPL24,-0.13583397742383932
MYPOP,-0.13591086146205306
RSBN1L,-0.13594095267687725
QTRT1,-0.13599767325953915
TBC1D7,-0.13600559033880288
C9orf72,-0.13602876559880447
HNRNPU,-0.136034131309702
RHOA,-0.1360652091909053
MED21,-0.13615926335231363
KHSRP,-0.1361756413343858
VEZF1,-0.13629542636054615
AK3P3,-0.13633087311411118
SP4,-0.1363815640425106
GEMIN6,-0.13641918691351201
ZBTB17,-0.13645187800649114
UBE2N,-0.13646084869640182
RNPEP,-0.1364812369455122
QPCTL,-0.13651881447718564
PLAG1,-0.13656175761148717
SEPTIN2,-0.1366355410987047
PEX13,-0.1366510304512565
CUL1,-0.13668754754893073
ABCC11,-0.13669338859060975
NDUFB3,-0.1367414125475284
TWF2,-0.1368760411148449
DBN1,-0.13688460657320697
ATP10D,-0.1369244544922958
INTS13,-0.13694379824780079
SLC5A6,-0.13706371041244406
HOMER1,-0.1371418240805754
TIMM50,-0.1371437544635414
TRAK1,-0.13717189075518182
BAIAP3,-0.137195053296081
GART,-0.13721802941204225
HS6ST2,-0.13743556996867817
MOB1A,-0.13752965048224175
GCA,-0.1376215914154215
G6PC3,-0.1376620198444155
VPS37B,-0.13771330857242017
NUBPL,-0.1377856131324705
ZNF678,-0.137786088341213
LAMTOR5-AS1,-0.13789226927645407
NUP58,-0.13791352297641815
ITPKB,-0.13792427595092302
HOXD4,-0.13794019879927322
ATXN7L2,-0.13795347654908757
LSM6,-0.13798380424857526
B4GAT1,-0.1380645617790581
RMND1,-0.13817725692017185
UGP2,-0.1381986559726946
GGA3,-0.1382234230247389
DERL2,-0.13824052638716944
UTP4,-0.1383044214956772
ADISSP,-0.13840010519957469
STK16,-0.13845981571805197
CYCS,-0.13848212620334582
CFTR,-0.13852052923599997
PCDH17,-0.13862393863027303
PRRC2A,-0.13866747458780795
PYGM,-0.1387547629347218
AP4B1,-0.13883549344320523
C8orf88,-0.13884478924168842
MED30,-0.13886577638561973
FAT4,-0.1388849262842578
TIGD2,-0.13891136388463152
SYDE1,-0.13896429513366945
RIMBP3,-0.13906136584113438
ZNF710-AS1,-0.13910856433984958
BMPR1B,-0.13912654756262807
PDE4A,-0.1391270382660601
SNORA33,-0.13913887985317996
LINC00938,-0.13924109327935638
LAS1L,-0.1392478895937976
KCNIP3,-0.13927835708662015
ATP5F1D,-0.1392976969442188
NEDD8,-0.13930151009211028
JADE1,-0.1393270665989399
ARPC5L,-0.13935749253435367
OGFRL1,-0.13942936420059354
TFAM,-0.13946636705387172
MAP4K1,-0.13952879428208506
ABCC10,-0.13955361545160452
PPA1,-0.13955385815185853
SCAP,-0.13958421948956948
ERFE,-0.13965803692480466
ANKAR,-0.13977493323624637
HAS3,-0.139879155949415
SPIDR,-0.13988182920969094
PRKAA1,-0.1399624671104047
PPM1B,-0.13997785450821104
ZNF85,-0.1400229961118369
POLR1E,-0.1400250185117813
ZNF486,-0.14017273152608173
SBK1,-0.14017579549981848
CSPP1,-0.14019843941085638
FGD6,-0.1402165032706584
PAXBP1,-0.14027784316067465
CCDC117,-0.1403139505098715
DDX54,-0.1403976367308476
EEFSEC,-0.14052151922682035
EIF2B3,-0.1405791945966332
DZIP3,-0.14064457384209963
ELAC1,-0.14067565328001574
FZD1,-0.14077529704619524
TCAP,-0.14081993077559246
SLFNL1-AS1,-0.14085250146406023
TUBA1A,-0.14087484489552826
FARS2,-0.14103562799668065
RAG1,-0.1410562915518885
ZNG1A,-0.1410584592253361
LARP7,-0.1410851925078986
REC8,-0.14113104305275398
HNRNPH3,-0.14118849546591197
CTDSPL,-0.1412354241632056
APBA2,-0.14140631232117706
FSCN1,-0.14142800393458002
WDR24,-0.14147686874212034
MRPL9,-0.1416094578978677
BAZ1B,-0.14165209559359518
ROBO2,-0.141770891051746
CDC26,-0.14179209443927004
NCAN,-0.1418317115823411
ZNF71,-0.14214281727322056
NDUFB2,-0.14220193607449996
GPAT4,-0.14220884710937715
ADGRL1,-0.14229547409428936
SELENOI,-0.14229931924756634
ARAF,-0.1423182570378791
GAREM2,-0.14236675129460433
ELF2,-0.14240251367026838
FBXO17,-0.14251456436807255
FHAD1,-0.14254009447756322
NDUFS3,-0.142558688637504
MFAP1,-0.14259365606931912
SNRPGP2,-0.14271461362586754
C2CD5,-0.14281949150085452
FZR1,-0.14283941289471314
YBX1,-0.14286247298554663
MTHFS,-0.14288186619928261
LINC03015,-0.14302271966384858
HDAC1,-0.14311386664187725
ZNF708,-0.14321197268295197
TBC1D24,-0.14321642702656281
VWF,-0.14322048496941603
BBS9,-0.14322400281734132
SLC12A2,-0.14328942105615808
EML6,-0.14337981471093864
MIRLET7A1HG,-0.1433858014628222
IL18BP,-0.14342275887028028
RPL37A-DT,-0.14354489108435603
NFIC,-0.14355329134418393
ESS2,-0.1435604724603443
SLC30A6,-0.14365955720976786
LRRC14,-0.1437074139980707
PTOV1-AS1,-0.1439020235314172
TOR3A,-0.14395456545650234
BRPF3-AS1,-0.14402478333519644
LSM12,-0.1440533942271897
MMP25-AS1,-0.1440683388580944
GJC2,-0.1441259390753267
ALDH18A1,-0.14412936899617024
WBP1,-0.14420871686587783
CEP112,-0.14430816126983034
C2orf72,-0.1443213878693779
CADM2,-0.14440896029347605
STK24P1,-0.14443948291147182
BEND5,-0.14455003239343087
SMARCD3,-0.1446284854889617
COPS8-DT,-0.1446948518408927
SHROOM3,-0.14472246135841615
PSMD14,-0.14475193888776616
AP1G2-AS1,-0.14484557052936603
NDUFA3,-0.14492785323396445
MEPCE,-0.14503897332255866
DNASE1L1,-0.1450742428081138
CCDC124,-0.1451229559254211
ELMOD3,-0.14516109797597895
METTL26,-0.14517375935773133
CCDC85B,-0.14530047216268455
CHKB,-0.1454241524666361
LYPLA2,-0.1454510442418181
PAK4,-0.14546284175441246
TTC4,-0.14546305615379257
QTRT2,-0.14563317698538794
TSR2,-0.1456647380121753
TNK1,-0.14567356557522962
CD27,-0.14591085798586287
LRRC42,-0.14595185959126536
CDC27,-0.1460792004808002
ZNF682,-0.14609795047315055
SNTB2,-0.14609826817871716
CLPTM1L,-0.14622928993857254
MRPS9,-0.14625345792262634
NDUFAB1,-0.1462848242254177
SLC8A2,-0.14645007058546167
E4F1,-0.14647346345946133
SNRNP70,-0.1465446039811497
SNORD14A,-0.1466103184019039
BCL7A,-0.14663633519408553
AGPAT1,-0.1466543277588732
ZNF230,-0.14666727554247497
ZNF710,-0.14667248355530396
TUBD1,-0.1468073587847801
TAF6,-0.14684529460989013
ZNF569,-0.1468468397564935
SMARCB1,-0.14687668693407396
IPO5,-0.14693504079083636
PKIB,-0.14704011684810148
UBL7,-0.14704501403996306
HMGN1,-0.1471000544897998
MAP2K5,-0.14737182048971437
OLFML2B,-0.147464034832335
FLAD1,-0.147483992779535
PRR19,-0.14750191595255624
COMMD10,-0.14761672797977599
MESP1,-0.1476226369723586
ARL6,-0.14766119660681104
RRP1B,-0.14770125541140045
ORC2,-0.14773819421490014
NREP,-0.14780663652902512
SAMD13,-0.14781771595998905
HOXD11,-0.14785951499822603
CCNQ,-0.14792720098918372
ABCA8,-0.14804326071507398
MEMO1,-0.1480498806990022
EDC4,-0.14809152923205357
SEPTIN7,-0.1480957359628854
TOX,-0.14820652421604072
STXBP2,-0.1482206123447919
C11orf87,-0.14825048059522175
DEPDC5,-0.14825315382883753
SRGAP3,-0.14825468674727002
RAMP2,-0.14826108252337467
H2BC12,-0.14830163027385024
SPINDOC,-0.14835421221935552
NONO,-0.14838150158072821
HSD17B1P1,-0.14839795782642448
RAVER2,-0.14841181601806733
STAG2-AS1,-0.14847307379945202
GLI4,-0.1484943068110163
EEPD1,-0.14853638187658555
TNPO2,-0.14857720898217436
STAM,-0.14858734003468552
BAZ1A,-0.148600116377077
LMAN2,-0.1486057439715163
HAGH,-0.14874209396002253
SLC25A1,-0.14876623651148901
GFUS,-0.14879250695192944
GPER1,-0.14885985867850138
PACSIN3,-0.14889680391694174
CYP51A1,-0.148948069383557
PGBD5,-0.14898904872837182
LGR4,-0.1490440094000877
SCARF1,-0.14915184598202794
PLSCR4,-0.14919187214071308
SNRPD3,-0.14929831710597746
PARK7,-0.14937538653338445
NOTCH1,-0.14940031990603864
GFOD2,-0.1494174411902207
SMIM2-AS1,-0.14955288600422367
FDX1,-0.149565909393514
CERK,-0.1495697421919284
GEMIN5,-0.1495817153907857
TMA16,-0.14962514444880445
TMEM71,-0.1497290727392614
RIC8B,-0.14973664878025572
UBE2I,-0.14981779860994673
DPP9,-0.1499325384752767
NOL11,-0.1499422045082225
PHF5A,-0.14996511467624435
USP9Y,-0.14996976692829547
CUL7,-0.1501050911393207
LPP-AS2,-0.150216813056075
RETSAT,-0.15021837686376796
PRDM15,-0.1504987715273461
SYNCRIP,-0.15051426729812434
DNAJC22,-0.15054657682034234
HMGXB4,-0.15067799428568873
TFAP2A-AS1,-0.1506904604142288
MED20,-0.15076089810897428
ZNF266,-0.15081885514140536
ACLY,-0.15089367528851788
CENATAC,-0.1509008209568573
TPMT,-0.15091922332901672
MFSD14B,-0.15098620135876273
PEX3,-0.15109554214443782
SLC43A3,-0.1512067243551012
SELENOV,-0.15121512525142947
XPO1,-0.1512217486935155
CNOT10,-0.1512412868831346
RNF38,-0.1512709998831893
RNF216P1,-0.15129321481124694
VIRMA-DT,-0.15137103358858958
PKNOX1,-0.15143536511800343
ZNF445,-0.15144314818234478
ATP5MG,-0.15145289450930915
MCRS1,-0.15145830489966336
ZMPSTE24-DT,-0.15153581962617813
PPP2R1A,-0.1515444246034588
LUC7L,-0.15163163441534402
NPM3,-0.15163913979069735
TEX261,-0.15164990171563225
FTSJ1,-0.15166220299197467
TMEM167B-DT,-0.15166372832743022
ZNF594-DT,-0.1516823002978712
PIGT,-0.1516850124232041
GOLM1,-0.15178308034382887
ANKRD36B,-0.15179549916317198
SESTD1,-0.15189337997486324
MPHOSPH6,-0.15193748678185046
PLEKHA1,-0.15195736871327462
ZNF280C,-0.15203454069777886
ERGIC2,-0.15205281510789537
CAND2,-0.15209732474283624
HLA-L,-0.15216589553986587
R3HDM1,-0.15218439437879883
MARCKS,-0.15222653489146712
FZD2,-0.15226942528317722
STX2,-0.15236183426741964
SWSAP1,-0.1523783581167668
MT-ND3,-0.15240886000572795
NCAM1-AS1,-0.1524542673832892
LINC00571,-0.15246811737788904
TEK,-0.1524836371202384
IDE,-0.15250526913411935
KCNJ2-AS1,-0.1525069459810977
SYCE2,-0.1526802981450678
IMP3,-0.15275394577164345
ANKRD63,-0.15282115894004492
UPF1,-0.1528212462196783
RASSF8-AS1,-0.15288939297429546
MLEC,-0.1528964357635779
MEIG1,-0.15292050925775927
HNRNPF,-0.15295640033399696
APBA1,-0.15296453971776455
ZNF121,-0.15297354008876723
BOC,-0.1529862195224584
PPP1CC,-0.15302708015632627
FRG1,-0.15311965181778325
C2orf88,-0.15316592679741445
PRXL2B,-0.15323627669526288
TFAP2A,-0.153253222389395
SCRIB,-0.15332296055026753
ZNF491,-0.15342734573776362
TMOD1,-0.15370492476088712
MALSU1,-0.15374466615364363
TANC2,-0.1537765643913643
SNAP25,-0.15378167597816988
PI4KA,-0.1539858166655936
GNAQ,-0.15401620379456288
EEF2KMT,-0.15405241864710129
DENND2A,-0.15407243069745585
MCEE,-0.1541420126264105
CNRIP1,-0.15417107082048093
FBXL3,-0.15417925707849447
NOP58,-0.15419021188559098
SRBD1,-0.15423708614835477
HACD4,-0.1543474264374449
NDUFC2,-0.15440360743190706
LINC01410,-0.15450266190249973
METTL18,-0.15453067061395853
TP53TG1,-0.1545531428624371
LRCH2,-0.15471015952097344
LMBRD2,-0.15474244595672193
SLX4,-0.15484911825406564
OTUD3,-0.154881251989
AQP1,-0.15495804128476007
SF3B4,-0.15501234143194226
OTUB1,-0.15503224151119527
NCL,-0.15504204751618353
RBKS,-0.15507455568721007
FUBP1,-0.15509188443136881
PPIP5K2,-0.15518040668034624
ARHGEF10,-0.15540389097816742
UFD1,-0.15542537360563766
C6orf52,-0.1554441765865065
MESD,-0.15544657459392083
DPY19L1P2,-0.15552828694816592
SMARCE1,-0.15557437580830977
MDH1,-0.15557650221949695
ING5,-0.15558160401616214
PSMD10,-0.15560211397742518
DAPK1,-0.15562797654106833
RRP7BP,-0.1556742369526101
UQCRQ,-0.15570348802447262
RAE1,-0.15571881522466183
SP1,-0.15583747881654247
HTRA1,-0.15585090829342416
PANK1,-0.15589980285712685
TAF4,-0.1559102100072791
BYSL,-0.15603924541879793
BID,-0.15605973636163303
SLC44A1,-0.15607499774957231
CLCC1,-0.15608402122481455
TET1,-0.15612249738102965
FTO,-0.15630250618244432
FARSB,-0.15631425483028089
PCGF6,-0.15637092833899524
RALGDS,-0.15641305959439777
CNOT6,-0.1564297716616432
PANX1,-0.15651493650086853
WDR5,-0.15651541121329007
C6orf163,-0.1565424175631009
THOC1,-0.15655768734032982
ANGPTL4,-0.15661818473973405
SRD5A3,-0.1566288986496367
CA2,-0.15663167268464134
EP400P1,-0.15677586702279747
MTRFR,-0.15681849320498342
PCGF3-AS1,-0.15690795102777202
RPL17,-0.157023128818473
IGSF5,-0.15707891165832463
TRIOBP,-0.1571095000954308
DUS3L,-0.15717762691463794
PLPP1,-0.1571845526668996
TMEM198B,-0.15732660826711414
NDUFA2,-0.15737078150373104
RNF144B,-0.15742105406297865
ANP32A,-0.1575250326654656
DXO,-0.15754908126016878
CHCHD3,-0.15766310676184717
BAHCC1,-0.15766905457084587
SNRPD2,-0.15767663170770166
THOC3,-0.1576944722456274
SRSF6,-0.15784488942390787
SSNA1,-0.15786863294269693
GSTM2,-0.15789516079015842
RNF121,-0.15792859508289925
FGD1,-0.15796084434283192
ARHGEF6,-0.15805525923103292
HOXB2,-0.15808198199654888
PTGR3,-0.15812004831100282
ADAMTS4,-0.15816329124700737
LRRC8B,-0.15821097142504323
VCP,-0.15825408760720924
RGN,-0.15828382370705715
TUBGCP4,-0.15829383226985436
ZBTB47-AS1,-0.15831032784106938
TIMM8A,-0.15832705482090073
ZNF114,-0.15843197412223023
PSMD3,-0.15847770441879253
GRIP2,-0.15851589782892267
LTK,-0.15858986626563623
NUDT16L1,-0.15866111540319697
ITPR2,-0.15874515863555225
AURKAIP1,-0.15875870751329638
POLR2A,-0.15881499046940165
LRRC8C-DT,-0.15892831674172603
ANKRD26,-0.15893461227803576
ULK4,-0.1589429484866936
NCK2,-0.15899534142894597
GTPBP1,-0.1590354504093967
IFT56,-0.1590382381545363
DAG1,-0.15912410524132256
PBX3,-0.15914658150342673
RUVBL2,-0.15916106031925273
PKDCC,-0.15928376465818533
CAND1,-0.15941666077227248
PPP1R21-DT,-0.15943858416366993
LINC01102,-0.1596609311370012
ARL2,-0.15973900601164015
TM7SF3,-0.1597778098504809
KATNAL1,-0.15980195429034683
ZNF253,-0.15980469260835045
NPEPL1,-0.15988483188546768
CFL1,-0.1599042507616035
ARL3,-0.15998448650339284
NUDC,-0.1600673030565989
CXXC1,-0.16018240285283922
PSMA6,-0.16019674844033782
PRRX1,-0.16034103182478116
SAXO2,-0.16035694127831351
PSMB4,-0.16038930449209704
FBXO22,-0.16041360291257675
ASCC3,-0.16042965084604677
COPE,-0.16044117037052483
ZFAND2A-DT,-0.16045824859943483
TPM3,-0.16055244056275766
TAS2R19,-0.16057545993981115
LINC01232,-0.16061461459044235
F8A1,-0.1606822468611856
HNRNPUL1,-0.16072301241474343
PSMC5,-0.1607404029525407
TYRO3,-0.16075174906788206
IRF3,-0.16080359572052794
ST8SIA5-DT,-0.16088425108052606
TMC4,-0.1609134151524656
LINC02916,-0.16091880182409132
MRPS34,-0.16095723383806815
C1orf174,-0.16098151464277738
SWAP70,-0.16098241754983386
FAM13A,-0.16105692219803322
IRAG1,-0.161060173202768
PI4KB,-0.16107620577057738
MRPS6,-0.1611368757821237
TMEM88B,-0.16116378797479047
ATP5MC3,-0.16130529097205734
SHTN1,-0.16136338185490587
IRS3P,-0.16141562970495107
NUBP1,-0.1616218284544827
MBLAC2,-0.1616290710189394
PPM1D,-0.1617372447795865
STK38L,-0.1617995634154573
WDR77,-0.1619344852771182
RAD51B,-0.1620056740532437
LOXL1-AS1,-0.16225199671625753
TMTC1,-0.16226724530280734
BIN3,-0.1622961274041871
ZNF487,-0.16234912750374308
MRPL1,-0.1625031899223814
CCNC,-0.16255574493086009
UQCRHL,-0.16256501508003776
VIM-AS1,-0.1626071352761664
ADAMTS7,-0.1627516398703977
NFIX,-0.16281413489522867
SCN2A,-0.1628420172919298
TXNRD2,-0.1628567876620912
C1GALT1C1L,-0.16287057687258286
HOXC10,-0.16287373170466476
ST8SIA1,-0.1629222829807237
FAM89B,-0.16294960642591758
SYNGR2,-0.16305569124488603
PTOV1,-0.16307326422050844
ARRB1,-0.16310830643446497
UBTD2,-0.16321765221335938
COQ10A,-0.16344440328732454
GNG4,-0.16345160325224656
TFIP11-DT,-0.16349447750460316
MCM9,-0.16358369495717695
AK2,-0.16358648733781822
GPS1,-0.16376414087371097
ACTB,-0.1637967496913202
FGL2,-0.1637975054135029
MAPK9,-0.16383826910284077
LINC01686,-0.1638635063338328
MTRR,-0.16389085716642168
WDCP,-0.16393020472237652
GCDH,-0.16400727541858642
SOX1,-0.1641001383464164
CNTFR-AS1,-0.16413103790472533
FCER1G,-0.16414613068522593
EEF1D,-0.16423172896432295
TAF10,-0.16423918840252738
PAX5,-0.16434132457603884
ISOC2,-0.16440746816976853
PRICKLE1,-0.164496853928377
CAMKV,-0.16450714193005578
LMCD1,-0.16452520586191438
ARPC1A,-0.16461956426285548
NRBF2P6,-0.1646241526457911
MAST1,-0.1646884723266939
FBN1,-0.16469306200720432
FRRS1,-0.16469418424480603
DBR1,-0.1648846571210415
FAM136A,-0.1649089409438116
HACD3,-0.1649137307986151
ZNF731P,-0.16495336215750248
NECTIN1,-0.1650781887283808
FUT8,-0.16513768292800787
TJAP1,-0.16515384851098866
FAM13C,-0.16518554061122762
LRCH4,-0.1651864398376521
ANKRD49,-0.16521525011510618
PTPA,-0.1652246617845962
KCNH1,-0.16529994132563175
CHMP2B,-0.16531333026145445
ADGRV1,-0.1654750692974776
TMEM100,-0.1654904098353227
CHCHD6,-0.16549527261357294
ZNF8-ERVK3-1,-0.16549894418843647
YAF2,-0.16550027981952184
TGS1,-0.16552842096421502
MICOS10,-0.16560309782352337
TARBP2,-0.16579441520654342
FBXL8,-0.16588936090122705
ARHGAP5-AS1,-0.16589044702585856
CETN3,-0.1659504500908519
NSUN3,-0.1659761384016194
PKP4,-0.16609458589145265
CPSF4,-0.1661233954357244
POLR2F,-0.16612586670013393
PLEKHJ1,-0.16612916218179072
CHST14,-0.16621094886360846
ARRDC3-AS1,-0.1662365918464701
DPH6,-0.16632967918695588
ZNF689,-0.16644042751957777
RPIA,-0.1664813682741768
TAF15,-0.1665392268233773
SH3GL1,-0.16660475297544863
PPP2R3C,-0.16664201442623086
COX8A,-0.16674144707809033
MAGT1,-0.166802224353631
ZNF324,-0.1668415507452158
METTL3,-0.1669383988788712
BAG4,-0.16697632109592284
EHBP1-AS1,-0.16697880248837785
IFRD2,-0.16706500168193575
TMX1P1,-0.16707480743859696
RP9P,-0.1670750963870346
SYNGR4,-0.16709297635758508
NDUFS7,-0.16715307104977406
TCEANC2,-0.16717610097996646
PSMA4,-0.1673364838971184
SAP130,-0.167337095128855
LYAR,-0.16737452804040379
BRIX1,-0.16739876093372058
INIP,-0.16750521381974914
CYTH1,-0.1675136143932822
NDUFC1,-0.16753692417977545
ZBTB14,-0.16757285572720146
DPM1,-0.16758292447636539
ALG6,-0.16766461926141013
ACSL3,-0.16768693380855396
GTF2A2,-0.16782873055304778
ZNF250,-0.16785898769270752
ZGPAT,-0.1678595953703885
PGBD2,-0.16799460037661273
SCN1A,-0.16814113596709118
TLCD1,-0.16836646934188199
EXOSC3,-0.16849798042197595
ACAA2,-0.1685127866835765
NUDT13,-0.1685880561553661
H2BP1,-0.1687119491778727
SMO,-0.1687141962420623
APOA1-AS,-0.16874863527879327
C9orf85,-0.16879481947871963
LRFN1,-0.16887800159253263
TRDJ2,-0.16892602797853015
FAAH2,-0.16894177785669512
DNAAF8,-0.16894529143217202
TPD52,-0.16895077982888823
BMI1,-0.16906674106444144
TM7SF3-AS1,-0.16909874249394788
MAST3,-0.16912109160195307
GUSBP1,-0.16917355186873922
ALKBH6,-0.16922980858932857
PNKP,-0.16927442513077678
MT-ND5,-0.16930830052453624
FBRSL1,-0.16948438599739013
ASH2L,-0.16963830216566725
SLC25A22,-0.1697257182906294
ZNF496-DT,-0.1697908666873513
C1QL1,-0.16984712482302483
DCUN1D4,-0.16985134217415732
CERS6,-0.1698674932711845
SELENOT,-0.16988188150365777
HDAC2-AS2,-0.17018965293576266
COL11A2,-0.17026241292790983
EHMT2,-0.17030889000325442
NAE1,-0.17042770021005646
ACD,-0.17043657861643807
ADGRA3,-0.17048098297352696
GEMIN2,-0.17055206923013266
NRF1,-0.17057987483019454
RAB33B,-0.17059687606792634
ALKBH1,-0.17065092241517388
CS,-0.17070295884609943
WAS,-0.17076703166364432
NPTN-IT1,-0.17078214968780436
WAPL-DT,-0.17082627508660259
MRM3,-0.17083366031195804
LIN52,-0.17098196072798208
PHF6,-0.17119071804643568
CEP89,-0.17122493859865667
ARHGEF1,-0.1712359932910236
SCP2,-0.17133249849383544
PPWD1,-0.17135894528898374
BRD7,-0.17139966204719817
ANAPC7,-0.17141846972811645
P2RY1,-0.17149756146062847
MTCL2,-0.17163990590622
SDHA,-0.17172580677381402
RPS2P32,-0.17179470316095014
TUBGCP2,-0.17184179925476414
IQCJ-SCHIP1,-0.17191909758909077
MAP3K1,-0.17193519440376628
NIT1,-0.17198561516758057
ADSS1,-0.17215504672026055
TTC28-AS1,-0.1722347771950875
TCERG1,-0.17230179994949574
MAPRE1,-0.1723202432805767
SNORD17,-0.17232472084836337
RSRC2,-0.17248259142592542
RPN1,-0.17252662502330254
INKA2,-0.17252831825542564
ISG15,-0.17256413985785843
CSTF1,-0.17261585355209508
EIF2B5,-0.17262072447339655
SEM1,-0.1726771869474152
PSMB9,-0.17278066679243828
PIGBOS1,-0.17282851587932196
HOXD12,-0.17288217565679212
ALG12,-0.17311825216212218
AMD1,-0.17325123230167647
LINC02878,-0.17332067827923486
TANGO6,-0.17333273115284228
DANCR,-0.1733658364984497
UNK,-0.17349347384654806
LINC02198,-0.17354530754575448
CITED1,-0.17363296718758553
BRMS1L,-0.1736703304022454
TSPAN3,-0.17372021414010402
BCLAF1,-0.17378713466557397
PHAF1,-0.17379608129391005
KLHL32,-0.17392965136828598
SNRNP48,-0.17393771153031665
LRRC57,-0.17395574307481318
SPAG5-AS1,-0.1739658723584358
CBR3-AS1,-0.17402365624285557
SLC9A7,-0.17408361303216446
PUF60,-0.17414174552195702
TBC1D15,-0.1742446427829229
BOP1,-0.17425837459030014
GTPBP8,-0.17432004783288393
MT-CO3,-0.1743550532385704
DOLPP1,-0.17439621585937537
TLE6,-0.17449525347233072
ADAM15,-0.17467121422671741
ERICD,-0.17472991837121143
ZNF33B,-0.17474859582895208
CDC23,-0.17482366414711503
ZBTB5,-0.1749412610053429
GET3,-0.1749653548070495
ZNF598,-0.1750678475195449
KLC2-AS1,-0.17520129142682703
KCNK2,-0.1752735558002609
PRELID3A,-0.17543958122448416
STX1A,-0.17552746519750403
HINT2,-0.17557228329640026
CDKN2AIPNL,-0.1755798273298615
IGF2BP3,-0.17558422352802916
SVIP,-0.1757261881905894
NUP188,-0.17572789328908328
USP5,-0.17584904460479153
ISCA1,-0.17593656292375412
CPSF7,-0.17598023977222288
LINC00664,-0.1759972871566743
GAS5-AS1,-0.1760066148221729
PTBP2,-0.17605657312999592
SORD,-0.17613465142170173
COL25A1,-0.1762298174211105
MRPL11,-0.17623533939363442
PAICSP1,-0.1763946945370555
TTC31,-0.17653622527128304
TGFB2,-0.17687442977735066
ZEBTR,-0.17692110376558487
FPGT-TNNI3K,-0.17707369195583178
PRPF38B,-0.17707522905693213
THEM6,-0.17722615524060953
HTATSF1,-0.1772379822059992
CYB5RL,-0.17731815900460504
TNFAIP3,-0.1773317819977371
PLCG1-AS1,-0.1773825948542821
NHP2,-0.17742902218241202
GPRIN2,-0.17743171354371093
RASSF3,-0.17745773170017556
NDUFB7,-0.1774659788459191
GLRX3,-0.17747335917880172
RPN2,-0.17747655763406683
HAUS6,-0.17754370511049036
ACTR1A,-0.17762825619806896
TMED5,-0.17768251132081486
ARID3B,-0.17769016749346528
DIS3L,-0.17772717308510422
SEMA3F-AS1,-0.17775052715663675
LINC00511,-0.1777549598919621
PDSS2,-0.17776366619991843
SOX21,-0.17778046393591193
BUD13,-0.17786143803241877
SHROOM4,-0.1779843991038359
GIHCG,-0.178018636046691
SRSF9,-0.1782257915909712
BCL7B,-0.1782343361305251
SEPTIN11,-0.17846801870145285
ANKRD9,-0.1785436658318497
EFCAB2,-0.17859382162695725
RCOR2,-0.1787625395986365
TMEM121,-0.17880918377339264
ASNSD1,-0.17889119988533417
ETFA,-0.1788927164575218
VASH1,-0.17892623179525152
GPC2,-0.17895241918307211
FGFR1,-0.1789671599736658
ATPAF2,-0.17900363922599397
OGFR,-0.1790142181409282
MTHFD2L,-0.1790436365929352
POLR2K,-0.17913685493662013
BCR,-0.17933383647156992
PRR12,-0.17934729365532565
ACRV1,-0.17948979034881551
PDCL,-0.17952660657627276
KIF21B,-0.17971273721179307
USP37,-0.17980144529895087
LINGO1,-0.17984245459291273
WNT11,-0.1799475195649165
LINC01896,-0.1799657845360548
MYRFL,-0.18001797670048347
ATPAF1,-0.180023151337701
NRTN,-0.18004078333409387
RHOU,-0.18020711791960722
SPIRE2,-0.18036181913007523
BPNT1,-0.18041537646794212
EMC9,-0.18043336675232322
FMO5,-0.18043967241679118
INTS7,-0.1804914636786716
PYGL,-0.18054160610385836
GOT2,-0.18057283437870783
SIGMAR1,-0.1806733975441342
AFG3L1P,-0.18069637593658103
PFN2,-0.18075005544164602
COL22A1,-0.1807630633627789
KLHL25,-0.18080368783135467
KDELR3,-0.18083921663968755
SAFB,-0.18084850815929757
NLGN2,-0.18085085079579744
LCP1,-0.18101435305382824
PPIAP21,-0.181069188067954
ENTPD1-AS1,-0.1810767438677904
NCOR2,-0.18108343741719354
NANS,-0.18112234448802433
SMC6,-0.18114224539196747
PSMG1,-0.1811509192297775
ERICH1,-0.1811712469340014
OXNAD1,-0.181184380687857
RIF1,-0.18119782705734713
CNTN1,-0.1812728122759741
TCF3,-0.1814172911892193
VCPKMT,-0.18143094346242047
KBTBD4,-0.1814455692450681
SH3TC2,-0.1814638825808376
TRAPPC9,-0.18148489872607074
PSMB2,-0.18162370521686164
HPRT1,-0.18162877130118488
COMMD8,-0.1816848264697976
MPZL3,-0.181714172382031
YEATS4,-0.1817212295530762
RPS6KL1,-0.18173428578420772
MZF1-AS1,-0.18179141494130913
RAD51D,-0.18179894367041305
USF1,-0.1818398812586582
H2BC18,-0.18184105885817142
ADPRS,-0.1819264978989784
PNISR-AS1,-0.18193308830100294
GLO1,-0.1819518241472397
RDH14,-0.18202411446498137
NDUFA4,-0.18205969173110875
FBXO41,-0.18240114938455243
MANEA,-0.18241976602321636
PROM1,-0.18250715847861873
LCORL,-0.1825467572006945
MAOB,-0.18257845648198032
SSC5D,-0.1826315458521556
DHRS11,-0.1826817011295971
BCS1L,-0.18271384267895216
EMSY,-0.182911514444458
NHSL2,-0.18301380823654556
TRMT1L,-0.18303893348558795
BLOC1S5,-0.18310763837394295
TRERF1,-0.18314694478624868
FGD4,-0.18324387371346498
POLR2E,-0.1833036700212212
SMCHD1,-0.18338638431942847
ZNF551,-0.1833898842989995
ADORA1,-0.18339552359015351
NPRL2,-0.1834300817284624
RTN4IP1,-0.1834422858804165
WASF1,-0.18365198850809944
C11orf96,-0.18365592724696767
GCAT,-0.1836747396315719
TAF11,-0.1837252710384599
SS18L2,-0.18381157672244358
CDC14A,-0.18393844098899229
AMN1-AS1,-0.18393882309890033
DORIP1,-0.18394693083717076
DGAT1,-0.1840073570997125
ECHS1,-0.18418287506974015
GNL1,-0.18434366552656586
THRA,-0.18435391457223088
OSBPL11,-0.18442222761291988
KPTN,-0.18442433800495509
ADAMTS18,-0.18449953311714545
PRMT6,-0.18464382108118427
ZBTB11-AS1,-0.18468828957271952
PRELID1,-0.18482996735280105
PDZD4,-0.184858865143631
ZNF45,-0.18489031290963012
RNPS1,-0.18499450377146473
EIF1AX,-0.18514094711546877
ABCB6,-0.18516766365939744
MAGI3,-0.18527270698549977
NDUFV1,-0.18534446487697057
ALDH4A1,-0.1853583445184831
CSAD,-0.18537357220689835
TIPARP,-0.18538639163854131
S100B,-0.18544307859682133
CTNND2,-0.18559937117496003
FOXG1,-0.18565192616469994
CMTM8,-0.1857335615802082
FAM3C,-0.1857957855466968
USP51,-0.18592075106172515
GLUD1P3,-0.18594764336767136
MRPL13,-0.18604588920329823
MRFAP1L2,-0.18608363126466626
VARS1,-0.1860841779214905
CDAN1,-0.1861128003698398
ZNF670,-0.18612717776934712
RGS19,-0.18612771728843996
TMEM214,-0.18617237888663804
SPCS3,-0.18618321284528208
DKC1,-0.18620257979724686
TRAPPC1,-0.18623920067940225
PSMB6,-0.18636287599938342
ZNF311,-0.18639357977894638
ATF1,-0.18643163168883684
SRI,-0.18644206478031897
KCNQ2,-0.18644249574724278
CCM2,-0.18648979986573092
CFAP161,-0.18661165992993003
FAM98B,-0.18669536942497342
FAM200C,-0.18673787829557423
INO80E,-0.18679703759040447
ZNF726,-0.18692631247171904
TENM3-AS1,-0.18701141449161224
B4GALT1,-0.18701283601931182
GNAI2,-0.18707179208199776
CTNNBL1,-0.18710807693330447
BTN2A2,-0.18716453118091622
HMGN1P38,-0.18718789929303126
NUP153,-0.18719857458964834
COL4A6,-0.1873521342190517
RBM12B-AS1,-0.18743181333631173
RIDA,-0.187441333167204
STX6,-0.1875070534692327
RAD51C,-0.18780892857666664
MUC12,-0.1879274969853893
PPP3CB-AS1,-0.1879479197078742
SHQ1,-0.18812321237038807
CDC5L,-0.18818275744698099
HCAR1,-0.18826794746076916
VARS2,-0.18829377934647296
HNRNPH1,-0.18856634119483032
DAB2IP,-0.18867882026771204
CAPN9,-0.1887693159988427
TAMM41,-0.18879370797358672
ZNF620,-0.18885177789081348
SPATA13,-0.18885375996263454
SPDYE18,-0.1889827334471037
LPCAT4,-0.1891132842781071
GSTM3,-0.1892049220799167
BICDL1,-0.18943734804821277
CREB3L4,-0.18949663645296333
CLDN18,-0.1895577836511425
ITGA4,-0.18964189001230397
SLC18B1,-0.1897033463413022
THUMPD2,-0.1897976618947096
ELOVL2,-0.18980466207688956
VOPP1,-0.18982406497763224
EXOSC8,-0.18990835860903896
DPCD,-0.18994382332844748
LINC00327,-0.19000441929731599
COX10-DT,-0.1901975862097628
NDUFAF8,-0.1903211608652131
ITGB8,-0.19032925807349768
KIAA0408,-0.1903357285823085
NELFB,-0.19036072159942746
KRT8P39,-0.1903894731539836
RTL8B,-0.19050906674446783
ABHD5,-0.19052618102873758
KCNC4,-0.19053274217770172
SLC25A11,-0.19060020961194415
PHF10,-0.1907746546962717
GGA2,-0.1908192147612389
STXBP5L,-0.1908218101555321
PIN4,-0.19082991254215048
NME4,-0.19098964014735098
USP39,-0.1910120772971411
MTMR2,-0.19104210838583582
NNT,-0.19104908843101281
TSPAN5,-0.19111503435808147
RAPGEF5,-0.19112368707605165
CACNG4,-0.19116746400547152
RAF1,-0.19118420275145767
UNC5D,-0.1911942776340378
SNORD104,-0.19122367437244603
SF3A2,-0.19125594721313435
COQ3,-0.19128448696582287
RPL26L1,-0.19130992189226573
MTA2,-0.1913584232898797
PPHLN1,-0.19138612856616052
NDRG2,-0.19148430901164398
UPRT,-0.1914871921905623
ZNF711,-0.19149709954253427
ARHGEF40,-0.1915280487495538
PPIAP22,-0.19165468604624103
FBXO45,-0.19171670327324716
CLN6,-0.19173114540273833
ANXA2R-OT1,-0.19177342635879488
HDGF,-0.19179007614366142
STK17B,-0.19179572942865097
SUMO3,-0.19181466224433708
CEP15,-0.19182462899040942
SOX13,-0.19186037212663987
DYRK1B,-0.19187127814418475
SCAMP1,-0.19195694432064972
TMEM145,-0.19199039317094715
SF3B3,-0.19203588489301765
SERBP1,-0.19222527617340945
PSMB3,-0.19223017209872334
C11orf24,-0.19251272606457542
POPDC2,-0.1925928155193794
LINC02268,-0.19262373474415154
DENND1B,-0.19267339874446576
SOX11,-0.19292414933626076
COL11A1,-0.19293507871543927
RNF167,-0.19299203018963837
WWOX,-0.19302285082955695
ACAD9-DT,-0.1930705059715666
SMG9,-0.1930794515569593
GPR176,-0.1931039189329697
SFPQ,-0.1932508462313525
NDUFS5,-0.19341848667945433
CCN1,-0.1935001420970731
PTGR2,-0.19351290096518564
PAF1,-0.19351505509121442
GTF3A,-0.1935442385414446
DOCK4,-0.19358574314449187
GON7,-0.19373807594805473
HNRNPA0,-0.19383546246198483
KLHL22,-0.1939278471307004
SUPT16HP1,-0.19394233182512158
CLEC19A,-0.19398790612803046
GAB1,-0.19412232163698015
RTN4RL2,-0.19413325166060863
PHKG2,-0.19414415984495378
GATD1-DT,-0.1941691243048581
YBX2,-0.19419133681572542
DDR1,-0.19420900221554196
ABCD3,-0.19424324634655168
PPFIBP1,-0.19444951187407664
HP1BP3,-0.1945828673796035
CACYBP,-0.19463652481835192
SF3A3,-0.19465599028843134
ATG3,-0.19477306444106304
ERAL1,-0.19488723192812463
ELOVL5,-0.19493379434689012
CNOT3,-0.19495112055253067
ADCK5,-0.19498243070789442
NUDT6,-0.1949868949518025
CDK4,-0.19514453725396072
PLEKHB1,-0.19515160313641933
DDX56,-0.19515751974132484
CARS2,-0.19515849812080735
PFN1,-0.19517834484995192
PSMC2,-0.19525746946720793
ASIC3,-0.19543193538496592
NOVA1,-0.19544434371889696
PPIL2,-0.19550832356618783
STOX1,-0.19552448992361365
P4HB,-0.19552671567614607
TBC1D10B,-0.19559956228268385
ZNF707,-0.19563716761392314
LPCAT1,-0.19566147451255297
DHPS,-0.1957168956960237
MUTYH,-0.1957473594014838
LINC01750,-0.19575428418287402
SCEL,-0.19578497623021804
C2CD3,-0.19578956812753806
PGCKA1,-0.19583825854431697
SLC66A1,-0.1959298700147731
CROCC,-0.19594936594710902
THYN1,-0.19599958427247915
PDE5A,-0.1962516026435392
LYRM7,-0.1965349242103164
CBR4,-0.19654880913134234
TAF6L,-0.19660582204314858
SLC9A3,-0.19671810317241384
EP300-AS1,-0.19672606888685476
MFSD11,-0.19680255924450435
TIMM22,-0.1968440398715931
SRR,-0.19687876742967067
CEP295,-0.1969348131216765
DYNLT2B,-0.19694664936520162
TCEAL7,-0.19708134003387778
FASTK,-0.19709776766711823
TACC2,-0.197203046297711
ARHGAP20,-0.19725028178758627
ADPGK,-0.19725138117307858
PGAM5,-0.19725515348292785
ZNF512B,-0.1973324113563632
ELMO3,-0.19748684317411302
ZSCAN12P1,-0.19749042864268657
SUCLG1,-0.19754243932143814
ARMC6,-0.19759672010761536
KHDRBS3,-0.19760323269619592
PNN,-0.19761121853353192
LINC00342,-0.1976558869801049
COX17,-0.1977422352327166
H3-3A,-0.1978509195987441
HSD3B7,-0.197924348640809
CD200,-0.19796898040326646
DNER,-0.1980145763679914
DEPTOR,-0.198048166920197
PDE7B,-0.1980551768224161
HSBP1,-0.1980557610680599
AP2A1,-0.19806298133902586
MTLN,-0.19806809009262108
GLTP,-0.198087485301437
KATNBL1,-0.1980992319980639
FBXO38-DT,-0.19824570134620295
STK17A,-0.19831844079213376
MICU1,-0.19848426059746901
PDXDC2P-NPIPB14P,-0.19850708567711656
TRIM3,-0.1985264138717902
WRAP73,-0.19856155871618197
CPNE1,-0.19858324322345466
TMEM51,-0.19860675218238086
UBE2V2,-0.19863145265699192
TOX3,-0.19872979719698577
SULT1D1P2,-0.19873646597332303
RAP1GAP,-0.1987433595604584
RNGTT,-0.19880157493024456
PTCH1,-0.19893334154639447
SH3GL2,-0.19909853883803752
EIF5A,-0.1993029627986201
PIERCE1,-0.1993617395440437
POLR2J,-0.19944816793984388
PMS2P7,-0.19960019711017754
SNRPE,-0.19968426572199194
PALB2,-0.19976168968112096
ZNF703,-0.19978319199534103
TRAPPC14,-0.19982064353453816
COQ6,-0.19985510237680718
ALG8,-0.19988299772750517
AIFM1,-0.19990977356922382
CDK14,-0.20001464831163385
ELOB,-0.2002247648161729
SRPK1,-0.20022832430624143
NDUFA6,-0.20029278291060526
PAN2,-0.2003080708900111
CDK8,-0.20041486927251265
MTCP1,-0.20053005229565202
CCDC61,-0.20056803876452098
EBLN2,-0.20060491533120986
UBE2CP5,-0.20075631571968616
BRAT1,-0.20089049853722912
H1-10,-0.20090676310429495
SNRPC,-0.20109127877865723
GUSB,-0.20114917210654182
MOCS2,-0.20117522143668504
BTK,-0.20120219984106133
MLH1,-0.2012504645394335
NKAIN4,-0.20143546383406738
MRPL39,-0.20148755363348905
MRPS26,-0.2015197506676237
NKX3-2,-0.20156220601201216
ABHD11,-0.201575330478122
ASTE1,-0.20166499658536724
YAP1,-0.2017355945118161
VBP1,-0.20179996932719227
ELF3-AS1,-0.20191121646477847
AGER,-0.20208771480451343
ARSK,-0.20217779237821573
BRCC3,-0.2022261426589716
DPYSL4,-0.20228667173770118
TSEN54,-0.20228935970405484
NDUFAF6,-0.20251919038909613
WSCD1,-0.20253273047967865
CFAP91,-0.2025406615216265
PRKD3,-0.20268399857553687
MPP3,-0.2026921410898338
HELLPAR,-0.20275271198980896
ATP11C,-0.20277584583985678
MAP4K2,-0.20279149377007522
LINC03067,-0.20293196592511822
CETN4P,-0.20295970709247424
TAF8,-0.20300148926328168
EIF4A3,-0.20312400400827774
CPOX,-0.20316761133725822
SPCS2,-0.20320169233947916
ARL15,-0.2032236955016475
TARDBP,-0.20331134750609978
TMSB15B-AS1,-0.20344485053996536
ZNF124,-0.2034536597250746
PIGCP1,-0.2034758000533401
SLC7A6,-0.2034802712523228
OTX2,-0.20352061533113494
BRSK2,-0.20376771066177984
FAM98A,-0.20388799479977482
HGD,-0.2040066284097079
PTGES3P1,-0.20403680801778418
GALK2,-0.20405803846754267
ACKR3,-0.20434729612716804
GNG10,-0.2043768663126902
COX16,-0.20438429451762463
KCNH7,-0.20441847757895354
TMEM229B,-0.2044967731906649
FGFR3,-0.2045118002620095
TXNL4A,-0.20456609674219858
B3GAT1-DT,-0.20458092962149024
FASN,-0.2046281000437444
OSGEPL1,-0.20468055321986517
LSM8,-0.20471337835054176
DNASE1L2,-0.2047600938543557
ZNF713,-0.20505693955315052
KLRG1,-0.20509850606862196
IDH1,-0.20513781139500456
NAPEPLD,-0.2053298241073619
ZHX3,-0.20535189686974745
EDRF1,-0.20535997293232386
RANBP3,-0.20547811636341803
CYTL1,-0.20560419375272504
EID1,-0.20568259612188441
UBTF,-0.2057264259905669
LINC00472,-0.20579644351983276
PDF,-0.20582156160797394
PYGO2,-0.20590942221475755
DDN-AS1,-0.20597604085751456
FUZ,-0.20601326329701497
RNA5SP383,-0.20608274448616082
LRRC59,-0.20622568345808362
CREBZF,-0.20624870529434228
TMEM245,-0.2062604327920064
PHB1,-0.20628542641770467
H3C3,-0.2063544400533184
TRIO,-0.2064002369547173
SGSM2-AS1,-0.2065160915020818
ENTPD1,-0.20661150711337048
XRCC6,-0.2067700869055668
NOCT,-0.2068318982127948
SNORA5A,-0.20685751947667078
DDX20,-0.20700684042861148
MIR210HG,-0.20705175037632928
SMIM10,-0.2073236713812545
SLC35B1,-0.20732422679594698
EIF4A1,-0.20733538118116349
ZNF232,-0.20743636162778628
ALDH1B1,-0.20759079121551813
CNTLN,-0.20760247721068786
LKAAEAR1,-0.20760977509697487
SEPTIN9,-0.20771327691963853
GMPS,-0.20780947643379766
ZCCHC17,-0.20786845553440067
SCUBE3,-0.20813119801322047
XRCC5,-0.20819034788376473
INO80B,-0.2082319066137514
ATP5IF1,-0.2084645083985438
GPT,-0.20857739066299114
LINC00431,-0.20869690867756072
IFI27L1,-0.2087170440635901
CNDP1,-0.20887363601010303
COA1,-0.20893839084866497
GTF2I,-0.20893868780579447
ADAMTS12,-0.20900459275148936
TBC1D10A,-0.20902232897544343
B3GNT9,-0.2090642381962705
URB2,-0.2091301996670411
MED24,-0.20920109875599574
HMCES,-0.20920111937192637
H4C3,-0.20922875804506197
PSPC1,-0.20937468264980902
LINC03013,-0.20948425060718706
RFX5-AS1,-0.2095852769259881
UCHL5,-0.20961140714277612
PCDHGC4,-0.20978837991310798
SUZ12,-0.2098128274476456
PHLPP1,-0.21002137564358778
SLC49A4,-0.21002726620819803
THRB,-0.21002834073572854
DECR1,-0.21007777989630616
MRPL17,-0.21008873097947317
TRAC,-0.2101024358698465
NXN,-0.21011435877520498
SLC38A3,-0.2101144116661599
THAP7-AS1,-0.21012809052813936
IFIT1,-0.21016231872676003
SPPL2B,-0.21017232063529462
GREB1,-0.2104261657592626
SRGAP2,-0.2106192461044976
NFKB1,-0.21063447427999
PAK1,-0.21064158272057965
GSTO1,-0.2107425045809063
GNB3,-0.2107456534689534
DHCR7,-0.2108523799626714
AARS2,-0.21091008153243063
AP2M1,-0.21092268797143338
SAMD1,-0.21094375797261397
STIMATE-MUSTN1,-0.2110732825241364
CT66,-0.21110116529814865
CAT,-0.21110555719745377
STARD8,-0.21113130970719488
MRGBP,-0.21114321490441912
ARHGEF7,-0.2111955155325164
SKIDA1,-0.21127132876433957
NBPF14,-0.2112832076991455
SNED1,-0.21138012051500754
DUS2,-0.2114189070370267
ENTREP3,-0.2114201255815817
POLD2,-0.21150668523412458
KLRC2,-0.21153159421553952
GZMM,-0.21163568736821442
PSMD2,-0.21175672727559267
ARPP19,-0.21180734716562216
COL2A1,-0.21181943472092415
MYO19,-0.21182390774360474
GPHN,-0.21185884019485324
ACRBP,-0.2118625018392612
MILIP,-0.21192686400507238
SLC9A3-AS1,-0.2120973472845769
PPP1CA,-0.21222484034319808
CDKN1A,-0.2123024593713885
TMEM143,-0.2123887945349174
ZBTB18,-0.21255165363470468
STIMATE,-0.21260175975156093
ACSBG1,-0.2126055891462219
PAFAH1B3,-0.21277451952203089
AAMDC,-0.2130000446636937
DCTN3,-0.2131197907678863
NT5DC1,-0.21317261081740768
HNRNPDL,-0.2132562454200541
ZNF688,-0.213263948374547
MPP1,-0.21333256325297287
SLC10A7,-0.2133394831370364
MTMR9LP,-0.21340472336268015
LRRC40,-0.21348042920607638
MDFI,-0.21355820016928773
SLC35G1,-0.21358622200582816
MTCH1,-0.2137384404020016
TPP2,-0.21376268909719087
MYO1H,-0.21377646446095863
SLC25A14,-0.2138801643734867
CARNMT1-AS1,-0.21396810197609734
PTGES,-0.2139788880510419
SERPINB10,-0.2143240983525333
TTI2,-0.2143708948705115
MAIP1,-0.2145629788524044
MRTO4,-0.21460864593974296
FABP3,-0.21461762886592795
NEIL1,-0.21461809506723223
CELF5,-0.21462796473937917
PALM3,-0.21464926211065735
CCT8P1,-0.21466220217864238
NRXN2,-0.21469029719846844
TUBGCP3,-0.21492023190672566
DGCR11,-0.21496196541383514
MBNL1,-0.2150079023810972
HYAL3,-0.21520474827117766
IFI6,-0.21521499967407254
LEFTY2,-0.2152742893457398
PTPRK,-0.2153216579529092
KCTD9,-0.21537550552203227
LIN54,-0.21541397835761905
ARMCX5,-0.21550209836782472
ARHGEF28,-0.21561966508746006
TRUB1,-0.21563750063419362
ADD2,-0.2157043150898682
SNRPA1,-0.2157102696845751
PRCP,-0.2159578653506841
SNHG12,-0.21612395063672335
COX14,-0.2161517178407945
ABHD15,-0.21626025793519424
COL20A1,-0.21628893098565533
HSDL2,-0.21635683472197978
SRM,-0.21641641413214963
PKD1P2,-0.21663769497903376
EME2,-0.2166659068917802
SSRP1,-0.21670073132705947
IPO9,-0.2168066953020628
MAB21L1,-0.21684653345372742
H4C4,-0.2169784054837135
JMJD8,-0.21703946219942222
DLX4,-0.21704494399834073
ZNF789,-0.21706004545477614
SEMA6B,-0.217178700037704
FAM221A,-0.21720730320443693
NFIB,-0.2172528220907095
DPAGT1,-0.21743209260787436
MEA1,-0.21752744854353784
CBLL1-AS1,-0.21761668261005787
CCDC142,-0.21765808002690026
NMB,-0.21774165760685454
ZNF660,-0.2177495780778217
TEPSIN-AS1,-0.21787372910602104
EXOSC2,-0.2179353555086381
UMPS,-0.217957100323449
SPART-AS1,-0.2180628652979845
ZNF576,-0.21809347618305833
PA2G4,-0.21820607601788974
PTDSS1,-0.21862351668606445
H2BC20P,-0.21879704027910257
PAIP1P1,-0.21880579067588452
SLF2,-0.2189226562944153
KCNMB4,-0.2192520085730255
DPM2,-0.21930830011852567
OSGEP,-0.219347477270245
PIGX,-0.2194394286475946
CYSRT1,-0.2195290733922751
NRG2,-0.21955085143182634
STAG1,-0.21961089708957077
VTN,-0.21974805220562646
COG4,-0.21975789075320717
RGS9BP,-0.21980083150090726
TNR,-0.21980410495338673
DUSP4,-0.21983256102152957
KLHL26,-0.21996747021815935
BANF1,-0.22007128502346515
COX20,-0.22008909619253306
MST1P2,-0.22012165615828147
UNKL,-0.22014601855566812
GRK3,-0.2202155335993941
LYPLA1,-0.22023679314656233
RGS12,-0.22024016389302722
HAGLROS,-0.22042212172022516
ZCCHC12,-0.22046679227928107
ALDH9A1,-0.22052382767223222
FGD3,-0.22055798936502263
SUSD6,-0.22057172784937862
UNC5C,-0.22058156687909555
GSCAR,-0.22074237907346117
ECHDC1,-0.2207952743176433
NCBP1,-0.22083762685148192
BZW2,-0.22097890823686933
FDFT1,-0.22098843084447117
ZNG1DP,-0.22099219830270536
IGSF11,-0.22112195918044725
ZNF547,-0.22112401183742897
CCSAP,-0.2211525213086188
GNG2,-0.22117899222719345
TG,-0.22120306111855068
CMTM5,-0.22135909882181554
IFT80,-0.22144922554988075
RBX1,-0.22148625981564915
TMEM45A,-0.2216584356808125
CHRDL1,-0.22167253164409417
BRD8,-0.2216991326710664
HDAC3,-0.22175960792333546
PHIP,-0.22180400241511877
DNM3,-0.22181401920973545
LINC01159,-0.22183567139785343
PXMP4,-0.22185943954508006
CHCHD2,-0.22186498795863252
CKAP5,-0.22194822140932857
DDX23,-0.22200210671300147
MRPL27,-0.2220913240761894
VKORC1,-0.22212586921650296
TMEM117,-0.22215050630414754
IGFBP2,-0.22215295912318112
IPMK,-0.22216394765300213
SLIRP,-0.2222169941086998
PPM1K,-0.22222909778720873
H2BC19P,-0.22230864210379458
FGF12,-0.222380536386897
SLC6A16,-0.22246306197948046
TRAF4,-0.22246367638300144
THAP7,-0.22261369510490855
CASTOR3P,-0.22269705984987478
MIR647,-0.22273308551656498
GCC2-AS1,-0.22288351024093683
MARCHF4,-0.222887964134497
NKX2-2,-0.22300802246725543
TMEM44,-0.22304464556867037
CAPN15,-0.22311074491629135
PPIL1,-0.2231592759019288
THRB-AS1,-0.22319385866298083
CAHM,-0.22321472799705835
SEC14L5,-0.22328776600042238
GSK3B-DT,-0.22329008996287292
SNCB,-0.2233362320249142
CPSF1,-0.22347603392441068
LANCL2,-0.2235058408161966
EPHA7,-0.2236726841555687
ANAPC10,-0.223682340382357
ATPSCKMT,-0.22376109363585545
FAM120C,-0.22390437696544332
MZT2B,-0.22393430546410703
SPA17,-0.22412400823421227
RAD9B,-0.22413898563428136
PFKL,-0.22415129249017268
CISD2,-0.2241863737090913
GPM6A,-0.22420219268922917
LNX2,-0.22424537647985893
MACIR,-0.22435041721172141
MRM1,-0.22449378022094654
RND1,-0.22455551630799528
ABRACL,-0.22459560322989966
MMP25,-0.22461450975073086
NCAM1,-0.22466808925536863
ADAM22,-0.22482947030338524
LRRC37A4P,-0.22485933271826372
DRD2,-0.22488344322559606
CWF19L1,-0.22510781500740767
SLC4A11,-0.2251872466736733
SH3D21,-0.2252812951702498
PGM2,-0.22528750272512973
GFER,-0.2253192985677517
PRR34,-0.225399092238175
WDR4,-0.22541347575672416
SRSF4,-0.2255093957701756
ACADM,-0.22567296311403195
TECR,-0.22570839497485434
PDCL3,-0.22572683290149853
MSRA,-0.22638862789864267
SRSF3,-0.22642564572572685
RPL30-AS1,-0.22642714175524623
PANK2,-0.22652260828742607
CUEDC1,-0.2265845900396256
PPP2R5D,-0.2266123915267108
LCTL,-0.22674862358257716
EVL,-0.2268132564046789
CTXN1,-0.22696314521936875
AKR7L,-0.22707771339504865
TNS2,-0.2271045747230123
UCHL3,-0.22711437703958043
DEPDC7,-0.22714018006692696
RCC1L,-0.22720079776911456
LTC4S,-0.22721311439815015
MRPL23,-0.2272527142002983
BEND3,-0.22726793541419138
ANKRD18CP,-0.22747371063857935
RB1,-0.22749387681781252
ARMT1,-0.22764508984190637
NAAA,-0.22788759453543103
GPAA1,-0.22796116891090834
LRP3,-0.22800350465358973
FAM193B,-0.2280154527261073
ZNF326,-0.22810024796629147
PANTR1,-0.22810340174996108
FKBP3,-0.22819138081033086
RAB11B-AS1,-0.22821362729254704
PITPNB,-0.22822709241495745
PLXNB3,-0.22836454268908035
EIF4EBP2,-0.22836905410580913
NDUFS6,-0.2284167226480517
BUB3,-0.22847965135878648
SMC3,-0.22855015364620412
DHH,-0.22872494242810637
PPP1R3G,-0.2287674331310811
POLR2D,-0.22877514492375983
SAFB2,-0.22887252359250612
NUP93-DT,-0.2288927910558282
POP5,-0.22889814075283887
TMEM158,-0.22891671926450763
MTG1,-0.22895833888016132
CPSF3,-0.22898452058551588
CHKB-CPT1B,-0.22911198679925893
TMIE,-0.22912354037508434
TMEM18,-0.22928261025060495
KLHL13,-0.22930672545139535
MAD2L2,-0.22958622987467542
HOXB3,-0.22981218614658042
NBEAL2,-0.2298279369419581
TRAF3IP2-AS1,-0.22983306436079198
RBBP4,-0.22989976010185748
EPOP,-0.229954446716169
VCF2,-0.22996607565683144
RABL6,-0.23002099231116324
MHENCR,-0.23006820853776633
CPT1B,-0.23016296335622533
LINC01311,-0.23016312211624382
MRPL22,-0.23017111524946313
ROMO1,-0.23017219811746562
NDUFB1,-0.2302723671773895
SETMAR,-0.2302944580703695
RND2,-0.2304163126644898
B4GALT2,-0.23041848294406325
PBX1,-0.23056266332854458
GSTP1,-0.23064553977231292
PMEL,-0.2307538470351189
H3P47,-0.23083765884176174
RNU6-8,-0.23099486363242658
LDHA,-0.23103675992924982
MEF2B,-0.23104082847539095
GAS2L3,-0.23130492876005507
SOAT1,-0.23133917875079946
ABHD10,-0.23134809629627703
ZNF804A,-0.23152038825800686
SLC9A5,-0.23170071639026324
PID1,-0.23186988384190887
ARHGAP31-AS1,-0.2318815134687709
ZIK1,-0.23193018888983113
NANP,-0.2319351119409329
KCNK6,-0.23195220269537636
TPI1,-0.2320213280766422
BTN2A3P,-0.2322174657061085
TMEM243,-0.23225422382824232
MTX1LP,-0.23232062443063542
HDGFL3,-0.23238577992666298
NAGK,-0.23239396485462152
PCDH9,-0.23248254225560408
NVL,-0.2324846651159749
SLC36A4,-0.23251355105629232
RPL36A,-0.23271346875481175
INTS6L,-0.23272509657450044
ILDR2,-0.23281147696222876
SEZ6,-0.2331389353141274
GRK5,-0.2331695896731022
MCOLN1,-0.23327608591793905
STAC2,-0.23330453075330784
GXYLT1P4,-0.23332292312058195
ALG14,-0.23382361576497068
RPUSD1,-0.23388738024292235
NR2C2AP,-0.23391897964756908
PDPR2P,-0.233962976103489
LRRCC1,-0.23397846128798058
HCG27,-0.23398451869517986
MIR9-1HG,-0.23399258772395556
TBC1D31,-0.2340296441888661
GRIK2,-0.2341480273525984
HCFC1,-0.234223860010515
FOCAD,-0.23441765994952202
PSMD1,-0.23453305735116795
GNB5,-0.23455574111899752
CLK2,-0.2345573335965658
THAP10,-0.23459243164271484
CFAP20,-0.23464244831450853
ABHD12,-0.23484379936410577
RNF139-DT,-0.23490950429897203
PRORP,-0.23491401276894563
CEP192,-0.23495049552948583
VN1R83P,-0.235009639537716
LYPD1,-0.2350893355382126
RHOF,-0.23511180743289958
PAK3,-0.2354475138485516
LIMD1,-0.23552233260305774
AADAT,-0.23560658990304367
MYL6,-0.2357995240412675
EPB41L2,-0.23587073989733215
SARDH,-0.23600422113988384
PI4K2B,-0.2360149839303154
DIPK1A,-0.23604981504960812
LDLR,-0.23607693798539464
TIA1,-0.23614016115985265
PKM,-0.236264444933509
XXYLT1,-0.2362731179376119
PDE6B-AS1,-0.2363915130298461
RASL11A,-0.23650608602138312
RLIG1,-0.23667989968038833
GAS2,-0.2366842395193793
TMX1,-0.23672978192532718
MRPS28,-0.2367749995951098
ZNF778,-0.23698283667719197
CABLES1,-0.23721863274632668
SALL2,-0.23728749551203573
KAT2B,-0.23738183539867083
MIR324,-0.23738999315032988
PRODHLP,-0.2374263865017628
SNHG31,-0.23755164669257867
RALY,-0.23764150514563706
TMOD4,-0.23770487520322783
CDKAL1,-0.23774277105519262
PRH1,-0.2379110630582442
ZBTB8A,-0.23791901324828574
SYNE2,-0.2379504020161049
KHDC1,-0.23795271157163164
MRPL18,-0.23796600774225551
EGFR,-0.2382706384657093
ELAVL1,-0.23835418594145533
C16orf74,-0.23848426166018297
THBS2-AS1,-0.23848601252371715
TCOF1,-0.23855749786501113
ZDHHC23,-0.23861892955474934
EHBP1L1,-0.23862292211569583
MIS12,-0.23897034137477852
LPCAT3,-0.2389931696620375
CEP19,-0.23905962639884976
TACC1,-0.23917777544903848
ING1,-0.23922635122984173
SLC8A1,-0.23932327331628167
RAN,-0.23936783140510887
CCDC134,-0.2394102501306369
MTF2,-0.23949099459716205
FAM110D,-0.23952177384533255
PHTF1,-0.23957527515633087
LINC03057,-0.23971620240339495
NIF3L1,-0.23992851612313992
KPNB1,-0.23999624133468492
MAZ,-0.24000889618551816
KDM4D,-0.24009852729396802
TLCD4-RWDD3,-0.24025386629854442
MDH1B,-0.24031465762603077
NOC4L,-0.24032267970556062
MAT2B,-0.2403968055620636
PMF1,-0.24042613009073313
TGIF2,-0.24047619542791618
SSH3,-0.2405115777039043
NPFF,-0.24075472908473627
BBOX1,-0.2408229105796118
ARL5A,-0.24088757314651016
MAP2K5-DT,-0.24097888363176628
KCNJ11,-0.2410758450284626
RBM10,-0.24123474259503389
INF2,-0.2412413429997833
GGCT,-0.2412446598166937
MTMR1,-0.24137548285562757
DNAAF10,-0.24150215497953978
EIF4E,-0.24152838119532677
GTF2H2,-0.24161618470486423
C19orf47,-0.24162479350033841
UBE2L3,-0.2417428936602957
EFCC1,-0.2417443372512365
SANBR,-0.241775514284724
CLDN3,-0.24177592936684755
PGM5P2,-0.24184526284122035
CTTNBP2,-0.2418675774006064
SLC26A10P,-0.24194549330196066
TNFSF13,-0.2421595840841662
LAGE3,-0.24236055075064245
THAP11,-0.2424088457394829
SARS2,-0.2424446732255697
PSD4,-0.2427231397180863
NUDT5,-0.24279116324691644
CALCRL,-0.24296341897590382
MPHOSPH9,-0.24307591702639672
PPCDC,-0.24318476737528527
HNRNPA1P59,-0.24325160856630643
COX7B,-0.24326972624019605
C12orf75,-0.24329711966123324
NUP43,-0.2433119881046174
PRDX3,-0.24333824945135007
SLC26A6,-0.2435585711855221
SUZ12P1,-0.2436186718055596
PCBP4,-0.2436747229895275
LINC01547,-0.24378565370144667
OSBPL10,-0.24392354432885852
TEX29,-0.24420369326892452
SOX8,-0.24421977351726695
NUP160,-0.24422072294313255
FBXL6,-0.24441331159649904
FRMD4B,-0.2444571975063271
AAAS,-0.2444810362674453
STK24-AS1,-0.24452474316713252
GPS2,-0.2450279320087195
UPF3B,-0.24521850932590797
ACOT7,-0.2452671755787154
LRRK2-DT,-0.24527453006946415
STX10,-0.24529061015236114
SFXN1,-0.24548649961251715
CRLS1,-0.2455489700431449
MT-CYB,-0.24563158418678638
AKR7A3,-0.24585645725017743
ACAD9,-0.2460105293670306
MRPL20,-0.2461159208451517
SNRPEP2,-0.24612638423175603
ZNF48,-0.24613616437363184
FARP1,-0.246150649076733
TMEM11,-0.2461788303765568
SORD2P,-0.2461811791637022
RNF26,-0.24652163321752985
COPS3,-0.24659143103873052
PMVK,-0.2466031877426799
ROBO1,-0.24672539636547405
DGCR8,-0.24672665328666857
AKR7A2,-0.24690897299347753
PITX1,-0.24693664789268474
BCL7C,-0.24704560355981667
ASAH1-AS1,-0.24734065423771118
STRADA,-0.2473741681399624
ZNF887P,-0.24742089149628452
RPP40,-0.24749414327696678
PPIA,-0.24754912187968056
GPR137,-0.24756366538259267
PCDH7,-0.24773009432225565
ANKRD35,-0.24773746947775777
ZNG1B,-0.24777785963087418
RAB40A,-0.24779331807750513
GOLT1B,-0.2478471599547877
PPP1R14C,-0.2478672064034515
ELOVL1,-0.2478724533455546
SPRY4,-0.24790515043547115
UMAD1,-0.24806988307300085
TXNDC17,-0.2481451708686822
LINC01560,-0.2484981270643807
RUNDC3A-AS1,-0.24869995998144223
PERPP2,-0.24875651572847204
NSDHL,-0.24885370902371934
ZNF100,-0.2489072718413881
C1orf35,-0.24903963767554624
HOXA10,-0.2492707994354932
PTCHD4,-0.24934721304701904
GRIN3B,-0.24937673461098755
ESR2,-0.24944562489887645
SOD2-OT1,-0.24945317437934417
TNFRSF1B,-0.24950042252108068
EPB41L4A-DT,-0.24950184515420842
HAUS2,-0.2495657895167159
ISOC1,-0.24957968726400787
PHETA1,-0.24970148639686424
PDGFC,-0.24995010175451537
FSIP2,-0.2500464696490774
PLEKHD1,-0.2500750513716786
ANAPC11,-0.2504310334328421
HNRNPA3,-0.25067205174028623
PLEKHA7,-0.2507271129548117
ASB16,-0.25091333420063966
TBX5,-0.25093443760891243
L2HGDH,-0.25098565947935325
ENY2,-0.2512015334807719
PROSER3,-0.2512531929619559
RAB30,-0.2512890799596422
PRPF31,-0.2515865080850958
SYN3,-0.25167178520840516
KLF9,-0.25172744690530435
GEMIN7,-0.25173422705321297
GLRX5,-0.2517578007759742
MAP6D1,-0.2518880543785077
ATP13A4,-0.2519144541909548
SCGB1B2P,-0.25194085575048414
MMD,-0.25194229830279974
GLI3,-0.2519684848709814
KDELR2,-0.25201182804425143
ARL16,-0.2522714260916336
COLGALT1,-0.2523646748549131
VAV3,-0.25239868663870635
CEROX1,-0.25249327731460103
CBARP-DT,-0.252523554746207
PRDX3P1,-0.2525529950869301
HSPE1,-0.25260312669285134
TOMM40,-0.25262017299473677
GPN3,-0.2527714589300428
PLIN5,-0.2528024906902347
EN2,-0.2528059149538578
DZIP1L,-0.2529614554387232
ZNF142,-0.253033914085595
CCDC137,-0.2530463141038332
NUP54,-0.25310357787448
OGFR-AS1,-0.25328052837888854
IPO4,-0.2536659935756265
LRRC1,-0.2536834841787165
DLX1,-0.2537186964608486
GTF3C5,-0.25398464058666365
PHF13,-0.25398587280922197
MTERF3,-0.2540851864955595
NPR2,-0.2541143941341405
SLC2A6,-0.2541693832699282
PSMC3,-0.2541736739323988
CDR2,-0.25454174386852524
ZNF277-AS1,-0.25467846686054874
LIPG,-0.2548661590842129
AGMO,-0.2551144795948136
DMTF1-AS1,-0.255133604328002
SNHG30,-0.25535050360656997
TMPRSS6,-0.25540576818016975
AP4M1,-0.25550488438832564
CEP97,-0.255681784042654
ASB13,-0.2556982305757367
RADX,-0.2560342240085164
RBMX,-0.2561121954318318
TMEM177,-0.2561772389128081
ADAMTS14,-0.25623766365749456
INTS9-AS1,-0.25629371024616254
SLAIN1,-0.25655085715391135
TAOK2,-0.2566247140486723
GNAI1,-0.25673299408414435
CBX5,-0.25705893791842677
FCHO1,-0.2571197053036944
APOLD1,-0.25716299261935466
PTPRD-AS1,-0.2572132571451082
SDCCAG8,-0.2573770962871665
XKR9,-0.2575162343306195
PRMT7,-0.2577046829898912
SMYD3,-0.2577791563433942
GTF3C2,-0.25784186024612166
POLR2J4,-0.25799629018415204
DHX15,-0.2580057694248935
DLG2,-0.25815172327106356
NOTCH4,-0.25826432591439535
FIBCD1,-0.2584501883473063
RHNO1,-0.2586083744738165
WDR83,-0.2586417460516108
GEMIN4,-0.25868391003932295
UHRF2,-0.2587157831575643
FOXRED1,-0.2587702683530772
GXYLT1,-0.2588390707772866
EXOSC3P1,-0.25884978110796236
JMJD7,-0.25897054573902095
AK9,-0.25907605732895245
CYP2T1P,-0.2591673173286195
MIR3176,-0.2592298571324517
SLC1A3,-0.2594349198968128
OSR2,-0.2595973919771359
WNT9A,-0.259620475011534
SALL3,-0.2596867718788915
SUSD5,-0.25982900091066413
CABP4,-0.2600215923013278
CFAP96,-0.26002204395906553
NAA40,-0.26018587770823215
WDR53,-0.26021168022916824
TAF5L,-0.260289881731974
ARSB,-0.26033227997669456
EEF1E1,-0.260447375711172
CDK6-AS1,-0.26045747165332145
MAP3K4,-0.2605089106686377
POP1,-0.2611851827430903
ANGPTL6,-0.26134281122671477
DHX9,-0.26136124955918055
SLC25A39,-0.2614702200681706
GALNT4,-0.26150206962987427
LINC01091,-0.2615544531614847
RTL8C,-0.26158955573761705
ABTB3,-0.2616079200839788
LRRC20,-0.26165325835433023
DYNLT1,-0.2616935534152557
MDC1,-0.2617080271578997
PCDHGB1,-0.2617320503954473
TMEM160,-0.2617527333754672
DCLRE1A,-0.2618177276075987
SHISA7,-0.2618567463928238
LGI2,-0.2619426908977807
CORO6,-0.2619485956858532
LINC00945,-0.26195138141553015
CDK10,-0.26199417452284074
MCU,-0.26207429858678555
SPOUT1,-0.26213610530868137
NAA16,-0.2622677856054365
SFMBT1,-0.2623285217608951
IMPG2,-0.2624415850220818
EGLN3,-0.26248055393787256
TELO2,-0.2625309961254089
ICMT,-0.262542687309125
STUM,-0.2627802056264229
DEGS1,-0.2628618236474406
UBE2E3,-0.2628782640660047
ABCG2,-0.26301691035612446
ZDHHC20,-0.2631559973592856
POLR3H,-0.26316275877631096
XPC-AS1,-0.2631763355618942
TMEM79,-0.26364159195030296
TUBGCP5,-0.26377993997191806
NLGN3,-0.26390430906060913
RTKN,-0.26397917591784453
GP6-AS1,-0.2640446046151466
PAPSS2,-0.26412229059719594
B9D2,-0.26420245770768924
SGK3,-0.26444691128856046
POU3F3,-0.2645879638801245
STKLD1,-0.2646088344197232
BAAT,-0.2647233859133853
TOMM5,-0.26478295268953317
POC5,-0.2648062428464718
PDCD4-AS1,-0.26481911761563415
AGTR1,-0.26496273387230285
PET100,-0.2650036656176774
KLHL2,-0.2651006319848513
LSM7,-0.26525766870430795
AMMECR1,-0.2653309975914277
IQCC,-0.2654638332067244
BCAP29,-0.26575921588824664
FSTL1,-0.26583623492003977
GUCD1,-0.2659086334720219
OBSCN-AS1,-0.26611388059819885
STAG3,-0.26626524479795805
FDPS,-0.2662656568624077
JAZF1,-0.2664135578207929
CAMSAP3,-0.26644963846881475
CBX3,-0.2664661446273326
MARCKSL1,-0.2666086907623982
TMEM107,-0.2666884258960913
PTMAP4,-0.2666992958495452
CSRP1,-0.2667239700280559
PCYT1B,-0.26674506162918793
FKBP7,-0.2667867879605196
PPIH,-0.26679644651842593
SMAP2,-0.2667992567299337
ZNF365,-0.26687758284891866
HIPK1-AS1,-0.2669894811897414
SUPT16H,-0.2671272036417479
CENPS,-0.26714572959519906
RNF138,-0.2672229696684901
H3C2,-0.26747540755012633
BTBD3-AS1,-0.2678404811159478
GALM,-0.2678577201304772
METTL21A,-0.2679767436367718
SMPD4BP,-0.2680931692726809
XYLB,-0.26815511625516075
REPIN1-AS1,-0.2681616853527589
CARNS1,-0.26830338333500114
LINC00920,-0.26850984322988075
MSANTD2,-0.26862862291993217
STAG3L5P,-0.26865791397760247
CMSS1,-0.2688398611364444
PHKG1,-0.26889529405042223
CORO1C,-0.2689709777972705
ATP5MF,-0.268999010265849
SERPINI1,-0.26903319951957305
MT1E,-0.26908913366243775
CHST7,-0.2691084989728566
MBD3,-0.2691285683153128
AKAP7,-0.2692057723165478
RFX5,-0.26933392796099226
UXT-AS1,-0.26957699777376193
POLE4,-0.2696080274080754
SRGAP2D,-0.26962188785241903
PGAM1,-0.269832246990527
GLB1L2,-0.2699081874309715
DDAH1,-0.270027730662056
RAB39A,-0.27015387323568235
LARS2,-0.27018494664237414
LINC02328,-0.27061041362684346
ZNF101,-0.270847178589451
MBLAC1,-0.2710915740584971
REM2,-0.27111812693498594
HSD17B10,-0.27113853151120776
MAPRE2,-0.27117172760005737
STIM2,-0.2711884209062074
CNTF,-0.2712502462791468
TTC34,-0.2713450430616806
DPYSL5,-0.2714613775848617
YWHAH,-0.27148267323725556
CTDSPL2,-0.27156972126895357
CYP39A1,-0.27161028990340963
SNORD83A,-0.27192960466510346
STX1B,-0.27209295402221356
PDK2,-0.27217716063846437
PSPN,-0.27224627211425545
ADK,-0.27227417284381406
NIPSNAP3A,-0.2725302100512166
CMPK1,-0.2725510785192465
STARD13,-0.272947317040533
SLC19A1,-0.2730763117248995
KRT18P4,-0.27328586010334466
ERLIN1,-0.27352710060215146
ADA,-0.27367152472307993
RASAL2-AS1,-0.27388019253426044
MT-ATP8,-0.2739278283933557
PAXIP1,-0.27401390832846395
ALDH7A1,-0.274243526086643
ATL1,-0.2742668513121528
EFNA4,-0.2742798506220959
TYK2,-0.274335645421292
CCND2,-0.27436144813810354
MCF2L,-0.27460254249807703
CFAP184,-0.27463588162221114
HCN3,-0.2748115212727313
CSTF2,-0.2748279720323226
TMUB1,-0.2748527953640781
CFAP157,-0.2751114743160212
SEMA3A,-0.27512783616991726
CENPV,-0.275270420065697
A1BG-AS1,-0.27541094094488533
YPEL1,-0.275644084828923
IFFO1,-0.2756960127895053
MYH10,-0.27574755560621683
ILF2,-0.2757505764347511
CA11,-0.2758018760402454
FERMT3,-0.27584910360600706
ANTXR2,-0.27591746647262533
GUSBP18,-0.275950848756986
PRKAR2B,-0.27610503882839305
VPS29,-0.2761682605104182
GSTT2B,-0.27631564251835344
CYCSP10,-0.2763312772452395
CEP170P1,-0.27657100697491704
CKAP2-DT,-0.27688892315406355
ILF3,-0.27691460130055734
SILC1,-0.27709638568919187
ZNF248,-0.27719835466470827
B3GNT5,-0.2772313862584885
PLXND1,-0.27729448131917905
RAB27A,-0.277315368505645
CRYBB2P1,-0.277604418028689
SAP30,-0.27794124535236436
PCSK7,-0.27823276959406507
CALR,-0.27824328405639115
RAB1B,-0.2782434017342894
MAEL,-0.27836578290671277
SATB2,-0.2783917518942709
NAA80,-0.2784496946115243
CADM1,-0.2785168208712236
FOXF1,-0.2786173911161943
GET1,-0.27865008767891913
EEIG2,-0.2787138960500875
PLOD1,-0.2788601139631126
ICA1L,-0.2789564027353106
ACSM3,-0.279006570258652
MRPL14,-0.27906140863011997
ACY1,-0.2790641318626013
STAP2,-0.2791194175100987
MT2A,-0.2792516027361469
LINC02981,-0.2792774757758712
FUS,-0.2793823408399866
POP7,-0.27972815776842225
UBE2S,-0.27976000677480034
NET1,-0.279769217710902
ZNF775-AS1,-0.2798595708773623
ADCY8,-0.2799049463346262
TRAF3IP2,-0.2800137033415274
NOVA1-DT,-0.2801460264549358
LRP11,-0.28015290306264473
G2E3,-0.28037094517397143
DARS2,-0.28039889281716535
GTPBP3,-0.2804664988439523
SPECC1,-0.28058509874866183
PRKG1,-0.28065436325920246
USP32P3,-0.2807414166242622
TRIM28,-0.28094313474453986
ZNF680,-0.28098912432459305
HECTD2,-0.2810045712896847
PANK4,-0.2812064859900378
GGTA1,-0.281282939756256
FABP7,-0.28135939982017366
MT-TY,-0.2813958103040812
VAMP1,-0.28142789481729097
CLMP,-0.28211074130428504
BCL2L11,-0.28216391155884735
GPR37L1,-0.2824333901263575
CDH23,-0.28248962867176325
ZNF784,-0.28250448446823745
PDGFRB,-0.2825358281677513
LSM11,-0.28257337424081547
MAP2K1,-0.2825910233344184
ANKRD39,-0.28270315054364537
KRT18P59,-0.28275583188827935
KCNH2,-0.28276823213683366
ZNF672,-0.28279068166126553
RPP30,-0.2827919932089802
AGAP12P,-0.28296244926570996
DGCR6L,-0.283509640748708
FAM171A2,-0.2835246843086654
MTND2P28,-0.2836422186221256
NUP50,-0.2837696391174087
SRGAP2B,-0.2843991016284515
LINC00339,-0.28442105459569944
LINC01089,-0.28485288228154654
TMA7,-0.2849583054631212
KIAA0586,-0.28496463296490426
JAM2,-0.28498902380524577
NUDT11,-0.285196647681319
GPANK1,-0.28525080439785755
BTG3-AS1,-0.28529884125196603
TMEM121B,-0.2853451584645651
BOLA3,-0.2854563090318917
MCCC2,-0.28556427734463435
ITGAE,-0.2856497122602301
TCF4,-0.28583764937053163
KIFBP,-0.2858568127904627
MAP3K3,-0.28587580270147545
NEDD1,-0.28597843312957866
SNHG15,-0.2860934278720531
LINC01415,-0.28614870217122756
EYA2,-0.28624499678211623
EXOSC4,-0.28657876195969423
DDB2,-0.2866021220403065
TMEM255A,-0.2866991629317511
TRIM62,-0.28686432680732465
SRSF7,-0.286940987002949
PCSK4,-0.28697554709238554
SLC20A1,-0.2870061158063304
RUSF1-DT,-0.28710662398013576
MANF,-0.2872507519816205
ADAM1B,-0.28732750331909324
GATM,-0.2873584755051906
SNRNP40,-0.2873650536729449
ZSCAN16-AS1,-0.2877373341557467
HYAL2,-0.2877669219930023
MRPS11,-0.28782380933879287
SMPD1,-0.2878661739334426
IVNS1ABP,-0.2878849382652295
TBCD,-0.28793647866417155
MATN3,-0.28821602357217896
AKR1B1,-0.28879293949158985
IRX5,-0.28907324106755067
IER3IP1,-0.2896924915447801
KCNA1,-0.28989523362240693
APOBEC3C,-0.2899954208962297
NUDCD1,-0.2900126777974677
PPM1F-AS1,-0.29035100067773034
LINC01971,-0.2903517637787177
MAGI2,-0.2903563057448285
TAF4B,-0.2903905887571955
ATP1B3-AS1,-0.29042355331190306
PPP2R1B,-0.2904284887718259
ZDHHC16,-0.2904982482947993
RCC2P6,-0.2906706054724395
ANKRD23,-0.29069412072289785
HEPACAM,-0.29079306195890375
FKBP5,-0.2908808909393928
CMC2,-0.2909137471344368
NUP37,-0.29096577978618265
CCNI2,-0.2910030848578442
FGD5-AS1,-0.29101273801772065
WDFY3-AS2,-0.29103529593056243
PHKB,-0.29116779493511463
NOP56,-0.2912959470330687
BNIP3P17,-0.2913903141595721
GALNT16,-0.2914924465300781
MEIS1,-0.2916687854929428
ITPR3,-0.29197441231284965
YWHAQ,-0.292211932605069
SREBF2-AS1,-0.29264391286569597
SP2,-0.29287041981560447
RNF180,-0.2928829047121081
MCAM,-0.29289717661625336
SDF2L1,-0.2929125946810972
BAZ1A-AS1,-0.29321460191624577
UBQLN1-AS1,-0.29326849452037645
NUDT21,-0.29329017221179804
FAM53B,-0.29340665186468434
EPOR,-0.2934072468410381
SCML1,-0.29344029079912204
KCNJ10,-0.2934504419908401
AMPH,-0.2934862825936694
FER1L4,-0.29349861313370246
DCAF15,-0.293606169156059
NUP93,-0.2939383306472333
ERVK3-1,-0.2939889264770144
PIGQ,-0.2943438334718772
PDS5B,-0.2944727165654503
FSD1,-0.29460327621871857
TM9SF5P,-0.29467972533831277
CHROMR,-0.294727800510679
MAP2K4P1,-0.2948955432071857
NBAT1,-0.29494526521252024
H1-3,-0.29508770860982425
RPS3AP26,-0.29515370860991735
TRMU,-0.29525482136895664
SPTSSA,-0.29530884817527947
MAGEC1,-0.295402660460168
SEMA3E,-0.29541190447562565
GABRA4,-0.2957615634376827
ZNF675,-0.29583500198143864
B3GNT4,-0.29585210467383793
EDNRB,-0.2959722878697777
B3GLCT,-0.29608167139451336
ZNF43,-0.296210661929748
TEAD2,-0.2962638948763741
H2AC20,-0.2964589279388647
CFAP92,-0.2965425968069538
ANKRD18DP,-0.29697614006912365
AP1M1,-0.29702306845780685
TMED6,-0.29704538028169475
TMEM269,-0.2971355343170899
LSM5,-0.2973782382611086
GSTA4,-0.297416819342932
NAPRT,-0.2978808311766181
VXN,-0.2979390702223401
CBX1,-0.2980184594747826
PRPF31-AS1,-0.2980567160426587
TPGS2,-0.298239363866419
FAHD2B,-0.298405790079843
C1QTNF12,-0.2984625758482108
TUBBP1,-0.2985434752417649
APLN,-0.2985790595563865
VDAC3,-0.2991918890742402
TTTY14,-0.29932650214301537
SDHAP4,-0.29933048312282934
CCDC85C,-0.2996959288211308
CNNM3,-0.2997092783626162
WRAP53,-0.2998556546941463
LHX2,-0.2999303445732409
CIAO2A,-0.300078755360214
AFAP1-AS1,-0.30031313128350995
DAXX,-0.3003947055788732
MCMBP,-0.30046697778133025
ZNF180,-0.3004845888743581
CIRBP-AS1,-0.30073469664312635
SYMPK-AS1,-0.3008030560997535
TUBB4B,-0.3008445476579765
MCUB,-0.30087279059243355
PTGFRN,-0.30134989011509167
CDH4,-0.30136574086830126
NUP155,-0.30186082038556294
SAC3D1,-0.3020611730121174
TAS1R3,-0.30216874277340133
ATRNL1,-0.30223590469218875
STARD4,-0.30227801557181516
RGL1,-0.3025140593451636
SNRPF,-0.30258979426028837
SPAG8,-0.30263424945024087
SLC35A4,-0.30272971169275587
TMEM176B,-0.3028550834828708
FAM133B,-0.3028611317724724
FREY1,-0.3028933859708638
ETV5-AS1,-0.3031715134332852
CDK2AP2,-0.30343743141815843
TWSG1,-0.3035602538826618
MGST3,-0.30382703660819166
NUP88,-0.3038369011913675
HM13-IT1,-0.303906718070037
FILIP1,-0.30437668644171817
PNRC2,-0.3043926700707168
METTL17,-0.30444989808429923
SRPK3,-0.30451805164396817
IPO5P1,-0.3045767559155306
RCC2,-0.3045889882198939
CDK2AP1,-0.3046814639571942
IKZF2,-0.30472129194129327
XRCC4,-0.30491043701321646
SIK1,-0.3052751531009093
RBMXP2,-0.30534577378085836
CDK5RAP2,-0.30539732862363794
FRMPD1,-0.30546332256449077
DMTN,-0.3054647329200969
SQLE,-0.305537507607448
TMEM86B,-0.3055874905088835
SYCP2,-0.30562507200463324
AFG2A,-0.3056546355962838
RPGRIP1,-0.30578809342627
CRYBA2,-0.3062004334430096
SERBP1P5,-0.3062052347171701
TEKT2,-0.3062801712337503
CYB5R4,-0.3063026617708752
CIBAR1-DT,-0.30639793685867583
MAPK10,-0.30646169108836124
PNP,-0.3065082174661824
GAB3,-0.3066421531981291
CPXM1,-0.30677586943931573
ZNF66,-0.30683551133056153
PRSS36,-0.30712415247677904
SRP9,-0.30722633333233684
SEMA7A,-0.3072762062442848
CENPE,-0.30728324557029413
KCTD8,-0.3073509412229604
NABP2,-0.3075368803913418
UBXN11,-0.30757333411224924
CHAMP1,-0.30780041879617087
NPAT,-0.3078302773155854
GPS2P1,-0.30789314529642936
NFIA,-0.3081200928866487
POLR2L,-0.3081959366195962
HSPD1P1,-0.3083921723953619
ACTL6A,-0.30844967282996405
EFS,-0.30851092660658125
MT1G,-0.3085613388172314
RP2,-0.3086243131077485
FDXACB1,-0.30923890698261725
FSBP,-0.3092488539362933
FOXD4,-0.30954386267059697
MBNL1-AS1,-0.30960760685864486
EXO5,-0.30970618105490644
ATG4C,-0.30996566101332923
NADK2,-0.30999970380027375
MYRF,-0.31007419366310934
CALM2,-0.31042774760898806
POU3F4,-0.3104623771250135
LINC02166,-0.3105775707689802
RAB15,-0.31098814911411676
EDNRB-AS1,-0.31112131970994183
CNTROB,-0.3111893705040345
AP1G2,-0.31129392943555856
ARL6IP1,-0.31131456319756345
SENP1,-0.3113240326433684
LDLRAP1,-0.31140999785828793
TGFB3,-0.3114471022681001
FAM184A,-0.3114828809350074
RSRC1,-0.31159851956738027
H3P6,-0.3116054275068966
SOBP,-0.31171843646948644
COTL1,-0.31186186195119975
DARS1-AS1,-0.31212183776053304
ZNF232-AS1,-0.3121849135732689
RFPL2,-0.3121901330297035
RHPN1,-0.31247836927341044
LRRC75A,-0.312533864810604
RFC1,-0.31275191913761086
NT5C1A,-0.31284394965611195
ABCB9,-0.31292689778496696
GLYCTK,-0.31296746027324185
RN7SL689P,-0.3130442740756042
RPP38-DT,-0.3131562384818296
ANAPC15,-0.3134769744155939
EXOSC5,-0.3134872332244188
POLE3,-0.3135682049104061
DYNLT2,-0.31384330076410577
PKD1L1,-0.31392434264409746
CRELD2,-0.3140164460045655
SPOCK1,-0.3140554597826326
NANOS1,-0.31405928114628023
BLMH,-0.31416600914422227
TCF12,-0.31419616936031647
SNHG21,-0.31463109611447687
SMIM10L2B,-0.3147616937238721
NSG1,-0.31505398786178884
TMEM131L,-0.31575512516664755
ARPC5,-0.31604795622084747
RBFA,-0.3161127874713518
PCAT6,-0.31647271343759553
VWA7,-0.316604811832262
PRPF4,-0.316611061218846
LINC01977,-0.3167425597442912
PDSS1,-0.3168180650537239
ZGLP1,-0.3168472720077916
DSCAM,-0.316883155323439
BTBD6,-0.31730041217719934
ARHGAP29,-0.3173493319545697
PANO1,-0.3173765790581967
UCP2,-0.31753693571891944
ITGB1BP1,-0.31755642079633445
SYCE1L,-0.3176285583731397
RAB8A,-0.3176831278213862
HSPA14,-0.3177939461779771
PDZK1,-0.3178193614098897
TNNC2,-0.31790516735691443
SNORA5C,-0.318194623391276
PKMYT1AR,-0.31833042349965485
MBNL2,-0.3186375951045085
TTLL7,-0.318967206283203
RPS6KA5,-0.3190135570773811
LMF2,-0.31934407156441635
CASC2,-0.31979555474005583
MTFP1,-0.31980425829569986
LINC02473,-0.3198081703103336
ING2,-0.31989695988698
CBFB,-0.3199441586836088
APLP1,-0.32000783584870884
SHLD3,-0.3203712092214742
TIPIN,-0.32040560267535273
PPP1R14B,-0.32056697676935314
CCDC15-DT,-0.32065870134235336
NFYB,-0.3208294205618313
HOXA9,-0.3208589178113877
JPT2,-0.3209503637989402
BTF3-DT,-0.3209705951306712
SLC25A19,-0.3210044020828403
SAXO5,-0.3211317969099433
BDH2,-0.321168730288043
IKBIP,-0.3212830128308727
POLR3G,-0.3214128692402234
TRA2B,-0.32143176321629796
POGLUT3,-0.32152065155765885
RIBC1,-0.3218841393346794
PRKACA,-0.32188988891000037
CTNNAL1,-0.32207055998291817
AGAP5,-0.32220273799890414
RPL24P8,-0.3222110340272934
TDH,-0.3225526570656338
KBTBD8,-0.3226239861265536
CACHD1,-0.3228260101829538
BTG3,-0.32314868392420165
CKMT1A,-0.3233181961002663
PFAS,-0.323549705014444
TMEM163,-0.32368209167134343
CCDC184,-0.32369749951835103
HOXB13,-0.3237678761282276
MECOM,-0.323777383902504
SAE1,-0.32381640166867814
H3C6,-0.32395188729802255
UCK1,-0.32403374575908717
MPDU1,-0.32417471466730746
MANEAL,-0.32420369849775
MPC2,-0.3242217040340727
ODF2L,-0.3242605802006305
DERA,-0.32438302752017456
ETV1,-0.32468638746883793
MEX3D,-0.3247425844827737
CCDC162P,-0.32485362348317637
ERI1,-0.3249346960516095
GSTM4,-0.3251892180968805
COL12A1,-0.32522732217252653
SLC18A2,-0.32531013109688256
JPT1,-0.32538958990812844
CFAP210,-0.3254479714709973
BCL2,-0.32579414137256757
SHOX2,-0.32591072315567027
NUCKS1,-0.32615604213527927
APOO,-0.3263973708182056
DIAPH1,-0.3265517838483433
BMP1,-0.32656920054685395
MICAL1,-0.32657401444216627
PIN1,-0.32666503792872087
NAIPP2,-0.32668106242434647
ZNF603P,-0.3267113266635861
ARAP3,-0.32681803058752423
RPL13AP20,-0.32695136844944156
RBBP8,-0.3271144394329632
CD83,-0.3271453507122894
SNORA71B,-0.32715772368597856
NFATC2IP,-0.3272153555189803
TTI1,-0.327218804305069
PITHD1,-0.32744156903156135
TMEM39B,-0.32761902507156393
TTLL5,-0.327641490027196
HNRNPR,-0.3276587373545813
GMCL1,-0.3276631359162934
SAMHD1,-0.32769197551670154
SRSF1,-0.3279174059396135
C1QL4,-0.32803000603400706
CD34,-0.3280711303653262
HES1,-0.32814341263152963
DDX46,-0.3281860861324485
LLGL1,-0.32828354606096183
PPP5C,-0.3285743316371742
ASAH2,-0.32871371730673377
RPS26,-0.32887654585615494
TMED2-DT,-0.3288837237526026
MAMDC4,-0.32890210205996345
CLCNKA,-0.329074646566041
TBR1,-0.32907977591011117
RN7SKP173,-0.329208717740785
NPIPA6,-0.32923710770336445
SLC25A35,-0.3294009053539097
RBBP7,-0.32952980541975413
MT-RNR2,-0.3296485879005256
LSMEM1,-0.32970420786609816
MT-ND2,-0.32971782551423623
NDUFB6,-0.32975135491255064
NBL1,-0.3301037543433944
ZNF430,-0.3301531419903521
PAICS,-0.33018571541163866
NTHL1,-0.3303847307971284
MYOZ3,-0.3305041325629943
CCDC77,-0.3305168625975954
BCAN,-0.3308021823880726
SOCS5P4,-0.3308216844212369
FAM185BP,-0.3308801311295971
ILKAP,-0.33097549813506216
PRRT1,-0.33106577673624277
PRIMPOL,-0.33113889270116953
TRIL,-0.33123612657210094
LTBP3,-0.3314036004659042
PLEKHG2,-0.3314438521816449
GPRIN1,-0.3316328758136504
TRMT2B,-0.33175947376631715
DCP2,-0.33176125749954954
ING3,-0.3318358521713528
C1orf159,-0.33184139076694635
CYP2D6,-0.3320047828675096
NUDT10,-0.33216973790009763
ARTN,-0.3322750062943332
N4BP3,-0.3325348819218151
ADGRA1,-0.3327821390087791
BCL2L15,-0.3328408750661616
DDX19A-DT,-0.33292950713152114
NCAM2,-0.33294110603232574
RBM38-AS1,-0.3329611128118572
EBP,-0.3332091550942896
NUP62,-0.3333009646588105
POLH,-0.3334512250353322
SMYD4,-0.333603160591254
PGRMC1,-0.33361728336333296
HEG1,-0.3336285880026351
TEAD4,-0.3336687759671285
ADM5,-0.33367210706136485
TRA2A,-0.33417696160603716
MSMO1,-0.3344863894514648
ACVR2B-AS1,-0.3351634876161774
SIX5,-0.33531409948508956
FMO1,-0.3353592252921811
ZNF837,-0.33538297290698915
SOX4,-0.33539673135821285
SOWAHB,-0.3354638735595309
SUGT1-DT,-0.3355397591959418
RN7SL268P,-0.335616907891538
RASSF7,-0.33566228301988943
RPL22L1,-0.33602918880679356
NFKBID,-0.336037345865777
SELENBP1,-0.3363598669677088
MIR3659HG,-0.3364339836626785
ZNRF2,-0.33650431602252284
EPS8L1,-0.33663287634323913
HAUS4,-0.33665022059978056
TIMM21,-0.3367132068227103
MACROD2,-0.33680489707829164
RNASEH2B,-0.336857150986288
PELP1-DT,-0.33690504426967083
LAMA3,-0.33692799390578315
NME1,-0.33696266390429097
ALG10,-0.33697496338311644
REEP4,-0.33732470254391445
SPTB,-0.3373964788993949
CHRAC1,-0.33741394085403664
POU3F2,-0.3374905748003742
TGILR,-0.3375610229782586
NYNRIN,-0.3377196565914453
PPP1R14BP3,-0.3377526991166545
ABCB10,-0.33785870074031993
SELENOO,-0.3379132496357177
OPRL1,-0.33811052431600647
RAD21,-0.3385736247207067
DND1P1,-0.3386014353590383
VWA5B2,-0.3387422916942896
PRDX2,-0.33897989611397705
MBNL3,-0.33899715554059145
PILRA,-0.3392744547736892
VPS45,-0.33955860677743277
GPR75,-0.3395876569508177
CST3,-0.33965695764604936
TBC1D8B,-0.3400549207287216
KHK,-0.34030887421704553
GLRB,-0.34075763907172535
HCFC1R1,-0.34077391868841717
PPM1G,-0.3408688112826674
GPC5,-0.34087486328532224
ZDHHC14,-0.34135126524651854
SNORA66,-0.34166917884545106
RAB23,-0.34196929806897675
NXT1,-0.34209832006934027
SEPTIN8,-0.3422315690522482
LINC02321,-0.3423512048493399
LUCAT1,-0.3424204234672593
CENPC,-0.34248568860192746
PCOLCE,-0.3426974950539396
CSTF3-DT,-0.34271266811988893
PDIA4,-0.3427507805509054
ATP2A1,-0.34277513064921655
MEIS2,-0.34302329196827164
TOE1,-0.3430669429291973
CENPT,-0.3432073026006341
USP49,-0.34324808025211917
TMEM201,-0.3433343138346605
GAS1RR,-0.3434566562728164
PUSL1,-0.34366896136280717
CACNB3,-0.3437034165448385
EXOG,-0.3437454113108562
BMS1P4,-0.34421917709204825
CENPF,-0.34433642920744517
GRAMD1B,-0.3444341691842587
MGAT5B,-0.34445583301218574
TEX15,-0.3445404339437635
RAVER1,-0.34461696094798444
E2F3,-0.3446731521963586
TFPI,-0.34481324015182924
RTEL1,-0.3449533440624192
TRAF2,-0.3451674430841734
ATP5MC1,-0.34538814827588893
SLIT1,-0.3455278197018946
NAP1L4,-0.3456996867646106
ATAD3B,-0.3460317821990263
KIAA1586,-0.34608584355244343
CISD1,-0.3467225267207085
RCN3,-0.346831758248979
RNF157-AS1,-0.3468563867753842
PDGFA-DT,-0.3470701447364066
PRSS12,-0.34714866403082045
CORO2B,-0.34772250249518427
EMILIN1,-0.3478263901646581
PYCR3,-0.3479871971200913
BORA,-0.34800092388789183
EPHA3,-0.34800421956353783
LOXL2-AS1,-0.34803927235058296
C7orf78,-0.3480499430327359
LHX4,-0.34838031327287905
PTGR1,-0.3485733111191872
TMEM183BP,-0.3485781931320839
GPR160,-0.3487149326674757
RAC1P2,-0.34874658183209956
MMAB,-0.34884878324613644
STIM1-AS1,-0.34889710090712295
LINC02871,-0.34905927231832434
NIPBL-DT,-0.34909342807203375
KLHDC3,-0.349212870271034
C16orf95,-0.3494370094332059
PARP1,-0.3497898783645757
BACC1,-0.34981336517301975
CCDC28B,-0.34989841391477655
BCL2L12,-0.3499544991555556
ABHD17C,-0.3500920744551019
SMAD9,-0.35030558082207425
FAM157C,-0.35069723207271886
SPR,-0.3509887941605383
ZNF76,-0.3519233529183634
GAL,-0.3520830672746199
TEX56P,-0.35219716060027956
FBXO48,-0.35232816676630574
PPT2,-0.3525062207489119
SACS-AS1,-0.352661613975408
TMEM31,-0.3526679809225501
CCNO,-0.35272596163127834
SDHAF3,-0.35277651969183066
KIAA1614,-0.3529142543474224
FGFR2,-0.35301879883791776
DUSP6,-0.3530928601754197
CTSH,-0.3531050233962349
MAGOH-DT,-0.3533994330779451
HAND2,-0.35345268249440687
FAAP24,-0.35354560048545836
WDR5B-DT,-0.3539883463426121
TBC1D4,-0.35410444620095527
ZNF92,-0.3545885198660875
PRRT4,-0.3549886202923984
PRR36,-0.35508094329371864
EXOC3-AS1,-0.3554033137868609
RNVU1-30,-0.35549027259027866
DACT3,-0.35550841324001964
FH,-0.35593686935473995
STMND1,-0.3560225661435612
COX5BP6,-0.3560503728503275
CFAP46,-0.35619602371356907
MROH6,-0.3564143763355126
OR2B6,-0.35646863279195257
C19orf81,-0.3565782510769011
LSS,-0.35683315525790743
PCDHGB6,-0.356933224690101
BICC1,-0.3570172025716407
SMPD4,-0.3571413719144188
SORBS2,-0.3574172815957233
VAX2,-0.3574361342933717
TIMM10,-0.35780094860855144
NOX1,-0.35787826233124975
GBA1LP,-0.3580389014456064
MT-ATP6,-0.3580638108467164
STON2,-0.3580992766660393
CYB5B,-0.3581415787322306
ADI1,-0.3581688113235206
THOC6,-0.35822047425917464
DLX3,-0.35834608347047353
CEP162,-0.3583657653705057
PRPS2,-0.3584065560520306
C19orf48P,-0.3585892134125479
SCML2,-0.35867215564629085
GPSM2,-0.35876660062957166
PRPS1,-0.35887492238223423
OBI1,-0.35888332530752826
TUBA1B-AS1,-0.3588948920841951
LDHAP7,-0.3594798991190144
ETFB,-0.3596087136026545
SRRT,-0.35974418236677586
ITGB3BP,-0.35976863988139657
MGARP,-0.35991250342380643
HNRNPKP2,-0.35996471412121067
RNASEH2C,-0.3602629375611009
ZNF668,-0.3603079212671809
FNTB,-0.3603950595524146
ERG28,-0.36059171216892855
MTHFD1,-0.3606568242033896
NSUN6,-0.3607118125844654
CCDC78,-0.3607276582591984
CERCAM,-0.3610149811145551
C2CD4C,-0.3613479497565784
PILRB,-0.36137083801487746
ADHFE1,-0.3615102559169301
FANCE,-0.36153336226968225
H2BC6-AS1,-0.3616863018090085
SNX7,-0.3616928464686525
BMS1P1,-0.36196215024112627
ALCAM,-0.3620410190666878
APEX2,-0.3624217981405032
SLBP,-0.36246276178809245
FBXL19-AS1,-0.36276187911570473
RPA1,-0.3633014259067485
DISC1,-0.36345089372715034
PCSK1,-0.36398931563382153
RNF224,-0.3641018422928479
DUSP10,-0.3642605226928629
KRT8P33,-0.36445082723701605
TCHP,-0.3644653072592986
MATCAP1,-0.36465264995105906
ZMYND19,-0.3647374993394585
SIX1,-0.36474721026370105
SLC5A4-AS1,-0.36542164495626633
SMC1A,-0.36564217149736533
ANKHD1-DT,-0.36575392108518456
KALRN,-0.3657817193158099
SCFD2,-0.3658250258601197
RASGRP3,-0.3658450878432494
SPEN-AS1,-0.36597613172145776
PARP16,-0.36600034245828283
SLC16A2,-0.36619746196505304
CADM3,-0.3663585282063554
ABCB8,-0.36688070776699255
PGBD1,-0.36692013918839184
H2AZ2,-0.3670256078321267
LGI3,-0.36703766321504216
GNG11,-0.36715263805212134
MIR181A2HG,-0.36724783465165955
LRRC46,-0.3672930007757957
HNRNPD,-0.3673183511304783
HSPB6,-0.3676175440884391
CTNNA2,-0.36764915978403445
CASTOR2,-0.3676960783213277
MTATP6P1,-0.3679145770474961
KHDC1-AS1,-0.3679567111252903
TTC36,-0.36823278373054497
GPLD1,-0.3682341212481051
RENO1,-0.3682522820140242
TAF5,-0.3682653944378106
ZDHHC12,-0.3682739410314195
RCCD1-AS1,-0.3683009420089277
SRP54-AS1,-0.3685465812743711
SMIM3,-0.36856049919559003
CCDC14,-0.368642981618393
ATAD3A,-0.3686524381268127
RAD9A,-0.36866404123710683
UBE2V1,-0.3686855197153017
TOP3A,-0.3687206563443576
FAM181B,-0.3687930900566724
CACNB4,-0.36887117520261664
GRK6,-0.3689745356928169
C2orf69,-0.36909026762114
SFI1,-0.3692691271087977
TMEM179,-0.36954519652791923
STMN3,-0.36966254044582764
FAM72A,-0.370157338935239
LINC02986,-0.37016913198164947
GHRLOS,-0.37019699966986264
DMRT3,-0.37024229664033
SEPTIN1,-0.37026559427153927
ASRGL1,-0.3703101172974077
GASK1A,-0.3706223305754675
PTMA,-0.37075234863580225
ZDHHC13,-0.3710463245413412
ST7,-0.3713540690731692
SAPCD1,-0.3714394909240487
RBM14,-0.3714564521524596
ZNF132-DT,-0.3717459426963661
YDJC,-0.3717599089257513
NIPAL3,-0.37179189352448055
ENHO,-0.3723764826066652
RPS27AP16,-0.3726124987956566
CD101,-0.37274763050980786
TWIST1,-0.37285130879963246
DCK,-0.3729540637231073
PADI2,-0.37307885705244137
WNT5A,-0.3730971204444647
IGDCC3,-0.3731634363054581
CCDC183-AS1,-0.3731839037516339
MAP3K4-AS1,-0.3732676419457884
NUP210,-0.37355917314476506
PIGW,-0.37373698740428446
GEMIN8P4,-0.37395106984089255
C5orf34,-0.3742958679656093
PM20D2,-0.3743337955430801
COL9A2,-0.37470783528240886
HEXIM2,-0.3748613298302921
LOXL2,-0.37493409724180055
ARL17A,-0.3749816976387325
UCP3,-0.3750246548797942
ARRB2,-0.375147445069286
CDK6,-0.375386470588954
FAM83E,-0.3757137883541675
TROAP-AS1,-0.3758385991352822
RCBTB2,-0.37591060459847825
HNRNPM,-0.37598891048007127
UQCR10,-0.37600297908983094
CEP135,-0.37609757491584106
GGH,-0.37611163422376376
LINC00463,-0.37614848856365984
SLC6A6,-0.3762318871157416
GPD1L,-0.3762480209488115
LINC01588,-0.37648002215336546
TMEM25,-0.37668476158516434
DPH1-AS1,-0.37672122757196624
PRR29,-0.3767765050492781
ATG16L2,-0.37685032693870874
PODXL2,-0.37700471933966906
ABLIM2,-0.3774276107143892
PNMA8B,-0.37750254786802584
ZNF730,-0.3782752932558791
HMGCS1,-0.37829172111502135
LIPE,-0.3782993399810908
LAP3,-0.3785445038869359
CASP8AP2,-0.3785782555962097
PPP1R13L,-0.37864026934286976
ANP32E,-0.37884809648510903
TIAM2,-0.37901026981218244
SNTA1,-0.37909305953825484
SIPA1,-0.3791478545083525
CDK5,-0.37987035112380946
SLC35E3,-0.3804014742127987
ATP8A1,-0.38063152180008025
ITGA9-AS1,-0.3812151994777481
PLCE1,-0.38132497914113955
DCLRE1C,-0.38133474578921933
MRPS24,-0.38164205766144066
CLCNKB,-0.38169832821708577
PTH2R,-0.38171971519093256
RARG,-0.3818076820383131
LINC01726,-0.382300660575058
RCC1,-0.38231128595530156
RNF144A,-0.38231772679583154
PHF19,-0.38248614717275337
RHEBL1,-0.38257177005175697
HSD17B4,-0.38260931394932035
CPM,-0.38281170586868135
CPED1,-0.3828558509997898
STK4-DT,-0.3836149620611417
FLVCR1,-0.38374818927271487
ERI2,-0.38413033139616076
SLC2A13,-0.3841979640608819
AMOTL1,-0.3844039211939556
SCNN1D,-0.3849273858701767
ZNF184,-0.38495563845906416
SLC25A48,-0.38504364981579564
CD274,-0.38505966978239897
CNOT9,-0.385313436820478
AKAP3,-0.3855315848124287
PPAT,-0.3855726517317716
ANGPTL1,-0.3857574963146621
HMGCR,-0.38597271834723806
ZFHX3-AS1,-0.3862061553319974
COCH,-0.3862211461123049
HIP1R,-0.38639934200369913
SHB,-0.3865380105806593
FERMT1,-0.38661316818545616
PTOV1-AS2,-0.38701481603260846
SUB1,-0.38708455010544746
POLR3K,-0.3872677893316318
LBX1,-0.3872716088812636
FIGN,-0.3873833117391013
INHBB,-0.3874537496234665
DOK4,-0.38760202567115587
USP18,-0.3880979114215464
LINC01948,-0.38811901908643237
EFHD2,-0.38820216367005367
SAAL1,-0.3882849045040392
MEX3B,-0.3886261065277997
COQ2,-0.38869858744137903
NDC1,-0.38878043626012987
NOL12,-0.3889656576844323
CALM3,-0.38906431076445397
ATP6V0E2,-0.38934936047299956
TFDP2,-0.3895099242117839
ABHD16A,-0.3895490368990501
RANGAP1,-0.38958699883647613
H2AZ1,-0.389724169476493
DHRS13,-0.38988075747138456
ANKRD19P,-0.38988381539448935
C10orf143,-0.38991297133265995
RFXAP,-0.3904198746958453
HYKK,-0.3908125534217306
LBR,-0.39085931872396795
CNKSR2,-0.39109622164568214
SEMA3B,-0.39126412000779215
TUBB,-0.3912647610195246
DRP2,-0.3913295356913355
ASB16-AS1,-0.39163338342921616
HERC2P3,-0.3918182687050363
NAB1,-0.39187591007426964
CD320,-0.39188400395763845
SNHG10,-0.39200886319112493
KIRREL2,-0.3923151299843236
SCLT1,-0.39269799856032755
DLG5-AS1,-0.3934007722132115
CACNG6,-0.39348501631832217
LRRK2,-0.3936674713727481
PLEKHG3,-0.3939309917078504
SUGP2,-0.39408323866164213
HPF1,-0.394227242395451
RPRML,-0.3943687409478329
ACOXL,-0.39443507215032547
TAF9B,-0.3945601651540046
UFD1-AS1,-0.3947446064257059
LMO7,-0.3947649546343017
AP4B1-AS1,-0.39482462335113844
C9orf43,-0.3950105745130026
KIF23-AS1,-0.3952267196943234
ABAT,-0.39579329023013243
RPL13P8,-0.39587149114486087
DDX39A,-0.39593983283120215
RN7SL832P,-0.39632739400885636
RAD1,-0.3964065775302602
C1orf116,-0.39640679281723035
ZNF850,-0.39646077209775077
NUP205,-0.39655531588137316
TTC9,-0.3967554176781895
TBCEL-TECTA,-0.3968457058077085
ZCCHC14-DT,-0.39692293214757185
LINC00649,-0.3969422033686926
TMEM109,-0.39741527061161364
POMZP3,-0.39755684393183177
CHST8,-0.397707425338267
POGLUT2,-0.39822085483584746
PLD5P1,-0.3986860728875135
CHCHD2P2,-0.3987990371927541
SNORD38A,-0.3989623089720848
PDCD6IPP2,-0.39916286298577264
SKIC8,-0.39917952135609897
OXCT1,-0.39936566589239914
CEP131,-0.39966825966266245
EI24P2,-0.3998507096596289
ABHD3,-0.39988890169578756
SRSF10,-0.39994194821044365
PAX6,-0.40005089008259337
SHC3,-0.40017573843530857
IFT122,-0.4002543229076504
ALYREF,-0.40030857863665625
AEN,-0.4003663071352311
GLA,-0.4007034295916076
ATRIP,-0.40076529876949524
ETV2,-0.40079394992210154
MARVELD1,-0.4011666620890538
CHDH,-0.40137624910157865
C1R,-0.40177770329450774
VWDE,-0.4019408515239774
PRMT5-DT,-0.402096597232059
LMNTD2,-0.40219486992530334
FAM161A,-0.4023745747625185
NPHP4,-0.40244405663717453
MLC1,-0.40264287623922335
LNC-LBCS,-0.4026886158010715
NAALAD2,-0.40295211819240573
ASTN1,-0.40300084386099433
ZNRF2P1,-0.4030207613993344
ADAMTS6,-0.4031517248008751
TUBG1,-0.4032009622320268
SEPSECS-AS1,-0.40346662827022967
CCDC80,-0.4036036104868651
ZNF385D,-0.4039928339392386
PNPLA7,-0.40450432720528556
SPATA3-AS1,-0.40459533500660566
INO80C,-0.40476579999299955
ELOVL6,-0.4051869935028396
LINC01315,-0.405408992502601
TMEM14A,-0.4054255267858388
CEP76,-0.4054758562141666
NUP107,-0.40551012014204846
SPACA6-AS1,-0.40557040247956555
CDHR2,-0.4056625837359338
LSM3,-0.4056906809101385
PLEKHA8P1,-0.4059132516507556
TGFA,-0.40608877062392723
TBC1D1,-0.4063650915392558
MAGED1,-0.40647392004414057
NT5DC2,-0.40721350072383083
CCDC148,-0.4073990932278289
PCNT,-0.40753805774160157
PGAM1P8,-0.4076603417449911
EBF3,-0.40784802454070446
MIS18A-AS1,-0.4081379823554574
USH2A,-0.4090043037556487
ACTG1P17,-0.40938878208885976
TOX-DT,-0.4096260927628143
SNRPB,-0.40976471096834527
CNPY4,-0.40991338406575006
TPH1,-0.41003986649228064
NEMP2-DT,-0.41007312943631846
LAT2,-0.4107850124749156
NOL4,-0.41081383075688943
SPSB3,-0.41084189755424094
PCDH15,-0.41099357416772914
CLCN3P1,-0.4110942122571139
RNF168,-0.411739112668538
RELT,-0.41177045800293216
FGFR4,-0.41177109285536984
GAL3ST4,-0.41177924264206256
SIGLEC1,-0.4120500240574524
LINC03124,-0.4122351224630757
CAMK2N2,-0.4123852760400256
KLRK1-AS1,-0.41253520244248937
DTX4,-0.4126088942529068
RIIAD1,-0.41271840529669757
PDE4D,-0.4128856934315886
HNRNPAB,-0.4128955772820602
PLK1,-0.41345507856760483
NAA38,-0.41355428939836003
TERT,-0.41359003433407304
NSMCE4A,-0.4137188903243899
GLCCI1,-0.4141891975648853
SLC25A40,-0.4147687377181336
EXO5-DT,-0.4147843503929161
HMGN5,-0.41483191212517445
PDE3B,-0.4149435902508578
GAMT,-0.4152991079355297
FAM83D,-0.4153491256563943
NSD2,-0.4155003086766291
PABIR3,-0.4157780896646586
FUT9,-0.4158220475341557
NLGN4X,-0.4161167859713011
ANXA2R,-0.41618155812288665
RAB9B,-0.416408179011244
PDCL3P4,-0.4164144193103349
NOD2,-0.41642962432582503
PPP1R14A,-0.4168703746306854
ANXA6,-0.4168896579783644
CCDC167,-0.4170291123865374
TOPBP1,-0.4171561302703698
PRR22,-0.4174770247133038
MAGOHB,-0.4175826659567514
ITGAM,-0.41758970496363795
EGR1,-0.41769039580515144
RHOBTB2,-0.4177919774516373
KATNB1,-0.4179217977084927
CENPA,-0.4179788492758287
CBX2,-0.41815202319446965
ZFYVE19,-0.4181886038552296
HMGB2,-0.4185074872689597
CELSR2,-0.41863475784700255
SATB2-AS1,-0.41891229405021874
LIPT2,-0.419133828240826
MIR762HG,-0.4192812434959717
EPHA5,-0.4194481440870643
SHROOM2,-0.41951369097073554
ZBTB8B,-0.41973853707144443
ID2,-0.4197653717492035
PTBP1,-0.41989983421061655
NKX2-1,-0.420048889576604
MGST1,-0.42057592096897045
CFD,-0.4206859754450804
CD248,-0.42100998267483386
SEPTIN10,-0.4213356588989576
AURKA,-0.42140702426329507
SLC1A2,-0.42160606150687224
KCTD13-DT,-0.42207302848158534
LCMT1-AS1,-0.422148224694122
PDE7A,-0.4225267447313897
NUP35,-0.4227891051001784
SHROOM1,-0.422882411118064
CABP1,-0.42290250681334435
FADS2,-0.42314630328004454
C9orf40,-0.42337811722019375
SNRPD1,-0.4235020274598364
PPIF,-0.4236061858743459
MACROH2A1,-0.4238881382689937
FRMPD3,-0.4239321121739571
KREMEN2,-0.42395588320288885
PIGK,-0.42401923487363413
MEIS1-AS3,-0.424021198387498
SAP30-DT,-0.42405509216268156
MYO7B,-0.424249454534057
PRRT2,-0.4247174812935296
RBM14-RBM4,-0.4247224792800913
MPPED2-AS1,-0.4247615435842593
HJURP,-0.42482714763330975
DOT1L,-0.4250541558046963
ADCY10P1,-0.4250630033926491
MDM1,-0.4252604163164191
HNRNPL,-0.4254610389541811
SHF,-0.4256178491525815
RUSC1,-0.4257374135075037
BRI3BP,-0.4257734466995169
MSANTD1,-0.4257745408912656
CXXC4,-0.42602523352848787
ST6GAL2,-0.4261436043064817
FOXP3,-0.4264814596134227
DNAJC9-AS1,-0.4266234739093991
RGS9,-0.42673620679423213
THY1,-0.4284026589227884
MLLT11,-0.42861963348001614
KIAA1217,-0.42868158278391927
PLCL2,-0.42899372033528554
PLAUR,-0.4296511995510615
NOXRED1,-0.43047941139118684
HAUS3,-0.4304965733609409
STMN1,-0.43053624056393225
SNAI3,-0.430559934987108
CGAS,-0.43062497592113336
CLASP1-AS1,-0.43068513713381146
LMOD1,-0.4309929723773061
CTPS1,-0.431257888541972
LINC02293,-0.43128594251422614
H2AC11,-0.43138220444523373
FN3KRP,-0.43161388072066603
HOXA13,-0.43251418303435696
SNRPA,-0.4325869664956396
EPHA1,-0.43304835301915495
SCD5,-0.4332011000214491
SMG1P2,-0.43346636852519405
CALM2P2,-0.4336367270541856
GPR199P,-0.4337704097843122
PRSS53,-0.4338725674519339
BAZ2B-AS1,-0.4351323644266502
EED,-0.4351539530753262
PTPRD,-0.43527847135258946
TSPAN13,-0.4353809812834408
GAS6,-0.4356974673650607
HMGN2P5,-0.4363490802175627
FNDC10,-0.4365261385154202
LINC01786,-0.43658843908055195
LINC00997,-0.43674293563029987
CCHCR1,-0.4368211199542979
LRP4-AS1,-0.4370136375798927
LHX6,-0.4370436568432384
TSACC,-0.4373023405546763
ZNF295-AS1,-0.4374627919475249
PCP4,-0.4375044857373404
PLEKHG5,-0.43760072658435323
CENPH,-0.43782151067683256
DBI,-0.4381588829308352
SDC1,-0.43830819983556557
U2AF1,-0.4383256689971251
GALR2,-0.43856821878610475
FLVCR1-DT,-0.43857029875905534
CCDC138,-0.43902026915662246
KIF18A,-0.4391725112098828
SYPL1P2,-0.43926704223368596
DLGAP1-AS3,-0.4393379549787017
ZC4H2,-0.4400076960120811
HNRNPA2B1,-0.440268605136938
DBF4,-0.4403827927637831
CABLES2,-0.4408170808254675
PLAT,-0.4413178493078496
INSM1,-0.4415225627437451
BCAT1-DT,-0.4415572260601999
CLVS2,-0.44188210023604607
RFWD3,-0.4420031263252532
PLSCR1,-0.44201903460227465
TEX30,-0.44204533062378504
UCKL1-AS1,-0.4421052162986683
COL23A1,-0.4427193930492803
APBB2,-0.443069192452341
AMOTL2,-0.4431431350171339
RHPN1-AS1,-0.44342343022929065
GABRB1,-0.4434676911121359
PRC1-AS1,-0.4437914771394001
CHST9,-0.44395023947384177
EOGT-DT,-0.44408727321021435
CEP72,-0.4441032499382148
GSTCD,-0.444194039665207
ZNF93,-0.4442919407219079
PDZD7,-0.4445729518656961
TXNDC5,-0.4447380484590699
GJC1,-0.4449546001808004
MZT1,-0.4457227873241671
PGM5,-0.44598322703238924
TDP1,-0.4460245531038415
ELFN2,-0.4461155007344353
ZNF107,-0.44633477538095423
SNCAIP,-0.4463628350473656
RARB,-0.44663683413542743
MSH5,-0.446714897728854
IL22RA1,-0.446968397406776
HMMR,-0.4469751010075654
SREBF1,-0.4471247690194562
TMEM19,-0.44722574863009235
FAM72B,-0.4474609248010941
EFCAB6-DT,-0.4476719732279456
MBOAT1,-0.4477963191347691
CPA2,-0.44793693648190214
CNTD1,-0.4481209599952195
HOXC-AS2,-0.4482089605323754
KMT5C,-0.44831046692451176
HMGB3,-0.44904023433059803
LIN9,-0.4491268227509808
CCDC38,-0.4498389304770749
CORIN,-0.45035102081914485
HSD17B7P2,-0.45065034181151137
LAMC3,-0.45094730379457554
RDH5,-0.4509880882169254
FES,-0.45112361844043464
LAMP5,-0.4511987061480156
BMPER,-0.4512104936065662
MRE11,-0.4513422942568906
KLHL31,-0.4514869507412231
SCN1B,-0.45214079488690523
TTPA,-0.45222267298675545
GCNT2,-0.4524510385121827
CCP110,-0.45253024989941465
LSM4,-0.4526858422079994
KLHL23,-0.45287826892585475
ZSCAN16,-0.45306247712665865
DCTPP1,-0.45316233959191876
SLC30A6-DT,-0.45406678695027797
CYP4F12,-0.45433217192957265
CKS2,-0.4544281166069992
LRRC4C,-0.4547215608045434
SRSF2,-0.4553706101642698
ASPM,-0.45571859965150663
ZNF738,-0.45592162660837626
KEL,-0.4559412388987346
HMGN3,-0.45599859552630595
SPICE1,-0.4560538826497577
HILPDA,-0.45624552196315143
SLC23A1,-0.45626745841184857
SNRPGP10,-0.4563187054853858
GPR62,-0.4563977522987056
PRSS23-AS1,-0.4567783993650425
DEPDC1-AS1,-0.45679295430486633
HOPX,-0.4572980219610157
RN7SL481P,-0.4575562227894724
HMGB1P5,-0.4579039671108752
MYCN,-0.45797215884610065
RNF228,-0.45812074344743364
PRR11,-0.4587626763727091
DHDDS-AS1,-0.45920479497174477
LINC00652,-0.4593343058979872
PDXP,-0.45984872482834777
SAPCD2,-0.4604674451310948
SASS6,-0.46056155998550063
CCDC150,-0.4608955534857138
ITGA1,-0.4609256366829996
CHRM1,-0.46111355035117313
RAET1G,-0.46150893900090695
TSPOAP1,-0.46156450247199265
SUGT1P4-STRA6LP,-0.4626511660370106
FAM81A,-0.462664445442425
MALINC1,-0.46273100595883637
MPC1-DT,-0.4630049344380424
PHB1P9,-0.4637087096032256
CCN4,-0.46409783972172286
CEP85,-0.46412959051772545
POU3F1,-0.4642096273849928
FANCC,-0.46443208554348414
PCSK2,-0.46451293412907685
ATP23,-0.46471809448725887
RET,-0.4648083633130989
FBXL7,-0.4650191650205955
RAD18,-0.46502971876138205
CBR3,-0.46522205279410117
SUV39H2,-0.4652347083531748
PLXNA2,-0.4658077713023715
ACYP1,-0.46601172731932533
FNDC8,-0.466342264709366
TYMP,-0.4664006223273599
P2RX7,-0.4666576309015342
LINC00598,-0.4668263332285421
PRPS1P2,-0.46682689089346746
SOX2-OT,-0.4669180285053792
COL16A1,-0.4670274953497518
TUBA1B,-0.46742073721541694
FKBPL,-0.46764102076914654
ZKSCAN2-DT,-0.46774655105458524
FEZF1,-0.4678919000507927
RASIP1,-0.4679568638436913
MVD,-0.4680475749115093
KIF20B,-0.46804966530467323
ANKRD7,-0.46808545789176553
DM1-AS,-0.46828687742446573
ARC,-0.46843399628139015
MAGI1,-0.4686661761646303
ART3,-0.4688514214904385
AK4,-0.4690086123611952
HMGN2,-0.46906505536167387
LINC00574,-0.4695010533306643
CEP57L1,-0.469998253352543
OLFM1,-0.47014633804117195
SEC63P1,-0.47018504231183794
MT-ND1,-0.47028431072561455
RECQL,-0.47041673168451026
MSH6,-0.4705455449453538
COL27A1,-0.47064863390852857
NHS,-0.4713780722282246
BEST3,-0.47223662025859137
H3P37,-0.47224881770655286
MYO5C,-0.4725135519327386
CPAP,-0.4727273922625671
RDM1P5,-0.4727553774948086
DISP3,-0.47287294492022547
MAP3K9,-0.47345658736504276
ZNF273,-0.47370715856767265
SNORD46,-0.47462819480722807
SERPINB9,-0.47486553594907466
C4orf46,-0.47541411553167073
FHDC1,-0.4756788603331131
TMEM237,-0.4756897306380674
CKS1B,-0.47571063651722406
ITGA11,-0.47582499893580477
GIPC2,-0.47598041418328507
XKR7,-0.4762594799961529
SCLY,-0.4765587847239594
MNS1,-0.47656475405324683
AKNAD1,-0.47761136724380493
PLA2G3,-0.4776862862676083
ANTKMT,-0.4778272568439245
MEF2C-AS2,-0.4788406964034493
RANBP1,-0.47908347754996217
DHRS2,-0.47916183001151774
HYDIN,-0.4794059111054229
CYB5A,-0.47965144065105086
LAG3,-0.48010562125393613
SH2D3C,-0.4801155844241721
NR2F1-AS1,-0.48015792580647304
CSE1L,-0.4803971098081304
HSD17B13,-0.480698667697039
DNMT3B,-0.48081106205527097
DNAJB5,-0.48128932243667366
BRCA1,-0.48183459913830257
IER5,-0.4821254877037877
PTPRG-AS1,-0.4824192911735101
TCEAL2,-0.4825267915038536
PCDH11X,-0.48285289320410507
USP1,-0.48292736695752125
NUP85,-0.48301270470268903
PIP5K1B,-0.4837979534306715
CERKL,-0.48384091688334374
GBP1,-0.4839838391721929
KLHDC8A,-0.4846873841932649
AIF1L,-0.4854130190665903
MST1R,-0.4858121402346393
GOLGA2P5,-0.48613399550413655
CHRNA3,-0.4862489577003641
CEP43,-0.486297395979879
THOP1,-0.4869888427697074
TTK,-0.48748030869683145
ATG9B,-0.48757857835242024
SPATA33,-0.4876061312429939
SKA2,-0.4879605792627855
MADCAM1-AS1,-0.4880634508600048
MARCHF6-DT,-0.4886597153566619
PTX3,-0.48869178162572474
PIDD1,-0.48888249829296815
SGO2,-0.4891004125831054
MATN1,-0.48921823434225786
UBL7-DT,-0.48970751037548177
GALT,-0.4900564504605539
CDCA7L,-0.4900684404241979
LINC00863,-0.4905707185228704
SLC12A9-AS1,-0.4906152423053805
DCXR-DT,-0.4910007606520153
RELL1,-0.49109850520765935
SORBS3,-0.4916242644977546
H3C10,-0.4917549094621327
RNU6-510P,-0.49176947689390016
TNFAIP6,-0.4918657587529166
SHISA8,-0.4924312238126508
NOS2,-0.49255770571323776
VPS9D1-AS1,-0.4925894434239991
TPI1P2,-0.4925974625046553
PC,-0.49340990524686906
S100A4,-0.49386114491886846
SNRPG,-0.49416155235897696
HMGB1P8,-0.49420341360703646
CCDC152,-0.49437797608412914
TIRAP-AS1,-0.49484289153620153
PRRG1,-0.49507804456677273
CARD6,-0.495133181202727
SCX,-0.495620319498283
MASP1,-0.4960887210660578
MAP3K9-DT,-0.4965067303543716
LINC02308,-0.4967332355928918
DUSP26,-0.49687284432034734
XRCC1,-0.4985235717089183
IDI1,-0.49864683561574485
MAK,-0.4987336216754212
CDC20,-0.4987358374265934
PXMP2,-0.49887851252546583
TUBAP2,-0.49903855288897897
SPDL1,-0.49922400434732794
CCDC18,-0.4994584016546106
EPCIP,-0.49954112033188913
LINC01563,-0.49971681746922286
NEURL1,-0.5000396299731428
BMAL2,-0.5007545351058417
ZFHX2-AS1,-0.50165452355888
MXRA8,-0.5021428325777788
SAMD14,-0.5022352353985979
SETD9,-0.5023347673742696
ANO1,-0.5023444689018064
CHEK2,-0.5024171277872577
MYORG,-0.50267286338522
THBS4-AS1,-0.5027263240460969
PCDH10,-0.5029431364835164
BCAN-AS2,-0.5030862567630725
TMEM204,-0.5031285666948291
TRIM59,-0.5032992307873347
IFT25,-0.5034983419214936
CCR10,-0.5036301877261262
IL17RB,-0.5045836855392588
CCDC163,-0.5047698229557565
EXOSC9,-0.5050860044511943
CDCA7,-0.505413258306004
LINC03021,-0.5055341487531095
RTTN,-0.5060650707645624
CADPS2,-0.5061967249131514
TNFRSF25,-0.5062826172072434
IQGAP3,-0.5062934642589604
CLCN1,-0.506569786992741
ADCYAP1R1,-0.5067194062322609
LIMK2,-0.506957156597351
USP2,-0.5071106509840532
SLFNL1,-0.5073302994416066
PARLP2,-0.507474611843966
ASXL3,-0.5075353625597796
SPAG17,-0.5075465845001126
GPD2,-0.5078195220106954
PKP4P1,-0.5078854572217975
ODAD1,-0.5079118697618195
SNORD101,-0.5079345572949463
VWA3A,-0.5079753978938109
LINC00899,-0.5083735076647091
HSD17B1,-0.5087577561656511
SFXN2,-0.5090551919074946
LRRC3B,-0.5093130079673581
NXT2,-0.5093728337255417
TCF7,-0.510404120704757
CDHR1,-0.5110084106672426
GTF2IP4,-0.5112002900777628
LINC03146,-0.5119627529710913
FBN3,-0.512239674558484
NDOR1,-0.5124781776274024
ZNF793-AS1,-0.5125784015359259
LINC02734,-0.5127588807466327
RASSF1,-0.5132595228551411
FMN1,-0.5134860577999014
KIAA0319,-0.5139262152853649
CDC20P1,-0.5141809801421231
GSTM1,-0.514788619481925
ECT2,-0.5148430973843378
CEP78,-0.5151803191670637
C20orf204,-0.5152736901615406
SNX30-DT,-0.515302566799233
TMSB15B,-0.5153465977889825
PIK3R3,-0.5154816918152438
EZH2,-0.5160162319810584
CENPL,-0.5163677344530244
MIR6859-1,-0.5165939356250995
CEACAM16-AS1,-0.5170062843002524
NXPH2,-0.5171549354045094
PHTF2,-0.5171771505813785
GMPPB,-0.5173067913126924
DCST1,-0.5173197409038673
MGP,-0.5179316255789362
SLC29A2,-0.5180487731491651
ALDH16A1,-0.5184124885284342
MEOX2,-0.5189976911652472
MSTO2P,-0.5191679915100239
TJP3,-0.5195559004306654
NUSAP1,-0.5196320020368197
RUBCNL,-0.5196424908310425
NCALD,-0.5197087270530848
RPL10P15,-0.5206496975977992
RDM1,-0.5209778519149563
CKAP2,-0.5211713589236473
SIVA1,-0.521228933832962
ADGRB2,-0.5213765199508867
CIT,-0.5222357367091832
EZR,-0.5226307925586177
FBLN7,-0.5226376233374587
KLF5,-0.5226757115621838
CCNB1,-0.5229749979068045
PRTFDC1,-0.5231911012008789
CHN2,-0.523263294080586
KLHL12P1,-0.5238501400422002
RADIL,-0.5243761175248913
TACR1,-0.5243920206607899
CCL25,-0.5246627809384853
HAT1,-0.5248949356603325
KNTC1,-0.5248999284794829
ELP6,-0.5250227527601855
HNRNPA3P5,-0.5250673013496358
DYRK3-AS1,-0.5252247508499077
RPS21-DT,-0.5254196302157824
TMEM35A,-0.5260124572088112
RN7SL535P,-0.5262020183178174
GEN1,-0.5265700976567694
WNT16,-0.5267716625466207
NEURL1B,-0.52677935382778
MED8-AS1,-0.52696070523855
TNFAIP8,-0.5270120318220736
GPR155-DT,-0.527107154215513
BRINP3,-0.527574857495576
PKN3,-0.5275962466347546
NCAPH2,-0.5276151859295962
NEK2,-0.5277960932683246
ZNF90,-0.5281103970069331
GRIA4,-0.528127763931187
ZCCHC18,-0.5284799869602453
SLITRK3,-0.5287912592674994
HOXA10-AS,-0.5288996045649623
SEMA5B,-0.5293409973023927
CYP46A1,-0.5299064935258928
ANK3,-0.5299692300489791
SMC4,-0.5299816393040926
RPA2,-0.5302563982799923
MROH8,-0.530452713997028
EFCAB5,-0.5307929716077164
COMMD4,-0.5309775622255088
CDH24,-0.5310622822648048
LMNB2,-0.5311124503579051
PRC1,-0.5311306602119069
ERBIN-DT,-0.5311603900998957
LHX9,-0.5316742432920555
TMEM97,-0.5317776755604442
SNX22,-0.5318607366501493
MIR5010,-0.5319436716780995
PCOTH,-0.5320825131198267
SPEF1,-0.5330018273691279
NT5DC4,-0.5331479759018114
PLS1,-0.5332723344081316
TM4SF1,-0.5332897153492422
AGBL4,-0.5335730470590774
RNF207,-0.5336878996101447
CHTF8,-0.5342426648053382
AMH,-0.5342534387487862
PXDNL,-0.5343386747231903
POC1A,-0.5347647413148764
MALT1-AS1,-0.5348137572837052
HASPIN,-0.5349470905350255
DOK3,-0.5358094511307726
VWA1,-0.5359840274902754
EFCAB10,-0.5370012615850532
CXCL12,-0.5371130682045021
NID2,-0.5371182493148221
ATP2A1-AS1,-0.5383038143073159
CSRNP3,-0.5386179775443042
HMGB1,-0.538634354122007
CMPK2,-0.5388460805538396
GCH1,-0.5395953322263743
CTBP1-AS,-0.5397989787843372
BUB1,-0.5406416706656043
TSPAN18,-0.5410074364148445
TNNT1,-0.5416171920370552
LRRC10B,-0.5417518464155758
DOK7,-0.5422288115893787
AMZ1,-0.5424875505791034
FRMD6,-0.5425000956610434
ARL6IP6,-0.5425900032715579
MBTPS1-DT,-0.5427140773364796
P2RX6P,-0.5427455078184525
TIMELESS,-0.5428338661449821
RFLNA,-0.5429021943083633
METTL5P2,-0.5431436827762739
POU5F1P3,-0.5431642645018072
NUDT15,-0.543382088437406
NFATC2IP-AS1,-0.5437095410754706
SYBU-AS1,-0.543793423435855
CPNE4,-0.5441811065956671
IDH2,-0.544211736540183
GUCY1A2,-0.5447040874620147
MAN1B1-DT,-0.545007138041223
AOAH,-0.5451865986212241
SLC37A4,-0.5453943770055257
KRTCAP3,-0.5454468289708012
S1PR5,-0.5456069881439549
RMI2,-0.545634861991568
TMEM11-DT,-0.5462669597991177
PDE4B,-0.5469812218865284
WEE1,-0.5471296575621214
HOTTIP,-0.5475248244697218
MDGA1,-0.5475383527485084
RUSC1-AS1,-0.5476518041380574
CTSV,-0.5476772790010674
DEPDC1,-0.5477726539357846
EVA1C,-0.5479491989287136
IFI44,-0.5480012939648637
CRYGD,-0.5483780656809698
PRIM1,-0.5485153933234311
VGLL2,-0.5485387853484279
CASP2,-0.548587302903646
EFHD2-AS1,-0.5488231035921858
GRIA2,-0.5490617604023452
SLC39A8,-0.5495868048908907
SNRNP25,-0.5497256578453636
LUZP2,-0.5503493490695318
CCNB2,-0.5505122686351936
HAUS1,-0.5505185931351892
SLC29A1,-0.5509711751906435
SLC2A4,-0.5510050721252154
UBE2C,-0.5511586472125406
HADH,-0.5518273359884004
DCLRE1B,-0.5522386499439021
MVP-DT,-0.5525774017463594
MFSD2A,-0.552640242796481
CDCA2,-0.5530568849785065
CCDC34,-0.5538082293487809
FBLN2,-0.5539802165402087
CACNA1G,-0.5549805114687995
GAPDHP70,-0.555631771621109
HTR1D,-0.5556950462904456
HEYL,-0.5557785833374905
TSPAN1,-0.5562898750478141
KNSTRN,-0.5563592542943414
MRO,-0.5567119218710529
IL10RA,-0.5575852489656421
METRN,-0.5581557118486684
PDPN,-0.5582317307815218
NR4A2,-0.5582960812665841
CARHSP1,-0.5583846625259581
TTF2,-0.558648211432242
TMEM249,-0.5594291090256748
SHMT1,-0.5604049763951501
SGK1,-0.560437298582266
TFR2,-0.5604413843757887
GDPD2,-0.5604954276611832
SNAI2,-0.5609721562514034
C6orf118,-0.5609950479237119
ELAVL4,-0.5615463073205229
NEMP1,-0.5621468550494643
DEF6,-0.5625784520849795
SLC44A5,-0.5627262203685944
LRCOL1,-0.56273950418586
SPATA4,-0.5628254405895461
SESN3,-0.562884476161916
GALNT12,-0.5629337149858726
CASP10,-0.5630438763294748
NOC2LP2,-0.5631328467680758
GPC6,-0.5635302935990721
YBX1P10,-0.5635654923550998
MYCNOS,-0.563703925660406
TNS3,-0.5638992684259116
GLRX,-0.5639309232939468
MPPED2,-0.5647223225788718
INKA1,-0.5649748955358005
FLRT3,-0.565443039515681
COL9A3,-0.5655378022995088
EPHX3,-0.566059220697165
DPY19L2P2,-0.5660715794597443
HOXB-AS3,-0.566164157256191
C1QTNF3,-0.5663288783131161
EHMT2-AS1,-0.5667385433906844
PIM2,-0.5668549545481
FXYD6,-0.5672066257648932
PEAK3,-0.5673729236832897
UFL1-AS1,-0.5674622884791851
NRM,-0.5679121589719768
PSMA6P1,-0.5679842140030827
DHRS4,-0.5681279234606905
MSH2,-0.5686313201169042
DSCC1,-0.5687936491857405
CDKN3,-0.5688716218235735
MTBP,-0.5695772439757956
OAS1,-0.5703779855761626
KIAA1755,-0.5709843797695127
LINC02925,-0.5710654272610028
VAMP1-AS1,-0.5712685507548908
TOP2A,-0.5718409219504047
MCM6,-0.5730007366210874
MORF4L2-AS1,-0.5730109306410597
TIFA,-0.5732103011558425
MAPK4,-0.5738943872640004
EMC3-AS1,-0.5740314847122773
LINC00624,-0.5746362209952152
GAS1,-0.5747018777685015
FAM111A,-0.5753724527037245
C20orf144,-0.5766263466210233
GFRA1,-0.5774572124473862
CDCA8,-0.5778541003814195
STS,-0.5806165579568404
CKB,-0.5808102083089138
CCDC69,-0.5808461553004741
PHF10P2,-0.581278692787494
WAKMAR2,-0.5819989866040625
C12orf60,-0.5820988456825268
DEK,-0.5821129320227588
ITGB1BP2,-0.5825863141271035
VGLL3,-0.5827701138306423
ACBD7,-0.5831835156275864
POT1-AS1,-0.5840251602721336
LINC01176,-0.5847731053582462
RBFADN,-0.584845898136413
GTSE1-DT,-0.5848573032790213
TSPAN11,-0.585104578030289
CYP2J2,-0.5852603645502984
LINC01894,-0.5853072198152567
SYT15-AS1,-0.5854464513288751
KLHL4,-0.5864619462834605
SLC37A2,-0.5865265216917842
DHCR24,-0.5876077951739629
SLC24A3,-0.5880437321353409
WNT5A-AS1,-0.5884045733404595
ALPL,-0.589033466708892
SCUBE2,-0.5891028122173414
AMER2,-0.5891379061946262
KIF23,-0.58947620289792
MTFR2,-0.5895075252288083
TYMSOS,-0.5895618998843697
PGP,-0.5913967006963246
TIAM1,-0.5914085017043313
MAMSTR,-0.5917996091804643
ISG20L2P2,-0.5918134573815194
STIL,-0.591994576821118
GLI2,-0.5924559880852933
CDKL4,-0.5928488768770608
CEP83-DT,-0.5933491964860569
ADNP-AS1,-0.5936712133495108
ELAVL2,-0.594042565455245
DLL1,-0.5941337419858954
ERICH3,-0.5944322352455027
RBL1,-0.5945321013713798
SCARA3,-0.5950053321038966
BARD1,-0.5954752532201011
EMILIN3,-0.5963302530537796
CCNB3,-0.5964678399434562
TSPAN12,-0.5968255499171765
DNMT1,-0.5968276091083744
CIMAP1D,-0.5969388123948497
SLC16A10,-0.5969472075341233
TPX2,-0.5979132883587742
HNRNPA1P16,-0.5983903912240169
DBF4B,-0.5984193742883229
IGFL4,-0.599461717823997
CENPQ,-0.5995524310473622
MGME1,-0.5999088378441777
MIS18A,-0.6000414110860146
CKAP2L,-0.6004020493263508
VPS13C-DT,-0.6011474186123666
DNAJC9,-0.6027136684098013
LRRC8C,-0.6033571279264985
CENPP,-0.6041207563469456
ZNF718,-0.6044951856509454
NUDT1,-0.6048054462037051
GALR3,-0.6057262210216491
ARHGAP19,-0.6061005060212334
FANCL,-0.6063385015188804
ATAD3C,-0.6065577764498944
LINC02939,-0.6067232991662471
C3orf70,-0.6069745552126843
MSH5-SAPCD1,-0.6072730684542667
OLIG2,-0.6074440054232322
ZNF516-DT,-0.6087352013516952
KLKB1,-0.6089625120503267
KIF2C,-0.6091221176338364
DLEU2,-0.6092583882919583
DAPK2,-0.6093787891101482
FHOD1,-0.6097730821502352
FANCM,-0.6108609711246359
FAM222A,-0.6113722659929025
RBM34,-0.6119044868343694
RSAD2,-0.6126120315481814
ARHGEF26,-0.6128467355954174
LINC01572,-0.6131475701674381
H4C8,-0.6131939885664011
ADD3,-0.613335687697333
DYNC2I2,-0.6136190751982366
LINC01852,-0.6139739512038894
ERCC6L,-0.6146617427406864
NASP,-0.6148780442940353
ACAT2,-0.6149007221972981
PKIA,-0.6149838612159423
SLC18A1,-0.6150561197869969
ABCD2,-0.6150710093662047
PEG10,-0.6154830942900428
HMGB1P1,-0.6156125975382997
TESC,-0.6165628472629663
UQCRFS1P1,-0.6172872231594866
LINC02488,-0.6175237657582833
DMRTA2,-0.6177002389347495
SNORA11F,-0.6187880701851984
RFC4,-0.6190182691034373
BCL11A,-0.619252284714879
SCN4B,-0.6197883782874963
SPRY4-AS1,-0.6199909328213283
ARHGAP11A,-0.6202278495519788
KCNT1,-0.6205278240149621
DPF1,-0.6206943337637957
KPNA2,-0.6210716497299622
CFAP119,-0.6211467365772348
LOXL1,-0.6212040453070269
PABIR2,-0.6214971180208773
SLC25A45,-0.6217030824118672
MAMDC2-AS1,-0.6218608548464154
EMSLR,-0.6221146670705551
ZGRF1,-0.6223065591375239
BRME1,-0.6229959021094376
PLXNC1,-0.6230344897936281
NAGS,-0.6234732535102614
RGR,-0.6240224130575908
MPP2,-0.62405849854619
SSTR2,-0.6244019928913886
NCAPG2,-0.62482819411758594
IPCEF1,-0.6254038936699595
XRCC3,-0.6258290969617161
ANKRD45,-0.6261039159260054
HMGB1P6,-0.6265892627521541
PRELP,-0.6271534422861863
OPRD1,-0.627718471237902
TFDP1,-0.6282970951206671
SCARA5,-0.6286340651421626
HNRNPD-DT,-0.6288347120941445
DOC2A,-0.6290350828645119
C18orf54,-0.6291471380362216
PTTG1,-0.6292603637556136
MAP3K21,-0.629392362965863
CEP55,-0.6296360423555175
SGO1,-0.6299161805105871
COL28A1,-0.6304972872081643
SUV39H1,-0.6306023457768927
INSIG1,-0.630817980811187
SLC20A1-DT,-0.6317636823812712
PARP2,-0.632140711857562
KIF14,-0.6330009879132642
PLCXD2,-0.6348785872121745
ATP6V1C2,-0.63490902619333
MPDU1-AS1,-0.6350612313416716
RPP25,-0.6354367477039352
ATAD5,-0.6358308057801894
RACGAP1,-0.636448429668317
WFIKKN1,-0.6364972356123522
TLL2,-0.6367813404069738
RAB26,-0.6374198178164201
LINC02363,-0.6389742262953306
FOXO6,-0.6393209712521652
PRIM2,-0.63973035543348
CDKN2C,-0.6407364446734172
EYA1,-0.6411156581925087
MOB3B,-0.6412810105787968
KAZALD1,-0.6415038124140637
MKI67,-0.6418200457828714
KNL1,-0.641888149573937
CNIH2,-0.642125785136622
ARMC12,-0.6423787861266509
IL33,-0.6428363319762226
OAS2,-0.6434943737824279
SLF1,-0.6435330095133903
PIF1,-0.6436701280280404
LINC02487,-0.6437093147239615
NXPH1,-0.6449878427431346
KIF22,-0.645390812444442
PAQR4,-0.646147646546262
GCATP1,-0.6467142566428302
NFKB1-AS1,-0.647505094022344
HAUS8,-0.6476220861536952
ZNF331,-0.6479827922065777
TROAP,-0.6490414500210487
CALML4,-0.6491256259801004
RPL7AP62,-0.6492917363670647
CHIC2,-0.6502661506049878
H1-10-AS1,-0.6507834413835473
ADAMTS19-AS1,-0.650887754174568
LINC02367,-0.6510603791871513
RPA3,-0.6512267963106373
ID1,-0.6514131954487256
MVK,-0.651553665206788
IQSEC1,-0.651791148513092
ARRDC4,-0.6520426697748383
CNN1,-0.6527487412607273
CDC25C,-0.6530371911521906
VSIG10L,-0.6533410621636234
RPS6KA1,-0.6534506829536156
SEZ6L,-0.6539580627753616
RN7SL381P,-0.6543776544587688
MIR4292,-0.6544754733101205
SNX10-AS1,-0.6547699457058571
BRCA2,-0.6548991566539415
POLE,-0.6549309961228091
PGF,-0.6560195097780637
DACT3-AS1,-0.6560833899842979
ZNF530,-0.6562013419591141
NETO2,-0.6562572894094636
LIF-AS2,-0.6571784944534761
HSD17B7,-0.6574802874982644
CCDC74A,-0.6575575192251609
MIS18BP1,-0.6576525308259036
ID3,-0.6578003139309888
TAX1BP3,-0.6582734699945528
INSIG1-DT,-0.6584814432321049
LRR1,-0.6589442106730438
NPC1L1,-0.6593209588716324
H2BC17,-0.6602571286582533
LINC03143,-0.6605718464476691
CENPX,-0.6606588851743024
ENPP6,-0.6607755981769021
CD4,-0.6619138972275662
NRSN1,-0.663392763737426
PSMA2,-0.6640390828957395
KLRA1P,-0.6642986460307574
DSN1,-0.6644245887371764
DUT,-0.664502637019116
DUS4L-BCAP29,-0.6648385474396186
LIMD1-AS1,-0.664883733288164
PCDH18,-0.6652915271742077
CASQ1,-0.6653558475617094
C16orf95-DT,-0.6656169606074281
MIR7111,-0.6662223484997869
MIR3685,-0.6663053382633147
DIAPH3,-0.6668207765233507
OTULIN-DT,-0.6668376443980241
NKX3-1,-0.6672495653587409
FOXJ1,-0.6678143430936422
BOLA2P2,-0.6679414077715836
ITPRIPL1,-0.6682558097313696
NCAPD2,-0.6685821295918444
GAS6-DT,-0.671175702588003
TDRD12,-0.6714786039219743
UBR7,-0.6718606767811502
CHRNA5,-0.6727753418774798
RAMP1,-0.6730711016215324
C5orf67,-0.6734617067199372
KIF20A,-0.6734771752759519
MYT1,-0.6739085384176989
STPG1,-0.6739407374842001
MSH4,-0.6740262572228701
RMI1,-0.6743273754273242
CDC7,-0.6743923574865837
DYSF,-0.6752981985892167
ZWILCH,-0.6756971875535402
TMEM231P1,-0.6757017864069959
CSGALNACT2-DT,-0.6768646235731516
CNTN2,-0.6770236464915729
SLITRK5,-0.6777997604273179
CNKSR1,-0.6779648271348084
DDX11-AS1,-0.6782750784427406
SRI-AS1,-0.6792200675297845
SLC25A53,-0.6802598901778686
TSPOAP1-AS1,-0.6806098203969996
NUF2,-0.6813191371953062
LINC03032,-0.6816550588151621
VRK1,-0.681737341225604
STX16-NPEPL1,-0.6817888287884466
POLE2,-0.6818867621337006
PYY2,-0.6824765891819847
RPL41P2,-0.6825596973664905
PRADC1,-0.682710825606702
BMP7,-0.6831167768954289
COL1A1,-0.6832630529793554
RHBDL3,-0.6840088193308066
NEIL3,-0.6848919230085185
MIR3677HG,-0.684943903781664
UBE2CP2,-0.6856365687042124
MT3,-0.6858970572331285
ZNF705EP,-0.6862104389820765
SLC25A10,-0.6876084079919941
MCM3,-0.6883569902847375
LILRB3,-0.6885396265368653
FAM72D,-0.6887478751551418
CA7,-0.6898268119583073
POLA1,-0.6904985088507477
SCN3A,-0.6905428883272919
NEUROD1,-0.6910753012307972
CCNF,-0.6914393516397276
IMPA2,-0.6918584730985473
MYBL1,-0.6929783290968388
HAUS5,-0.6931048206113879
H2BC4,-0.6931202866899493
LINC00595,-0.6931523937197416
DONSON,-0.6937141152112022
LINC02960,-0.6948705361223064
FBXO43,-0.6948911172548674
GPR12,-0.6955244851624443
CEP128,-0.6955836880208509
TNN,-0.6966668588338841
STRIP2,-0.6971306679089807
RPLP0P9,-0.6975767068015164
IGFLR1,-0.6981423650683242
WNT10B,-0.6983576106245246
GOLGA2P8,-0.6992231219441079
SOX15,-0.6999277853988484
TMPO,-0.701316085127456
MIR924HG,-0.7015554844922584
TNFRSF11A,-0.7016368887446353
INCENP,-0.7021776919813748
DLGAP5,-0.7022656076578201
REXO5,-0.7030972524136647
WDHD1,-0.7031877356026144
GCSAM,-0.7045930717711283
DGKB,-0.7061252483218273
LINC00562,-0.7062178246445799
S100A1,-0.7065051321441221
PHYHIPL,-0.7066127992950688
IFI44L,-0.7070168739819015
CENPM,-0.7075192264442326
RPP21,-0.7076977488415621
FXYD6-AS1,-0.7077865084077506
CIP2A,-0.7083710904341859
ZNF724,-0.7089074152373424
PRRG3,-0.710802970895194
GRIA3,-0.7115333947033884
NCAPD3,-0.7136789527992895
LINC01224,-0.7139696453732494
DTYMK,-0.7141055357594432
SYNGAP1-AS1,-0.7145742210633835
H1-4,-0.714597632292548
AKAP5,-0.7149803165037274
BUB1B,-0.7159454658940028
DIPK2B,-0.7173781010806993
LRRC63,-0.7183739067695166
GINS3,-0.7186901968990954
KIF11,-0.7190511296153227
FAM72C,-0.7190729445201778
RASSF2,-0.7195235020919433
CDT1,-0.7196259149072171
RNU6-850P,-0.7198645461649298
LHX1,-0.720371411648422
KDM4A-AS1,-0.7210078482153234
CDK2,-0.7218105100296225
KIF4A,-0.7218617072334229
PASK,-0.7232425777468507
CENPN,-0.723733395718067
CYP51A1-AS1,-0.7244621628050075
NPPC,-0.7245043902261614
FEN1,-0.7248470285009977
BSG-AS1,-0.7257664624027048
KIF15,-0.7259864388326377
LRRC37A9P,-0.7264864238629458
TRAIP,-0.7272188827734626
RAD54B,-0.7273349370630355
WWTR1-AS1,-0.7277209061263158
GSX2,-0.7281804237926279
CRISPLD1,-0.7286201124361615
HCCS-DT,-0.7293805868065447
BRICD5,-0.729381737999424
ZNF285BP,-0.7295356636518014
RFC5,-0.7296457128115842
HIRIP3,-0.729705522957046
FSIP1,-0.729961642521356
AUNIP,-0.7304546431980347
TACC3,-0.7308334957765291
TMSB4Y,-0.7309751136928188
DPH6-DT,-0.7313508945568756
RFC2,-0.7313797649916169
SYT2,-0.7331480726128808
NDC80,-0.7342844234158868
MCM5,-0.735086283338784
ZDHHC12-DT,-0.735205184620734
DMRT1,-0.7354988323133662
PCDH8,-0.7356058243534738
CHAC2,-0.7357025188942018
USP43,-0.7360520081049458
RPL28P2,-0.736072146387562
INSM2,-0.7364112962279329
ASCL1,-0.7364238453371514
LIG1,-0.7369390876410049
CELF4,-0.7386449863237833
FAM110A,-0.7386637214721344
PDC-AS1,-0.7386923862820165
SNORA65,-0.7392729890662432
PRDM8,-0.7394866629586828
PDE2A,-0.7397597330837704
CHAF1B,-0.740141693120907
LINC02610,-0.7409268030123131
GTSE1,-0.7416217681790421
ARHGAP33,-0.7425657122516034
BRINP2,-0.743503464187374
XKR5,-0.7435076431317317
CDH22,-0.7451947517183941
PRKAG1,-0.7466399379367009
NFIA-AS2,-0.7495708982782032
SPATA9,-0.7497946761582313
SNORD69,-0.7506922810425211
H2AC13,-0.7521354339245059
RANP6,-0.752251887066101
SKA1,-0.7523334160432045
CCNY-AS1,-0.7523728855237735
AQP4,-0.7536374098226308
ZNF157,-0.7549135226000062
ZNF483,-0.7551735510254404
LINC01727,-0.7559068622669982
CAMK4,-0.756798890660612
LFNG,-0.7575754154499474
CDK1,-0.7589726041898339
CORO1A,-0.7593461834055014
MYBPHL,-0.7597413132308363
SNORD19C,-0.7597906737916978
ESPL1,-0.7603254690480206
LINC01206,-0.7610548996040535
PLP1,-0.7611947785858824
CDCA3,-0.7614695588579333
POLQ,-0.7619154420709192
CCDC74B,-0.7623008293575235
MAGOH3P,-0.7635233474884482
CEMIP2,-0.7641017162737525
SLC5A2,-0.7643376855363666
KIF19,-0.7644077474227925
HROB,-0.7646158408894901
TMEM106C,-0.7646913068884845
MCM2,-0.7650053946359789
NNAT,-0.7650599883961516
CHEK1,-0.765504675211341
LRRC45,-0.76588652085321
C4orf33,-0.7665097356537528
KIFC1,-0.7669550350026691
PIMREG,-0.7674568810950186
DEPDC1-AS2,-0.7674599076335723
MIR124-2HG,-0.768626393983645
FANCA,-0.769696137575206
B4GAT1-DT,-0.7708432783147592
GMNN,-0.7710176683021985
NPM2,-0.7712031415141276
ZNF519,-0.7737186226897773
LINC01748,-0.7742099620799529
CD82,-0.7746711204245592
HELLS,-0.775878175410618
APOBEC3B,-0.7761102993620749
SIGLEC10-AS1,-0.7764255100452797
H2BC8,-0.7764460545607512
POLD3,-0.7764579190077686
LINC01778,-0.7764719509533778
CCDC15,-0.7769510760750091
VCAN,-0.7774336118863793
KCNAB3,-0.7781966998535887
C1orf220,-0.7783560882511243
CDCA4,-0.7792101079635764
SPAG5,-0.7804780753378278
LRIT2,-0.7809247266234627
XKR4,-0.7810101449603063
ANLN,-0.7818325023086437
CENPK,-0.7820182940402889
CBX3P9,-0.7826571299535652
TVP23A,-0.7826982691334633
LYPD6,-0.7831806051365562
NCAPG,-0.7839429235116111
SLC2A5,-0.7840364191667922
NEK4P2,-0.7842313315805217
DNAH11,-0.7844324680105149
MIR186,-0.7850972431288368
DQX1,-0.7858998599873169
SCN5A,-0.7882689623878321
RRM1,-0.7883659449468842
SNORD67,-0.7917452299330986
ECI1-AS1,-0.7929775556643666
MAD2L1,-0.7937401836095739
RGL4P1,-0.793914231497305
FREM1,-0.7940642079537077
HPD,-0.7944452086082806
LRRC17,-0.7947359985925027
YPEL4,-0.7962362908971511
TUBA5P,-0.7962700487971106
LRRN1,-0.7971470593003951
PLD5,-0.7987673094349672
LPAL2,-0.7988030704908323
DLGAP3,-0.7990300729863085
ARHGEF39,-0.7992252917222233
LINC02846,-0.7992431116825699
HSD17B8,-0.8002875297903764
RTKN2,-0.800339211940239
FEZF1-AS1,-0.8005791469368787
ADAMTS7P4,-0.8006043742803334
DPP4,-0.8044752124389236
PTMAP9,-0.8048229127715656
FANCB,-0.8048718614128826
MMD2,-0.8059379784500622
LINC01122,-0.8059997175381551
MPRIPP1,-0.806216181852369
HEY2-AS1,-0.8063268832100267
TEDC1,-0.8076914885313079
TP53I11,-0.8080639600717276
SKA3,-0.8089381862150127
SHCBP1,-0.80896800648614
TESK2,-0.809029201199476
HGFAC,-0.8092248970102011
CCNA2,-0.8096183343217594
MEGF10,-0.8098714964004827
DCX,-0.8100496543720896
OLIG1,-0.8102504349534219
DPY19L2P1,-0.8109403899825337
ATAD2,-0.8126068189574663
MMEL1,-0.8129839734908894
NPS,-0.8130087816143313
ABCA7,-0.8136503305571857
CSRP2,-0.8137282539910361
TBXAS1,-0.8143395808363878
SFRP4,-0.8143496973404196
PARPBP,-0.8146279620627166
ACAP3,-0.814820205662307
POLD1,-0.8156692851042082
MASTL,-0.8159562652875095
EME1,-0.8170164807086931
SPSB4,-0.8178466527289789
WDR90,-0.817941888049566
TEDC2,-0.8215719218549324
RNU6-2,-0.8225261616627925
MCM4,-0.8232303981351003
SKP2,-0.8234965683747777
FIGNL1,-0.8237515307242074
NR2F1,-0.8238226982501212
GRID2,-0.8251823183035997
INTS4P2,-0.8254203589650038
RFC3,-0.8257067969806321
FANCG,-0.826019070436745
MMS22L,-0.8282079713390034
CHTF18,-0.82824107673196
ACTG1P25,-0.8283522877504075
ARAP1-AS2,-0.8289057620729547
OIP5,-0.8305831944279635
WFDC1,-0.8321104881743734
SHLD2P3,-0.833313653383365
CCND3,-0.8334324026270105
INAVA,-0.8335227634788857
PHLDB2,-0.8336006618553519
LINC03053,-0.8339148604841242
TSPAN32,-0.8339811335567834
C8G,-0.8340921460995226
OAS3,-0.8345702085689485
DSEL,-0.8348045160495329
VSTM4,-0.8350783244714328
FAM174B,-0.8353198941451623
LMNB1,-0.8361105175876222
KLK14,-0.8363448175785442
MCM7,-0.8369351207079779
SLC10A5,-0.8393565319636815
SMC2,-0.8396059649044272
TDH-AS1,-0.8398213471329562
VSIG2,-0.8398783467042465
UNG,-0.8403430629928941
ARHGAP11B,-0.8406475655519561
BTN1A1,-0.8408053733567382
GATA2,-0.8429081730920195
POLA2,-0.8446364122542507
ADAM28,-0.8453336025987778
H2BC9,-0.8459137413693432
PLK4,-0.8480421371372882
MCM8,-0.8496634993709989
PDE1A,-0.8498043849183401
H2BC11,-0.8503753806818908
CHAF1A,-0.8504571607030058
PSMC3IP,-0.8517879933725894
OTULINL,-0.853755156355269
ARHGEF26-AS1,-0.8543140075398555
H2AX,-0.8555942881013479
PBK,-0.8584771925148047
KIF24,-0.8587279973611969
FANCI,-0.8589002220459317
MELK,-0.85918950977309
BIRC5,-0.8598984897397978
SYTL4,-0.8601843689661774
HES6,-0.8605540625644963
HMGN2P46,-0.8613646459188049
CLDN5,-0.8621279168400191
CDRT15P1,-0.8622742005202207
GREB1L,-0.8623153512363265
GINS1,-0.862486473401293
FOXM1,-0.8659250951954892
DYNC1LI2-DT,-0.8659580662337757
ELN,-0.8663975244889843
PDE6A,-0.8671608368915041
RTEL1-TNFRSF6B,-0.8673322260597915
TOLLIP-DT,-0.8677187209072299
MRAP2,-0.8681000848447813
KIF26A,-0.870210016368365
C21orf58,-0.8705522575024163
DDX11,-0.870960024525658
ENPP1,-0.8715830404029407
CENPW,-0.8729424745971397
DEPDC1B,-0.8736140055577047
BEND4,-0.8741986004182174
MAPK13,-0.8742951844573554
BTBD17,-0.8748864626881401
LINC01018,-0.8765305151377576
TMT1A,-0.8770304202541324
IPO9-AS1,-0.8770852925460224
UBE2QL1,-0.8772623554122839
RPH3A,-0.8777225372807455
GINS4,-0.8788220496370794
WDR76,-0.8792376138343647
TRIP13,-0.8799828275454163
CABP7,-0.8801308449897278
CEP152,-0.8808984298954826
UNC5A,-0.8813259549488075
TAGLN3,-0.8842638955237073
DBF4P1,-0.8847155548008917
RAB37,-0.8853188303654026
VMO1,-0.8871978650922054
SPIN4,-0.8896890960603205
TMEM178A,-0.8898755889466906
PRORSD1P,-0.8910762808552517
ZIM2,-0.893221889056408
PAK5,-0.8957713232853161
LGR5,-0.8988520811022774
PLSCR3,-0.9010150707989242
EAF2,-0.90112860847344
RANBP3-DT,-0.9012578248980972
CENPO,-0.9020887127661207
SPDYE1,-0.9031337385318879
RPL22P24,-0.9034093907394684
ACER2,-0.9036627620729429
C9orf163,-0.9037798150852355
JSRP1,-0.9039779269628071
FANCD2,-0.904147090216616
LINC01356,-0.904679990726865
H2AC16,-0.9047609884394856
MXD3,-0.9079618124462598
TONSL,-0.9083321224669682
ARSI,-0.9087763609340207
PRRX2,-0.909900027254907
MIR4653,-0.9106505820880065
FIRRM,-0.9132028749471965
ARSL,-0.9169248547626971
CENPI,-0.9184974316064107
CCDC28A-AS1,-0.9192081676729198
PKP4-AS1,-0.9196265345872222
LDB3,-0.925267656190332
FOXN4,-0.9276021065587517
C2orf80,-0.9282782541195195
RPL12P30,-0.9285372699919271
TXNIP,-0.9287210998706928
LINC00513,-0.9289159632906715
GINS2,-0.9347584417580769
LINC01664,-0.9347900448228819
CDCA5,-0.9350885825706282
IFI27,-0.9360654210340486
TAS1R1,-0.9379724017764818
DDX12B,-0.9386515083192797
SLC26A4-AS1,-0.9386568463703486
SNAP25-AS1,-0.9387915285597854
LINC01237,-0.940576963823336
LNCRNA-IUR,-0.9409659020144926
KIF18B,-0.9414768777750144
NCAPH,-0.9415723152824228
CENPU,-0.941617020437975
PLAC1,-0.9423000045267143
FBXO5,-0.9438653844534047
LINC01424,-0.9445620948447481
ORC1,-0.9447352038274454
ENTPD4-DT,-0.9453447993246908
LINC01918,-0.9459985390433255
KCNJ16,-0.946900326563202
ITPRID2-DT,-0.9515058665156785
ATP6V0C,-0.9564606889940079
KCND2,-0.9575750977059397
RPL7AP16,-0.9577335061468075
CD247,-0.9585348222009994
RANBP1P1,-0.9600221067637325
MYCBP,-0.9615900406273388
MACORIS,-0.9622692809995577
CCNE1,-0.9624179555915531
STC1,-0.9629554679685525
GRM2,-0.9635680660045954
SLC12A8,-0.9636151859701234
ZNF367,-0.9638876343434396
PCNA,-0.966103355046037
POU5F1,-0.967424237035765
TEX14BP,-0.9678011646637947
UBE2T,-0.9685000303582467
SPTBN5,-0.9694855889044239
XRCC2,-0.9718673449908692
TSPAN15,-0.9729399636727558
ADAMTSL2,-0.9732992784275957
CYP26B1,-0.9735976860577008
TICRR,-0.9756191601530709
ZSCAN2-AS1,-0.9766772625111586
UHRF1,-0.9806598042735133
MIR25,-0.982012857315752
PCNPP1,-0.983291432406279
TMPO-AS1,-0.9858878710122582
MINDY2-DT,-0.9925975740816394
CSPG5,-0.9941426761763233
ORC6,-0.9959591359383155
SH2D3A,-0.9964936291286534
CHST15,-0.9972414668198951
DDIAS,-0.9986952641455942
RECQL4,-0.999050010780678
SCN11A,-1.0020459958156893
FDX2,-1.0033940006576993
CFAP73,-1.0050591084891864
OXTR,-1.0070171283232012
BRIP1,-1.0094730661186722
PCDH12,-1.010413821384343
MAD1L1,-1.0125244977349626
RAD51,-1.0130127115572516
NOSTRIN,-1.0131782974758716
LINC02397,-1.0137557364184868
SLCO4A1,-1.0158969082017997
DTL,-1.0176202135672887
ZNF321P,-1.0179763290372683
RAD51AP1,-1.019277218873203
FOXP2,-1.0223752018082375
H3C12,-1.0229480263646356
GPX3,-1.0237381977090738
WDR62,-1.0242600151775383
WDR72,-1.024482353012824
CCDC26,-1.0244965081645818
RUFY1-AS1,-1.027654010597948
AURKB,-1.0282628979784079
SLX1B,-1.030562890367723
CA4,-1.0331190908919523
DNA2,-1.0352825539936485
ASF1B,-1.0366050302233776
PAPLN,-1.0378508157197532
EFCAB12,-1.0394304642477254
HTRA3,-1.0395719520923032
PODNL1,-1.040071818714324
GCHFR,-1.0431170677392814
MIR17HG,-1.0438909219851027
CAVIN2,-1.0450198285555832
FAM111B,-1.0453804926789367
EMP2,-1.0477594874291623
IGFBPL1,-1.0481300830152516
TYMS,-1.0493994092683927
PKMYT1,-1.0505530226991153
CLSPN,-1.0576318639421691
MTUS2,-1.0594203597581278
CA3,-1.0630497952180147
ABCG1,-1.0650437254628706
SLC15A2,-1.0653719323349278
GABRQ,-1.0653890415329121
CALML6,-1.0660043844059959
NUDT8,-1.067345615818157
TK1,-1.0675368450698677
MYBL2,-1.067807860539648
SPC24,-1.06791254200762
RBMS3,-1.0687683059116275
MCM10,-1.069130525859571
PTGER2,-1.0693129940704311
WNT7A,-1.070527559894744
CRB1,-1.0710838435332388
GPR137C,-1.0719405344173583
EXO1,-1.0734418519841922
H3-3A-DT,-1.0767490587997004
LRRTM3,-1.0798131930663746
LINC02384,-1.08051929486573
SLA,-1.0888780202589805
LINC01770,-1.089069265608886
SLCO4A1-AS1,-1.0897636295255555
E2F1,-1.0906179004075984
E2F8,-1.0917213440889184
NRGN,-1.0934135698054854
TNFRSF13C,-1.0959668704235128
FRZB,-1.0994230040011785
IGSF9,-1.1001665034119525
CRISPLD2,-1.1004402263008477
E2F2,-1.1011965443838732
VASH2,-1.1033426718090982
GABRA3,-1.1061838450763146
CDC25A,-1.1067432453642745
LINC02988,-1.1068191197181556
CDC45,-1.1075188854057736
IRF6,-1.1099402055535017
LINC03026,-1.1116736982432354
CRTC3-AS1,-1.1134295936580458
TMX4-AS1,-1.1150262443772305
SMOC2,-1.1160712692769579
TONSL-AS1,-1.1177520492496946
DHFR,-1.1187808457903912
GNG8,-1.119708725093595
SPC25,-1.1226244106783905
KCNJ6,-1.1237535345190928
IDI2-AS1,-1.1271461354726173
DDX12P,-1.1290710202304102
CDC6,-1.1398841594093283
MFNG,-1.1404145361129174
PLA2G12AP1,-1.142362083738596
RNASEH2A,-1.14664691875518
KCNN2,-1.1470947208352493
CCR1,-1.1481166665160234
TEDC2-AS1,-1.1555724271018775
ZMAT4,-1.1570237493887259
MGMT,-1.157517198741406
TP73,-1.1609875353009957
RORB,-1.1615678013870705
GLYCTK-AS1,-1.16908708198924
LINC03010,-1.1729770984633319
ATOH8,-1.1818184614776315
C7orf25,-1.1818406579133074
E2F7,-1.192266415189323
DMC1,-1.1977259226093817
STARD5,-1.200757279065419
RAD54L,-1.2021266790385812
STAB2,-1.20287594996059
ZNF473-AS1,-1.2039009776833132
ESCO2,-1.206284542600054
TIAM1-AS1,-1.2095716055180543
POLG-DT,-1.21183410389546
RN7SKP275,-1.2119725831133359
NDP,-1.2195183548068844
RPL39P16,-1.221528315716581
VN1R42P,-1.2220801849742569
TCF19,-1.224892720138996
SERP2,-1.225456794854235
DLL3,-1.2281583401399032
CYP2U1-AS1,-1.2298495105405753
LINC01970,-1.2343755311137727
STUB1-DT,-1.2357752345117816
WHAMMP1,-1.244404287808974
TJP2,-1.2468726255529845
ENOSF1,-1.2513694754524365
MRM2,-1.2517216268801663
PTMAP2,-1.2542322810833915
MYB,-1.256974971385401
RPL22P3,-1.2575916667736216
CCNE2,-1.2597849874271538
ASB9,-1.2685112943344534
SIGLEC10,-1.2685980035498352
TMEM139,-1.2698952837284123
B3GAT2,-1.2705243800533395
TMPOP2,-1.2730149162450928
PDCD1LG2,-1.273118408450965
FAP,-1.2777223934738196
ZWINT,-1.2779206953659377
ADAMTSL1,-1.2799527554342698
RGCC,-1.284794137274826
CDH5,-1.2857488373681993
CDH15,-1.2938594966082724
NTSR1,-1.296418127171185
SLC25A41,-1.3014507984093737
GNG13,-1.3193571103405408
NRXN1,-1.3198991334534511
PCLAF,-1.3298733098831292
SUCLA2-AS1,-1.3406708660169075
NEUROD4,-1.356642667855322
SNAI1P1,-1.3692727186611167
ATP13A4-AS1,-1.3730305774727642
TMEM262,-1.3762870910753457
PRAC2,-1.3781982352091344
DNAJC8P2,-1.3871573513959001
GHRHR,-1.3873064227891532
VEPH1,-1.390063318796784
LPAR4,-1.3965928074653366
GLB1L3,-1.4257920564017759
CCL2,-1.4285981884777488
ACTL8,-1.4413615269329136
TSHR,-1.4583234184334724
NXPH3,-1.4629012133142438
PDGFRA,-1.4711861266919006
RRM2,-1.4720992209516288
PALMD,-1.477844112518092
LINC01416,-1.5147041188413561
RANBP3L,-1.5198148164831835
LINC02037,-1.5219385486478663
ALDH1A2,-1.5378971416770186
TRPV4,-1.5571135685041912
ENTPD2,-1.5589544553520016
MIR217HG,-1.5842872588874999
MT1M,-1.6436927898084912
CHD9NB,-1.6867427424236678
IGFN1,-1.7156453728817664
CRB2,-1.7323807451265278
SLC38A4,-1.776770536931683
C1QTNF2,-1.7822333972577966
HMGN2P3,-1.9888049534883943
TMEM98,-2.0016442311155824
STPG3,-2.007865838242945
H3C7,-2.0361350244690932
NEU4,-2.0727812876758085
MCIDAS,-2.2154713276553433
SNORA9B,-2.3631981627096037
MIR1244-2,-2.3893934741982785
GFRA2,-2.5465412259875544
